ISO-10303-21;
HEADER;
FILE_DESCRIPTION(('Open CASCADE Model'),'2;1');
FILE_NAME('xiao_cover_R','2026-10-04T16:40:46',('Author'),(
    'Open CASCADE'),'Open CASCADE STEP processor 8.0','build123d',
  'Unknown');
FILE_SCHEMA(('AUTOMOTIVE_DESIGN { 1 0 10303 214 1 1 1 1 }'));
ENDSEC;
DATA;
#1 = APPLICATION_PROTOCOL_DEFINITION('international standard',
  'automotive_design',2000,#2);
#2 = APPLICATION_CONTEXT(
  'core data for automotive mechanical design processes');
#3 = SHAPE_DEFINITION_REPRESENTATION(#4,#10);
#4 = PRODUCT_DEFINITION_SHAPE('','',#5);
#5 = PRODUCT_DEFINITION('design','',#6,#9);
#6 = PRODUCT_DEFINITION_FORMATION('','',#7);
#7 = PRODUCT('xiao_cover_R','xiao_cover_R','',(#8));
#8 = PRODUCT_CONTEXT('',#2,'mechanical');
#9 = PRODUCT_DEFINITION_CONTEXT('part definition',#2,'design');
#10 = ADVANCED_BREP_SHAPE_REPRESENTATION('',(#11,#15),#5091);
#11 = AXIS2_PLACEMENT_3D('',#12,#13,#14);
#12 = CARTESIAN_POINT('',(0.,0.,0.));
#13 = DIRECTION('',(0.,0.,1.));
#14 = DIRECTION('',(1.,0.,-0.));
#15 = MANIFOLD_SOLID_BREP('',#16);
#16 = CLOSED_SHELL('',(#17,#1568,#1645,#1694,#1743,#1792,#1842,#1891,
    #1940,#1989,#2039,#2088,#2137,#2186,#2236,#2285,#2334,#2383,#2433,
    #2482,#2531,#2580,#2630,#2679,#2728,#2777,#2827,#2876,#2925,#3030,
    #3080,#3190,#3239,#3288,#3388,#3437,#3486,#3535,#3584,#3634,#3683,
    #3732,#3781,#3831,#3880,#3929,#3978,#4028,#4077,#4126,#4175,#4225,
    #4252,#4311,#4370,#4551,#4670,#4697,#4736,#4763,#4802,#4841,#4868,
    #4895,#4902,#4961,#5020,#5079,#5083,#5087));
#17 = ADVANCED_FACE('',(#18,#1498,#1533),#33,.F.);
#18 = FACE_BOUND('',#19,.T.);
#19 = EDGE_LOOP('',(#20,#56,#84,#112,#140,#168,#196,#224,#252,#280,#308,
    #336,#364,#392,#420,#448,#481,#509,#537,#565,#593,#621,#649,#677,
    #705,#733,#761,#789,#818,#846,#875,#903,#932,#960,#989,#1017,#1045,
    #1073,#1101,#1130,#1158,#1187,#1215,#1244,#1272,#1301,#1329,#1358,
    #1386,#1415,#1443,#1472));
#20 = ORIENTED_EDGE('',*,*,#21,.F.);
#21 = EDGE_CURVE('',#22,#24,#26,.T.);
#22 = VERTEX_POINT('',#23);
#23 = CARTESIAN_POINT('',(-117.6213134595,-110.89464018,4.81));
#24 = VERTEX_POINT('',#25);
#25 = CARTESIAN_POINT('',(-118.3762188991,-110.1253605698,4.81));
#26 = SURFACE_CURVE('',#27,(#32,#44),.PCURVE_S1.);
#27 = CIRCLE('',#28,1.);
#28 = AXIS2_PLACEMENT_3D('',#29,#30,#31);
#29 = CARTESIAN_POINT('',(-118.6,-111.1,4.81));
#30 = DIRECTION('',(0.,0.,1.));
#31 = DIRECTION('',(0.205359819921,-0.978686540401,0.));
#32 = PCURVE('',#33,#38);
#33 = PLANE('',#34);
#34 = AXIS2_PLACEMENT_3D('',#35,#36,#37);
#35 = CARTESIAN_POINT('',(-127.9046171428,-121.6273402725,4.81));
#36 = DIRECTION('',(-0.,-0.,1.));
#37 = DIRECTION('',(1.,0.,0.));
#38 = DEFINITIONAL_REPRESENTATION('',(#39),#43);
#39 = CIRCLE('',#40,1.);
#40 = AXIS2_PLACEMENT_2D('',#41,#42);
#41 = CARTESIAN_POINT('',(9.304617142864,10.527340272586));
#42 = DIRECTION('',(0.205359819921,-0.978686540401));
#43 = ( GEOMETRIC_REPRESENTATION_CONTEXT(2) 
PARAMETRIC_REPRESENTATION_CONTEXT() REPRESENTATION_CONTEXT('2D SPACE',''
  ) );
#44 = PCURVE('',#45,#50);
#45 = CYLINDRICAL_SURFACE('',#46,1.);
#46 = AXIS2_PLACEMENT_3D('',#47,#48,#49);
#47 = CARTESIAN_POINT('',(-118.6,-111.1,4.81));
#48 = DIRECTION('',(-0.,0.,-1.));
#49 = DIRECTION('',(0.205359819921,-0.978686540401,0.));
#50 = DEFINITIONAL_REPRESENTATION('',(#51),#55);
#51 = LINE('',#52,#53);
#52 = CARTESIAN_POINT('',(-0.,0.));
#53 = VECTOR('',#54,1.);
#54 = DIRECTION('',(-1.,0.));
#55 = ( GEOMETRIC_REPRESENTATION_CONTEXT(2) 
PARAMETRIC_REPRESENTATION_CONTEXT() REPRESENTATION_CONTEXT('2D SPACE',''
  ) );
#56 = ORIENTED_EDGE('',*,*,#57,.T.);
#57 = EDGE_CURVE('',#22,#58,#60,.T.);
#58 = VERTEX_POINT('',#59);
#59 = CARTESIAN_POINT('',(-114.150194619,-127.4370061145,4.81));
#60 = SURFACE_CURVE('',#61,(#65,#72),.PCURVE_S1.);
#61 = LINE('',#62,#63);
#62 = CARTESIAN_POINT('',(-117.6213134595,-110.89464018,4.81));
#63 = VECTOR('',#64,1.);
#64 = DIRECTION('',(0.205359819921,-0.978686540401,0.));
#65 = PCURVE('',#33,#66);
#66 = DEFINITIONAL_REPRESENTATION('',(#67),#71);
#67 = LINE('',#68,#69);
#68 = CARTESIAN_POINT('',(10.283303683265,10.732700092507));
#69 = VECTOR('',#70,1.);
#70 = DIRECTION('',(0.205359819921,-0.978686540401));
#71 = ( GEOMETRIC_REPRESENTATION_CONTEXT(2) 
PARAMETRIC_REPRESENTATION_CONTEXT() REPRESENTATION_CONTEXT('2D SPACE',''
  ) );
#72 = PCURVE('',#73,#78);
#73 = PLANE('',#74);
#74 = AXIS2_PLACEMENT_3D('',#75,#76,#77);
#75 = CARTESIAN_POINT('',(-117.6213134595,-110.89464018,4.81));
#76 = DIRECTION('',(-0.978686540401,-0.205359819921,-0.));
#77 = DIRECTION('',(-0.205359819921,0.978686540401,-0.));
#78 = DEFINITIONAL_REPRESENTATION('',(#79),#83);
#79 = LINE('',#80,#81);
#80 = CARTESIAN_POINT('',(-0.,-0.));
#81 = VECTOR('',#82,1.);
#82 = DIRECTION('',(-1.,0.));
#83 = ( GEOMETRIC_REPRESENTATION_CONTEXT(2) 
PARAMETRIC_REPRESENTATION_CONTEXT() REPRESENTATION_CONTEXT('2D SPACE',''
  ) );
#84 = ORIENTED_EDGE('',*,*,#85,.F.);
#85 = EDGE_CURVE('',#86,#58,#88,.T.);
#86 = VERTEX_POINT('',#87);
#87 = CARTESIAN_POINT('',(-114.156928,-127.468614,4.81));
#88 = SURFACE_CURVE('',#89,(#93,#100),.PCURVE_S1.);
#89 = LINE('',#90,#91);
#90 = CARTESIAN_POINT('',(-113.8464689625,-126.0112549471,4.81));
#91 = VECTOR('',#92,1.);
#92 = DIRECTION('',(0.208353313416,0.978053626745,-0.));
#93 = PCURVE('',#33,#94);
#94 = DEFINITIONAL_REPRESENTATION('',(#95),#99);
#95 = LINE('',#96,#97);
#96 = CARTESIAN_POINT('',(14.058148180278,-4.383914674566));
#97 = VECTOR('',#98,1.);
#98 = DIRECTION('',(0.208353313416,0.978053626745));
#99 = ( GEOMETRIC_REPRESENTATION_CONTEXT(2) 
PARAMETRIC_REPRESENTATION_CONTEXT() REPRESENTATION_CONTEXT('2D SPACE',''
  ) );
#100 = PCURVE('',#101,#106);
#101 = PLANE('',#102);
#102 = AXIS2_PLACEMENT_3D('',#103,#104,#105);
#103 = CARTESIAN_POINT('',(-114.1295465027,-127.3400795779,-20.));
#104 = DIRECTION('',(-0.978053626745,0.208353313416,-0.));
#105 = DIRECTION('',(0.208353313416,0.978053626745,0.));
#106 = DEFINITIONAL_REPRESENTATION('',(#107),#111);
#107 = LINE('',#108,#109);
#108 = CARTESIAN_POINT('',(1.35864189294,-24.81));
#109 = VECTOR('',#110,1.);
#110 = DIRECTION('',(1.,-0.));
#111 = ( GEOMETRIC_REPRESENTATION_CONTEXT(2) 
PARAMETRIC_REPRESENTATION_CONTEXT() REPRESENTATION_CONTEXT('2D SPACE',''
  ) );
#112 = ORIENTED_EDGE('',*,*,#113,.F.);
#113 = EDGE_CURVE('',#114,#86,#116,.T.);
#114 = VERTEX_POINT('',#115);
#115 = CARTESIAN_POINT('',(-114.5408179999,-129.493197,4.81));
#116 = SURFACE_CURVE('',#117,(#121,#128),.PCURVE_S1.);
#117 = LINE('',#118,#119);
#118 = CARTESIAN_POINT('',(-113.8609155232,-125.907484957,4.81));
#119 = VECTOR('',#120,1.);
#120 = DIRECTION('',(0.186294940684,0.982493865159,-0.));
#121 = PCURVE('',#33,#122);
#122 = DEFINITIONAL_REPRESENTATION('',(#123),#127);
#123 = LINE('',#124,#125);
#124 = CARTESIAN_POINT('',(14.043701619657,-4.280144684447));
#125 = VECTOR('',#126,1.);
#126 = DIRECTION('',(0.186294940684,0.982493865159));
#127 = ( GEOMETRIC_REPRESENTATION_CONTEXT(2) 
PARAMETRIC_REPRESENTATION_CONTEXT() REPRESENTATION_CONTEXT('2D SPACE',''
  ) );
#128 = PCURVE('',#129,#134);
#129 = PLANE('',#130);
#130 = AXIS2_PLACEMENT_3D('',#131,#132,#133);
#131 = CARTESIAN_POINT('',(-114.156928,-127.468614,-20.));
#132 = DIRECTION('',(-0.982493865159,0.186294940684,-0.));
#133 = DIRECTION('',(0.186294940684,0.982493865159,0.));
#134 = DEFINITIONAL_REPRESENTATION('',(#135),#139);
#135 = LINE('',#136,#137);
#136 = CARTESIAN_POINT('',(1.588945334243,-24.81));
#137 = VECTOR('',#138,1.);
#138 = DIRECTION('',(1.,-0.));
#139 = ( GEOMETRIC_REPRESENTATION_CONTEXT(2) 
PARAMETRIC_REPRESENTATION_CONTEXT() REPRESENTATION_CONTEXT('2D SPACE',''
  ) );
#140 = ORIENTED_EDGE('',*,*,#141,.F.);
#141 = EDGE_CURVE('',#142,#114,#144,.T.);
#142 = VERTEX_POINT('',#143);
#143 = CARTESIAN_POINT('',(-114.5747613315,-129.6655675694,4.81));
#144 = SURFACE_CURVE('',#145,(#149,#156),.PCURVE_S1.);
#145 = LINE('',#146,#147);
#146 = CARTESIAN_POINT('',(-114.0446908179,-126.9737706201,4.81));
#147 = VECTOR('',#148,1.);
#148 = DIRECTION('',(0.193210190446,0.981157389162,-0.));
#149 = PCURVE('',#33,#150);
#150 = DEFINITIONAL_REPRESENTATION('',(#151),#155);
#151 = LINE('',#152,#153);
#152 = CARTESIAN_POINT('',(13.859926324946,-5.346430347581));
#153 = VECTOR('',#154,1.);
#154 = DIRECTION('',(0.193210190446,0.981157389162));
#155 = ( GEOMETRIC_REPRESENTATION_CONTEXT(2) 
PARAMETRIC_REPRESENTATION_CONTEXT() REPRESENTATION_CONTEXT('2D SPACE',''
  ) );
#156 = PCURVE('',#157,#162);
#157 = PLANE('',#158);
#158 = AXIS2_PLACEMENT_3D('',#159,#160,#161);
#159 = CARTESIAN_POINT('',(-114.5408179999,-129.493197,-20.));
#160 = DIRECTION('',(-0.981157389162,0.193210190446,-0.));
#161 = DIRECTION('',(0.193210190446,0.981157389162,0.));
#162 = DEFINITIONAL_REPRESENTATION('',(#163),#167);
#163 = LINE('',#164,#165);
#164 = CARTESIAN_POINT('',(2.567810636359,-24.81));
#165 = VECTOR('',#166,1.);
#166 = DIRECTION('',(1.,-0.));
#167 = ( GEOMETRIC_REPRESENTATION_CONTEXT(2) 
PARAMETRIC_REPRESENTATION_CONTEXT() REPRESENTATION_CONTEXT('2D SPACE',''
  ) );
#168 = ORIENTED_EDGE('',*,*,#169,.F.);
#169 = EDGE_CURVE('',#170,#142,#172,.T.);
#170 = VERTEX_POINT('',#171);
#171 = CARTESIAN_POINT('',(-114.6187362048,-129.835655704,4.81));
#172 = SURFACE_CURVE('',#173,(#177,#184),.PCURVE_S1.);
#173 = LINE('',#174,#175);
#174 = CARTESIAN_POINT('',(-114.0183543985,-127.513470014,4.81));
#175 = VECTOR('',#176,1.);
#176 = DIRECTION('',(0.250311128945,0.968165450079,-0.));
#177 = PCURVE('',#33,#178);
#178 = DEFINITIONAL_REPRESENTATION('',(#179),#183);
#179 = LINE('',#180,#181);
#180 = CARTESIAN_POINT('',(13.886262744317,-5.886129741418));
#181 = VECTOR('',#182,1.);
#182 = DIRECTION('',(0.250311128945,0.968165450079));
#183 = ( GEOMETRIC_REPRESENTATION_CONTEXT(2) 
PARAMETRIC_REPRESENTATION_CONTEXT() REPRESENTATION_CONTEXT('2D SPACE',''
  ) );
#184 = PCURVE('',#185,#190);
#185 = PLANE('',#186);
#186 = AXIS2_PLACEMENT_3D('',#187,#188,#189);
#187 = CARTESIAN_POINT('',(-114.5747613315,-129.6655675694,-20.));
#188 = DIRECTION('',(-0.968165450079,0.250311128945,-0.));
#189 = DIRECTION('',(0.250311128945,0.968165450079,0.));
#190 = DEFINITIONAL_REPRESENTATION('',(#191),#195);
#191 = LINE('',#192,#193);
#192 = CARTESIAN_POINT('',(2.222861345971,-24.81));
#193 = VECTOR('',#194,1.);
#194 = DIRECTION('',(1.,-0.));
#195 = ( GEOMETRIC_REPRESENTATION_CONTEXT(2) 
PARAMETRIC_REPRESENTATION_CONTEXT() REPRESENTATION_CONTEXT('2D SPACE',''
  ) );
#196 = ORIENTED_EDGE('',*,*,#197,.F.);
#197 = EDGE_CURVE('',#198,#170,#200,.T.);
#198 = VERTEX_POINT('',#199);
#199 = CARTESIAN_POINT('',(-114.6725918164,-130.002878119,4.81));
#200 = SURFACE_CURVE('',#201,(#205,#212),.PCURVE_S1.);
#201 = LINE('',#202,#203);
#202 = CARTESIAN_POINT('',(-114.0454383578,-128.0555580021,4.81));
#203 = VECTOR('',#204,1.);
#204 = DIRECTION('',(0.306553673572,0.951853373803,-0.));
#205 = PCURVE('',#33,#206);
#206 = DEFINITIONAL_REPRESENTATION('',(#207),#211);
#207 = LINE('',#208,#209);
#208 = CARTESIAN_POINT('',(13.859178785,-6.428217729589));
#209 = VECTOR('',#210,1.);
#210 = DIRECTION('',(0.306553673572,0.951853373803));
#211 = ( GEOMETRIC_REPRESENTATION_CONTEXT(2) 
PARAMETRIC_REPRESENTATION_CONTEXT() REPRESENTATION_CONTEXT('2D SPACE',''
  ) );
#212 = PCURVE('',#213,#218);
#213 = PLANE('',#214);
#214 = AXIS2_PLACEMENT_3D('',#215,#216,#217);
#215 = CARTESIAN_POINT('',(-114.6187362048,-129.835655704,-20.));
#216 = DIRECTION('',(-0.951853373803,0.306553673572,-0.));
#217 = DIRECTION('',(0.306553673572,0.951853373803,0.));
#218 = DEFINITIONAL_REPRESENTATION('',(#219),#223);
#219 = LINE('',#220,#221);
#220 = CARTESIAN_POINT('',(1.870138564218,-24.81));
#221 = VECTOR('',#222,1.);
#222 = DIRECTION('',(1.,-0.));
#223 = ( GEOMETRIC_REPRESENTATION_CONTEXT(2) 
PARAMETRIC_REPRESENTATION_CONTEXT() REPRESENTATION_CONTEXT('2D SPACE',''
  ) );
#224 = ORIENTED_EDGE('',*,*,#225,.F.);
#225 = EDGE_CURVE('',#226,#198,#228,.T.);
#226 = VERTEX_POINT('',#227);
#227 = CARTESIAN_POINT('',(-114.7361434789,-130.1666613573,4.81));
#228 = SURFACE_CURVE('',#229,(#233,#240),.PCURVE_S1.);
#229 = LINE('',#230,#231);
#230 = CARTESIAN_POINT('',(-114.1260487744,-128.5943455049,4.81));
#231 = VECTOR('',#232,1.);
#232 = DIRECTION('',(0.361744951338,0.932277099462,-0.));
#233 = PCURVE('',#33,#234);
#234 = DEFINITIONAL_REPRESENTATION('',(#235),#239);
#235 = LINE('',#236,#237);
#236 = CARTESIAN_POINT('',(13.778568368422,-6.967005232386));
#237 = VECTOR('',#238,1.);
#238 = DIRECTION('',(0.361744951338,0.932277099462));
#239 = ( GEOMETRIC_REPRESENTATION_CONTEXT(2) 
PARAMETRIC_REPRESENTATION_CONTEXT() REPRESENTATION_CONTEXT('2D SPACE',''
  ) );
#240 = PCURVE('',#241,#246);
#241 = PLANE('',#242);
#242 = AXIS2_PLACEMENT_3D('',#243,#244,#245);
#243 = CARTESIAN_POINT('',(-114.6725918164,-130.002878119,-20.));
#244 = DIRECTION('',(-0.932277099462,0.361744951338,-0.));
#245 = DIRECTION('',(0.361744951338,0.932277099462,0.));
#246 = DEFINITIONAL_REPRESENTATION('',(#247),#251);
#247 = LINE('',#248,#249);
#248 = CARTESIAN_POINT('',(1.51085188604,-24.81));
#249 = VECTOR('',#250,1.);
#250 = DIRECTION('',(1.,-0.));
#251 = ( GEOMETRIC_REPRESENTATION_CONTEXT(2) 
PARAMETRIC_REPRESENTATION_CONTEXT() REPRESENTATION_CONTEXT('2D SPACE',''
  ) );
#252 = ORIENTED_EDGE('',*,*,#253,.F.);
#253 = EDGE_CURVE('',#254,#226,#256,.T.);
#254 = VERTEX_POINT('',#255);
#255 = CARTESIAN_POINT('',(-114.8091732541,-130.326443756,4.81));
#256 = SURFACE_CURVE('',#257,(#261,#268),.PCURVE_S1.);
#257 = LINE('',#258,#259);
#258 = CARTESIAN_POINT('',(-114.2596591831,-129.1241577555,4.81));
#259 = VECTOR('',#260,1.);
#260 = DIRECTION('',(0.415695694373,0.909503760124,-0.));
#261 = PCURVE('',#33,#262);
#262 = DEFINITIONAL_REPRESENTATION('',(#263),#267);
#263 = LINE('',#264,#265);
#264 = CARTESIAN_POINT('',(13.644957959684,-7.496817482974));
#265 = VECTOR('',#266,1.);
#266 = DIRECTION('',(0.415695694373,0.909503760124));
#267 = ( GEOMETRIC_REPRESENTATION_CONTEXT(2) 
PARAMETRIC_REPRESENTATION_CONTEXT() REPRESENTATION_CONTEXT('2D SPACE',''
  ) );
#268 = PCURVE('',#269,#274);
#269 = PLANE('',#270);
#270 = AXIS2_PLACEMENT_3D('',#271,#272,#273);
#271 = CARTESIAN_POINT('',(-114.7361434789,-130.1666613573,-20.));
#272 = DIRECTION('',(-0.909503760124,0.415695694373,-0.));
#273 = DIRECTION('',(0.415695694373,0.909503760124,0.));
#274 = DEFINITIONAL_REPRESENTATION('',(#275),#279);
#275 = LINE('',#276,#277);
#276 = CARTESIAN_POINT('',(1.146233415991,-24.81));
#277 = VECTOR('',#278,1.);
#278 = DIRECTION('',(1.,-0.));
#279 = ( GEOMETRIC_REPRESENTATION_CONTEXT(2) 
PARAMETRIC_REPRESENTATION_CONTEXT() REPRESENTATION_CONTEXT('2D SPACE',''
  ) );
#280 = ORIENTED_EDGE('',*,*,#281,.F.);
#281 = EDGE_CURVE('',#282,#254,#284,.T.);
#282 = VERTEX_POINT('',#283);
#283 = CARTESIAN_POINT('',(-114.8914307004,-130.4816773719,4.81));
#284 = SURFACE_CURVE('',#285,(#289,#296),.PCURVE_S1.);
#285 = LINE('',#286,#287);
#286 = CARTESIAN_POINT('',(-114.4451158074,-129.6394062126,4.81));
#287 = VECTOR('',#288,1.);
#288 = DIRECTION('',(0.468220888979,0.883611452576,-0.));
#289 = PCURVE('',#33,#290);
#290 = DEFINITIONAL_REPRESENTATION('',(#291),#295);
#291 = LINE('',#292,#293);
#292 = CARTESIAN_POINT('',(13.459501335411,-8.012065940095));
#293 = VECTOR('',#294,1.);
#294 = DIRECTION('',(0.468220888979,0.883611452576));
#295 = ( GEOMETRIC_REPRESENTATION_CONTEXT(2) 
PARAMETRIC_REPRESENTATION_CONTEXT() REPRESENTATION_CONTEXT('2D SPACE',''
  ) );
#296 = PCURVE('',#297,#302);
#297 = PLANE('',#298);
#298 = AXIS2_PLACEMENT_3D('',#299,#300,#301);
#299 = CARTESIAN_POINT('',(-114.8091732541,-130.326443756,-20.));
#300 = DIRECTION('',(-0.883611452576,0.468220888979,-0.));
#301 = DIRECTION('',(0.468220888979,0.883611452576,0.));
#302 = DEFINITIONAL_REPRESENTATION('',(#303),#307);
#303 = LINE('',#304,#305);
#304 = CARTESIAN_POINT('',(0.777533542986,-24.81));
#305 = VECTOR('',#306,1.);
#306 = DIRECTION('',(1.,-0.));
#307 = ( GEOMETRIC_REPRESENTATION_CONTEXT(2) 
PARAMETRIC_REPRESENTATION_CONTEXT() REPRESENTATION_CONTEXT('2D SPACE',''
  ) );
#308 = ORIENTED_EDGE('',*,*,#309,.F.);
#309 = EDGE_CURVE('',#310,#282,#312,.T.);
#310 = VERTEX_POINT('',#311);
#311 = CARTESIAN_POINT('',(-114.9826337318,-130.6318298612,4.81));
#312 = SURFACE_CURVE('',#313,(#317,#324),.PCURVE_S1.);
#313 = LINE('',#314,#315);
#314 = CARTESIAN_POINT('',(-114.680651049,-130.1346594177,4.81));
#315 = VECTOR('',#316,1.);
#316 = DIRECTION('',(0.519140410104,0.854688969507,-0.));
#317 = PCURVE('',#33,#318);
#318 = DEFINITIONAL_REPRESENTATION('',(#319),#323);
#319 = LINE('',#320,#321);
#320 = CARTESIAN_POINT('',(13.223966093769,-8.507319145165));
#321 = VECTOR('',#322,1.);
#322 = DIRECTION('',(0.519140410104,0.854688969507));
#323 = ( GEOMETRIC_REPRESENTATION_CONTEXT(2) 
PARAMETRIC_REPRESENTATION_CONTEXT() REPRESENTATION_CONTEXT('2D SPACE',''
  ) );
#324 = PCURVE('',#325,#330);
#325 = PLANE('',#326);
#326 = AXIS2_PLACEMENT_3D('',#327,#328,#329);
#327 = CARTESIAN_POINT('',(-114.8914307004,-130.4816773719,-20.));
#328 = DIRECTION('',(-0.854688969507,0.519140410104,-0.));
#329 = DIRECTION('',(0.519140410104,0.854688969507,0.));
#330 = DEFINITIONAL_REPRESENTATION('',(#331),#335);
#331 = LINE('',#332,#333);
#332 = CARTESIAN_POINT('',(0.40601665232,-24.81));
#333 = VECTOR('',#334,1.);
#334 = DIRECTION('',(1.,-0.));
#335 = ( GEOMETRIC_REPRESENTATION_CONTEXT(2) 
PARAMETRIC_REPRESENTATION_CONTEXT() REPRESENTATION_CONTEXT('2D SPACE',''
  ) );
#336 = ORIENTED_EDGE('',*,*,#337,.F.);
#337 = EDGE_CURVE('',#338,#310,#340,.T.);
#338 = VERTEX_POINT('',#339);
#339 = CARTESIAN_POINT('',(-115.0824695849,-130.7763863049,4.81));
#340 = SURFACE_CURVE('',#341,(#345,#352),.PCURVE_S1.);
#341 = LINE('',#342,#343);
#342 = CARTESIAN_POINT('',(-114.9639050592,-130.6047118448,4.81));
#343 = VECTOR('',#344,1.);
#344 = DIRECTION('',(0.568279639046,0.822835495008,-0.));
#345 = PCURVE('',#33,#346);
#346 = DEFINITIONAL_REPRESENTATION('',(#347),#351);
#347 = LINE('',#348,#349);
#348 = CARTESIAN_POINT('',(12.940712083575,-8.977371572295));
#349 = VECTOR('',#350,1.);
#350 = DIRECTION('',(0.568279639046,0.822835495008));
#351 = ( GEOMETRIC_REPRESENTATION_CONTEXT(2) 
PARAMETRIC_REPRESENTATION_CONTEXT() REPRESENTATION_CONTEXT('2D SPACE',''
  ) );
#352 = PCURVE('',#353,#358);
#353 = PLANE('',#354);
#354 = AXIS2_PLACEMENT_3D('',#355,#356,#357);
#355 = CARTESIAN_POINT('',(-114.9826337318,-130.6318298612,-20.));
#356 = DIRECTION('',(-0.822835495008,0.568279639046,-0.));
#357 = DIRECTION('',(0.568279639046,0.822835495008,0.));
#358 = DEFINITIONAL_REPRESENTATION('',(#359),#363);
#359 = LINE('',#360,#361);
#360 = CARTESIAN_POINT('',(3.29567897119E-02,-24.81));
#361 = VECTOR('',#362,1.);
#362 = DIRECTION('',(1.,-0.));
#363 = ( GEOMETRIC_REPRESENTATION_CONTEXT(2) 
PARAMETRIC_REPRESENTATION_CONTEXT() REPRESENTATION_CONTEXT('2D SPACE',''
  ) );
#364 = ORIENTED_EDGE('',*,*,#365,.F.);
#365 = EDGE_CURVE('',#366,#338,#368,.T.);
#366 = VERTEX_POINT('',#367);
#367 = CARTESIAN_POINT('',(-115.190595892,-130.9148509744,4.81));
#368 = SURFACE_CURVE('',#369,(#373,#380),.PCURVE_S1.);
#369 = LINE('',#370,#371);
#370 = CARTESIAN_POINT('',(-115.2919551038,-131.0446498193,4.81));
#371 = VECTOR('',#372,1.);
#372 = DIRECTION('',(0.615470062269,0.788160264445,-0.));
#373 = PCURVE('',#33,#374);
#374 = DEFINITIONAL_REPRESENTATION('',(#375),#379);
#375 = LINE('',#376,#377);
#376 = CARTESIAN_POINT('',(12.612662039036,-9.417309546774));
#377 = VECTOR('',#378,1.);
#378 = DIRECTION('',(0.615470062269,0.788160264445));
#379 = ( GEOMETRIC_REPRESENTATION_CONTEXT(2) 
PARAMETRIC_REPRESENTATION_CONTEXT() REPRESENTATION_CONTEXT('2D SPACE',''
  ) );
#380 = PCURVE('',#381,#386);
#381 = PLANE('',#382);
#382 = AXIS2_PLACEMENT_3D('',#383,#384,#385);
#383 = CARTESIAN_POINT('',(-115.0824695849,-130.7763863049,-20.));
#384 = DIRECTION('',(-0.788160264445,0.615470062269,-0.));
#385 = DIRECTION('',(0.615470062269,0.788160264445,0.));
#386 = DEFINITIONAL_REPRESENTATION('',(#387),#391);
#387 = LINE('',#388,#389);
#388 = CARTESIAN_POINT('',(-0.34036670779,-24.81));
#389 = VECTOR('',#390,1.);
#390 = DIRECTION('',(1.,-0.));
#391 = ( GEOMETRIC_REPRESENTATION_CONTEXT(2) 
PARAMETRIC_REPRESENTATION_CONTEXT() REPRESENTATION_CONTEXT('2D SPACE',''
  ) );
#392 = ORIENTED_EDGE('',*,*,#393,.F.);
#393 = EDGE_CURVE('',#394,#366,#396,.T.);
#394 = VERTEX_POINT('',#395);
#395 = CARTESIAN_POINT('',(-115.3066418546,-131.0467490318,4.81));
#396 = SURFACE_CURVE('',#397,(#401,#408),.PCURVE_S1.);
#397 = LINE('',#398,#399);
#398 = CARTESIAN_POINT('',(-115.6613523305,-131.4499136198,4.81));
#399 = VECTOR('',#400,1.);
#400 = DIRECTION('',(0.660549849294,0.750782189851,-0.));
#401 = PCURVE('',#33,#402);
#402 = DEFINITIONAL_REPRESENTATION('',(#403),#407);
#403 = LINE('',#404,#405);
#404 = CARTESIAN_POINT('',(12.243264812355,-9.822573347221));
#405 = VECTOR('',#406,1.);
#406 = DIRECTION('',(0.660549849294,0.750782189851));
#407 = ( GEOMETRIC_REPRESENTATION_CONTEXT(2) 
PARAMETRIC_REPRESENTATION_CONTEXT() REPRESENTATION_CONTEXT('2D SPACE',''
  ) );
#408 = PCURVE('',#409,#414);
#409 = PLANE('',#410);
#410 = AXIS2_PLACEMENT_3D('',#411,#412,#413);
#411 = CARTESIAN_POINT('',(-115.190595892,-130.9148509744,-20.));
#412 = DIRECTION('',(-0.750782189851,0.660549849294,-0.));
#413 = DIRECTION('',(0.660549849294,0.750782189851,0.));
#414 = DEFINITIONAL_REPRESENTATION('',(#415),#419);
#415 = LINE('',#416,#417);
#416 = CARTESIAN_POINT('',(-0.712673599064,-24.81));
#417 = VECTOR('',#418,1.);
#418 = DIRECTION('',(1.,-0.));
#419 = ( GEOMETRIC_REPRESENTATION_CONTEXT(2) 
PARAMETRIC_REPRESENTATION_CONTEXT() REPRESENTATION_CONTEXT('2D SPACE',''
  ) );
#420 = ORIENTED_EDGE('',*,*,#421,.F.);
#421 = EDGE_CURVE('',#422,#394,#424,.T.);
#422 = VERTEX_POINT('',#423);
#423 = CARTESIAN_POINT('',(-115.3686078957,-131.1093727394,4.81));
#424 = SURFACE_CURVE('',#425,(#429,#436),.PCURVE_S1.);
#425 = LINE('',#426,#427);
#426 = CARTESIAN_POINT('',(-116.0681654459,-131.8163549307,4.81));
#427 = VECTOR('',#428,1.);
#428 = DIRECTION('',(0.703364407661,0.710829452144,-0.));
#429 = PCURVE('',#33,#430);
#430 = DEFINITIONAL_REPRESENTATION('',(#431),#435);
#431 = LINE('',#432,#433);
#432 = CARTESIAN_POINT('',(11.836451696868,-10.18901465817));
#433 = VECTOR('',#434,1.);
#434 = DIRECTION('',(0.703364407661,0.710829452144));
#435 = ( GEOMETRIC_REPRESENTATION_CONTEXT(2) 
PARAMETRIC_REPRESENTATION_CONTEXT() REPRESENTATION_CONTEXT('2D SPACE',''
  ) );
#436 = PCURVE('',#437,#442);
#437 = PLANE('',#438);
#438 = AXIS2_PLACEMENT_3D('',#439,#440,#441);
#439 = CARTESIAN_POINT('',(-115.3066418546,-131.0467490318,-20.));
#440 = DIRECTION('',(-0.710829452144,0.703364407661,-0.));
#441 = DIRECTION('',(0.703364407661,0.710829452144,0.));
#442 = DEFINITIONAL_REPRESENTATION('',(#443),#447);
#443 = LINE('',#444,#445);
#444 = CARTESIAN_POINT('',(-1.082687129228,-24.81));
#445 = VECTOR('',#446,1.);
#446 = DIRECTION('',(1.,-0.));
#447 = ( GEOMETRIC_REPRESENTATION_CONTEXT(2) 
PARAMETRIC_REPRESENTATION_CONTEXT() REPRESENTATION_CONTEXT('2D SPACE',''
  ) );
#448 = ORIENTED_EDGE('',*,*,#449,.F.);
#449 = EDGE_CURVE('',#450,#422,#452,.T.);
#450 = VERTEX_POINT('',#451);
#451 = CARTESIAN_POINT('',(-118.116507,-130.277058,4.81));
#452 = SURFACE_CURVE('',#453,(#458,#469),.PCURVE_S1.);
#453 = CIRCLE('',#454,1.5);
#454 = AXIS2_PLACEMENT_3D('',#455,#456,#457);
#455 = CARTESIAN_POINT('',(-116.616507,-130.277058,4.81));
#456 = DIRECTION('',(0.,0.,-1.));
#457 = DIRECTION('',(-1.,-0.,-0.));
#458 = PCURVE('',#33,#459);
#459 = DEFINITIONAL_REPRESENTATION('',(#460),#468);
#460 = ( BOUNDED_CURVE() B_SPLINE_CURVE(2,(#461,#462,#463,#464,#465,#466
,#467),.UNSPECIFIED.,.T.,.F.) B_SPLINE_CURVE_WITH_KNOTS((1,2,2,2,2,1),(
    -2.094395102393,0.,2.094395102393,4.188790204786,6.28318530718,
8.377580409573),.UNSPECIFIED.) CURVE() GEOMETRIC_REPRESENTATION_ITEM() 
RATIONAL_B_SPLINE_CURVE((1.,0.5,1.,0.5,1.,0.5,1.)) REPRESENTATION_ITEM(
  '') );
#461 = CARTESIAN_POINT('',(9.788110142864,-8.649717727414));
#462 = CARTESIAN_POINT('',(9.788110142864,-6.051641516061));
#463 = CARTESIAN_POINT('',(12.038110142864,-7.350679621738));
#464 = CARTESIAN_POINT('',(14.288110142864,-8.649717727414));
#465 = CARTESIAN_POINT('',(12.038110142864,-9.948755833091));
#466 = CARTESIAN_POINT('',(9.788110142864,-11.24779393876));
#467 = CARTESIAN_POINT('',(9.788110142864,-8.649717727414));
#468 = ( GEOMETRIC_REPRESENTATION_CONTEXT(2) 
PARAMETRIC_REPRESENTATION_CONTEXT() REPRESENTATION_CONTEXT('2D SPACE',''
  ) );
#469 = PCURVE('',#470,#475);
#470 = CYLINDRICAL_SURFACE('',#471,1.5);
#471 = AXIS2_PLACEMENT_3D('',#472,#473,#474);
#472 = CARTESIAN_POINT('',(-116.616507,-130.277058,0.91));
#473 = DIRECTION('',(-0.,-0.,1.));
#474 = DIRECTION('',(-1.,-0.,-0.));
#475 = DEFINITIONAL_REPRESENTATION('',(#476),#480);
#476 = LINE('',#477,#478);
#477 = CARTESIAN_POINT('',(-0.,3.9));
#478 = VECTOR('',#479,1.);
#479 = DIRECTION('',(-1.,0.));
#480 = ( GEOMETRIC_REPRESENTATION_CONTEXT(2) 
PARAMETRIC_REPRESENTATION_CONTEXT() REPRESENTATION_CONTEXT('2D SPACE',''
  ) );
#481 = ORIENTED_EDGE('',*,*,#482,.F.);
#482 = EDGE_CURVE('',#483,#450,#485,.T.);
#483 = VERTEX_POINT('',#484);
#484 = CARTESIAN_POINT('',(-116.2750496064,-131.7376766526,4.81));
#485 = SURFACE_CURVE('',#486,(#491,#502),.PCURVE_S1.);
#486 = CIRCLE('',#487,1.5);
#487 = AXIS2_PLACEMENT_3D('',#488,#489,#490);
#488 = CARTESIAN_POINT('',(-116.616507,-130.277058,4.81));
#489 = DIRECTION('',(0.,0.,-1.));
#490 = DIRECTION('',(-1.,-0.,-0.));
#491 = PCURVE('',#33,#492);
#492 = DEFINITIONAL_REPRESENTATION('',(#493),#501);
#493 = ( BOUNDED_CURVE() B_SPLINE_CURVE(2,(#494,#495,#496,#497,#498,#499
,#500),.UNSPECIFIED.,.T.,.F.) B_SPLINE_CURVE_WITH_KNOTS((1,2,2,2,2,1),(
    -2.094395102393,0.,2.094395102393,4.188790204786,6.28318530718,
8.377580409573),.UNSPECIFIED.) CURVE() GEOMETRIC_REPRESENTATION_ITEM() 
RATIONAL_B_SPLINE_CURVE((1.,0.5,1.,0.5,1.,0.5,1.)) REPRESENTATION_ITEM(
  '') );
#494 = CARTESIAN_POINT('',(9.788110142864,-8.649717727414));
#495 = CARTESIAN_POINT('',(9.788110142864,-6.051641516061));
#496 = CARTESIAN_POINT('',(12.038110142864,-7.350679621738));
#497 = CARTESIAN_POINT('',(14.288110142864,-8.649717727414));
#498 = CARTESIAN_POINT('',(12.038110142864,-9.948755833091));
#499 = CARTESIAN_POINT('',(9.788110142864,-11.24779393876));
#500 = CARTESIAN_POINT('',(9.788110142864,-8.649717727414));
#501 = ( GEOMETRIC_REPRESENTATION_CONTEXT(2) 
PARAMETRIC_REPRESENTATION_CONTEXT() REPRESENTATION_CONTEXT('2D SPACE',''
  ) );
#502 = PCURVE('',#470,#503);
#503 = DEFINITIONAL_REPRESENTATION('',(#504),#508);
#504 = LINE('',#505,#506);
#505 = CARTESIAN_POINT('',(-0.,3.9));
#506 = VECTOR('',#507,1.);
#507 = DIRECTION('',(-1.,0.));
#508 = ( GEOMETRIC_REPRESENTATION_CONTEXT(2) 
PARAMETRIC_REPRESENTATION_CONTEXT() REPRESENTATION_CONTEXT('2D SPACE',''
  ) );
#509 = ORIENTED_EDGE('',*,*,#510,.F.);
#510 = EDGE_CURVE('',#511,#483,#513,.T.);
#511 = VERTEX_POINT('',#512);
#512 = CARTESIAN_POINT('',(-116.3042253826,-131.7513858449,4.81));
#513 = SURFACE_CURVE('',#514,(#518,#525),.PCURVE_S1.);
#514 = LINE('',#515,#516);
#515 = CARTESIAN_POINT('',(-119.027531881,-133.031020441,4.81));
#516 = VECTOR('',#517,1.);
#517 = DIRECTION('',(0.905064568521,0.425274178394,-0.));
#518 = PCURVE('',#33,#519);
#519 = DEFINITIONAL_REPRESENTATION('',(#520),#524);
#520 = LINE('',#521,#522);
#521 = CARTESIAN_POINT('',(8.877085261851,-11.4036801685));
#522 = VECTOR('',#523,1.);
#523 = DIRECTION('',(0.905064568521,0.425274178394));
#524 = ( GEOMETRIC_REPRESENTATION_CONTEXT(2) 
PARAMETRIC_REPRESENTATION_CONTEXT() REPRESENTATION_CONTEXT('2D SPACE',''
  ) );
#525 = PCURVE('',#526,#531);
#526 = PLANE('',#527);
#527 = AXIS2_PLACEMENT_3D('',#528,#529,#530);
#528 = CARTESIAN_POINT('',(-116.1452228649,-131.6766733134,-20.));
#529 = DIRECTION('',(-0.425274178394,0.905064568521,-0.));
#530 = DIRECTION('',(0.905064568521,0.425274178394,0.));
#531 = DEFINITIONAL_REPRESENTATION('',(#532),#536);
#532 = LINE('',#533,#534);
#533 = CARTESIAN_POINT('',(-3.184644627909,-24.81));
#534 = VECTOR('',#535,1.);
#535 = DIRECTION('',(1.,-0.));
#536 = ( GEOMETRIC_REPRESENTATION_CONTEXT(2) 
PARAMETRIC_REPRESENTATION_CONTEXT() REPRESENTATION_CONTEXT('2D SPACE',''
  ) );
#537 = ORIENTED_EDGE('',*,*,#538,.F.);
#538 = EDGE_CURVE('',#539,#511,#541,.T.);
#539 = VERTEX_POINT('',#540);
#540 = CARTESIAN_POINT('',(-116.4673285776,-131.8166630288,4.81));
#541 = SURFACE_CURVE('',#542,(#546,#553),.PCURVE_S1.);
#542 = LINE('',#543,#544);
#543 = CARTESIAN_POINT('',(-119.5574144449,-133.0533776338,4.81));
#544 = VECTOR('',#545,1.);
#545 = DIRECTION('',(0.928406197848,0.371566860467,-0.));
#546 = PCURVE('',#33,#547);
#547 = DEFINITIONAL_REPRESENTATION('',(#548),#552);
#548 = LINE('',#549,#550);
#549 = CARTESIAN_POINT('',(8.347202697952,-11.42603736128));
#550 = VECTOR('',#551,1.);
#551 = DIRECTION('',(0.928406197848,0.371566860467));
#552 = ( GEOMETRIC_REPRESENTATION_CONTEXT(2) 
PARAMETRIC_REPRESENTATION_CONTEXT() REPRESENTATION_CONTEXT('2D SPACE',''
  ) );
#553 = PCURVE('',#554,#559);
#554 = PLANE('',#555);
#555 = AXIS2_PLACEMENT_3D('',#556,#557,#558);
#556 = CARTESIAN_POINT('',(-116.3042253826,-131.7513858449,-20.));
#557 = DIRECTION('',(-0.371566860467,0.928406197848,-0.));
#558 = DIRECTION('',(0.928406197848,0.371566860467,0.));
#559 = DEFINITIONAL_REPRESENTATION('',(#560),#564);
#560 = LINE('',#561,#562);
#561 = CARTESIAN_POINT('',(-3.50405788956,-24.81));
#562 = VECTOR('',#563,1.);
#563 = DIRECTION('',(1.,-0.));
#564 = ( GEOMETRIC_REPRESENTATION_CONTEXT(2) 
PARAMETRIC_REPRESENTATION_CONTEXT() REPRESENTATION_CONTEXT('2D SPACE',''
  ) );
#565 = ORIENTED_EDGE('',*,*,#566,.F.);
#566 = EDGE_CURVE('',#567,#539,#569,.T.);
#567 = VERTEX_POINT('',#568);
#568 = CARTESIAN_POINT('',(-116.6339731191,-131.8722810096,4.81));
#569 = SURFACE_CURVE('',#570,(#574,#581),.PCURVE_S1.);
#570 = LINE('',#571,#572);
#571 = CARTESIAN_POINT('',(-120.0828802632,-133.0233613252,4.81));
#572 = VECTOR('',#573,1.);
#573 = DIRECTION('',(0.948564036691,0.31658532546,-0.));
#574 = PCURVE('',#33,#575);
#575 = DEFINITIONAL_REPRESENTATION('',(#576),#580);
#576 = LINE('',#577,#578);
#577 = CARTESIAN_POINT('',(7.821736879639,-11.39602105265));
#578 = VECTOR('',#579,1.);
#579 = DIRECTION('',(0.948564036691,0.31658532546));
#580 = ( GEOMETRIC_REPRESENTATION_CONTEXT(2) 
PARAMETRIC_REPRESENTATION_CONTEXT() REPRESENTATION_CONTEXT('2D SPACE',''
  ) );
#581 = PCURVE('',#582,#587);
#582 = PLANE('',#583);
#583 = AXIS2_PLACEMENT_3D('',#584,#585,#586);
#584 = CARTESIAN_POINT('',(-116.4673285776,-131.8166630288,-20.));
#585 = DIRECTION('',(-0.31658532546,0.948564036691,-0.));
#586 = DIRECTION('',(0.948564036691,0.31658532546,0.));
#587 = DEFINITIONAL_REPRESENTATION('',(#588),#592);
#588 = LINE('',#589,#590);
#589 = CARTESIAN_POINT('',(-3.81160527458,-24.81));
#590 = VECTOR('',#591,1.);
#591 = DIRECTION('',(1.,-0.));
#592 = ( GEOMETRIC_REPRESENTATION_CONTEXT(2) 
PARAMETRIC_REPRESENTATION_CONTEXT() REPRESENTATION_CONTEXT('2D SPACE',''
  ) );
#593 = ORIENTED_EDGE('',*,*,#594,.F.);
#594 = EDGE_CURVE('',#595,#567,#597,.T.);
#595 = VERTEX_POINT('',#596);
#596 = CARTESIAN_POINT('',(-116.8035875315,-131.9180490562,4.81));
#597 = SURFACE_CURVE('',#598,(#602,#609),.PCURVE_S1.);
#598 = LINE('',#599,#600);
#599 = CARTESIAN_POINT('',(-120.5984127525,-132.9420288869,4.81));
#600 = VECTOR('',#601,1.);
#601 = DIRECTION('',(0.965468957618,0.260518121971,-0.));
#602 = PCURVE('',#33,#603);
#603 = DEFINITIONAL_REPRESENTATION('',(#604),#608);
#604 = LINE('',#605,#606);
#605 = CARTESIAN_POINT('',(7.306204390319,-11.31468861434));
#606 = VECTOR('',#607,1.);
#607 = DIRECTION('',(0.965468957618,0.260518121971));
#608 = ( GEOMETRIC_REPRESENTATION_CONTEXT(2) 
PARAMETRIC_REPRESENTATION_CONTEXT() REPRESENTATION_CONTEXT('2D SPACE',''
  ) );
#609 = PCURVE('',#610,#615);
#610 = PLANE('',#611);
#611 = AXIS2_PLACEMENT_3D('',#612,#613,#614);
#612 = CARTESIAN_POINT('',(-116.6339731191,-131.8722810096,-20.));
#613 = DIRECTION('',(-0.260518121971,0.965468957618,-0.));
#614 = DIRECTION('',(0.965468957618,0.260518121971,0.));
#615 = DEFINITIONAL_REPRESENTATION('',(#616),#620);
#616 = LINE('',#617,#618);
#617 = CARTESIAN_POINT('',(-4.106232108368,-24.81));
#618 = VECTOR('',#619,1.);
#619 = DIRECTION('',(1.,-0.));
#620 = ( GEOMETRIC_REPRESENTATION_CONTEXT(2) 
PARAMETRIC_REPRESENTATION_CONTEXT() REPRESENTATION_CONTEXT('2D SPACE',''
  ) );
#621 = ORIENTED_EDGE('',*,*,#622,.F.);
#622 = EDGE_CURVE('',#623,#595,#625,.T.);
#623 = VERTEX_POINT('',#624);
#624 = CARTESIAN_POINT('',(-116.9755901549,-131.9538102157,4.81));
#625 = SURFACE_CURVE('',#626,(#630,#637),.PCURVE_S1.);
#626 = LINE('',#627,#628);
#627 = CARTESIAN_POINT('',(-121.0986663937,-132.8110412527,4.81));
#628 = VECTOR('',#629,1.);
#629 = DIRECTION('',(0.979062988455,0.203557521692,-0.));
#630 = PCURVE('',#33,#631);
#631 = DEFINITIONAL_REPRESENTATION('',(#632),#636);
#632 = LINE('',#633,#634);
#633 = CARTESIAN_POINT('',(6.805950749151,-11.1837009802));
#634 = VECTOR('',#635,1.);
#635 = DIRECTION('',(0.979062988455,0.203557521692));
#636 = ( GEOMETRIC_REPRESENTATION_CONTEXT(2) 
PARAMETRIC_REPRESENTATION_CONTEXT() REPRESENTATION_CONTEXT('2D SPACE',''
  ) );
#637 = PCURVE('',#638,#643);
#638 = PLANE('',#639);
#639 = AXIS2_PLACEMENT_3D('',#640,#641,#642);
#640 = CARTESIAN_POINT('',(-116.8035875315,-131.9180490562,-20.));
#641 = DIRECTION('',(-0.203557521692,0.979062988455,-0.));
#642 = DIRECTION('',(0.979062988455,0.203557521692,0.));
#643 = DEFINITIONAL_REPRESENTATION('',(#644),#648);
#644 = LINE('',#645,#646);
#645 = CARTESIAN_POINT('',(-4.386928024863,-24.81));
#646 = VECTOR('',#647,1.);
#647 = DIRECTION('',(1.,-0.));
#648 = ( GEOMETRIC_REPRESENTATION_CONTEXT(2) 
PARAMETRIC_REPRESENTATION_CONTEXT() REPRESENTATION_CONTEXT('2D SPACE',''
  ) );
#649 = ORIENTED_EDGE('',*,*,#650,.F.);
#650 = EDGE_CURVE('',#651,#623,#653,.T.);
#651 = VERTEX_POINT('',#652);
#652 = CARTESIAN_POINT('',(-117.1493911393,-131.9794418523,4.81));
#653 = SURFACE_CURVE('',#654,(#658,#665),.PCURVE_S1.);
#654 = LINE('',#655,#656);
#655 = CARTESIAN_POINT('',(-121.5785340959,-132.6326382817,4.81));
#656 = VECTOR('',#657,1.);
#657 = DIRECTION('',(0.989299511087,0.145898860045,-0.));
#658 = PCURVE('',#33,#659);
#659 = DEFINITIONAL_REPRESENTATION('',(#660),#664);
#660 = LINE('',#661,#662);
#661 = CARTESIAN_POINT('',(6.326083046913,-11.00529800921));
#662 = VECTOR('',#663,1.);
#663 = DIRECTION('',(0.989299511087,0.145898860045));
#664 = ( GEOMETRIC_REPRESENTATION_CONTEXT(2) 
PARAMETRIC_REPRESENTATION_CONTEXT() REPRESENTATION_CONTEXT('2D SPACE',''
  ) );
#665 = PCURVE('',#666,#671);
#666 = PLANE('',#667);
#667 = AXIS2_PLACEMENT_3D('',#668,#669,#670);
#668 = CARTESIAN_POINT('',(-116.9755901549,-131.9538102157,-20.));
#669 = DIRECTION('',(-0.145898860045,0.989299511087,-0.));
#670 = DIRECTION('',(0.989299511087,0.145898860045,0.));
#671 = DEFINITIONAL_REPRESENTATION('',(#672),#676);
#672 = LINE('',#673,#674);
#673 = CARTESIAN_POINT('',(-4.652730431411,-24.81));
#674 = VECTOR('',#675,1.);
#675 = DIRECTION('',(1.,-0.));
#676 = ( GEOMETRIC_REPRESENTATION_CONTEXT(2) 
PARAMETRIC_REPRESENTATION_CONTEXT() REPRESENTATION_CONTEXT('2D SPACE',''
  ) );
#677 = ORIENTED_EDGE('',*,*,#678,.F.);
#678 = EDGE_CURVE('',#679,#651,#681,.T.);
#679 = VERTEX_POINT('',#680);
#680 = CARTESIAN_POINT('',(-117.3243944678,-131.994856067,4.81));
#681 = SURFACE_CURVE('',#682,(#686,#693),.PCURVE_S1.);
#682 = LINE('',#683,#684);
#683 = CARTESIAN_POINT('',(-122.0332111936,-132.4096065349,4.81));
#684 = VECTOR('',#685,1.);
#685 = DIRECTION('',(0.99614342133,8.773986631943E-02,-0.));
#686 = PCURVE('',#33,#687);
#687 = DEFINITIONAL_REPRESENTATION('',(#688),#692);
#688 = LINE('',#689,#690);
#689 = CARTESIAN_POINT('',(5.871405949211,-10.78226626235));
#690 = VECTOR('',#691,1.);
#691 = DIRECTION('',(0.99614342133,8.773986631943E-02));
#692 = ( GEOMETRIC_REPRESENTATION_CONTEXT(2) 
PARAMETRIC_REPRESENTATION_CONTEXT() REPRESENTATION_CONTEXT('2D SPACE',''
  ) );
#693 = PCURVE('',#694,#699);
#694 = PLANE('',#695);
#695 = AXIS2_PLACEMENT_3D('',#696,#697,#698);
#696 = CARTESIAN_POINT('',(-117.1493911393,-131.9794418523,-20.));
#697 = DIRECTION('',(-8.773986631943E-02,0.99614342133,-0.));
#698 = DIRECTION('',(0.99614342133,8.773986631943E-02,0.));
#699 = DEFINITIONAL_REPRESENTATION('',(#700),#704);
#700 = LINE('',#701,#702);
#701 = CARTESIAN_POINT('',(-4.902727809783,-24.81));
#702 = VECTOR('',#703,1.);
#703 = DIRECTION('',(1.,-0.));
#704 = ( GEOMETRIC_REPRESENTATION_CONTEXT(2) 
PARAMETRIC_REPRESENTATION_CONTEXT() REPRESENTATION_CONTEXT('2D SPACE',''
  ) );
#705 = ORIENTED_EDGE('',*,*,#706,.F.);
#706 = EDGE_CURVE('',#707,#679,#709,.T.);
#707 = VERTEX_POINT('',#708);
#708 = CARTESIAN_POINT('',(-117.5,-132.,4.81));
#709 = SURFACE_CURVE('',#710,(#714,#721),.PCURVE_S1.);
#710 = LINE('',#711,#712);
#711 = CARTESIAN_POINT('',(-122.4582552193,-132.1452399131,4.81));
#712 = VECTOR('',#713,1.);
#713 = DIRECTION('',(0.999571249308,2.927998559842E-02,-0.));
#714 = PCURVE('',#33,#715);
#715 = DEFINITIONAL_REPRESENTATION('',(#716),#720);
#716 = LINE('',#717,#718);
#717 = CARTESIAN_POINT('',(5.446361923498,-10.51789964054));
#718 = VECTOR('',#719,1.);
#719 = DIRECTION('',(0.999571249308,2.927998559842E-02));
#720 = ( GEOMETRIC_REPRESENTATION_CONTEXT(2) 
PARAMETRIC_REPRESENTATION_CONTEXT() REPRESENTATION_CONTEXT('2D SPACE',''
  ) );
#721 = PCURVE('',#722,#727);
#722 = PLANE('',#723);
#723 = AXIS2_PLACEMENT_3D('',#724,#725,#726);
#724 = CARTESIAN_POINT('',(-117.3243944678,-131.994856067,-20.));
#725 = DIRECTION('',(-2.927998559842E-02,0.999571249308,-0.));
#726 = DIRECTION('',(0.999571249308,2.927998559842E-02,0.));
#727 = DEFINITIONAL_REPRESENTATION('',(#728),#732);
#728 = LINE('',#729,#730);
#729 = CARTESIAN_POINT('',(-5.136062842055,-24.81));
#730 = VECTOR('',#731,1.);
#731 = DIRECTION('',(1.,-0.));
#732 = ( GEOMETRIC_REPRESENTATION_CONTEXT(2) 
PARAMETRIC_REPRESENTATION_CONTEXT() REPRESENTATION_CONTEXT('2D SPACE',''
  ) );
#733 = ORIENTED_EDGE('',*,*,#734,.F.);
#734 = EDGE_CURVE('',#735,#707,#737,.T.);
#735 = VERTEX_POINT('',#736);
#736 = CARTESIAN_POINT('',(-141.1287362907,-132.,4.81));
#737 = SURFACE_CURVE('',#738,(#742,#749),.PCURVE_S1.);
#738 = LINE('',#739,#740);
#739 = CARTESIAN_POINT('',(-122.7023085714,-132.,4.81));
#740 = VECTOR('',#741,1.);
#741 = DIRECTION('',(1.,-0.,-0.));
#742 = PCURVE('',#33,#743);
#743 = DEFINITIONAL_REPRESENTATION('',(#744),#748);
#744 = LINE('',#745,#746);
#745 = CARTESIAN_POINT('',(5.202308571432,-10.37265972741));
#746 = VECTOR('',#747,1.);
#747 = DIRECTION('',(1.,-0.));
#748 = ( GEOMETRIC_REPRESENTATION_CONTEXT(2) 
PARAMETRIC_REPRESENTATION_CONTEXT() REPRESENTATION_CONTEXT('2D SPACE',''
  ) );
#749 = PCURVE('',#750,#755);
#750 = PLANE('',#751);
#751 = AXIS2_PLACEMENT_3D('',#752,#753,#754);
#752 = CARTESIAN_POINT('',(-117.5,-132.,-20.));
#753 = DIRECTION('',(-0.,1.,-0.));
#754 = DIRECTION('',(1.,0.,0.));
#755 = DEFINITIONAL_REPRESENTATION('',(#756),#760);
#756 = LINE('',#757,#758);
#757 = CARTESIAN_POINT('',(-5.202308571432,-24.81));
#758 = VECTOR('',#759,1.);
#759 = DIRECTION('',(1.,-0.));
#760 = ( GEOMETRIC_REPRESENTATION_CONTEXT(2) 
PARAMETRIC_REPRESENTATION_CONTEXT() REPRESENTATION_CONTEXT('2D SPACE',''
  ) );
#761 = ORIENTED_EDGE('',*,*,#762,.T.);
#762 = EDGE_CURVE('',#735,#763,#765,.T.);
#763 = VERTEX_POINT('',#764);
#764 = CARTESIAN_POINT('',(-141.1382101478,-131.987653429,4.81));
#765 = SURFACE_CURVE('',#766,(#770,#777),.PCURVE_S1.);
#766 = LINE('',#767,#768);
#767 = CARTESIAN_POINT('',(-140.8203729026,-132.4018669913,4.81));
#768 = VECTOR('',#769,1.);
#769 = DIRECTION('',(-0.608761429009,0.793353340291,-0.));
#770 = PCURVE('',#33,#771);
#771 = DEFINITIONAL_REPRESENTATION('',(#772),#776);
#772 = LINE('',#773,#774);
#773 = CARTESIAN_POINT('',(-12.9157557598,-10.77452671879));
#774 = VECTOR('',#775,1.);
#775 = DIRECTION('',(-0.608761429009,0.793353340291));
#776 = ( GEOMETRIC_REPRESENTATION_CONTEXT(2) 
PARAMETRIC_REPRESENTATION_CONTEXT() REPRESENTATION_CONTEXT('2D SPACE',''
  ) );
#777 = PCURVE('',#778,#783);
#778 = PLANE('',#779);
#779 = AXIS2_PLACEMENT_3D('',#780,#781,#782);
#780 = CARTESIAN_POINT('',(-140.8203729026,-132.4018669913,4.81));
#781 = DIRECTION('',(0.793353340291,0.608761429009,-0.));
#782 = DIRECTION('',(0.608761429009,-0.793353340291,0.));
#783 = DEFINITIONAL_REPRESENTATION('',(#784),#788);
#784 = LINE('',#785,#786);
#785 = CARTESIAN_POINT('',(-0.,-0.));
#786 = VECTOR('',#787,1.);
#787 = DIRECTION('',(-1.,0.));
#788 = ( GEOMETRIC_REPRESENTATION_CONTEXT(2) 
PARAMETRIC_REPRESENTATION_CONTEXT() REPRESENTATION_CONTEXT('2D SPACE',''
  ) );
#789 = ORIENTED_EDGE('',*,*,#790,.F.);
#790 = EDGE_CURVE('',#791,#763,#793,.T.);
#791 = VERTEX_POINT('',#792);
#792 = CARTESIAN_POINT('',(-141.26873634,-131.7615754323,4.81));
#793 = SURFACE_CURVE('',#794,(#799,#806),.PCURVE_S1.);
#794 = CIRCLE('',#795,1.);
#795 = AXIS2_PLACEMENT_3D('',#796,#797,#798);
#796 = CARTESIAN_POINT('',(-140.3448568075,-131.378892,4.81));
#797 = DIRECTION('',(-0.,0.,1.));
#798 = DIRECTION('',(-0.382683432365,0.923879532511,-0.));
#799 = PCURVE('',#33,#800);
#800 = DEFINITIONAL_REPRESENTATION('',(#801),#805);
#801 = CIRCLE('',#802,1.);
#802 = AXIS2_PLACEMENT_2D('',#803,#804);
#803 = CARTESIAN_POINT('',(-12.4402396647,-9.751551727414));
#804 = DIRECTION('',(-0.382683432365,0.923879532511));
#805 = ( GEOMETRIC_REPRESENTATION_CONTEXT(2) 
PARAMETRIC_REPRESENTATION_CONTEXT() REPRESENTATION_CONTEXT('2D SPACE',''
  ) );
#806 = PCURVE('',#807,#812);
#807 = CYLINDRICAL_SURFACE('',#808,1.);
#808 = AXIS2_PLACEMENT_3D('',#809,#810,#811);
#809 = CARTESIAN_POINT('',(-140.3448568075,-131.378892,4.81));
#810 = DIRECTION('',(-0.,-0.,-1.));
#811 = DIRECTION('',(-0.382683432365,0.923879532511,-0.));
#812 = DEFINITIONAL_REPRESENTATION('',(#813),#817);
#813 = LINE('',#814,#815);
#814 = CARTESIAN_POINT('',(-0.,0.));
#815 = VECTOR('',#816,1.);
#816 = DIRECTION('',(-1.,0.));
#817 = ( GEOMETRIC_REPRESENTATION_CONTEXT(2) 
PARAMETRIC_REPRESENTATION_CONTEXT() REPRESENTATION_CONTEXT('2D SPACE',''
  ) );
#818 = ORIENTED_EDGE('',*,*,#819,.T.);
#819 = EDGE_CURVE('',#791,#820,#822,.T.);
#820 = VERTEX_POINT('',#821);
#821 = CARTESIAN_POINT('',(-141.468537185,-131.2792135225,4.81));
#822 = SURFACE_CURVE('',#823,(#827,#834),.PCURVE_S1.);
#823 = LINE('',#824,#825);
#824 = CARTESIAN_POINT('',(-141.26873634,-131.7615754323,4.81));
#825 = VECTOR('',#826,1.);
#826 = DIRECTION('',(-0.382683432365,0.923879532511,-0.));
#827 = PCURVE('',#33,#828);
#828 = DEFINITIONAL_REPRESENTATION('',(#829),#833);
#829 = LINE('',#830,#831);
#830 = CARTESIAN_POINT('',(-13.36411919721,-10.13423515977));
#831 = VECTOR('',#832,1.);
#832 = DIRECTION('',(-0.382683432365,0.923879532511));
#833 = ( GEOMETRIC_REPRESENTATION_CONTEXT(2) 
PARAMETRIC_REPRESENTATION_CONTEXT() REPRESENTATION_CONTEXT('2D SPACE',''
  ) );
#834 = PCURVE('',#835,#840);
#835 = PLANE('',#836);
#836 = AXIS2_PLACEMENT_3D('',#837,#838,#839);
#837 = CARTESIAN_POINT('',(-141.26873634,-131.7615754323,4.81));
#838 = DIRECTION('',(0.923879532511,0.382683432365,-0.));
#839 = DIRECTION('',(0.382683432365,-0.923879532511,0.));
#840 = DEFINITIONAL_REPRESENTATION('',(#841),#845);
#841 = LINE('',#842,#843);
#842 = CARTESIAN_POINT('',(-0.,-0.));
#843 = VECTOR('',#844,1.);
#844 = DIRECTION('',(-1.,0.));
#845 = ( GEOMETRIC_REPRESENTATION_CONTEXT(2) 
PARAMETRIC_REPRESENTATION_CONTEXT() REPRESENTATION_CONTEXT('2D SPACE',''
  ) );
#846 = ORIENTED_EDGE('',*,*,#847,.F.);
#847 = EDGE_CURVE('',#848,#820,#850,.T.);
#848 = VERTEX_POINT('',#849);
#849 = CARTESIAN_POINT('',(-141.5361025139,-131.0270562824,4.81));
#850 = SURFACE_CURVE('',#851,(#856,#863),.PCURVE_S1.);
#851 = CIRCLE('',#852,1.);
#852 = AXIS2_PLACEMENT_3D('',#853,#854,#855);
#853 = CARTESIAN_POINT('',(-140.5446576525,-130.8965300902,4.81));
#854 = DIRECTION('',(-0.,0.,1.));
#855 = DIRECTION('',(-0.13052619222,0.991444861374,-0.));
#856 = PCURVE('',#33,#857);
#857 = DEFINITIONAL_REPRESENTATION('',(#858),#862);
#858 = CIRCLE('',#859,1.);
#859 = AXIS2_PLACEMENT_2D('',#860,#861);
#860 = CARTESIAN_POINT('',(-12.64004050971,-9.269189817619));
#861 = DIRECTION('',(-0.13052619222,0.991444861374));
#862 = ( GEOMETRIC_REPRESENTATION_CONTEXT(2) 
PARAMETRIC_REPRESENTATION_CONTEXT() REPRESENTATION_CONTEXT('2D SPACE',''
  ) );
#863 = PCURVE('',#864,#869);
#864 = CYLINDRICAL_SURFACE('',#865,1.);
#865 = AXIS2_PLACEMENT_3D('',#866,#867,#868);
#866 = CARTESIAN_POINT('',(-140.5446576525,-130.8965300902,4.81));
#867 = DIRECTION('',(-0.,-0.,-1.));
#868 = DIRECTION('',(-0.13052619222,0.991444861374,-0.));
#869 = DEFINITIONAL_REPRESENTATION('',(#870),#874);
#870 = LINE('',#871,#872);
#871 = CARTESIAN_POINT('',(-0.,0.));
#872 = VECTOR('',#873,1.);
#873 = DIRECTION('',(-1.,0.));
#874 = ( GEOMETRIC_REPRESENTATION_CONTEXT(2) 
PARAMETRIC_REPRESENTATION_CONTEXT() REPRESENTATION_CONTEXT('2D SPACE',''
  ) );
#875 = ORIENTED_EDGE('',*,*,#876,.T.);
#876 = EDGE_CURVE('',#848,#877,#879,.T.);
#877 = VERTEX_POINT('',#878);
#878 = CARTESIAN_POINT('',(-141.6042508613,-130.5094181922,4.81));
#879 = SURFACE_CURVE('',#880,(#884,#891),.PCURVE_S1.);
#880 = LINE('',#881,#882);
#881 = CARTESIAN_POINT('',(-141.5361025139,-131.0270562824,4.81));
#882 = VECTOR('',#883,1.);
#883 = DIRECTION('',(-0.13052619222,0.991444861374,-0.));
#884 = PCURVE('',#33,#885);
#885 = DEFINITIONAL_REPRESENTATION('',(#886),#890);
#886 = LINE('',#887,#888);
#887 = CARTESIAN_POINT('',(-13.63148537108,-9.399716009839));
#888 = VECTOR('',#889,1.);
#889 = DIRECTION('',(-0.13052619222,0.991444861374));
#890 = ( GEOMETRIC_REPRESENTATION_CONTEXT(2) 
PARAMETRIC_REPRESENTATION_CONTEXT() REPRESENTATION_CONTEXT('2D SPACE',''
  ) );
#891 = PCURVE('',#892,#897);
#892 = PLANE('',#893);
#893 = AXIS2_PLACEMENT_3D('',#894,#895,#896);
#894 = CARTESIAN_POINT('',(-141.5361025139,-131.0270562824,4.81));
#895 = DIRECTION('',(0.991444861374,0.13052619222,-0.));
#896 = DIRECTION('',(0.13052619222,-0.991444861374,0.));
#897 = DEFINITIONAL_REPRESENTATION('',(#898),#902);
#898 = LINE('',#899,#900);
#899 = CARTESIAN_POINT('',(-0.,-0.));
#900 = VECTOR('',#901,1.);
#901 = DIRECTION('',(-1.,0.));
#902 = ( GEOMETRIC_REPRESENTATION_CONTEXT(2) 
PARAMETRIC_REPRESENTATION_CONTEXT() REPRESENTATION_CONTEXT('2D SPACE',''
  ) );
#903 = ORIENTED_EDGE('',*,*,#904,.F.);
#904 = EDGE_CURVE('',#905,#877,#907,.T.);
#905 = VERTEX_POINT('',#906);
#906 = CARTESIAN_POINT('',(-141.6042508613,-130.2483658077,4.81));
#907 = SURFACE_CURVE('',#908,(#913,#920),.PCURVE_S1.);
#908 = CIRCLE('',#909,1.);
#909 = AXIS2_PLACEMENT_3D('',#910,#911,#912);
#910 = CARTESIAN_POINT('',(-140.612806,-130.378892,4.81));
#911 = DIRECTION('',(0.,0.,1.));
#912 = DIRECTION('',(0.13052619222,0.991444861374,-0.));
#913 = PCURVE('',#33,#914);
#914 = DEFINITIONAL_REPRESENTATION('',(#915),#919);
#915 = CIRCLE('',#916,1.);
#916 = AXIS2_PLACEMENT_2D('',#917,#918);
#917 = CARTESIAN_POINT('',(-12.70818885713,-8.751551727414));
#918 = DIRECTION('',(0.13052619222,0.991444861374));
#919 = ( GEOMETRIC_REPRESENTATION_CONTEXT(2) 
PARAMETRIC_REPRESENTATION_CONTEXT() REPRESENTATION_CONTEXT('2D SPACE',''
  ) );
#920 = PCURVE('',#921,#926);
#921 = CYLINDRICAL_SURFACE('',#922,1.);
#922 = AXIS2_PLACEMENT_3D('',#923,#924,#925);
#923 = CARTESIAN_POINT('',(-140.612806,-130.378892,4.81));
#924 = DIRECTION('',(-0.,-0.,-1.));
#925 = DIRECTION('',(0.13052619222,0.991444861374,-0.));
#926 = DEFINITIONAL_REPRESENTATION('',(#927),#931);
#927 = LINE('',#928,#929);
#928 = CARTESIAN_POINT('',(-0.,0.));
#929 = VECTOR('',#930,1.);
#930 = DIRECTION('',(-1.,0.));
#931 = ( GEOMETRIC_REPRESENTATION_CONTEXT(2) 
PARAMETRIC_REPRESENTATION_CONTEXT() REPRESENTATION_CONTEXT('2D SPACE',''
  ) );
#932 = ORIENTED_EDGE('',*,*,#933,.T.);
#933 = EDGE_CURVE('',#905,#934,#936,.T.);
#934 = VERTEX_POINT('',#935);
#935 = CARTESIAN_POINT('',(-141.5361025139,-129.7307277175,4.81));
#936 = SURFACE_CURVE('',#937,(#941,#948),.PCURVE_S1.);
#937 = LINE('',#938,#939);
#938 = CARTESIAN_POINT('',(-141.6042508613,-130.2483658077,4.81));
#939 = VECTOR('',#940,1.);
#940 = DIRECTION('',(0.13052619222,0.991444861374,-0.));
#941 = PCURVE('',#33,#942);
#942 = DEFINITIONAL_REPRESENTATION('',(#943),#947);
#943 = LINE('',#944,#945);
#944 = CARTESIAN_POINT('',(-13.69963371851,-8.621025535194));
#945 = VECTOR('',#946,1.);
#946 = DIRECTION('',(0.13052619222,0.991444861374));
#947 = ( GEOMETRIC_REPRESENTATION_CONTEXT(2) 
PARAMETRIC_REPRESENTATION_CONTEXT() REPRESENTATION_CONTEXT('2D SPACE',''
  ) );
#948 = PCURVE('',#949,#954);
#949 = PLANE('',#950);
#950 = AXIS2_PLACEMENT_3D('',#951,#952,#953);
#951 = CARTESIAN_POINT('',(-141.6042508613,-130.2483658077,4.81));
#952 = DIRECTION('',(0.991444861374,-0.13052619222,0.));
#953 = DIRECTION('',(-0.13052619222,-0.991444861374,0.));
#954 = DEFINITIONAL_REPRESENTATION('',(#955),#959);
#955 = LINE('',#956,#957);
#956 = CARTESIAN_POINT('',(-0.,0.));
#957 = VECTOR('',#958,1.);
#958 = DIRECTION('',(-1.,0.));
#959 = ( GEOMETRIC_REPRESENTATION_CONTEXT(2) 
PARAMETRIC_REPRESENTATION_CONTEXT() REPRESENTATION_CONTEXT('2D SPACE',''
  ) );
#960 = ORIENTED_EDGE('',*,*,#961,.F.);
#961 = EDGE_CURVE('',#962,#934,#964,.T.);
#962 = VERTEX_POINT('',#963);
#963 = CARTESIAN_POINT('',(-141.5258032794,-129.6679839977,4.81));
#964 = SURFACE_CURVE('',#965,(#970,#977),.PCURVE_S1.);
#965 = CIRCLE('',#966,1.);
#966 = AXIS2_PLACEMENT_3D('',#967,#968,#969);
#967 = CARTESIAN_POINT('',(-140.5446576525,-129.8612539097,4.81));
#968 = DIRECTION('',(0.,0.,1.));
#969 = DIRECTION('',(0.193269912071,0.981145626851,-0.));
#970 = PCURVE('',#33,#971);
#971 = DEFINITIONAL_REPRESENTATION('',(#972),#976);
#972 = CIRCLE('',#973,1.);
#973 = AXIS2_PLACEMENT_2D('',#974,#975);
#974 = CARTESIAN_POINT('',(-12.64004050971,-8.233913637209));
#975 = DIRECTION('',(0.193269912071,0.981145626851));
#976 = ( GEOMETRIC_REPRESENTATION_CONTEXT(2) 
PARAMETRIC_REPRESENTATION_CONTEXT() REPRESENTATION_CONTEXT('2D SPACE',''
  ) );
#977 = PCURVE('',#978,#983);
#978 = CYLINDRICAL_SURFACE('',#979,1.);
#979 = AXIS2_PLACEMENT_3D('',#980,#981,#982);
#980 = CARTESIAN_POINT('',(-140.5446576525,-129.8612539097,4.81));
#981 = DIRECTION('',(-0.,-0.,-1.));
#982 = DIRECTION('',(0.193269912071,0.981145626851,-0.));
#983 = DEFINITIONAL_REPRESENTATION('',(#984),#988);
#984 = LINE('',#985,#986);
#985 = CARTESIAN_POINT('',(-0.,0.));
#986 = VECTOR('',#987,1.);
#987 = DIRECTION('',(-1.,0.));
#988 = ( GEOMETRIC_REPRESENTATION_CONTEXT(2) 
PARAMETRIC_REPRESENTATION_CONTEXT() REPRESENTATION_CONTEXT('2D SPACE',''
  ) );
#989 = ORIENTED_EDGE('',*,*,#990,.T.);
#990 = EDGE_CURVE('',#962,#991,#993,.T.);
#991 = VERTEX_POINT('',#992);
#992 = CARTESIAN_POINT('',(-141.3203522026,-128.625,4.81));
#993 = SURFACE_CURVE('',#994,(#998,#1005),.PCURVE_S1.);
#994 = LINE('',#995,#996);
#995 = CARTESIAN_POINT('',(-141.5258032794,-129.6679839977,4.81));
#996 = VECTOR('',#997,1.);
#997 = DIRECTION('',(0.193269912071,0.981145626851,-0.));
#998 = PCURVE('',#33,#999);
#999 = DEFINITIONAL_REPRESENTATION('',(#1000),#1004);
#1000 = LINE('',#1001,#1002);
#1001 = CARTESIAN_POINT('',(-13.62118613656,-8.040643725138));
#1002 = VECTOR('',#1003,1.);
#1003 = DIRECTION('',(0.193269912071,0.981145626851));
#1004 = ( GEOMETRIC_REPRESENTATION_CONTEXT(2) 
PARAMETRIC_REPRESENTATION_CONTEXT() REPRESENTATION_CONTEXT('2D SPACE',''
  ) );
#1005 = PCURVE('',#1006,#1011);
#1006 = PLANE('',#1007);
#1007 = AXIS2_PLACEMENT_3D('',#1008,#1009,#1010);
#1008 = CARTESIAN_POINT('',(-141.5258032794,-129.6679839977,4.81));
#1009 = DIRECTION('',(0.981145626851,-0.193269912071,0.));
#1010 = DIRECTION('',(-0.193269912071,-0.981145626851,0.));
#1011 = DEFINITIONAL_REPRESENTATION('',(#1012),#1016);
#1012 = LINE('',#1013,#1014);
#1013 = CARTESIAN_POINT('',(-0.,0.));
#1014 = VECTOR('',#1015,1.);
#1015 = DIRECTION('',(-1.,0.));
#1016 = ( GEOMETRIC_REPRESENTATION_CONTEXT(2) 
PARAMETRIC_REPRESENTATION_CONTEXT() REPRESENTATION_CONTEXT('2D SPACE',''
  ) );
#1017 = ORIENTED_EDGE('',*,*,#1018,.T.);
#1018 = EDGE_CURVE('',#991,#1019,#1021,.T.);
#1019 = VERTEX_POINT('',#1020);
#1020 = CARTESIAN_POINT('',(-141.125,-128.625,4.81));
#1021 = SURFACE_CURVE('',#1022,(#1026,#1033),.PCURVE_S1.);
#1022 = LINE('',#1023,#1024);
#1023 = CARTESIAN_POINT('',(-134.5148085714,-128.625,4.81));
#1024 = VECTOR('',#1025,1.);
#1025 = DIRECTION('',(1.,-0.,-0.));
#1026 = PCURVE('',#33,#1027);
#1027 = DEFINITIONAL_REPRESENTATION('',(#1028),#1032);
#1028 = LINE('',#1029,#1030);
#1029 = CARTESIAN_POINT('',(-6.610191428568,-6.997659727414));
#1030 = VECTOR('',#1031,1.);
#1031 = DIRECTION('',(1.,-0.));
#1032 = ( GEOMETRIC_REPRESENTATION_CONTEXT(2) 
PARAMETRIC_REPRESENTATION_CONTEXT() REPRESENTATION_CONTEXT('2D SPACE',''
  ) );
#1033 = PCURVE('',#1034,#1039);
#1034 = PLANE('',#1035);
#1035 = AXIS2_PLACEMENT_3D('',#1036,#1037,#1038);
#1036 = CARTESIAN_POINT('',(-141.125,-128.625,-20.));
#1037 = DIRECTION('',(-0.,1.,-0.));
#1038 = DIRECTION('',(1.,0.,0.));
#1039 = DEFINITIONAL_REPRESENTATION('',(#1040),#1044);
#1040 = LINE('',#1041,#1042);
#1041 = CARTESIAN_POINT('',(6.610191428568,-24.81));
#1042 = VECTOR('',#1043,1.);
#1043 = DIRECTION('',(1.,-0.));
#1044 = ( GEOMETRIC_REPRESENTATION_CONTEXT(2) 
PARAMETRIC_REPRESENTATION_CONTEXT() REPRESENTATION_CONTEXT('2D SPACE',''
  ) );
#1045 = ORIENTED_EDGE('',*,*,#1046,.T.);
#1046 = EDGE_CURVE('',#1019,#1047,#1049,.T.);
#1047 = VERTEX_POINT('',#1048);
#1048 = CARTESIAN_POINT('',(-141.125,-127.6332835074,4.81));
#1049 = SURFACE_CURVE('',#1050,(#1054,#1061),.PCURVE_S1.);
#1050 = LINE('',#1051,#1052);
#1051 = CARTESIAN_POINT('',(-141.125,-116.5011701362,4.81));
#1052 = VECTOR('',#1053,1.);
#1053 = DIRECTION('',(-0.,1.,-0.));
#1054 = PCURVE('',#33,#1055);
#1055 = DEFINITIONAL_REPRESENTATION('',(#1056),#1060);
#1056 = LINE('',#1057,#1058);
#1057 = CARTESIAN_POINT('',(-13.22038285713,5.126170136293));
#1058 = VECTOR('',#1059,1.);
#1059 = DIRECTION('',(-0.,1.));
#1060 = ( GEOMETRIC_REPRESENTATION_CONTEXT(2) 
PARAMETRIC_REPRESENTATION_CONTEXT() REPRESENTATION_CONTEXT('2D SPACE',''
  ) );
#1061 = PCURVE('',#1062,#1067);
#1062 = PLANE('',#1063);
#1063 = AXIS2_PLACEMENT_3D('',#1064,#1065,#1066);
#1064 = CARTESIAN_POINT('',(-141.125,-111.375,-20.));
#1065 = DIRECTION('',(-1.,-0.,-0.));
#1066 = DIRECTION('',(0.,1.,0.));
#1067 = DEFINITIONAL_REPRESENTATION('',(#1068),#1072);
#1068 = LINE('',#1069,#1070);
#1069 = CARTESIAN_POINT('',(-5.126170136293,-24.81));
#1070 = VECTOR('',#1071,1.);
#1071 = DIRECTION('',(1.,-0.));
#1072 = ( GEOMETRIC_REPRESENTATION_CONTEXT(2) 
PARAMETRIC_REPRESENTATION_CONTEXT() REPRESENTATION_CONTEXT('2D SPACE',''
  ) );
#1073 = ORIENTED_EDGE('',*,*,#1074,.T.);
#1074 = EDGE_CURVE('',#1047,#1075,#1077,.T.);
#1075 = VERTEX_POINT('',#1076);
#1076 = CARTESIAN_POINT('',(-137.4129972794,-108.7890919977,4.81));
#1077 = SURFACE_CURVE('',#1078,(#1082,#1089),.PCURVE_S1.);
#1078 = LINE('',#1079,#1080);
#1079 = CARTESIAN_POINT('',(-141.5258032794,-129.6679839977,4.81));
#1080 = VECTOR('',#1081,1.);
#1081 = DIRECTION('',(0.193269912071,0.981145626851,-0.));
#1082 = PCURVE('',#33,#1083);
#1083 = DEFINITIONAL_REPRESENTATION('',(#1084),#1088);
#1084 = LINE('',#1085,#1086);
#1085 = CARTESIAN_POINT('',(-13.62118613656,-8.040643725138));
#1086 = VECTOR('',#1087,1.);
#1087 = DIRECTION('',(0.193269912071,0.981145626851));
#1088 = ( GEOMETRIC_REPRESENTATION_CONTEXT(2) 
PARAMETRIC_REPRESENTATION_CONTEXT() REPRESENTATION_CONTEXT('2D SPACE',''
  ) );
#1089 = PCURVE('',#1090,#1095);
#1090 = PLANE('',#1091);
#1091 = AXIS2_PLACEMENT_3D('',#1092,#1093,#1094);
#1092 = CARTESIAN_POINT('',(-141.5258032794,-129.6679839977,4.81));
#1093 = DIRECTION('',(0.981145626851,-0.193269912071,0.));
#1094 = DIRECTION('',(-0.193269912071,-0.981145626851,0.));
#1095 = DEFINITIONAL_REPRESENTATION('',(#1096),#1100);
#1096 = LINE('',#1097,#1098);
#1097 = CARTESIAN_POINT('',(-0.,0.));
#1098 = VECTOR('',#1099,1.);
#1099 = DIRECTION('',(-1.,0.));
#1100 = ( GEOMETRIC_REPRESENTATION_CONTEXT(2) 
PARAMETRIC_REPRESENTATION_CONTEXT() REPRESENTATION_CONTEXT('2D SPACE',''
  ) );
#1101 = ORIENTED_EDGE('',*,*,#1102,.F.);
#1102 = EDGE_CURVE('',#1103,#1075,#1105,.T.);
#1103 = VERTEX_POINT('',#1104);
#1104 = CARTESIAN_POINT('',(-137.355731185,-108.5996784774,4.81));
#1105 = SURFACE_CURVE('',#1106,(#1111,#1118),.PCURVE_S1.);
#1106 = CIRCLE('',#1107,1.);
#1107 = AXIS2_PLACEMENT_3D('',#1108,#1109,#1110);
#1108 = CARTESIAN_POINT('',(-136.4318516525,-108.9823619097,4.81));
#1109 = DIRECTION('',(0.,0.,1.));
#1110 = DIRECTION('',(0.382683432365,0.923879532511,-0.));
#1111 = PCURVE('',#33,#1112);
#1112 = DEFINITIONAL_REPRESENTATION('',(#1113),#1117);
#1113 = CIRCLE('',#1114,1.);
#1114 = AXIS2_PLACEMENT_2D('',#1115,#1116);
#1115 = CARTESIAN_POINT('',(-8.527234509714,12.644978362791));
#1116 = DIRECTION('',(0.382683432365,0.923879532511));
#1117 = ( GEOMETRIC_REPRESENTATION_CONTEXT(2) 
PARAMETRIC_REPRESENTATION_CONTEXT() REPRESENTATION_CONTEXT('2D SPACE',''
  ) );
#1118 = PCURVE('',#1119,#1124);
#1119 = CYLINDRICAL_SURFACE('',#1120,1.);
#1120 = AXIS2_PLACEMENT_3D('',#1121,#1122,#1123);
#1121 = CARTESIAN_POINT('',(-136.4318516525,-108.9823619097,4.81));
#1122 = DIRECTION('',(-0.,-0.,-1.));
#1123 = DIRECTION('',(0.382683432365,0.923879532511,-0.));
#1124 = DEFINITIONAL_REPRESENTATION('',(#1125),#1129);
#1125 = LINE('',#1126,#1127);
#1126 = CARTESIAN_POINT('',(-0.,0.));
#1127 = VECTOR('',#1128,1.);
#1128 = DIRECTION('',(-1.,0.));
#1129 = ( GEOMETRIC_REPRESENTATION_CONTEXT(2) 
PARAMETRIC_REPRESENTATION_CONTEXT() REPRESENTATION_CONTEXT('2D SPACE',''
  ) );
#1130 = ORIENTED_EDGE('',*,*,#1131,.T.);
#1131 = EDGE_CURVE('',#1103,#1132,#1134,.T.);
#1132 = VERTEX_POINT('',#1133);
#1133 = CARTESIAN_POINT('',(-137.15593034,-108.1173165676,4.81));
#1134 = SURFACE_CURVE('',#1135,(#1139,#1146),.PCURVE_S1.);
#1135 = LINE('',#1136,#1137);
#1136 = CARTESIAN_POINT('',(-137.355731185,-108.5996784774,4.81));
#1137 = VECTOR('',#1138,1.);
#1138 = DIRECTION('',(0.382683432365,0.923879532511,-0.));
#1139 = PCURVE('',#33,#1140);
#1140 = DEFINITIONAL_REPRESENTATION('',(#1141),#1145);
#1141 = LINE('',#1142,#1143);
#1142 = CARTESIAN_POINT('',(-9.451114042225,13.027661795156));
#1143 = VECTOR('',#1144,1.);
#1144 = DIRECTION('',(0.382683432365,0.923879532511));
#1145 = ( GEOMETRIC_REPRESENTATION_CONTEXT(2) 
PARAMETRIC_REPRESENTATION_CONTEXT() REPRESENTATION_CONTEXT('2D SPACE',''
  ) );
#1146 = PCURVE('',#1147,#1152);
#1147 = PLANE('',#1148);
#1148 = AXIS2_PLACEMENT_3D('',#1149,#1150,#1151);
#1149 = CARTESIAN_POINT('',(-137.355731185,-108.5996784774,4.81));
#1150 = DIRECTION('',(0.923879532511,-0.382683432365,0.));
#1151 = DIRECTION('',(-0.382683432365,-0.923879532511,0.));
#1152 = DEFINITIONAL_REPRESENTATION('',(#1153),#1157);
#1153 = LINE('',#1154,#1155);
#1154 = CARTESIAN_POINT('',(-0.,0.));
#1155 = VECTOR('',#1156,1.);
#1156 = DIRECTION('',(-1.,0.));
#1157 = ( GEOMETRIC_REPRESENTATION_CONTEXT(2) 
PARAMETRIC_REPRESENTATION_CONTEXT() REPRESENTATION_CONTEXT('2D SPACE',''
  ) );
#1158 = ORIENTED_EDGE('',*,*,#1159,.F.);
#1159 = EDGE_CURVE('',#1160,#1132,#1162,.T.);
#1160 = VERTEX_POINT('',#1161);
#1161 = CARTESIAN_POINT('',(-137.0254041478,-107.8912385709,4.81));
#1162 = SURFACE_CURVE('',#1163,(#1168,#1175),.PCURVE_S1.);
#1163 = CIRCLE('',#1164,1.);
#1164 = AXIS2_PLACEMENT_3D('',#1165,#1166,#1167);
#1165 = CARTESIAN_POINT('',(-136.2320508075,-108.5,4.81));
#1166 = DIRECTION('',(0.,0.,1.));
#1167 = DIRECTION('',(0.608761429009,0.793353340291,-0.));
#1168 = PCURVE('',#33,#1169);
#1169 = DEFINITIONAL_REPRESENTATION('',(#1170),#1174);
#1170 = CIRCLE('',#1171,1.);
#1171 = AXIS2_PLACEMENT_2D('',#1172,#1173);
#1172 = CARTESIAN_POINT('',(-8.327433664705,13.127340272586));
#1173 = DIRECTION('',(0.608761429009,0.793353340291));
#1174 = ( GEOMETRIC_REPRESENTATION_CONTEXT(2) 
PARAMETRIC_REPRESENTATION_CONTEXT() REPRESENTATION_CONTEXT('2D SPACE',''
  ) );
#1175 = PCURVE('',#1176,#1181);
#1176 = CYLINDRICAL_SURFACE('',#1177,1.);
#1177 = AXIS2_PLACEMENT_3D('',#1178,#1179,#1180);
#1178 = CARTESIAN_POINT('',(-136.2320508075,-108.5,4.81));
#1179 = DIRECTION('',(-0.,-0.,-1.));
#1180 = DIRECTION('',(0.608761429009,0.793353340291,-0.));
#1181 = DEFINITIONAL_REPRESENTATION('',(#1182),#1186);
#1182 = LINE('',#1183,#1184);
#1183 = CARTESIAN_POINT('',(-0.,0.));
#1184 = VECTOR('',#1185,1.);
#1185 = DIRECTION('',(-1.,0.));
#1186 = ( GEOMETRIC_REPRESENTATION_CONTEXT(2) 
PARAMETRIC_REPRESENTATION_CONTEXT() REPRESENTATION_CONTEXT('2D SPACE',''
  ) );
#1187 = ORIENTED_EDGE('',*,*,#1188,.T.);
#1188 = EDGE_CURVE('',#1160,#1189,#1191,.T.);
#1189 = VERTEX_POINT('',#1190);
#1190 = CARTESIAN_POINT('',(-136.7075669026,-107.4770250086,4.81));
#1191 = SURFACE_CURVE('',#1192,(#1196,#1203),.PCURVE_S1.);
#1192 = LINE('',#1193,#1194);
#1193 = CARTESIAN_POINT('',(-137.0254041478,-107.8912385709,4.81));
#1194 = VECTOR('',#1195,1.);
#1195 = DIRECTION('',(0.608761429009,0.793353340291,-0.));
#1196 = PCURVE('',#33,#1197);
#1197 = DEFINITIONAL_REPRESENTATION('',(#1198),#1202);
#1198 = LINE('',#1199,#1200);
#1199 = CARTESIAN_POINT('',(-9.120787004996,13.736101701594));
#1200 = VECTOR('',#1201,1.);
#1201 = DIRECTION('',(0.608761429009,0.793353340291));
#1202 = ( GEOMETRIC_REPRESENTATION_CONTEXT(2) 
PARAMETRIC_REPRESENTATION_CONTEXT() REPRESENTATION_CONTEXT('2D SPACE',''
  ) );
#1203 = PCURVE('',#1204,#1209);
#1204 = PLANE('',#1205);
#1205 = AXIS2_PLACEMENT_3D('',#1206,#1207,#1208);
#1206 = CARTESIAN_POINT('',(-137.0254041478,-107.8912385709,4.81));
#1207 = DIRECTION('',(0.793353340291,-0.608761429009,0.));
#1208 = DIRECTION('',(-0.608761429009,-0.793353340291,0.));
#1209 = DEFINITIONAL_REPRESENTATION('',(#1210),#1214);
#1210 = LINE('',#1211,#1212);
#1211 = CARTESIAN_POINT('',(-0.,0.));
#1212 = VECTOR('',#1213,1.);
#1213 = DIRECTION('',(-1.,0.));
#1214 = ( GEOMETRIC_REPRESENTATION_CONTEXT(2) 
PARAMETRIC_REPRESENTATION_CONTEXT() REPRESENTATION_CONTEXT('2D SPACE',''
  ) );
#1215 = ORIENTED_EDGE('',*,*,#1216,.F.);
#1216 = EDGE_CURVE('',#1217,#1189,#1219,.T.);
#1217 = VERTEX_POINT('',#1218);
#1218 = CARTESIAN_POINT('',(-136.5229749913,-107.2924330973,4.81));
#1219 = SURFACE_CURVE('',#1220,(#1225,#1232),.PCURVE_S1.);
#1220 = CIRCLE('',#1221,1.);
#1221 = AXIS2_PLACEMENT_3D('',#1222,#1223,#1224);
#1222 = CARTESIAN_POINT('',(-135.9142135623,-108.0857864376,4.81));
#1223 = DIRECTION('',(0.,0.,1.));
#1224 = DIRECTION('',(0.793353340291,0.608761429009,-0.));
#1225 = PCURVE('',#33,#1226);
#1226 = DEFINITIONAL_REPRESENTATION('',(#1227),#1231);
#1227 = CIRCLE('',#1228,1.);
#1228 = AXIS2_PLACEMENT_2D('',#1229,#1230);
#1229 = CARTESIAN_POINT('',(-8.009596419509,13.541553834959));
#1230 = DIRECTION('',(0.793353340291,0.608761429009));
#1231 = ( GEOMETRIC_REPRESENTATION_CONTEXT(2) 
PARAMETRIC_REPRESENTATION_CONTEXT() REPRESENTATION_CONTEXT('2D SPACE',''
  ) );
#1232 = PCURVE('',#1233,#1238);
#1233 = CYLINDRICAL_SURFACE('',#1234,1.);
#1234 = AXIS2_PLACEMENT_3D('',#1235,#1236,#1237);
#1235 = CARTESIAN_POINT('',(-135.9142135623,-108.0857864376,4.81));
#1236 = DIRECTION('',(-0.,-0.,-1.));
#1237 = DIRECTION('',(0.793353340291,0.608761429009,-0.));
#1238 = DEFINITIONAL_REPRESENTATION('',(#1239),#1243);
#1239 = LINE('',#1240,#1241);
#1240 = CARTESIAN_POINT('',(-0.,0.));
#1241 = VECTOR('',#1242,1.);
#1242 = DIRECTION('',(-1.,0.));
#1243 = ( GEOMETRIC_REPRESENTATION_CONTEXT(2) 
PARAMETRIC_REPRESENTATION_CONTEXT() REPRESENTATION_CONTEXT('2D SPACE',''
  ) );
#1244 = ORIENTED_EDGE('',*,*,#1245,.T.);
#1245 = EDGE_CURVE('',#1217,#1246,#1248,.T.);
#1246 = VERTEX_POINT('',#1247);
#1247 = CARTESIAN_POINT('',(-136.108761429,-106.9745958521,4.81));
#1248 = SURFACE_CURVE('',#1249,(#1253,#1260),.PCURVE_S1.);
#1249 = LINE('',#1250,#1251);
#1250 = CARTESIAN_POINT('',(-136.5229749913,-107.2924330973,4.81));
#1251 = VECTOR('',#1252,1.);
#1252 = DIRECTION('',(0.793353340291,0.608761429009,-0.));
#1253 = PCURVE('',#33,#1254);
#1254 = DEFINITIONAL_REPRESENTATION('',(#1255),#1259);
#1255 = LINE('',#1256,#1257);
#1256 = CARTESIAN_POINT('',(-8.618357848518,14.33490717525));
#1257 = VECTOR('',#1258,1.);
#1258 = DIRECTION('',(0.793353340291,0.608761429009));
#1259 = ( GEOMETRIC_REPRESENTATION_CONTEXT(2) 
PARAMETRIC_REPRESENTATION_CONTEXT() REPRESENTATION_CONTEXT('2D SPACE',''
  ) );
#1260 = PCURVE('',#1261,#1266);
#1261 = PLANE('',#1262);
#1262 = AXIS2_PLACEMENT_3D('',#1263,#1264,#1265);
#1263 = CARTESIAN_POINT('',(-136.5229749913,-107.2924330973,4.81));
#1264 = DIRECTION('',(0.608761429009,-0.793353340291,0.));
#1265 = DIRECTION('',(-0.793353340291,-0.608761429009,0.));
#1266 = DEFINITIONAL_REPRESENTATION('',(#1267),#1271);
#1267 = LINE('',#1268,#1269);
#1268 = CARTESIAN_POINT('',(-0.,0.));
#1269 = VECTOR('',#1270,1.);
#1270 = DIRECTION('',(-1.,0.));
#1271 = ( GEOMETRIC_REPRESENTATION_CONTEXT(2) 
PARAMETRIC_REPRESENTATION_CONTEXT() REPRESENTATION_CONTEXT('2D SPACE',''
  ) );
#1272 = ORIENTED_EDGE('',*,*,#1273,.F.);
#1273 = EDGE_CURVE('',#1274,#1246,#1276,.T.);
#1274 = VERTEX_POINT('',#1275);
#1275 = CARTESIAN_POINT('',(-135.8826834323,-106.8440696599,4.81));
#1276 = SURFACE_CURVE('',#1277,(#1282,#1289),.PCURVE_S1.);
#1277 = CIRCLE('',#1278,1.);
#1278 = AXIS2_PLACEMENT_3D('',#1279,#1280,#1281);
#1279 = CARTESIAN_POINT('',(-135.5,-107.7679491924,4.81));
#1280 = DIRECTION('',(0.,0.,1.));
#1281 = DIRECTION('',(0.923879532511,0.382683432365,-0.));
#1282 = PCURVE('',#33,#1283);
#1283 = DEFINITIONAL_REPRESENTATION('',(#1284),#1288);
#1284 = CIRCLE('',#1285,1.);
#1285 = AXIS2_PLACEMENT_2D('',#1286,#1287);
#1286 = CARTESIAN_POINT('',(-7.595382857136,13.859391080155));
#1287 = DIRECTION('',(0.923879532511,0.382683432365));
#1288 = ( GEOMETRIC_REPRESENTATION_CONTEXT(2) 
PARAMETRIC_REPRESENTATION_CONTEXT() REPRESENTATION_CONTEXT('2D SPACE',''
  ) );
#1289 = PCURVE('',#1290,#1295);
#1290 = CYLINDRICAL_SURFACE('',#1291,1.);
#1291 = AXIS2_PLACEMENT_3D('',#1292,#1293,#1294);
#1292 = CARTESIAN_POINT('',(-135.5,-107.7679491924,4.81));
#1293 = DIRECTION('',(-0.,-0.,-1.));
#1294 = DIRECTION('',(0.923879532511,0.382683432365,-0.));
#1295 = DEFINITIONAL_REPRESENTATION('',(#1296),#1300);
#1296 = LINE('',#1297,#1298);
#1297 = CARTESIAN_POINT('',(-0.,0.));
#1298 = VECTOR('',#1299,1.);
#1299 = DIRECTION('',(-1.,0.));
#1300 = ( GEOMETRIC_REPRESENTATION_CONTEXT(2) 
PARAMETRIC_REPRESENTATION_CONTEXT() REPRESENTATION_CONTEXT('2D SPACE',''
  ) );
#1301 = ORIENTED_EDGE('',*,*,#1302,.T.);
#1302 = EDGE_CURVE('',#1274,#1303,#1305,.T.);
#1303 = VERTEX_POINT('',#1304);
#1304 = CARTESIAN_POINT('',(-135.4003215225,-106.6442688149,4.81));
#1305 = SURFACE_CURVE('',#1306,(#1310,#1317),.PCURVE_S1.);
#1306 = LINE('',#1307,#1308);
#1307 = CARTESIAN_POINT('',(-135.8826834323,-106.8440696599,4.81));
#1308 = VECTOR('',#1309,1.);
#1309 = DIRECTION('',(0.923879532511,0.382683432365,-0.));
#1310 = PCURVE('',#33,#1311);
#1311 = DEFINITIONAL_REPRESENTATION('',(#1312),#1316);
#1312 = LINE('',#1313,#1314);
#1313 = CARTESIAN_POINT('',(-7.978066289501,14.783270612666));
#1314 = VECTOR('',#1315,1.);
#1315 = DIRECTION('',(0.923879532511,0.382683432365));
#1316 = ( GEOMETRIC_REPRESENTATION_CONTEXT(2) 
PARAMETRIC_REPRESENTATION_CONTEXT() REPRESENTATION_CONTEXT('2D SPACE',''
  ) );
#1317 = PCURVE('',#1318,#1323);
#1318 = PLANE('',#1319);
#1319 = AXIS2_PLACEMENT_3D('',#1320,#1321,#1322);
#1320 = CARTESIAN_POINT('',(-135.8826834323,-106.8440696599,4.81));
#1321 = DIRECTION('',(0.382683432365,-0.923879532511,0.));
#1322 = DIRECTION('',(-0.923879532511,-0.382683432365,0.));
#1323 = DEFINITIONAL_REPRESENTATION('',(#1324),#1328);
#1324 = LINE('',#1325,#1326);
#1325 = CARTESIAN_POINT('',(-0.,0.));
#1326 = VECTOR('',#1327,1.);
#1327 = DIRECTION('',(-1.,0.));
#1328 = ( GEOMETRIC_REPRESENTATION_CONTEXT(2) 
PARAMETRIC_REPRESENTATION_CONTEXT() REPRESENTATION_CONTEXT('2D SPACE',''
  ) );
#1329 = ORIENTED_EDGE('',*,*,#1330,.F.);
#1330 = EDGE_CURVE('',#1331,#1303,#1333,.T.);
#1331 = VERTEX_POINT('',#1332);
#1332 = CARTESIAN_POINT('',(-135.1481642824,-106.576703486,4.81));
#1333 = SURFACE_CURVE('',#1334,(#1339,#1346),.PCURVE_S1.);
#1334 = CIRCLE('',#1335,1.);
#1335 = AXIS2_PLACEMENT_3D('',#1336,#1337,#1338);
#1336 = CARTESIAN_POINT('',(-135.0176380902,-107.5681483474,4.81));
#1337 = DIRECTION('',(0.,0.,1.));
#1338 = DIRECTION('',(0.991444861374,0.13052619222,-0.));
#1339 = PCURVE('',#33,#1340);
#1340 = DEFINITIONAL_REPRESENTATION('',(#1341),#1345);
#1341 = CIRCLE('',#1342,1.);
#1342 = AXIS2_PLACEMENT_2D('',#1343,#1344);
#1343 = CARTESIAN_POINT('',(-7.113020947341,14.059191925164));
#1344 = DIRECTION('',(0.991444861374,0.13052619222));
#1345 = ( GEOMETRIC_REPRESENTATION_CONTEXT(2) 
PARAMETRIC_REPRESENTATION_CONTEXT() REPRESENTATION_CONTEXT('2D SPACE',''
  ) );
#1346 = PCURVE('',#1347,#1352);
#1347 = CYLINDRICAL_SURFACE('',#1348,1.);
#1348 = AXIS2_PLACEMENT_3D('',#1349,#1350,#1351);
#1349 = CARTESIAN_POINT('',(-135.0176380902,-107.5681483474,4.81));
#1350 = DIRECTION('',(-0.,-0.,-1.));
#1351 = DIRECTION('',(0.991444861374,0.13052619222,-0.));
#1352 = DEFINITIONAL_REPRESENTATION('',(#1353),#1357);
#1353 = LINE('',#1354,#1355);
#1354 = CARTESIAN_POINT('',(-0.,0.));
#1355 = VECTOR('',#1356,1.);
#1356 = DIRECTION('',(-1.,0.));
#1357 = ( GEOMETRIC_REPRESENTATION_CONTEXT(2) 
PARAMETRIC_REPRESENTATION_CONTEXT() REPRESENTATION_CONTEXT('2D SPACE',''
  ) );
#1358 = ORIENTED_EDGE('',*,*,#1359,.T.);
#1359 = EDGE_CURVE('',#1331,#1360,#1362,.T.);
#1360 = VERTEX_POINT('',#1361);
#1361 = CARTESIAN_POINT('',(-134.6305261922,-106.5085551386,4.81));
#1362 = SURFACE_CURVE('',#1363,(#1367,#1374),.PCURVE_S1.);
#1363 = LINE('',#1364,#1365);
#1364 = CARTESIAN_POINT('',(-135.1481642824,-106.576703486,4.81));
#1365 = VECTOR('',#1366,1.);
#1366 = DIRECTION('',(0.991444861374,0.13052619222,-0.));
#1367 = PCURVE('',#33,#1368);
#1368 = DEFINITIONAL_REPRESENTATION('',(#1369),#1373);
#1369 = LINE('',#1370,#1371);
#1370 = CARTESIAN_POINT('',(-7.243547139561,15.050636786538));
#1371 = VECTOR('',#1372,1.);
#1372 = DIRECTION('',(0.991444861374,0.13052619222));
#1373 = ( GEOMETRIC_REPRESENTATION_CONTEXT(2) 
PARAMETRIC_REPRESENTATION_CONTEXT() REPRESENTATION_CONTEXT('2D SPACE',''
  ) );
#1374 = PCURVE('',#1375,#1380);
#1375 = PLANE('',#1376);
#1376 = AXIS2_PLACEMENT_3D('',#1377,#1378,#1379);
#1377 = CARTESIAN_POINT('',(-135.1481642824,-106.576703486,4.81));
#1378 = DIRECTION('',(0.13052619222,-0.991444861374,0.));
#1379 = DIRECTION('',(-0.991444861374,-0.13052619222,0.));
#1380 = DEFINITIONAL_REPRESENTATION('',(#1381),#1385);
#1381 = LINE('',#1382,#1383);
#1382 = CARTESIAN_POINT('',(-0.,0.));
#1383 = VECTOR('',#1384,1.);
#1384 = DIRECTION('',(-1.,0.));
#1385 = ( GEOMETRIC_REPRESENTATION_CONTEXT(2) 
PARAMETRIC_REPRESENTATION_CONTEXT() REPRESENTATION_CONTEXT('2D SPACE',''
  ) );
#1386 = ORIENTED_EDGE('',*,*,#1387,.F.);
#1387 = EDGE_CURVE('',#1388,#1360,#1390,.T.);
#1388 = VERTEX_POINT('',#1389);
#1389 = CARTESIAN_POINT('',(-134.3694738077,-106.5085551386,4.81));
#1390 = SURFACE_CURVE('',#1391,(#1396,#1403),.PCURVE_S1.);
#1391 = CIRCLE('',#1392,1.);
#1392 = AXIS2_PLACEMENT_3D('',#1393,#1394,#1395);
#1393 = CARTESIAN_POINT('',(-134.5,-107.5,4.81));
#1394 = DIRECTION('',(0.,0.,1.));
#1395 = DIRECTION('',(0.991444861374,-0.13052619222,0.));
#1396 = PCURVE('',#33,#1397);
#1397 = DEFINITIONAL_REPRESENTATION('',(#1398),#1402);
#1398 = CIRCLE('',#1399,1.);
#1399 = AXIS2_PLACEMENT_2D('',#1400,#1401);
#1400 = CARTESIAN_POINT('',(-6.595382857136,14.127340272586));
#1401 = DIRECTION('',(0.991444861374,-0.13052619222));
#1402 = ( GEOMETRIC_REPRESENTATION_CONTEXT(2) 
PARAMETRIC_REPRESENTATION_CONTEXT() REPRESENTATION_CONTEXT('2D SPACE',''
  ) );
#1403 = PCURVE('',#1404,#1409);
#1404 = CYLINDRICAL_SURFACE('',#1405,1.);
#1405 = AXIS2_PLACEMENT_3D('',#1406,#1407,#1408);
#1406 = CARTESIAN_POINT('',(-134.5,-107.5,4.81));
#1407 = DIRECTION('',(-0.,0.,-1.));
#1408 = DIRECTION('',(0.991444861374,-0.13052619222,0.));
#1409 = DEFINITIONAL_REPRESENTATION('',(#1410),#1414);
#1410 = LINE('',#1411,#1412);
#1411 = CARTESIAN_POINT('',(-0.,0.));
#1412 = VECTOR('',#1413,1.);
#1413 = DIRECTION('',(-1.,0.));
#1414 = ( GEOMETRIC_REPRESENTATION_CONTEXT(2) 
PARAMETRIC_REPRESENTATION_CONTEXT() REPRESENTATION_CONTEXT('2D SPACE',''
  ) );
#1415 = ORIENTED_EDGE('',*,*,#1416,.T.);
#1416 = EDGE_CURVE('',#1388,#1417,#1419,.T.);
#1417 = VERTEX_POINT('',#1418);
#1418 = CARTESIAN_POINT('',(-133.8518357175,-106.576703486,4.81));
#1419 = SURFACE_CURVE('',#1420,(#1424,#1431),.PCURVE_S1.);
#1420 = LINE('',#1421,#1422);
#1421 = CARTESIAN_POINT('',(-134.3694738077,-106.5085551386,4.81));
#1422 = VECTOR('',#1423,1.);
#1423 = DIRECTION('',(0.991444861374,-0.13052619222,0.));
#1424 = PCURVE('',#33,#1425);
#1425 = DEFINITIONAL_REPRESENTATION('',(#1426),#1430);
#1426 = LINE('',#1427,#1428);
#1427 = CARTESIAN_POINT('',(-6.464856664916,15.11878513396));
#1428 = VECTOR('',#1429,1.);
#1429 = DIRECTION('',(0.991444861374,-0.13052619222));
#1430 = ( GEOMETRIC_REPRESENTATION_CONTEXT(2) 
PARAMETRIC_REPRESENTATION_CONTEXT() REPRESENTATION_CONTEXT('2D SPACE',''
  ) );
#1431 = PCURVE('',#1432,#1437);
#1432 = PLANE('',#1433);
#1433 = AXIS2_PLACEMENT_3D('',#1434,#1435,#1436);
#1434 = CARTESIAN_POINT('',(-134.3694738077,-106.5085551386,4.81));
#1435 = DIRECTION('',(-0.13052619222,-0.991444861374,-0.));
#1436 = DIRECTION('',(-0.991444861374,0.13052619222,-0.));
#1437 = DEFINITIONAL_REPRESENTATION('',(#1438),#1442);
#1438 = LINE('',#1439,#1440);
#1439 = CARTESIAN_POINT('',(-0.,-0.));
#1440 = VECTOR('',#1441,1.);
#1441 = DIRECTION('',(-1.,0.));
#1442 = ( GEOMETRIC_REPRESENTATION_CONTEXT(2) 
PARAMETRIC_REPRESENTATION_CONTEXT() REPRESENTATION_CONTEXT('2D SPACE',''
  ) );
#1443 = ORIENTED_EDGE('',*,*,#1444,.F.);
#1444 = EDGE_CURVE('',#1445,#1417,#1447,.T.);
#1445 = VERTEX_POINT('',#1446);
#1446 = CARTESIAN_POINT('',(-133.7585808089,-106.5935089172,4.81));
#1447 = SURFACE_CURVE('',#1448,(#1453,#1460),.PCURVE_S1.);
#1448 = CIRCLE('',#1449,1.);
#1449 = AXIS2_PLACEMENT_3D('',#1450,#1451,#1452);
#1450 = CARTESIAN_POINT('',(-133.9823619097,-107.5681483474,4.81));
#1451 = DIRECTION('',(0.,0.,1.));
#1452 = DIRECTION('',(0.974639430196,-0.223781100873,0.));
#1453 = PCURVE('',#33,#1454);
#1454 = DEFINITIONAL_REPRESENTATION('',(#1455),#1459);
#1455 = CIRCLE('',#1456,1.);
#1456 = AXIS2_PLACEMENT_2D('',#1457,#1458);
#1457 = CARTESIAN_POINT('',(-6.077744766931,14.059191925164));
#1458 = DIRECTION('',(0.974639430196,-0.223781100873));
#1459 = ( GEOMETRIC_REPRESENTATION_CONTEXT(2) 
PARAMETRIC_REPRESENTATION_CONTEXT() REPRESENTATION_CONTEXT('2D SPACE',''
  ) );
#1460 = PCURVE('',#1461,#1466);
#1461 = CYLINDRICAL_SURFACE('',#1462,1.);
#1462 = AXIS2_PLACEMENT_3D('',#1463,#1464,#1465);
#1463 = CARTESIAN_POINT('',(-133.9823619097,-107.5681483474,4.81));
#1464 = DIRECTION('',(-0.,0.,-1.));
#1465 = DIRECTION('',(0.974639430196,-0.223781100873,0.));
#1466 = DEFINITIONAL_REPRESENTATION('',(#1467),#1471);
#1467 = LINE('',#1468,#1469);
#1468 = CARTESIAN_POINT('',(-0.,0.));
#1469 = VECTOR('',#1470,1.);
#1470 = DIRECTION('',(-1.,0.));
#1471 = ( GEOMETRIC_REPRESENTATION_CONTEXT(2) 
PARAMETRIC_REPRESENTATION_CONTEXT() REPRESENTATION_CONTEXT('2D SPACE',''
  ) );
#1472 = ORIENTED_EDGE('',*,*,#1473,.T.);
#1473 = EDGE_CURVE('',#1445,#24,#1474,.T.);
#1474 = SURFACE_CURVE('',#1475,(#1479,#1486),.PCURVE_S1.);
#1475 = LINE('',#1476,#1477);
#1476 = CARTESIAN_POINT('',(-133.7585808089,-106.5935089172,4.81));
#1477 = VECTOR('',#1478,1.);
#1478 = DIRECTION('',(0.974639430196,-0.223781100873,0.));
#1479 = PCURVE('',#33,#1480);
#1480 = DEFINITIONAL_REPRESENTATION('',(#1481),#1485);
#1481 = LINE('',#1482,#1483);
#1482 = CARTESIAN_POINT('',(-5.853963666058,15.033831355359));
#1483 = VECTOR('',#1484,1.);
#1484 = DIRECTION('',(0.974639430196,-0.223781100873));
#1485 = ( GEOMETRIC_REPRESENTATION_CONTEXT(2) 
PARAMETRIC_REPRESENTATION_CONTEXT() REPRESENTATION_CONTEXT('2D SPACE',''
  ) );
#1486 = PCURVE('',#1487,#1492);
#1487 = PLANE('',#1488);
#1488 = AXIS2_PLACEMENT_3D('',#1489,#1490,#1491);
#1489 = CARTESIAN_POINT('',(-133.7585808089,-106.5935089172,4.81));
#1490 = DIRECTION('',(-0.223781100873,-0.974639430196,-0.));
#1491 = DIRECTION('',(-0.974639430196,0.223781100873,-0.));
#1492 = DEFINITIONAL_REPRESENTATION('',(#1493),#1497);
#1493 = LINE('',#1494,#1495);
#1494 = CARTESIAN_POINT('',(-0.,-0.));
#1495 = VECTOR('',#1496,1.);
#1496 = DIRECTION('',(-1.,0.));
#1497 = ( GEOMETRIC_REPRESENTATION_CONTEXT(2) 
PARAMETRIC_REPRESENTATION_CONTEXT() REPRESENTATION_CONTEXT('2D SPACE',''
  ) );
#1498 = FACE_BOUND('',#1499,.T.);
#1499 = EDGE_LOOP('',(#1500));
#1500 = ORIENTED_EDGE('',*,*,#1501,.F.);
#1501 = EDGE_CURVE('',#1502,#1502,#1504,.T.);
#1502 = VERTEX_POINT('',#1503);
#1503 = CARTESIAN_POINT('',(-140.112806,-130.378892,4.81));
#1504 = SURFACE_CURVE('',#1505,(#1510,#1521),.PCURVE_S1.);
#1505 = CIRCLE('',#1506,1.5);
#1506 = AXIS2_PLACEMENT_3D('',#1507,#1508,#1509);
#1507 = CARTESIAN_POINT('',(-138.612806,-130.378892,4.81));
#1508 = DIRECTION('',(0.,0.,-1.));
#1509 = DIRECTION('',(-1.,-0.,-0.));
#1510 = PCURVE('',#33,#1511);
#1511 = DEFINITIONAL_REPRESENTATION('',(#1512),#1520);
#1512 = ( BOUNDED_CURVE() B_SPLINE_CURVE(2,(#1513,#1514,#1515,#1516,
#1517,#1518,#1519),.UNSPECIFIED.,.T.,.F.) B_SPLINE_CURVE_WITH_KNOTS((1,2
    ,2,2,2,1),(-2.094395102393,0.,2.094395102393,4.188790204786,
6.28318530718,8.377580409573),.UNSPECIFIED.) CURVE() 
GEOMETRIC_REPRESENTATION_ITEM() RATIONAL_B_SPLINE_CURVE((1.,0.5,1.,0.5,
1.,0.5,1.)) REPRESENTATION_ITEM('') );
#1513 = CARTESIAN_POINT('',(-12.20818885713,-8.751551727414));
#1514 = CARTESIAN_POINT('',(-12.20818885713,-6.153475516061));
#1515 = CARTESIAN_POINT('',(-9.958188857136,-7.452513621738));
#1516 = CARTESIAN_POINT('',(-7.708188857136,-8.751551727414));
#1517 = CARTESIAN_POINT('',(-9.958188857136,-10.05058983309));
#1518 = CARTESIAN_POINT('',(-12.20818885713,-11.34962793876));
#1519 = CARTESIAN_POINT('',(-12.20818885713,-8.751551727414));
#1520 = ( GEOMETRIC_REPRESENTATION_CONTEXT(2) 
PARAMETRIC_REPRESENTATION_CONTEXT() REPRESENTATION_CONTEXT('2D SPACE',''
  ) );
#1521 = PCURVE('',#1522,#1527);
#1522 = CYLINDRICAL_SURFACE('',#1523,1.5);
#1523 = AXIS2_PLACEMENT_3D('',#1524,#1525,#1526);
#1524 = CARTESIAN_POINT('',(-138.612806,-130.378892,0.91));
#1525 = DIRECTION('',(-0.,-0.,1.));
#1526 = DIRECTION('',(-1.,-0.,-0.));
#1527 = DEFINITIONAL_REPRESENTATION('',(#1528),#1532);
#1528 = LINE('',#1529,#1530);
#1529 = CARTESIAN_POINT('',(-0.,3.9));
#1530 = VECTOR('',#1531,1.);
#1531 = DIRECTION('',(-1.,0.));
#1532 = ( GEOMETRIC_REPRESENTATION_CONTEXT(2) 
PARAMETRIC_REPRESENTATION_CONTEXT() REPRESENTATION_CONTEXT('2D SPACE',''
  ) );
#1533 = FACE_BOUND('',#1534,.T.);
#1534 = EDGE_LOOP('',(#1535));
#1535 = ORIENTED_EDGE('',*,*,#1536,.F.);
#1536 = EDGE_CURVE('',#1537,#1537,#1539,.T.);
#1537 = VERTEX_POINT('',#1538);
#1538 = CARTESIAN_POINT('',(-136.,-109.5,4.81));
#1539 = SURFACE_CURVE('',#1540,(#1545,#1556),.PCURVE_S1.);
#1540 = CIRCLE('',#1541,1.5);
#1541 = AXIS2_PLACEMENT_3D('',#1542,#1543,#1544);
#1542 = CARTESIAN_POINT('',(-134.5,-109.5,4.81));
#1543 = DIRECTION('',(0.,0.,-1.));
#1544 = DIRECTION('',(-1.,-0.,-0.));
#1545 = PCURVE('',#33,#1546);
#1546 = DEFINITIONAL_REPRESENTATION('',(#1547),#1555);
#1547 = ( BOUNDED_CURVE() B_SPLINE_CURVE(2,(#1548,#1549,#1550,#1551,
#1552,#1553,#1554),.UNSPECIFIED.,.T.,.F.) B_SPLINE_CURVE_WITH_KNOTS((1,2
    ,2,2,2,1),(-2.094395102393,0.,2.094395102393,4.188790204786,
6.28318530718,8.377580409573),.UNSPECIFIED.) CURVE() 
GEOMETRIC_REPRESENTATION_ITEM() RATIONAL_B_SPLINE_CURVE((1.,0.5,1.,0.5,
1.,0.5,1.)) REPRESENTATION_ITEM('') );
#1548 = CARTESIAN_POINT('',(-8.095382857136,12.127340272586));
#1549 = CARTESIAN_POINT('',(-8.095382857136,14.725416483939));
#1550 = CARTESIAN_POINT('',(-5.845382857136,13.426378378262));
#1551 = CARTESIAN_POINT('',(-3.595382857136,12.127340272586));
#1552 = CARTESIAN_POINT('',(-5.845382857136,10.828302166909));
#1553 = CARTESIAN_POINT('',(-8.095382857136,9.529264061232));
#1554 = CARTESIAN_POINT('',(-8.095382857136,12.127340272586));
#1555 = ( GEOMETRIC_REPRESENTATION_CONTEXT(2) 
PARAMETRIC_REPRESENTATION_CONTEXT() REPRESENTATION_CONTEXT('2D SPACE',''
  ) );
#1556 = PCURVE('',#1557,#1562);
#1557 = CYLINDRICAL_SURFACE('',#1558,1.5);
#1558 = AXIS2_PLACEMENT_3D('',#1559,#1560,#1561);
#1559 = CARTESIAN_POINT('',(-134.5,-109.5,0.91));
#1560 = DIRECTION('',(-0.,-0.,1.));
#1561 = DIRECTION('',(-1.,-0.,-0.));
#1562 = DEFINITIONAL_REPRESENTATION('',(#1563),#1567);
#1563 = LINE('',#1564,#1565);
#1564 = CARTESIAN_POINT('',(-0.,3.9));
#1565 = VECTOR('',#1566,1.);
#1566 = DIRECTION('',(-1.,0.));
#1567 = ( GEOMETRIC_REPRESENTATION_CONTEXT(2) 
PARAMETRIC_REPRESENTATION_CONTEXT() REPRESENTATION_CONTEXT('2D SPACE',''
  ) );
#1568 = ADVANCED_FACE('',(#1569),#45,.T.);
#1569 = FACE_BOUND('',#1570,.F.);
#1570 = EDGE_LOOP('',(#1571,#1594,#1623,#1644));
#1571 = ORIENTED_EDGE('',*,*,#1572,.T.);
#1572 = EDGE_CURVE('',#22,#1573,#1575,.T.);
#1573 = VERTEX_POINT('',#1574);
#1574 = CARTESIAN_POINT('',(-117.6213134595,-110.89464018,6.31));
#1575 = SURFACE_CURVE('',#1576,(#1580,#1587),.PCURVE_S1.);
#1576 = LINE('',#1577,#1578);
#1577 = CARTESIAN_POINT('',(-117.6213134595,-110.89464018,4.81));
#1578 = VECTOR('',#1579,1.);
#1579 = DIRECTION('',(-0.,-0.,1.));
#1580 = PCURVE('',#45,#1581);
#1581 = DEFINITIONAL_REPRESENTATION('',(#1582),#1586);
#1582 = LINE('',#1583,#1584);
#1583 = CARTESIAN_POINT('',(-1.570796326795,0.));
#1584 = VECTOR('',#1585,1.);
#1585 = DIRECTION('',(-0.,-1.));
#1586 = ( GEOMETRIC_REPRESENTATION_CONTEXT(2) 
PARAMETRIC_REPRESENTATION_CONTEXT() REPRESENTATION_CONTEXT('2D SPACE',''
  ) );
#1587 = PCURVE('',#73,#1588);
#1588 = DEFINITIONAL_REPRESENTATION('',(#1589),#1593);
#1589 = LINE('',#1590,#1591);
#1590 = CARTESIAN_POINT('',(-0.,-0.));
#1591 = VECTOR('',#1592,1.);
#1592 = DIRECTION('',(-0.,-1.));
#1593 = ( GEOMETRIC_REPRESENTATION_CONTEXT(2) 
PARAMETRIC_REPRESENTATION_CONTEXT() REPRESENTATION_CONTEXT('2D SPACE',''
  ) );
#1594 = ORIENTED_EDGE('',*,*,#1595,.T.);
#1595 = EDGE_CURVE('',#1573,#1596,#1598,.T.);
#1596 = VERTEX_POINT('',#1597);
#1597 = CARTESIAN_POINT('',(-118.3762188991,-110.1253605698,6.31));
#1598 = SURFACE_CURVE('',#1599,(#1604,#1611),.PCURVE_S1.);
#1599 = CIRCLE('',#1600,1.);
#1600 = AXIS2_PLACEMENT_3D('',#1601,#1602,#1603);
#1601 = CARTESIAN_POINT('',(-118.6,-111.1,6.31));
#1602 = DIRECTION('',(0.,0.,1.));
#1603 = DIRECTION('',(0.205359819921,-0.978686540401,0.));
#1604 = PCURVE('',#45,#1605);
#1605 = DEFINITIONAL_REPRESENTATION('',(#1606),#1610);
#1606 = LINE('',#1607,#1608);
#1607 = CARTESIAN_POINT('',(-0.,-1.5));
#1608 = VECTOR('',#1609,1.);
#1609 = DIRECTION('',(-1.,0.));
#1610 = ( GEOMETRIC_REPRESENTATION_CONTEXT(2) 
PARAMETRIC_REPRESENTATION_CONTEXT() REPRESENTATION_CONTEXT('2D SPACE',''
  ) );
#1611 = PCURVE('',#1612,#1617);
#1612 = PLANE('',#1613);
#1613 = AXIS2_PLACEMENT_3D('',#1614,#1615,#1616);
#1614 = CARTESIAN_POINT('',(-127.9046171428,-121.6273402725,6.31));
#1615 = DIRECTION('',(-0.,-0.,1.));
#1616 = DIRECTION('',(1.,0.,0.));
#1617 = DEFINITIONAL_REPRESENTATION('',(#1618),#1622);
#1618 = CIRCLE('',#1619,1.);
#1619 = AXIS2_PLACEMENT_2D('',#1620,#1621);
#1620 = CARTESIAN_POINT('',(9.304617142864,10.527340272586));
#1621 = DIRECTION('',(0.205359819921,-0.978686540401));
#1622 = ( GEOMETRIC_REPRESENTATION_CONTEXT(2) 
PARAMETRIC_REPRESENTATION_CONTEXT() REPRESENTATION_CONTEXT('2D SPACE',''
  ) );
#1623 = ORIENTED_EDGE('',*,*,#1624,.F.);
#1624 = EDGE_CURVE('',#24,#1596,#1625,.T.);
#1625 = SURFACE_CURVE('',#1626,(#1630,#1637),.PCURVE_S1.);
#1626 = LINE('',#1627,#1628);
#1627 = CARTESIAN_POINT('',(-118.3762188991,-110.1253605698,4.81));
#1628 = VECTOR('',#1629,1.);
#1629 = DIRECTION('',(-0.,-0.,1.));
#1630 = PCURVE('',#45,#1631);
#1631 = DEFINITIONAL_REPRESENTATION('',(#1632),#1636);
#1632 = LINE('',#1633,#1634);
#1633 = CARTESIAN_POINT('',(-2.709069063761,0.));
#1634 = VECTOR('',#1635,1.);
#1635 = DIRECTION('',(-0.,-1.));
#1636 = ( GEOMETRIC_REPRESENTATION_CONTEXT(2) 
PARAMETRIC_REPRESENTATION_CONTEXT() REPRESENTATION_CONTEXT('2D SPACE',''
  ) );
#1637 = PCURVE('',#1487,#1638);
#1638 = DEFINITIONAL_REPRESENTATION('',(#1639),#1643);
#1639 = LINE('',#1640,#1641);
#1640 = CARTESIAN_POINT('',(-15.78261809776,0.));
#1641 = VECTOR('',#1642,1.);
#1642 = DIRECTION('',(-0.,-1.));
#1643 = ( GEOMETRIC_REPRESENTATION_CONTEXT(2) 
PARAMETRIC_REPRESENTATION_CONTEXT() REPRESENTATION_CONTEXT('2D SPACE',''
  ) );
#1644 = ORIENTED_EDGE('',*,*,#21,.F.);
#1645 = ADVANCED_FACE('',(#1646),#73,.F.);
#1646 = FACE_BOUND('',#1647,.T.);
#1647 = EDGE_LOOP('',(#1648,#1649,#1650,#1673));
#1648 = ORIENTED_EDGE('',*,*,#57,.F.);
#1649 = ORIENTED_EDGE('',*,*,#1572,.T.);
#1650 = ORIENTED_EDGE('',*,*,#1651,.T.);
#1651 = EDGE_CURVE('',#1573,#1652,#1654,.T.);
#1652 = VERTEX_POINT('',#1653);
#1653 = CARTESIAN_POINT('',(-114.150194619,-127.4370061145,6.31));
#1654 = SURFACE_CURVE('',#1655,(#1659,#1666),.PCURVE_S1.);
#1655 = LINE('',#1656,#1657);
#1656 = CARTESIAN_POINT('',(-117.6213134595,-110.89464018,6.31));
#1657 = VECTOR('',#1658,1.);
#1658 = DIRECTION('',(0.205359819921,-0.978686540401,0.));
#1659 = PCURVE('',#73,#1660);
#1660 = DEFINITIONAL_REPRESENTATION('',(#1661),#1665);
#1661 = LINE('',#1662,#1663);
#1662 = CARTESIAN_POINT('',(-0.,-1.5));
#1663 = VECTOR('',#1664,1.);
#1664 = DIRECTION('',(-1.,0.));
#1665 = ( GEOMETRIC_REPRESENTATION_CONTEXT(2) 
PARAMETRIC_REPRESENTATION_CONTEXT() REPRESENTATION_CONTEXT('2D SPACE',''
  ) );
#1666 = PCURVE('',#1612,#1667);
#1667 = DEFINITIONAL_REPRESENTATION('',(#1668),#1672);
#1668 = LINE('',#1669,#1670);
#1669 = CARTESIAN_POINT('',(10.283303683265,10.732700092507));
#1670 = VECTOR('',#1671,1.);
#1671 = DIRECTION('',(0.205359819921,-0.978686540401));
#1672 = ( GEOMETRIC_REPRESENTATION_CONTEXT(2) 
PARAMETRIC_REPRESENTATION_CONTEXT() REPRESENTATION_CONTEXT('2D SPACE',''
  ) );
#1673 = ORIENTED_EDGE('',*,*,#1674,.F.);
#1674 = EDGE_CURVE('',#58,#1652,#1675,.T.);
#1675 = SURFACE_CURVE('',#1676,(#1680,#1687),.PCURVE_S1.);
#1676 = LINE('',#1677,#1678);
#1677 = CARTESIAN_POINT('',(-114.150194619,-127.4370061145,-7.595));
#1678 = VECTOR('',#1679,1.);
#1679 = DIRECTION('',(-0.,-0.,1.));
#1680 = PCURVE('',#73,#1681);
#1681 = DEFINITIONAL_REPRESENTATION('',(#1682),#1686);
#1682 = LINE('',#1683,#1684);
#1683 = CARTESIAN_POINT('',(-16.90261922649,12.405));
#1684 = VECTOR('',#1685,1.);
#1685 = DIRECTION('',(-0.,-1.));
#1686 = ( GEOMETRIC_REPRESENTATION_CONTEXT(2) 
PARAMETRIC_REPRESENTATION_CONTEXT() REPRESENTATION_CONTEXT('2D SPACE',''
  ) );
#1687 = PCURVE('',#101,#1688);
#1688 = DEFINITIONAL_REPRESENTATION('',(#1689),#1693);
#1689 = LINE('',#1690,#1691);
#1690 = CARTESIAN_POINT('',(-9.910145408575E-02,-12.405));
#1691 = VECTOR('',#1692,1.);
#1692 = DIRECTION('',(-0.,-1.));
#1693 = ( GEOMETRIC_REPRESENTATION_CONTEXT(2) 
PARAMETRIC_REPRESENTATION_CONTEXT() REPRESENTATION_CONTEXT('2D SPACE',''
  ) );
#1694 = ADVANCED_FACE('',(#1695),#1487,.F.);
#1695 = FACE_BOUND('',#1696,.T.);
#1696 = EDGE_LOOP('',(#1697,#1720,#1741,#1742));
#1697 = ORIENTED_EDGE('',*,*,#1698,.T.);
#1698 = EDGE_CURVE('',#1445,#1699,#1701,.T.);
#1699 = VERTEX_POINT('',#1700);
#1700 = CARTESIAN_POINT('',(-133.7585808089,-106.5935089172,6.31));
#1701 = SURFACE_CURVE('',#1702,(#1706,#1713),.PCURVE_S1.);
#1702 = LINE('',#1703,#1704);
#1703 = CARTESIAN_POINT('',(-133.7585808089,-106.5935089172,4.81));
#1704 = VECTOR('',#1705,1.);
#1705 = DIRECTION('',(-0.,-0.,1.));
#1706 = PCURVE('',#1487,#1707);
#1707 = DEFINITIONAL_REPRESENTATION('',(#1708),#1712);
#1708 = LINE('',#1709,#1710);
#1709 = CARTESIAN_POINT('',(-0.,-0.));
#1710 = VECTOR('',#1711,1.);
#1711 = DIRECTION('',(-0.,-1.));
#1712 = ( GEOMETRIC_REPRESENTATION_CONTEXT(2) 
PARAMETRIC_REPRESENTATION_CONTEXT() REPRESENTATION_CONTEXT('2D SPACE',''
  ) );
#1713 = PCURVE('',#1461,#1714);
#1714 = DEFINITIONAL_REPRESENTATION('',(#1715),#1719);
#1715 = LINE('',#1716,#1717);
#1716 = CARTESIAN_POINT('',(-1.570796326795,0.));
#1717 = VECTOR('',#1718,1.);
#1718 = DIRECTION('',(-0.,-1.));
#1719 = ( GEOMETRIC_REPRESENTATION_CONTEXT(2) 
PARAMETRIC_REPRESENTATION_CONTEXT() REPRESENTATION_CONTEXT('2D SPACE',''
  ) );
#1720 = ORIENTED_EDGE('',*,*,#1721,.T.);
#1721 = EDGE_CURVE('',#1699,#1596,#1722,.T.);
#1722 = SURFACE_CURVE('',#1723,(#1727,#1734),.PCURVE_S1.);
#1723 = LINE('',#1724,#1725);
#1724 = CARTESIAN_POINT('',(-133.7585808089,-106.5935089172,6.31));
#1725 = VECTOR('',#1726,1.);
#1726 = DIRECTION('',(0.974639430196,-0.223781100873,0.));
#1727 = PCURVE('',#1487,#1728);
#1728 = DEFINITIONAL_REPRESENTATION('',(#1729),#1733);
#1729 = LINE('',#1730,#1731);
#1730 = CARTESIAN_POINT('',(-0.,-1.5));
#1731 = VECTOR('',#1732,1.);
#1732 = DIRECTION('',(-1.,0.));
#1733 = ( GEOMETRIC_REPRESENTATION_CONTEXT(2) 
PARAMETRIC_REPRESENTATION_CONTEXT() REPRESENTATION_CONTEXT('2D SPACE',''
  ) );
#1734 = PCURVE('',#1612,#1735);
#1735 = DEFINITIONAL_REPRESENTATION('',(#1736),#1740);
#1736 = LINE('',#1737,#1738);
#1737 = CARTESIAN_POINT('',(-5.853963666058,15.033831355359));
#1738 = VECTOR('',#1739,1.);
#1739 = DIRECTION('',(0.974639430196,-0.223781100873));
#1740 = ( GEOMETRIC_REPRESENTATION_CONTEXT(2) 
PARAMETRIC_REPRESENTATION_CONTEXT() REPRESENTATION_CONTEXT('2D SPACE',''
  ) );
#1741 = ORIENTED_EDGE('',*,*,#1624,.F.);
#1742 = ORIENTED_EDGE('',*,*,#1473,.F.);
#1743 = ADVANCED_FACE('',(#1744),#101,.F.);
#1744 = FACE_BOUND('',#1745,.T.);
#1745 = EDGE_LOOP('',(#1746,#1769,#1770,#1771));
#1746 = ORIENTED_EDGE('',*,*,#1747,.F.);
#1747 = EDGE_CURVE('',#86,#1748,#1750,.T.);
#1748 = VERTEX_POINT('',#1749);
#1749 = CARTESIAN_POINT('',(-114.156928,-127.468614,6.31));
#1750 = SURFACE_CURVE('',#1751,(#1755,#1762),.PCURVE_S1.);
#1751 = LINE('',#1752,#1753);
#1752 = CARTESIAN_POINT('',(-114.156928,-127.468614,-20.));
#1753 = VECTOR('',#1754,1.);
#1754 = DIRECTION('',(-0.,-0.,1.));
#1755 = PCURVE('',#101,#1756);
#1756 = DEFINITIONAL_REPRESENTATION('',(#1757),#1761);
#1757 = LINE('',#1758,#1759);
#1758 = CARTESIAN_POINT('',(-0.131418583293,0.));
#1759 = VECTOR('',#1760,1.);
#1760 = DIRECTION('',(-0.,-1.));
#1761 = ( GEOMETRIC_REPRESENTATION_CONTEXT(2) 
PARAMETRIC_REPRESENTATION_CONTEXT() REPRESENTATION_CONTEXT('2D SPACE',''
  ) );
#1762 = PCURVE('',#129,#1763);
#1763 = DEFINITIONAL_REPRESENTATION('',(#1764),#1768);
#1764 = LINE('',#1765,#1766);
#1765 = CARTESIAN_POINT('',(-0.,-0.));
#1766 = VECTOR('',#1767,1.);
#1767 = DIRECTION('',(-0.,-1.));
#1768 = ( GEOMETRIC_REPRESENTATION_CONTEXT(2) 
PARAMETRIC_REPRESENTATION_CONTEXT() REPRESENTATION_CONTEXT('2D SPACE',''
  ) );
#1769 = ORIENTED_EDGE('',*,*,#85,.T.);
#1770 = ORIENTED_EDGE('',*,*,#1674,.T.);
#1771 = ORIENTED_EDGE('',*,*,#1772,.F.);
#1772 = EDGE_CURVE('',#1748,#1652,#1773,.T.);
#1773 = SURFACE_CURVE('',#1774,(#1778,#1785),.PCURVE_S1.);
#1774 = LINE('',#1775,#1776);
#1775 = CARTESIAN_POINT('',(-113.8464689625,-126.0112549471,6.31));
#1776 = VECTOR('',#1777,1.);
#1777 = DIRECTION('',(0.208353313416,0.978053626745,-0.));
#1778 = PCURVE('',#101,#1779);
#1779 = DEFINITIONAL_REPRESENTATION('',(#1780),#1784);
#1780 = LINE('',#1781,#1782);
#1781 = CARTESIAN_POINT('',(1.35864189294,-26.31));
#1782 = VECTOR('',#1783,1.);
#1783 = DIRECTION('',(1.,-0.));
#1784 = ( GEOMETRIC_REPRESENTATION_CONTEXT(2) 
PARAMETRIC_REPRESENTATION_CONTEXT() REPRESENTATION_CONTEXT('2D SPACE',''
  ) );
#1785 = PCURVE('',#1612,#1786);
#1786 = DEFINITIONAL_REPRESENTATION('',(#1787),#1791);
#1787 = LINE('',#1788,#1789);
#1788 = CARTESIAN_POINT('',(14.058148180278,-4.383914674566));
#1789 = VECTOR('',#1790,1.);
#1790 = DIRECTION('',(0.208353313416,0.978053626745));
#1791 = ( GEOMETRIC_REPRESENTATION_CONTEXT(2) 
PARAMETRIC_REPRESENTATION_CONTEXT() REPRESENTATION_CONTEXT('2D SPACE',''
  ) );
#1792 = ADVANCED_FACE('',(#1793),#1461,.T.);
#1793 = FACE_BOUND('',#1794,.F.);
#1794 = EDGE_LOOP('',(#1795,#1796,#1820,#1841));
#1795 = ORIENTED_EDGE('',*,*,#1698,.T.);
#1796 = ORIENTED_EDGE('',*,*,#1797,.T.);
#1797 = EDGE_CURVE('',#1699,#1798,#1800,.T.);
#1798 = VERTEX_POINT('',#1799);
#1799 = CARTESIAN_POINT('',(-133.8518357175,-106.576703486,6.31));
#1800 = SURFACE_CURVE('',#1801,(#1806,#1813),.PCURVE_S1.);
#1801 = CIRCLE('',#1802,1.);
#1802 = AXIS2_PLACEMENT_3D('',#1803,#1804,#1805);
#1803 = CARTESIAN_POINT('',(-133.9823619097,-107.5681483474,6.31));
#1804 = DIRECTION('',(0.,0.,1.));
#1805 = DIRECTION('',(0.974639430196,-0.223781100873,0.));
#1806 = PCURVE('',#1461,#1807);
#1807 = DEFINITIONAL_REPRESENTATION('',(#1808),#1812);
#1808 = LINE('',#1809,#1810);
#1809 = CARTESIAN_POINT('',(-0.,-1.5));
#1810 = VECTOR('',#1811,1.);
#1811 = DIRECTION('',(-1.,0.));
#1812 = ( GEOMETRIC_REPRESENTATION_CONTEXT(2) 
PARAMETRIC_REPRESENTATION_CONTEXT() REPRESENTATION_CONTEXT('2D SPACE',''
  ) );
#1813 = PCURVE('',#1612,#1814);
#1814 = DEFINITIONAL_REPRESENTATION('',(#1815),#1819);
#1815 = CIRCLE('',#1816,1.);
#1816 = AXIS2_PLACEMENT_2D('',#1817,#1818);
#1817 = CARTESIAN_POINT('',(-6.077744766931,14.059191925164));
#1818 = DIRECTION('',(0.974639430196,-0.223781100873));
#1819 = ( GEOMETRIC_REPRESENTATION_CONTEXT(2) 
PARAMETRIC_REPRESENTATION_CONTEXT() REPRESENTATION_CONTEXT('2D SPACE',''
  ) );
#1820 = ORIENTED_EDGE('',*,*,#1821,.F.);
#1821 = EDGE_CURVE('',#1417,#1798,#1822,.T.);
#1822 = SURFACE_CURVE('',#1823,(#1827,#1834),.PCURVE_S1.);
#1823 = LINE('',#1824,#1825);
#1824 = CARTESIAN_POINT('',(-133.8518357175,-106.576703486,4.81));
#1825 = VECTOR('',#1826,1.);
#1826 = DIRECTION('',(-0.,-0.,1.));
#1827 = PCURVE('',#1461,#1828);
#1828 = DEFINITIONAL_REPRESENTATION('',(#1829),#1833);
#1829 = LINE('',#1830,#1831);
#1830 = CARTESIAN_POINT('',(-1.665588873694,0.));
#1831 = VECTOR('',#1832,1.);
#1832 = DIRECTION('',(-0.,-1.));
#1833 = ( GEOMETRIC_REPRESENTATION_CONTEXT(2) 
PARAMETRIC_REPRESENTATION_CONTEXT() REPRESENTATION_CONTEXT('2D SPACE',''
  ) );
#1834 = PCURVE('',#1432,#1835);
#1835 = DEFINITIONAL_REPRESENTATION('',(#1836),#1840);
#1836 = LINE('',#1837,#1838);
#1837 = CARTESIAN_POINT('',(-0.52210476888,0.));
#1838 = VECTOR('',#1839,1.);
#1839 = DIRECTION('',(-0.,-1.));
#1840 = ( GEOMETRIC_REPRESENTATION_CONTEXT(2) 
PARAMETRIC_REPRESENTATION_CONTEXT() REPRESENTATION_CONTEXT('2D SPACE',''
  ) );
#1841 = ORIENTED_EDGE('',*,*,#1444,.F.);
#1842 = ADVANCED_FACE('',(#1843),#129,.F.);
#1843 = FACE_BOUND('',#1844,.T.);
#1844 = EDGE_LOOP('',(#1845,#1846,#1847,#1870));
#1845 = ORIENTED_EDGE('',*,*,#113,.T.);
#1846 = ORIENTED_EDGE('',*,*,#1747,.T.);
#1847 = ORIENTED_EDGE('',*,*,#1848,.F.);
#1848 = EDGE_CURVE('',#1849,#1748,#1851,.T.);
#1849 = VERTEX_POINT('',#1850);
#1850 = CARTESIAN_POINT('',(-114.5408179999,-129.493197,6.31));
#1851 = SURFACE_CURVE('',#1852,(#1856,#1863),.PCURVE_S1.);
#1852 = LINE('',#1853,#1854);
#1853 = CARTESIAN_POINT('',(-113.8609155232,-125.907484957,6.31));
#1854 = VECTOR('',#1855,1.);
#1855 = DIRECTION('',(0.186294940684,0.982493865159,-0.));
#1856 = PCURVE('',#129,#1857);
#1857 = DEFINITIONAL_REPRESENTATION('',(#1858),#1862);
#1858 = LINE('',#1859,#1860);
#1859 = CARTESIAN_POINT('',(1.588945334243,-26.31));
#1860 = VECTOR('',#1861,1.);
#1861 = DIRECTION('',(1.,-0.));
#1862 = ( GEOMETRIC_REPRESENTATION_CONTEXT(2) 
PARAMETRIC_REPRESENTATION_CONTEXT() REPRESENTATION_CONTEXT('2D SPACE',''
  ) );
#1863 = PCURVE('',#1612,#1864);
#1864 = DEFINITIONAL_REPRESENTATION('',(#1865),#1869);
#1865 = LINE('',#1866,#1867);
#1866 = CARTESIAN_POINT('',(14.043701619657,-4.280144684447));
#1867 = VECTOR('',#1868,1.);
#1868 = DIRECTION('',(0.186294940684,0.982493865159));
#1869 = ( GEOMETRIC_REPRESENTATION_CONTEXT(2) 
PARAMETRIC_REPRESENTATION_CONTEXT() REPRESENTATION_CONTEXT('2D SPACE',''
  ) );
#1870 = ORIENTED_EDGE('',*,*,#1871,.F.);
#1871 = EDGE_CURVE('',#114,#1849,#1872,.T.);
#1872 = SURFACE_CURVE('',#1873,(#1877,#1884),.PCURVE_S1.);
#1873 = LINE('',#1874,#1875);
#1874 = CARTESIAN_POINT('',(-114.5408179999,-129.493197,-20.));
#1875 = VECTOR('',#1876,1.);
#1876 = DIRECTION('',(-0.,-0.,1.));
#1877 = PCURVE('',#129,#1878);
#1878 = DEFINITIONAL_REPRESENTATION('',(#1879),#1883);
#1879 = LINE('',#1880,#1881);
#1880 = CARTESIAN_POINT('',(-2.060657141785,0.));
#1881 = VECTOR('',#1882,1.);
#1882 = DIRECTION('',(-0.,-1.));
#1883 = ( GEOMETRIC_REPRESENTATION_CONTEXT(2) 
PARAMETRIC_REPRESENTATION_CONTEXT() REPRESENTATION_CONTEXT('2D SPACE',''
  ) );
#1884 = PCURVE('',#157,#1885);
#1885 = DEFINITIONAL_REPRESENTATION('',(#1886),#1890);
#1886 = LINE('',#1887,#1888);
#1887 = CARTESIAN_POINT('',(-0.,-0.));
#1888 = VECTOR('',#1889,1.);
#1889 = DIRECTION('',(-0.,-1.));
#1890 = ( GEOMETRIC_REPRESENTATION_CONTEXT(2) 
PARAMETRIC_REPRESENTATION_CONTEXT() REPRESENTATION_CONTEXT('2D SPACE',''
  ) );
#1891 = ADVANCED_FACE('',(#1892),#1432,.F.);
#1892 = FACE_BOUND('',#1893,.T.);
#1893 = EDGE_LOOP('',(#1894,#1917,#1938,#1939));
#1894 = ORIENTED_EDGE('',*,*,#1895,.T.);
#1895 = EDGE_CURVE('',#1388,#1896,#1898,.T.);
#1896 = VERTEX_POINT('',#1897);
#1897 = CARTESIAN_POINT('',(-134.3694738077,-106.5085551386,6.31));
#1898 = SURFACE_CURVE('',#1899,(#1903,#1910),.PCURVE_S1.);
#1899 = LINE('',#1900,#1901);
#1900 = CARTESIAN_POINT('',(-134.3694738077,-106.5085551386,4.81));
#1901 = VECTOR('',#1902,1.);
#1902 = DIRECTION('',(-0.,-0.,1.));
#1903 = PCURVE('',#1432,#1904);
#1904 = DEFINITIONAL_REPRESENTATION('',(#1905),#1909);
#1905 = LINE('',#1906,#1907);
#1906 = CARTESIAN_POINT('',(-0.,-0.));
#1907 = VECTOR('',#1908,1.);
#1908 = DIRECTION('',(-0.,-1.));
#1909 = ( GEOMETRIC_REPRESENTATION_CONTEXT(2) 
PARAMETRIC_REPRESENTATION_CONTEXT() REPRESENTATION_CONTEXT('2D SPACE',''
  ) );
#1910 = PCURVE('',#1404,#1911);
#1911 = DEFINITIONAL_REPRESENTATION('',(#1912),#1916);
#1912 = LINE('',#1913,#1914);
#1913 = CARTESIAN_POINT('',(-1.570796326795,0.));
#1914 = VECTOR('',#1915,1.);
#1915 = DIRECTION('',(-0.,-1.));
#1916 = ( GEOMETRIC_REPRESENTATION_CONTEXT(2) 
PARAMETRIC_REPRESENTATION_CONTEXT() REPRESENTATION_CONTEXT('2D SPACE',''
  ) );
#1917 = ORIENTED_EDGE('',*,*,#1918,.T.);
#1918 = EDGE_CURVE('',#1896,#1798,#1919,.T.);
#1919 = SURFACE_CURVE('',#1920,(#1924,#1931),.PCURVE_S1.);
#1920 = LINE('',#1921,#1922);
#1921 = CARTESIAN_POINT('',(-134.3694738077,-106.5085551386,6.31));
#1922 = VECTOR('',#1923,1.);
#1923 = DIRECTION('',(0.991444861374,-0.13052619222,0.));
#1924 = PCURVE('',#1432,#1925);
#1925 = DEFINITIONAL_REPRESENTATION('',(#1926),#1930);
#1926 = LINE('',#1927,#1928);
#1927 = CARTESIAN_POINT('',(-0.,-1.5));
#1928 = VECTOR('',#1929,1.);
#1929 = DIRECTION('',(-1.,0.));
#1930 = ( GEOMETRIC_REPRESENTATION_CONTEXT(2) 
PARAMETRIC_REPRESENTATION_CONTEXT() REPRESENTATION_CONTEXT('2D SPACE',''
  ) );
#1931 = PCURVE('',#1612,#1932);
#1932 = DEFINITIONAL_REPRESENTATION('',(#1933),#1937);
#1933 = LINE('',#1934,#1935);
#1934 = CARTESIAN_POINT('',(-6.464856664916,15.11878513396));
#1935 = VECTOR('',#1936,1.);
#1936 = DIRECTION('',(0.991444861374,-0.13052619222));
#1937 = ( GEOMETRIC_REPRESENTATION_CONTEXT(2) 
PARAMETRIC_REPRESENTATION_CONTEXT() REPRESENTATION_CONTEXT('2D SPACE',''
  ) );
#1938 = ORIENTED_EDGE('',*,*,#1821,.F.);
#1939 = ORIENTED_EDGE('',*,*,#1416,.F.);
#1940 = ADVANCED_FACE('',(#1941),#157,.F.);
#1941 = FACE_BOUND('',#1942,.T.);
#1942 = EDGE_LOOP('',(#1943,#1944,#1945,#1968));
#1943 = ORIENTED_EDGE('',*,*,#141,.T.);
#1944 = ORIENTED_EDGE('',*,*,#1871,.T.);
#1945 = ORIENTED_EDGE('',*,*,#1946,.F.);
#1946 = EDGE_CURVE('',#1947,#1849,#1949,.T.);
#1947 = VERTEX_POINT('',#1948);
#1948 = CARTESIAN_POINT('',(-114.5747613315,-129.6655675694,6.31));
#1949 = SURFACE_CURVE('',#1950,(#1954,#1961),.PCURVE_S1.);
#1950 = LINE('',#1951,#1952);
#1951 = CARTESIAN_POINT('',(-114.0446908179,-126.9737706201,6.31));
#1952 = VECTOR('',#1953,1.);
#1953 = DIRECTION('',(0.193210190446,0.981157389162,-0.));
#1954 = PCURVE('',#157,#1955);
#1955 = DEFINITIONAL_REPRESENTATION('',(#1956),#1960);
#1956 = LINE('',#1957,#1958);
#1957 = CARTESIAN_POINT('',(2.567810636359,-26.31));
#1958 = VECTOR('',#1959,1.);
#1959 = DIRECTION('',(1.,-0.));
#1960 = ( GEOMETRIC_REPRESENTATION_CONTEXT(2) 
PARAMETRIC_REPRESENTATION_CONTEXT() REPRESENTATION_CONTEXT('2D SPACE',''
  ) );
#1961 = PCURVE('',#1612,#1962);
#1962 = DEFINITIONAL_REPRESENTATION('',(#1963),#1967);
#1963 = LINE('',#1964,#1965);
#1964 = CARTESIAN_POINT('',(13.859926324946,-5.346430347581));
#1965 = VECTOR('',#1966,1.);
#1966 = DIRECTION('',(0.193210190446,0.981157389162));
#1967 = ( GEOMETRIC_REPRESENTATION_CONTEXT(2) 
PARAMETRIC_REPRESENTATION_CONTEXT() REPRESENTATION_CONTEXT('2D SPACE',''
  ) );
#1968 = ORIENTED_EDGE('',*,*,#1969,.F.);
#1969 = EDGE_CURVE('',#142,#1947,#1970,.T.);
#1970 = SURFACE_CURVE('',#1971,(#1975,#1982),.PCURVE_S1.);
#1971 = LINE('',#1972,#1973);
#1972 = CARTESIAN_POINT('',(-114.5747613315,-129.6655675694,-20.));
#1973 = VECTOR('',#1974,1.);
#1974 = DIRECTION('',(-0.,-0.,1.));
#1975 = PCURVE('',#157,#1976);
#1976 = DEFINITIONAL_REPRESENTATION('',(#1977),#1981);
#1977 = LINE('',#1978,#1979);
#1978 = CARTESIAN_POINT('',(-0.17568085548,0.));
#1979 = VECTOR('',#1980,1.);
#1980 = DIRECTION('',(-0.,-1.));
#1981 = ( GEOMETRIC_REPRESENTATION_CONTEXT(2) 
PARAMETRIC_REPRESENTATION_CONTEXT() REPRESENTATION_CONTEXT('2D SPACE',''
  ) );
#1982 = PCURVE('',#185,#1983);
#1983 = DEFINITIONAL_REPRESENTATION('',(#1984),#1988);
#1984 = LINE('',#1985,#1986);
#1985 = CARTESIAN_POINT('',(-0.,-0.));
#1986 = VECTOR('',#1987,1.);
#1987 = DIRECTION('',(-0.,-1.));
#1988 = ( GEOMETRIC_REPRESENTATION_CONTEXT(2) 
PARAMETRIC_REPRESENTATION_CONTEXT() REPRESENTATION_CONTEXT('2D SPACE',''
  ) );
#1989 = ADVANCED_FACE('',(#1990),#1404,.T.);
#1990 = FACE_BOUND('',#1991,.F.);
#1991 = EDGE_LOOP('',(#1992,#1993,#2017,#2038));
#1992 = ORIENTED_EDGE('',*,*,#1895,.T.);
#1993 = ORIENTED_EDGE('',*,*,#1994,.T.);
#1994 = EDGE_CURVE('',#1896,#1995,#1997,.T.);
#1995 = VERTEX_POINT('',#1996);
#1996 = CARTESIAN_POINT('',(-134.6305261922,-106.5085551386,6.31));
#1997 = SURFACE_CURVE('',#1998,(#2003,#2010),.PCURVE_S1.);
#1998 = CIRCLE('',#1999,1.);
#1999 = AXIS2_PLACEMENT_3D('',#2000,#2001,#2002);
#2000 = CARTESIAN_POINT('',(-134.5,-107.5,6.31));
#2001 = DIRECTION('',(0.,0.,1.));
#2002 = DIRECTION('',(0.991444861374,-0.13052619222,0.));
#2003 = PCURVE('',#1404,#2004);
#2004 = DEFINITIONAL_REPRESENTATION('',(#2005),#2009);
#2005 = LINE('',#2006,#2007);
#2006 = CARTESIAN_POINT('',(-0.,-1.5));
#2007 = VECTOR('',#2008,1.);
#2008 = DIRECTION('',(-1.,0.));
#2009 = ( GEOMETRIC_REPRESENTATION_CONTEXT(2) 
PARAMETRIC_REPRESENTATION_CONTEXT() REPRESENTATION_CONTEXT('2D SPACE',''
  ) );
#2010 = PCURVE('',#1612,#2011);
#2011 = DEFINITIONAL_REPRESENTATION('',(#2012),#2016);
#2012 = CIRCLE('',#2013,1.);
#2013 = AXIS2_PLACEMENT_2D('',#2014,#2015);
#2014 = CARTESIAN_POINT('',(-6.595382857136,14.127340272586));
#2015 = DIRECTION('',(0.991444861374,-0.13052619222));
#2016 = ( GEOMETRIC_REPRESENTATION_CONTEXT(2) 
PARAMETRIC_REPRESENTATION_CONTEXT() REPRESENTATION_CONTEXT('2D SPACE',''
  ) );
#2017 = ORIENTED_EDGE('',*,*,#2018,.F.);
#2018 = EDGE_CURVE('',#1360,#1995,#2019,.T.);
#2019 = SURFACE_CURVE('',#2020,(#2024,#2031),.PCURVE_S1.);
#2020 = LINE('',#2021,#2022);
#2021 = CARTESIAN_POINT('',(-134.6305261922,-106.5085551386,4.81));
#2022 = VECTOR('',#2023,1.);
#2023 = DIRECTION('',(-0.,-0.,1.));
#2024 = PCURVE('',#1404,#2025);
#2025 = DEFINITIONAL_REPRESENTATION('',(#2026),#2030);
#2026 = LINE('',#2027,#2028);
#2027 = CARTESIAN_POINT('',(-1.832595714594,0.));
#2028 = VECTOR('',#2029,1.);
#2029 = DIRECTION('',(-0.,-1.));
#2030 = ( GEOMETRIC_REPRESENTATION_CONTEXT(2) 
PARAMETRIC_REPRESENTATION_CONTEXT() REPRESENTATION_CONTEXT('2D SPACE',''
  ) );
#2031 = PCURVE('',#1375,#2032);
#2032 = DEFINITIONAL_REPRESENTATION('',(#2033),#2037);
#2033 = LINE('',#2034,#2035);
#2034 = CARTESIAN_POINT('',(-0.52210476888,0.));
#2035 = VECTOR('',#2036,1.);
#2036 = DIRECTION('',(-0.,-1.));
#2037 = ( GEOMETRIC_REPRESENTATION_CONTEXT(2) 
PARAMETRIC_REPRESENTATION_CONTEXT() REPRESENTATION_CONTEXT('2D SPACE',''
  ) );
#2038 = ORIENTED_EDGE('',*,*,#1387,.F.);
#2039 = ADVANCED_FACE('',(#2040),#185,.F.);
#2040 = FACE_BOUND('',#2041,.T.);
#2041 = EDGE_LOOP('',(#2042,#2043,#2044,#2067));
#2042 = ORIENTED_EDGE('',*,*,#169,.T.);
#2043 = ORIENTED_EDGE('',*,*,#1969,.T.);
#2044 = ORIENTED_EDGE('',*,*,#2045,.F.);
#2045 = EDGE_CURVE('',#2046,#1947,#2048,.T.);
#2046 = VERTEX_POINT('',#2047);
#2047 = CARTESIAN_POINT('',(-114.6187362048,-129.835655704,6.31));
#2048 = SURFACE_CURVE('',#2049,(#2053,#2060),.PCURVE_S1.);
#2049 = LINE('',#2050,#2051);
#2050 = CARTESIAN_POINT('',(-114.0183543985,-127.513470014,6.31));
#2051 = VECTOR('',#2052,1.);
#2052 = DIRECTION('',(0.250311128945,0.968165450079,-0.));
#2053 = PCURVE('',#185,#2054);
#2054 = DEFINITIONAL_REPRESENTATION('',(#2055),#2059);
#2055 = LINE('',#2056,#2057);
#2056 = CARTESIAN_POINT('',(2.222861345971,-26.31));
#2057 = VECTOR('',#2058,1.);
#2058 = DIRECTION('',(1.,-0.));
#2059 = ( GEOMETRIC_REPRESENTATION_CONTEXT(2) 
PARAMETRIC_REPRESENTATION_CONTEXT() REPRESENTATION_CONTEXT('2D SPACE',''
  ) );
#2060 = PCURVE('',#1612,#2061);
#2061 = DEFINITIONAL_REPRESENTATION('',(#2062),#2066);
#2062 = LINE('',#2063,#2064);
#2063 = CARTESIAN_POINT('',(13.886262744317,-5.886129741418));
#2064 = VECTOR('',#2065,1.);
#2065 = DIRECTION('',(0.250311128945,0.968165450079));
#2066 = ( GEOMETRIC_REPRESENTATION_CONTEXT(2) 
PARAMETRIC_REPRESENTATION_CONTEXT() REPRESENTATION_CONTEXT('2D SPACE',''
  ) );
#2067 = ORIENTED_EDGE('',*,*,#2068,.F.);
#2068 = EDGE_CURVE('',#170,#2046,#2069,.T.);
#2069 = SURFACE_CURVE('',#2070,(#2074,#2081),.PCURVE_S1.);
#2070 = LINE('',#2071,#2072);
#2071 = CARTESIAN_POINT('',(-114.6187362048,-129.835655704,-20.));
#2072 = VECTOR('',#2073,1.);
#2073 = DIRECTION('',(-0.,-0.,1.));
#2074 = PCURVE('',#185,#2075);
#2075 = DEFINITIONAL_REPRESENTATION('',(#2076),#2080);
#2076 = LINE('',#2077,#2078);
#2077 = CARTESIAN_POINT('',(-0.17568085548,0.));
#2078 = VECTOR('',#2079,1.);
#2079 = DIRECTION('',(-0.,-1.));
#2080 = ( GEOMETRIC_REPRESENTATION_CONTEXT(2) 
PARAMETRIC_REPRESENTATION_CONTEXT() REPRESENTATION_CONTEXT('2D SPACE',''
  ) );
#2081 = PCURVE('',#213,#2082);
#2082 = DEFINITIONAL_REPRESENTATION('',(#2083),#2087);
#2083 = LINE('',#2084,#2085);
#2084 = CARTESIAN_POINT('',(-0.,-0.));
#2085 = VECTOR('',#2086,1.);
#2086 = DIRECTION('',(-0.,-1.));
#2087 = ( GEOMETRIC_REPRESENTATION_CONTEXT(2) 
PARAMETRIC_REPRESENTATION_CONTEXT() REPRESENTATION_CONTEXT('2D SPACE',''
  ) );
#2088 = ADVANCED_FACE('',(#2089),#1375,.F.);
#2089 = FACE_BOUND('',#2090,.T.);
#2090 = EDGE_LOOP('',(#2091,#2114,#2135,#2136));
#2091 = ORIENTED_EDGE('',*,*,#2092,.T.);
#2092 = EDGE_CURVE('',#1331,#2093,#2095,.T.);
#2093 = VERTEX_POINT('',#2094);
#2094 = CARTESIAN_POINT('',(-135.1481642824,-106.576703486,6.31));
#2095 = SURFACE_CURVE('',#2096,(#2100,#2107),.PCURVE_S1.);
#2096 = LINE('',#2097,#2098);
#2097 = CARTESIAN_POINT('',(-135.1481642824,-106.576703486,4.81));
#2098 = VECTOR('',#2099,1.);
#2099 = DIRECTION('',(-0.,-0.,1.));
#2100 = PCURVE('',#1375,#2101);
#2101 = DEFINITIONAL_REPRESENTATION('',(#2102),#2106);
#2102 = LINE('',#2103,#2104);
#2103 = CARTESIAN_POINT('',(-0.,0.));
#2104 = VECTOR('',#2105,1.);
#2105 = DIRECTION('',(-0.,-1.));
#2106 = ( GEOMETRIC_REPRESENTATION_CONTEXT(2) 
PARAMETRIC_REPRESENTATION_CONTEXT() REPRESENTATION_CONTEXT('2D SPACE',''
  ) );
#2107 = PCURVE('',#1347,#2108);
#2108 = DEFINITIONAL_REPRESENTATION('',(#2109),#2113);
#2109 = LINE('',#2110,#2111);
#2110 = CARTESIAN_POINT('',(-1.570796326795,0.));
#2111 = VECTOR('',#2112,1.);
#2112 = DIRECTION('',(-0.,-1.));
#2113 = ( GEOMETRIC_REPRESENTATION_CONTEXT(2) 
PARAMETRIC_REPRESENTATION_CONTEXT() REPRESENTATION_CONTEXT('2D SPACE',''
  ) );
#2114 = ORIENTED_EDGE('',*,*,#2115,.T.);
#2115 = EDGE_CURVE('',#2093,#1995,#2116,.T.);
#2116 = SURFACE_CURVE('',#2117,(#2121,#2128),.PCURVE_S1.);
#2117 = LINE('',#2118,#2119);
#2118 = CARTESIAN_POINT('',(-135.1481642824,-106.576703486,6.31));
#2119 = VECTOR('',#2120,1.);
#2120 = DIRECTION('',(0.991444861374,0.13052619222,-0.));
#2121 = PCURVE('',#1375,#2122);
#2122 = DEFINITIONAL_REPRESENTATION('',(#2123),#2127);
#2123 = LINE('',#2124,#2125);
#2124 = CARTESIAN_POINT('',(-0.,-1.5));
#2125 = VECTOR('',#2126,1.);
#2126 = DIRECTION('',(-1.,0.));
#2127 = ( GEOMETRIC_REPRESENTATION_CONTEXT(2) 
PARAMETRIC_REPRESENTATION_CONTEXT() REPRESENTATION_CONTEXT('2D SPACE',''
  ) );
#2128 = PCURVE('',#1612,#2129);
#2129 = DEFINITIONAL_REPRESENTATION('',(#2130),#2134);
#2130 = LINE('',#2131,#2132);
#2131 = CARTESIAN_POINT('',(-7.243547139561,15.050636786538));
#2132 = VECTOR('',#2133,1.);
#2133 = DIRECTION('',(0.991444861374,0.13052619222));
#2134 = ( GEOMETRIC_REPRESENTATION_CONTEXT(2) 
PARAMETRIC_REPRESENTATION_CONTEXT() REPRESENTATION_CONTEXT('2D SPACE',''
  ) );
#2135 = ORIENTED_EDGE('',*,*,#2018,.F.);
#2136 = ORIENTED_EDGE('',*,*,#1359,.F.);
#2137 = ADVANCED_FACE('',(#2138),#213,.F.);
#2138 = FACE_BOUND('',#2139,.T.);
#2139 = EDGE_LOOP('',(#2140,#2141,#2142,#2165));
#2140 = ORIENTED_EDGE('',*,*,#197,.T.);
#2141 = ORIENTED_EDGE('',*,*,#2068,.T.);
#2142 = ORIENTED_EDGE('',*,*,#2143,.F.);
#2143 = EDGE_CURVE('',#2144,#2046,#2146,.T.);
#2144 = VERTEX_POINT('',#2145);
#2145 = CARTESIAN_POINT('',(-114.6725918164,-130.002878119,6.31));
#2146 = SURFACE_CURVE('',#2147,(#2151,#2158),.PCURVE_S1.);
#2147 = LINE('',#2148,#2149);
#2148 = CARTESIAN_POINT('',(-114.0454383578,-128.0555580021,6.31));
#2149 = VECTOR('',#2150,1.);
#2150 = DIRECTION('',(0.306553673572,0.951853373803,-0.));
#2151 = PCURVE('',#213,#2152);
#2152 = DEFINITIONAL_REPRESENTATION('',(#2153),#2157);
#2153 = LINE('',#2154,#2155);
#2154 = CARTESIAN_POINT('',(1.870138564218,-26.31));
#2155 = VECTOR('',#2156,1.);
#2156 = DIRECTION('',(1.,-0.));
#2157 = ( GEOMETRIC_REPRESENTATION_CONTEXT(2) 
PARAMETRIC_REPRESENTATION_CONTEXT() REPRESENTATION_CONTEXT('2D SPACE',''
  ) );
#2158 = PCURVE('',#1612,#2159);
#2159 = DEFINITIONAL_REPRESENTATION('',(#2160),#2164);
#2160 = LINE('',#2161,#2162);
#2161 = CARTESIAN_POINT('',(13.859178785,-6.428217729589));
#2162 = VECTOR('',#2163,1.);
#2163 = DIRECTION('',(0.306553673572,0.951853373803));
#2164 = ( GEOMETRIC_REPRESENTATION_CONTEXT(2) 
PARAMETRIC_REPRESENTATION_CONTEXT() REPRESENTATION_CONTEXT('2D SPACE',''
  ) );
#2165 = ORIENTED_EDGE('',*,*,#2166,.F.);
#2166 = EDGE_CURVE('',#198,#2144,#2167,.T.);
#2167 = SURFACE_CURVE('',#2168,(#2172,#2179),.PCURVE_S1.);
#2168 = LINE('',#2169,#2170);
#2169 = CARTESIAN_POINT('',(-114.6725918164,-130.002878119,-20.));
#2170 = VECTOR('',#2171,1.);
#2171 = DIRECTION('',(-0.,-0.,1.));
#2172 = PCURVE('',#213,#2173);
#2173 = DEFINITIONAL_REPRESENTATION('',(#2174),#2178);
#2174 = LINE('',#2175,#2176);
#2175 = CARTESIAN_POINT('',(-0.17568085548,0.));
#2176 = VECTOR('',#2177,1.);
#2177 = DIRECTION('',(-0.,-1.));
#2178 = ( GEOMETRIC_REPRESENTATION_CONTEXT(2) 
PARAMETRIC_REPRESENTATION_CONTEXT() REPRESENTATION_CONTEXT('2D SPACE',''
  ) );
#2179 = PCURVE('',#241,#2180);
#2180 = DEFINITIONAL_REPRESENTATION('',(#2181),#2185);
#2181 = LINE('',#2182,#2183);
#2182 = CARTESIAN_POINT('',(-0.,-0.));
#2183 = VECTOR('',#2184,1.);
#2184 = DIRECTION('',(-0.,-1.));
#2185 = ( GEOMETRIC_REPRESENTATION_CONTEXT(2) 
PARAMETRIC_REPRESENTATION_CONTEXT() REPRESENTATION_CONTEXT('2D SPACE',''
  ) );
#2186 = ADVANCED_FACE('',(#2187),#1347,.T.);
#2187 = FACE_BOUND('',#2188,.F.);
#2188 = EDGE_LOOP('',(#2189,#2190,#2214,#2235));
#2189 = ORIENTED_EDGE('',*,*,#2092,.T.);
#2190 = ORIENTED_EDGE('',*,*,#2191,.T.);
#2191 = EDGE_CURVE('',#2093,#2192,#2194,.T.);
#2192 = VERTEX_POINT('',#2193);
#2193 = CARTESIAN_POINT('',(-135.4003215225,-106.6442688149,6.31));
#2194 = SURFACE_CURVE('',#2195,(#2200,#2207),.PCURVE_S1.);
#2195 = CIRCLE('',#2196,1.);
#2196 = AXIS2_PLACEMENT_3D('',#2197,#2198,#2199);
#2197 = CARTESIAN_POINT('',(-135.0176380902,-107.5681483474,6.31));
#2198 = DIRECTION('',(0.,0.,1.));
#2199 = DIRECTION('',(0.991444861374,0.13052619222,-0.));
#2200 = PCURVE('',#1347,#2201);
#2201 = DEFINITIONAL_REPRESENTATION('',(#2202),#2206);
#2202 = LINE('',#2203,#2204);
#2203 = CARTESIAN_POINT('',(-0.,-1.5));
#2204 = VECTOR('',#2205,1.);
#2205 = DIRECTION('',(-1.,0.));
#2206 = ( GEOMETRIC_REPRESENTATION_CONTEXT(2) 
PARAMETRIC_REPRESENTATION_CONTEXT() REPRESENTATION_CONTEXT('2D SPACE',''
  ) );
#2207 = PCURVE('',#1612,#2208);
#2208 = DEFINITIONAL_REPRESENTATION('',(#2209),#2213);
#2209 = CIRCLE('',#2210,1.);
#2210 = AXIS2_PLACEMENT_2D('',#2211,#2212);
#2211 = CARTESIAN_POINT('',(-7.113020947341,14.059191925164));
#2212 = DIRECTION('',(0.991444861374,0.13052619222));
#2213 = ( GEOMETRIC_REPRESENTATION_CONTEXT(2) 
PARAMETRIC_REPRESENTATION_CONTEXT() REPRESENTATION_CONTEXT('2D SPACE',''
  ) );
#2214 = ORIENTED_EDGE('',*,*,#2215,.F.);
#2215 = EDGE_CURVE('',#1303,#2192,#2216,.T.);
#2216 = SURFACE_CURVE('',#2217,(#2221,#2228),.PCURVE_S1.);
#2217 = LINE('',#2218,#2219);
#2218 = CARTESIAN_POINT('',(-135.4003215225,-106.6442688149,4.81));
#2219 = VECTOR('',#2220,1.);
#2220 = DIRECTION('',(-0.,-0.,1.));
#2221 = PCURVE('',#1347,#2222);
#2222 = DEFINITIONAL_REPRESENTATION('',(#2223),#2227);
#2223 = LINE('',#2224,#2225);
#2224 = CARTESIAN_POINT('',(-1.832595714594,0.));
#2225 = VECTOR('',#2226,1.);
#2226 = DIRECTION('',(-0.,-1.));
#2227 = ( GEOMETRIC_REPRESENTATION_CONTEXT(2) 
PARAMETRIC_REPRESENTATION_CONTEXT() REPRESENTATION_CONTEXT('2D SPACE',''
  ) );
#2228 = PCURVE('',#1318,#2229);
#2229 = DEFINITIONAL_REPRESENTATION('',(#2230),#2234);
#2230 = LINE('',#2231,#2232);
#2231 = CARTESIAN_POINT('',(-0.52210476888,0.));
#2232 = VECTOR('',#2233,1.);
#2233 = DIRECTION('',(-0.,-1.));
#2234 = ( GEOMETRIC_REPRESENTATION_CONTEXT(2) 
PARAMETRIC_REPRESENTATION_CONTEXT() REPRESENTATION_CONTEXT('2D SPACE',''
  ) );
#2235 = ORIENTED_EDGE('',*,*,#1330,.F.);
#2236 = ADVANCED_FACE('',(#2237),#241,.F.);
#2237 = FACE_BOUND('',#2238,.T.);
#2238 = EDGE_LOOP('',(#2239,#2240,#2241,#2264));
#2239 = ORIENTED_EDGE('',*,*,#225,.T.);
#2240 = ORIENTED_EDGE('',*,*,#2166,.T.);
#2241 = ORIENTED_EDGE('',*,*,#2242,.F.);
#2242 = EDGE_CURVE('',#2243,#2144,#2245,.T.);
#2243 = VERTEX_POINT('',#2244);
#2244 = CARTESIAN_POINT('',(-114.7361434789,-130.1666613573,6.31));
#2245 = SURFACE_CURVE('',#2246,(#2250,#2257),.PCURVE_S1.);
#2246 = LINE('',#2247,#2248);
#2247 = CARTESIAN_POINT('',(-114.1260487744,-128.5943455049,6.31));
#2248 = VECTOR('',#2249,1.);
#2249 = DIRECTION('',(0.361744951338,0.932277099462,-0.));
#2250 = PCURVE('',#241,#2251);
#2251 = DEFINITIONAL_REPRESENTATION('',(#2252),#2256);
#2252 = LINE('',#2253,#2254);
#2253 = CARTESIAN_POINT('',(1.51085188604,-26.31));
#2254 = VECTOR('',#2255,1.);
#2255 = DIRECTION('',(1.,-0.));
#2256 = ( GEOMETRIC_REPRESENTATION_CONTEXT(2) 
PARAMETRIC_REPRESENTATION_CONTEXT() REPRESENTATION_CONTEXT('2D SPACE',''
  ) );
#2257 = PCURVE('',#1612,#2258);
#2258 = DEFINITIONAL_REPRESENTATION('',(#2259),#2263);
#2259 = LINE('',#2260,#2261);
#2260 = CARTESIAN_POINT('',(13.778568368422,-6.967005232386));
#2261 = VECTOR('',#2262,1.);
#2262 = DIRECTION('',(0.361744951338,0.932277099462));
#2263 = ( GEOMETRIC_REPRESENTATION_CONTEXT(2) 
PARAMETRIC_REPRESENTATION_CONTEXT() REPRESENTATION_CONTEXT('2D SPACE',''
  ) );
#2264 = ORIENTED_EDGE('',*,*,#2265,.F.);
#2265 = EDGE_CURVE('',#226,#2243,#2266,.T.);
#2266 = SURFACE_CURVE('',#2267,(#2271,#2278),.PCURVE_S1.);
#2267 = LINE('',#2268,#2269);
#2268 = CARTESIAN_POINT('',(-114.7361434789,-130.1666613573,-20.));
#2269 = VECTOR('',#2270,1.);
#2270 = DIRECTION('',(-0.,-0.,1.));
#2271 = PCURVE('',#241,#2272);
#2272 = DEFINITIONAL_REPRESENTATION('',(#2273),#2277);
#2273 = LINE('',#2274,#2275);
#2274 = CARTESIAN_POINT('',(-0.17568085548,0.));
#2275 = VECTOR('',#2276,1.);
#2276 = DIRECTION('',(-0.,-1.));
#2277 = ( GEOMETRIC_REPRESENTATION_CONTEXT(2) 
PARAMETRIC_REPRESENTATION_CONTEXT() REPRESENTATION_CONTEXT('2D SPACE',''
  ) );
#2278 = PCURVE('',#269,#2279);
#2279 = DEFINITIONAL_REPRESENTATION('',(#2280),#2284);
#2280 = LINE('',#2281,#2282);
#2281 = CARTESIAN_POINT('',(-0.,-0.));
#2282 = VECTOR('',#2283,1.);
#2283 = DIRECTION('',(-0.,-1.));
#2284 = ( GEOMETRIC_REPRESENTATION_CONTEXT(2) 
PARAMETRIC_REPRESENTATION_CONTEXT() REPRESENTATION_CONTEXT('2D SPACE',''
  ) );
#2285 = ADVANCED_FACE('',(#2286),#1318,.F.);
#2286 = FACE_BOUND('',#2287,.T.);
#2287 = EDGE_LOOP('',(#2288,#2311,#2332,#2333));
#2288 = ORIENTED_EDGE('',*,*,#2289,.T.);
#2289 = EDGE_CURVE('',#1274,#2290,#2292,.T.);
#2290 = VERTEX_POINT('',#2291);
#2291 = CARTESIAN_POINT('',(-135.8826834323,-106.8440696599,6.31));
#2292 = SURFACE_CURVE('',#2293,(#2297,#2304),.PCURVE_S1.);
#2293 = LINE('',#2294,#2295);
#2294 = CARTESIAN_POINT('',(-135.8826834323,-106.8440696599,4.81));
#2295 = VECTOR('',#2296,1.);
#2296 = DIRECTION('',(-0.,-0.,1.));
#2297 = PCURVE('',#1318,#2298);
#2298 = DEFINITIONAL_REPRESENTATION('',(#2299),#2303);
#2299 = LINE('',#2300,#2301);
#2300 = CARTESIAN_POINT('',(-0.,0.));
#2301 = VECTOR('',#2302,1.);
#2302 = DIRECTION('',(-0.,-1.));
#2303 = ( GEOMETRIC_REPRESENTATION_CONTEXT(2) 
PARAMETRIC_REPRESENTATION_CONTEXT() REPRESENTATION_CONTEXT('2D SPACE',''
  ) );
#2304 = PCURVE('',#1290,#2305);
#2305 = DEFINITIONAL_REPRESENTATION('',(#2306),#2310);
#2306 = LINE('',#2307,#2308);
#2307 = CARTESIAN_POINT('',(-1.570796326795,0.));
#2308 = VECTOR('',#2309,1.);
#2309 = DIRECTION('',(-0.,-1.));
#2310 = ( GEOMETRIC_REPRESENTATION_CONTEXT(2) 
PARAMETRIC_REPRESENTATION_CONTEXT() REPRESENTATION_CONTEXT('2D SPACE',''
  ) );
#2311 = ORIENTED_EDGE('',*,*,#2312,.T.);
#2312 = EDGE_CURVE('',#2290,#2192,#2313,.T.);
#2313 = SURFACE_CURVE('',#2314,(#2318,#2325),.PCURVE_S1.);
#2314 = LINE('',#2315,#2316);
#2315 = CARTESIAN_POINT('',(-135.8826834323,-106.8440696599,6.31));
#2316 = VECTOR('',#2317,1.);
#2317 = DIRECTION('',(0.923879532511,0.382683432365,-0.));
#2318 = PCURVE('',#1318,#2319);
#2319 = DEFINITIONAL_REPRESENTATION('',(#2320),#2324);
#2320 = LINE('',#2321,#2322);
#2321 = CARTESIAN_POINT('',(-0.,-1.5));
#2322 = VECTOR('',#2323,1.);
#2323 = DIRECTION('',(-1.,0.));
#2324 = ( GEOMETRIC_REPRESENTATION_CONTEXT(2) 
PARAMETRIC_REPRESENTATION_CONTEXT() REPRESENTATION_CONTEXT('2D SPACE',''
  ) );
#2325 = PCURVE('',#1612,#2326);
#2326 = DEFINITIONAL_REPRESENTATION('',(#2327),#2331);
#2327 = LINE('',#2328,#2329);
#2328 = CARTESIAN_POINT('',(-7.978066289501,14.783270612666));
#2329 = VECTOR('',#2330,1.);
#2330 = DIRECTION('',(0.923879532511,0.382683432365));
#2331 = ( GEOMETRIC_REPRESENTATION_CONTEXT(2) 
PARAMETRIC_REPRESENTATION_CONTEXT() REPRESENTATION_CONTEXT('2D SPACE',''
  ) );
#2332 = ORIENTED_EDGE('',*,*,#2215,.F.);
#2333 = ORIENTED_EDGE('',*,*,#1302,.F.);
#2334 = ADVANCED_FACE('',(#2335),#269,.F.);
#2335 = FACE_BOUND('',#2336,.T.);
#2336 = EDGE_LOOP('',(#2337,#2338,#2339,#2362));
#2337 = ORIENTED_EDGE('',*,*,#253,.T.);
#2338 = ORIENTED_EDGE('',*,*,#2265,.T.);
#2339 = ORIENTED_EDGE('',*,*,#2340,.F.);
#2340 = EDGE_CURVE('',#2341,#2243,#2343,.T.);
#2341 = VERTEX_POINT('',#2342);
#2342 = CARTESIAN_POINT('',(-114.8091732541,-130.326443756,6.31));
#2343 = SURFACE_CURVE('',#2344,(#2348,#2355),.PCURVE_S1.);
#2344 = LINE('',#2345,#2346);
#2345 = CARTESIAN_POINT('',(-114.2596591831,-129.1241577555,6.31));
#2346 = VECTOR('',#2347,1.);
#2347 = DIRECTION('',(0.415695694373,0.909503760124,-0.));
#2348 = PCURVE('',#269,#2349);
#2349 = DEFINITIONAL_REPRESENTATION('',(#2350),#2354);
#2350 = LINE('',#2351,#2352);
#2351 = CARTESIAN_POINT('',(1.146233415991,-26.31));
#2352 = VECTOR('',#2353,1.);
#2353 = DIRECTION('',(1.,-0.));
#2354 = ( GEOMETRIC_REPRESENTATION_CONTEXT(2) 
PARAMETRIC_REPRESENTATION_CONTEXT() REPRESENTATION_CONTEXT('2D SPACE',''
  ) );
#2355 = PCURVE('',#1612,#2356);
#2356 = DEFINITIONAL_REPRESENTATION('',(#2357),#2361);
#2357 = LINE('',#2358,#2359);
#2358 = CARTESIAN_POINT('',(13.644957959684,-7.496817482974));
#2359 = VECTOR('',#2360,1.);
#2360 = DIRECTION('',(0.415695694373,0.909503760124));
#2361 = ( GEOMETRIC_REPRESENTATION_CONTEXT(2) 
PARAMETRIC_REPRESENTATION_CONTEXT() REPRESENTATION_CONTEXT('2D SPACE',''
  ) );
#2362 = ORIENTED_EDGE('',*,*,#2363,.F.);
#2363 = EDGE_CURVE('',#254,#2341,#2364,.T.);
#2364 = SURFACE_CURVE('',#2365,(#2369,#2376),.PCURVE_S1.);
#2365 = LINE('',#2366,#2367);
#2366 = CARTESIAN_POINT('',(-114.8091732541,-130.326443756,-20.));
#2367 = VECTOR('',#2368,1.);
#2368 = DIRECTION('',(-0.,-0.,1.));
#2369 = PCURVE('',#269,#2370);
#2370 = DEFINITIONAL_REPRESENTATION('',(#2371),#2375);
#2371 = LINE('',#2372,#2373);
#2372 = CARTESIAN_POINT('',(-0.17568085548,0.));
#2373 = VECTOR('',#2374,1.);
#2374 = DIRECTION('',(-0.,-1.));
#2375 = ( GEOMETRIC_REPRESENTATION_CONTEXT(2) 
PARAMETRIC_REPRESENTATION_CONTEXT() REPRESENTATION_CONTEXT('2D SPACE',''
  ) );
#2376 = PCURVE('',#297,#2377);
#2377 = DEFINITIONAL_REPRESENTATION('',(#2378),#2382);
#2378 = LINE('',#2379,#2380);
#2379 = CARTESIAN_POINT('',(-0.,-0.));
#2380 = VECTOR('',#2381,1.);
#2381 = DIRECTION('',(-0.,-1.));
#2382 = ( GEOMETRIC_REPRESENTATION_CONTEXT(2) 
PARAMETRIC_REPRESENTATION_CONTEXT() REPRESENTATION_CONTEXT('2D SPACE',''
  ) );
#2383 = ADVANCED_FACE('',(#2384),#1290,.T.);
#2384 = FACE_BOUND('',#2385,.F.);
#2385 = EDGE_LOOP('',(#2386,#2387,#2411,#2432));
#2386 = ORIENTED_EDGE('',*,*,#2289,.T.);
#2387 = ORIENTED_EDGE('',*,*,#2388,.T.);
#2388 = EDGE_CURVE('',#2290,#2389,#2391,.T.);
#2389 = VERTEX_POINT('',#2390);
#2390 = CARTESIAN_POINT('',(-136.108761429,-106.9745958521,6.31));
#2391 = SURFACE_CURVE('',#2392,(#2397,#2404),.PCURVE_S1.);
#2392 = CIRCLE('',#2393,1.);
#2393 = AXIS2_PLACEMENT_3D('',#2394,#2395,#2396);
#2394 = CARTESIAN_POINT('',(-135.5,-107.7679491924,6.31));
#2395 = DIRECTION('',(0.,0.,1.));
#2396 = DIRECTION('',(0.923879532511,0.382683432365,-0.));
#2397 = PCURVE('',#1290,#2398);
#2398 = DEFINITIONAL_REPRESENTATION('',(#2399),#2403);
#2399 = LINE('',#2400,#2401);
#2400 = CARTESIAN_POINT('',(-0.,-1.5));
#2401 = VECTOR('',#2402,1.);
#2402 = DIRECTION('',(-1.,0.));
#2403 = ( GEOMETRIC_REPRESENTATION_CONTEXT(2) 
PARAMETRIC_REPRESENTATION_CONTEXT() REPRESENTATION_CONTEXT('2D SPACE',''
  ) );
#2404 = PCURVE('',#1612,#2405);
#2405 = DEFINITIONAL_REPRESENTATION('',(#2406),#2410);
#2406 = CIRCLE('',#2407,1.);
#2407 = AXIS2_PLACEMENT_2D('',#2408,#2409);
#2408 = CARTESIAN_POINT('',(-7.595382857136,13.859391080155));
#2409 = DIRECTION('',(0.923879532511,0.382683432365));
#2410 = ( GEOMETRIC_REPRESENTATION_CONTEXT(2) 
PARAMETRIC_REPRESENTATION_CONTEXT() REPRESENTATION_CONTEXT('2D SPACE',''
  ) );
#2411 = ORIENTED_EDGE('',*,*,#2412,.F.);
#2412 = EDGE_CURVE('',#1246,#2389,#2413,.T.);
#2413 = SURFACE_CURVE('',#2414,(#2418,#2425),.PCURVE_S1.);
#2414 = LINE('',#2415,#2416);
#2415 = CARTESIAN_POINT('',(-136.108761429,-106.9745958521,4.81));
#2416 = VECTOR('',#2417,1.);
#2417 = DIRECTION('',(-0.,-0.,1.));
#2418 = PCURVE('',#1290,#2419);
#2419 = DEFINITIONAL_REPRESENTATION('',(#2420),#2424);
#2420 = LINE('',#2421,#2422);
#2421 = CARTESIAN_POINT('',(-1.832595714594,0.));
#2422 = VECTOR('',#2423,1.);
#2423 = DIRECTION('',(-0.,-1.));
#2424 = ( GEOMETRIC_REPRESENTATION_CONTEXT(2) 
PARAMETRIC_REPRESENTATION_CONTEXT() REPRESENTATION_CONTEXT('2D SPACE',''
  ) );
#2425 = PCURVE('',#1261,#2426);
#2426 = DEFINITIONAL_REPRESENTATION('',(#2427),#2431);
#2427 = LINE('',#2428,#2429);
#2428 = CARTESIAN_POINT('',(-0.52210476888,0.));
#2429 = VECTOR('',#2430,1.);
#2430 = DIRECTION('',(-0.,-1.));
#2431 = ( GEOMETRIC_REPRESENTATION_CONTEXT(2) 
PARAMETRIC_REPRESENTATION_CONTEXT() REPRESENTATION_CONTEXT('2D SPACE',''
  ) );
#2432 = ORIENTED_EDGE('',*,*,#1273,.F.);
#2433 = ADVANCED_FACE('',(#2434),#297,.F.);
#2434 = FACE_BOUND('',#2435,.T.);
#2435 = EDGE_LOOP('',(#2436,#2437,#2438,#2461));
#2436 = ORIENTED_EDGE('',*,*,#281,.T.);
#2437 = ORIENTED_EDGE('',*,*,#2363,.T.);
#2438 = ORIENTED_EDGE('',*,*,#2439,.F.);
#2439 = EDGE_CURVE('',#2440,#2341,#2442,.T.);
#2440 = VERTEX_POINT('',#2441);
#2441 = CARTESIAN_POINT('',(-114.8914307004,-130.4816773719,6.31));
#2442 = SURFACE_CURVE('',#2443,(#2447,#2454),.PCURVE_S1.);
#2443 = LINE('',#2444,#2445);
#2444 = CARTESIAN_POINT('',(-114.4451158074,-129.6394062126,6.31));
#2445 = VECTOR('',#2446,1.);
#2446 = DIRECTION('',(0.468220888979,0.883611452576,-0.));
#2447 = PCURVE('',#297,#2448);
#2448 = DEFINITIONAL_REPRESENTATION('',(#2449),#2453);
#2449 = LINE('',#2450,#2451);
#2450 = CARTESIAN_POINT('',(0.777533542986,-26.31));
#2451 = VECTOR('',#2452,1.);
#2452 = DIRECTION('',(1.,-0.));
#2453 = ( GEOMETRIC_REPRESENTATION_CONTEXT(2) 
PARAMETRIC_REPRESENTATION_CONTEXT() REPRESENTATION_CONTEXT('2D SPACE',''
  ) );
#2454 = PCURVE('',#1612,#2455);
#2455 = DEFINITIONAL_REPRESENTATION('',(#2456),#2460);
#2456 = LINE('',#2457,#2458);
#2457 = CARTESIAN_POINT('',(13.459501335411,-8.012065940095));
#2458 = VECTOR('',#2459,1.);
#2459 = DIRECTION('',(0.468220888979,0.883611452576));
#2460 = ( GEOMETRIC_REPRESENTATION_CONTEXT(2) 
PARAMETRIC_REPRESENTATION_CONTEXT() REPRESENTATION_CONTEXT('2D SPACE',''
  ) );
#2461 = ORIENTED_EDGE('',*,*,#2462,.F.);
#2462 = EDGE_CURVE('',#282,#2440,#2463,.T.);
#2463 = SURFACE_CURVE('',#2464,(#2468,#2475),.PCURVE_S1.);
#2464 = LINE('',#2465,#2466);
#2465 = CARTESIAN_POINT('',(-114.8914307004,-130.4816773719,-20.));
#2466 = VECTOR('',#2467,1.);
#2467 = DIRECTION('',(-0.,-0.,1.));
#2468 = PCURVE('',#297,#2469);
#2469 = DEFINITIONAL_REPRESENTATION('',(#2470),#2474);
#2470 = LINE('',#2471,#2472);
#2471 = CARTESIAN_POINT('',(-0.17568085548,0.));
#2472 = VECTOR('',#2473,1.);
#2473 = DIRECTION('',(-0.,-1.));
#2474 = ( GEOMETRIC_REPRESENTATION_CONTEXT(2) 
PARAMETRIC_REPRESENTATION_CONTEXT() REPRESENTATION_CONTEXT('2D SPACE',''
  ) );
#2475 = PCURVE('',#325,#2476);
#2476 = DEFINITIONAL_REPRESENTATION('',(#2477),#2481);
#2477 = LINE('',#2478,#2479);
#2478 = CARTESIAN_POINT('',(-0.,-0.));
#2479 = VECTOR('',#2480,1.);
#2480 = DIRECTION('',(-0.,-1.));
#2481 = ( GEOMETRIC_REPRESENTATION_CONTEXT(2) 
PARAMETRIC_REPRESENTATION_CONTEXT() REPRESENTATION_CONTEXT('2D SPACE',''
  ) );
#2482 = ADVANCED_FACE('',(#2483),#1261,.F.);
#2483 = FACE_BOUND('',#2484,.T.);
#2484 = EDGE_LOOP('',(#2485,#2508,#2529,#2530));
#2485 = ORIENTED_EDGE('',*,*,#2486,.T.);
#2486 = EDGE_CURVE('',#1217,#2487,#2489,.T.);
#2487 = VERTEX_POINT('',#2488);
#2488 = CARTESIAN_POINT('',(-136.5229749913,-107.2924330973,6.31));
#2489 = SURFACE_CURVE('',#2490,(#2494,#2501),.PCURVE_S1.);
#2490 = LINE('',#2491,#2492);
#2491 = CARTESIAN_POINT('',(-136.5229749913,-107.2924330973,4.81));
#2492 = VECTOR('',#2493,1.);
#2493 = DIRECTION('',(-0.,-0.,1.));
#2494 = PCURVE('',#1261,#2495);
#2495 = DEFINITIONAL_REPRESENTATION('',(#2496),#2500);
#2496 = LINE('',#2497,#2498);
#2497 = CARTESIAN_POINT('',(-0.,0.));
#2498 = VECTOR('',#2499,1.);
#2499 = DIRECTION('',(-0.,-1.));
#2500 = ( GEOMETRIC_REPRESENTATION_CONTEXT(2) 
PARAMETRIC_REPRESENTATION_CONTEXT() REPRESENTATION_CONTEXT('2D SPACE',''
  ) );
#2501 = PCURVE('',#1233,#2502);
#2502 = DEFINITIONAL_REPRESENTATION('',(#2503),#2507);
#2503 = LINE('',#2504,#2505);
#2504 = CARTESIAN_POINT('',(-1.570796326795,0.));
#2505 = VECTOR('',#2506,1.);
#2506 = DIRECTION('',(-0.,-1.));
#2507 = ( GEOMETRIC_REPRESENTATION_CONTEXT(2) 
PARAMETRIC_REPRESENTATION_CONTEXT() REPRESENTATION_CONTEXT('2D SPACE',''
  ) );
#2508 = ORIENTED_EDGE('',*,*,#2509,.T.);
#2509 = EDGE_CURVE('',#2487,#2389,#2510,.T.);
#2510 = SURFACE_CURVE('',#2511,(#2515,#2522),.PCURVE_S1.);
#2511 = LINE('',#2512,#2513);
#2512 = CARTESIAN_POINT('',(-136.5229749913,-107.2924330973,6.31));
#2513 = VECTOR('',#2514,1.);
#2514 = DIRECTION('',(0.793353340291,0.608761429009,-0.));
#2515 = PCURVE('',#1261,#2516);
#2516 = DEFINITIONAL_REPRESENTATION('',(#2517),#2521);
#2517 = LINE('',#2518,#2519);
#2518 = CARTESIAN_POINT('',(-0.,-1.5));
#2519 = VECTOR('',#2520,1.);
#2520 = DIRECTION('',(-1.,0.));
#2521 = ( GEOMETRIC_REPRESENTATION_CONTEXT(2) 
PARAMETRIC_REPRESENTATION_CONTEXT() REPRESENTATION_CONTEXT('2D SPACE',''
  ) );
#2522 = PCURVE('',#1612,#2523);
#2523 = DEFINITIONAL_REPRESENTATION('',(#2524),#2528);
#2524 = LINE('',#2525,#2526);
#2525 = CARTESIAN_POINT('',(-8.618357848518,14.33490717525));
#2526 = VECTOR('',#2527,1.);
#2527 = DIRECTION('',(0.793353340291,0.608761429009));
#2528 = ( GEOMETRIC_REPRESENTATION_CONTEXT(2) 
PARAMETRIC_REPRESENTATION_CONTEXT() REPRESENTATION_CONTEXT('2D SPACE',''
  ) );
#2529 = ORIENTED_EDGE('',*,*,#2412,.F.);
#2530 = ORIENTED_EDGE('',*,*,#1245,.F.);
#2531 = ADVANCED_FACE('',(#2532),#325,.F.);
#2532 = FACE_BOUND('',#2533,.T.);
#2533 = EDGE_LOOP('',(#2534,#2535,#2536,#2559));
#2534 = ORIENTED_EDGE('',*,*,#309,.T.);
#2535 = ORIENTED_EDGE('',*,*,#2462,.T.);
#2536 = ORIENTED_EDGE('',*,*,#2537,.F.);
#2537 = EDGE_CURVE('',#2538,#2440,#2540,.T.);
#2538 = VERTEX_POINT('',#2539);
#2539 = CARTESIAN_POINT('',(-114.9826337318,-130.6318298612,6.31));
#2540 = SURFACE_CURVE('',#2541,(#2545,#2552),.PCURVE_S1.);
#2541 = LINE('',#2542,#2543);
#2542 = CARTESIAN_POINT('',(-114.680651049,-130.1346594177,6.31));
#2543 = VECTOR('',#2544,1.);
#2544 = DIRECTION('',(0.519140410104,0.854688969507,-0.));
#2545 = PCURVE('',#325,#2546);
#2546 = DEFINITIONAL_REPRESENTATION('',(#2547),#2551);
#2547 = LINE('',#2548,#2549);
#2548 = CARTESIAN_POINT('',(0.40601665232,-26.31));
#2549 = VECTOR('',#2550,1.);
#2550 = DIRECTION('',(1.,-0.));
#2551 = ( GEOMETRIC_REPRESENTATION_CONTEXT(2) 
PARAMETRIC_REPRESENTATION_CONTEXT() REPRESENTATION_CONTEXT('2D SPACE',''
  ) );
#2552 = PCURVE('',#1612,#2553);
#2553 = DEFINITIONAL_REPRESENTATION('',(#2554),#2558);
#2554 = LINE('',#2555,#2556);
#2555 = CARTESIAN_POINT('',(13.223966093769,-8.507319145165));
#2556 = VECTOR('',#2557,1.);
#2557 = DIRECTION('',(0.519140410104,0.854688969507));
#2558 = ( GEOMETRIC_REPRESENTATION_CONTEXT(2) 
PARAMETRIC_REPRESENTATION_CONTEXT() REPRESENTATION_CONTEXT('2D SPACE',''
  ) );
#2559 = ORIENTED_EDGE('',*,*,#2560,.F.);
#2560 = EDGE_CURVE('',#310,#2538,#2561,.T.);
#2561 = SURFACE_CURVE('',#2562,(#2566,#2573),.PCURVE_S1.);
#2562 = LINE('',#2563,#2564);
#2563 = CARTESIAN_POINT('',(-114.9826337318,-130.6318298612,-20.));
#2564 = VECTOR('',#2565,1.);
#2565 = DIRECTION('',(-0.,-0.,1.));
#2566 = PCURVE('',#325,#2567);
#2567 = DEFINITIONAL_REPRESENTATION('',(#2568),#2572);
#2568 = LINE('',#2569,#2570);
#2569 = CARTESIAN_POINT('',(-0.17568085548,0.));
#2570 = VECTOR('',#2571,1.);
#2571 = DIRECTION('',(-0.,-1.));
#2572 = ( GEOMETRIC_REPRESENTATION_CONTEXT(2) 
PARAMETRIC_REPRESENTATION_CONTEXT() REPRESENTATION_CONTEXT('2D SPACE',''
  ) );
#2573 = PCURVE('',#353,#2574);
#2574 = DEFINITIONAL_REPRESENTATION('',(#2575),#2579);
#2575 = LINE('',#2576,#2577);
#2576 = CARTESIAN_POINT('',(-0.,-0.));
#2577 = VECTOR('',#2578,1.);
#2578 = DIRECTION('',(-0.,-1.));
#2579 = ( GEOMETRIC_REPRESENTATION_CONTEXT(2) 
PARAMETRIC_REPRESENTATION_CONTEXT() REPRESENTATION_CONTEXT('2D SPACE',''
  ) );
#2580 = ADVANCED_FACE('',(#2581),#1233,.T.);
#2581 = FACE_BOUND('',#2582,.F.);
#2582 = EDGE_LOOP('',(#2583,#2584,#2608,#2629));
#2583 = ORIENTED_EDGE('',*,*,#2486,.T.);
#2584 = ORIENTED_EDGE('',*,*,#2585,.T.);
#2585 = EDGE_CURVE('',#2487,#2586,#2588,.T.);
#2586 = VERTEX_POINT('',#2587);
#2587 = CARTESIAN_POINT('',(-136.7075669026,-107.4770250086,6.31));
#2588 = SURFACE_CURVE('',#2589,(#2594,#2601),.PCURVE_S1.);
#2589 = CIRCLE('',#2590,1.);
#2590 = AXIS2_PLACEMENT_3D('',#2591,#2592,#2593);
#2591 = CARTESIAN_POINT('',(-135.9142135623,-108.0857864376,6.31));
#2592 = DIRECTION('',(0.,0.,1.));
#2593 = DIRECTION('',(0.793353340291,0.608761429009,-0.));
#2594 = PCURVE('',#1233,#2595);
#2595 = DEFINITIONAL_REPRESENTATION('',(#2596),#2600);
#2596 = LINE('',#2597,#2598);
#2597 = CARTESIAN_POINT('',(-0.,-1.5));
#2598 = VECTOR('',#2599,1.);
#2599 = DIRECTION('',(-1.,0.));
#2600 = ( GEOMETRIC_REPRESENTATION_CONTEXT(2) 
PARAMETRIC_REPRESENTATION_CONTEXT() REPRESENTATION_CONTEXT('2D SPACE',''
  ) );
#2601 = PCURVE('',#1612,#2602);
#2602 = DEFINITIONAL_REPRESENTATION('',(#2603),#2607);
#2603 = CIRCLE('',#2604,1.);
#2604 = AXIS2_PLACEMENT_2D('',#2605,#2606);
#2605 = CARTESIAN_POINT('',(-8.009596419509,13.541553834959));
#2606 = DIRECTION('',(0.793353340291,0.608761429009));
#2607 = ( GEOMETRIC_REPRESENTATION_CONTEXT(2) 
PARAMETRIC_REPRESENTATION_CONTEXT() REPRESENTATION_CONTEXT('2D SPACE',''
  ) );
#2608 = ORIENTED_EDGE('',*,*,#2609,.F.);
#2609 = EDGE_CURVE('',#1189,#2586,#2610,.T.);
#2610 = SURFACE_CURVE('',#2611,(#2615,#2622),.PCURVE_S1.);
#2611 = LINE('',#2612,#2613);
#2612 = CARTESIAN_POINT('',(-136.7075669026,-107.4770250086,4.81));
#2613 = VECTOR('',#2614,1.);
#2614 = DIRECTION('',(-0.,-0.,1.));
#2615 = PCURVE('',#1233,#2616);
#2616 = DEFINITIONAL_REPRESENTATION('',(#2617),#2621);
#2617 = LINE('',#2618,#2619);
#2618 = CARTESIAN_POINT('',(-1.832595714594,0.));
#2619 = VECTOR('',#2620,1.);
#2620 = DIRECTION('',(-0.,-1.));
#2621 = ( GEOMETRIC_REPRESENTATION_CONTEXT(2) 
PARAMETRIC_REPRESENTATION_CONTEXT() REPRESENTATION_CONTEXT('2D SPACE',''
  ) );
#2622 = PCURVE('',#1204,#2623);
#2623 = DEFINITIONAL_REPRESENTATION('',(#2624),#2628);
#2624 = LINE('',#2625,#2626);
#2625 = CARTESIAN_POINT('',(-0.52210476888,0.));
#2626 = VECTOR('',#2627,1.);
#2627 = DIRECTION('',(-0.,-1.));
#2628 = ( GEOMETRIC_REPRESENTATION_CONTEXT(2) 
PARAMETRIC_REPRESENTATION_CONTEXT() REPRESENTATION_CONTEXT('2D SPACE',''
  ) );
#2629 = ORIENTED_EDGE('',*,*,#1216,.F.);
#2630 = ADVANCED_FACE('',(#2631),#353,.F.);
#2631 = FACE_BOUND('',#2632,.T.);
#2632 = EDGE_LOOP('',(#2633,#2634,#2635,#2658));
#2633 = ORIENTED_EDGE('',*,*,#337,.T.);
#2634 = ORIENTED_EDGE('',*,*,#2560,.T.);
#2635 = ORIENTED_EDGE('',*,*,#2636,.F.);
#2636 = EDGE_CURVE('',#2637,#2538,#2639,.T.);
#2637 = VERTEX_POINT('',#2638);
#2638 = CARTESIAN_POINT('',(-115.0824695849,-130.7763863049,6.31));
#2639 = SURFACE_CURVE('',#2640,(#2644,#2651),.PCURVE_S1.);
#2640 = LINE('',#2641,#2642);
#2641 = CARTESIAN_POINT('',(-114.9639050592,-130.6047118448,6.31));
#2642 = VECTOR('',#2643,1.);
#2643 = DIRECTION('',(0.568279639046,0.822835495008,-0.));
#2644 = PCURVE('',#353,#2645);
#2645 = DEFINITIONAL_REPRESENTATION('',(#2646),#2650);
#2646 = LINE('',#2647,#2648);
#2647 = CARTESIAN_POINT('',(3.29567897119E-02,-26.31));
#2648 = VECTOR('',#2649,1.);
#2649 = DIRECTION('',(1.,-0.));
#2650 = ( GEOMETRIC_REPRESENTATION_CONTEXT(2) 
PARAMETRIC_REPRESENTATION_CONTEXT() REPRESENTATION_CONTEXT('2D SPACE',''
  ) );
#2651 = PCURVE('',#1612,#2652);
#2652 = DEFINITIONAL_REPRESENTATION('',(#2653),#2657);
#2653 = LINE('',#2654,#2655);
#2654 = CARTESIAN_POINT('',(12.940712083575,-8.977371572295));
#2655 = VECTOR('',#2656,1.);
#2656 = DIRECTION('',(0.568279639046,0.822835495008));
#2657 = ( GEOMETRIC_REPRESENTATION_CONTEXT(2) 
PARAMETRIC_REPRESENTATION_CONTEXT() REPRESENTATION_CONTEXT('2D SPACE',''
  ) );
#2658 = ORIENTED_EDGE('',*,*,#2659,.F.);
#2659 = EDGE_CURVE('',#338,#2637,#2660,.T.);
#2660 = SURFACE_CURVE('',#2661,(#2665,#2672),.PCURVE_S1.);
#2661 = LINE('',#2662,#2663);
#2662 = CARTESIAN_POINT('',(-115.0824695849,-130.7763863049,-20.));
#2663 = VECTOR('',#2664,1.);
#2664 = DIRECTION('',(-0.,-0.,1.));
#2665 = PCURVE('',#353,#2666);
#2666 = DEFINITIONAL_REPRESENTATION('',(#2667),#2671);
#2667 = LINE('',#2668,#2669);
#2668 = CARTESIAN_POINT('',(-0.17568085548,0.));
#2669 = VECTOR('',#2670,1.);
#2670 = DIRECTION('',(-0.,-1.));
#2671 = ( GEOMETRIC_REPRESENTATION_CONTEXT(2) 
PARAMETRIC_REPRESENTATION_CONTEXT() REPRESENTATION_CONTEXT('2D SPACE',''
  ) );
#2672 = PCURVE('',#381,#2673);
#2673 = DEFINITIONAL_REPRESENTATION('',(#2674),#2678);
#2674 = LINE('',#2675,#2676);
#2675 = CARTESIAN_POINT('',(-0.,-0.));
#2676 = VECTOR('',#2677,1.);
#2677 = DIRECTION('',(-0.,-1.));
#2678 = ( GEOMETRIC_REPRESENTATION_CONTEXT(2) 
PARAMETRIC_REPRESENTATION_CONTEXT() REPRESENTATION_CONTEXT('2D SPACE',''
  ) );
#2679 = ADVANCED_FACE('',(#2680),#1204,.F.);
#2680 = FACE_BOUND('',#2681,.T.);
#2681 = EDGE_LOOP('',(#2682,#2705,#2726,#2727));
#2682 = ORIENTED_EDGE('',*,*,#2683,.T.);
#2683 = EDGE_CURVE('',#1160,#2684,#2686,.T.);
#2684 = VERTEX_POINT('',#2685);
#2685 = CARTESIAN_POINT('',(-137.0254041478,-107.8912385709,6.31));
#2686 = SURFACE_CURVE('',#2687,(#2691,#2698),.PCURVE_S1.);
#2687 = LINE('',#2688,#2689);
#2688 = CARTESIAN_POINT('',(-137.0254041478,-107.8912385709,4.81));
#2689 = VECTOR('',#2690,1.);
#2690 = DIRECTION('',(-0.,-0.,1.));
#2691 = PCURVE('',#1204,#2692);
#2692 = DEFINITIONAL_REPRESENTATION('',(#2693),#2697);
#2693 = LINE('',#2694,#2695);
#2694 = CARTESIAN_POINT('',(-0.,0.));
#2695 = VECTOR('',#2696,1.);
#2696 = DIRECTION('',(-0.,-1.));
#2697 = ( GEOMETRIC_REPRESENTATION_CONTEXT(2) 
PARAMETRIC_REPRESENTATION_CONTEXT() REPRESENTATION_CONTEXT('2D SPACE',''
  ) );
#2698 = PCURVE('',#1176,#2699);
#2699 = DEFINITIONAL_REPRESENTATION('',(#2700),#2704);
#2700 = LINE('',#2701,#2702);
#2701 = CARTESIAN_POINT('',(-1.570796326795,0.));
#2702 = VECTOR('',#2703,1.);
#2703 = DIRECTION('',(-0.,-1.));
#2704 = ( GEOMETRIC_REPRESENTATION_CONTEXT(2) 
PARAMETRIC_REPRESENTATION_CONTEXT() REPRESENTATION_CONTEXT('2D SPACE',''
  ) );
#2705 = ORIENTED_EDGE('',*,*,#2706,.T.);
#2706 = EDGE_CURVE('',#2684,#2586,#2707,.T.);
#2707 = SURFACE_CURVE('',#2708,(#2712,#2719),.PCURVE_S1.);
#2708 = LINE('',#2709,#2710);
#2709 = CARTESIAN_POINT('',(-137.0254041478,-107.8912385709,6.31));
#2710 = VECTOR('',#2711,1.);
#2711 = DIRECTION('',(0.608761429009,0.793353340291,-0.));
#2712 = PCURVE('',#1204,#2713);
#2713 = DEFINITIONAL_REPRESENTATION('',(#2714),#2718);
#2714 = LINE('',#2715,#2716);
#2715 = CARTESIAN_POINT('',(-0.,-1.5));
#2716 = VECTOR('',#2717,1.);
#2717 = DIRECTION('',(-1.,0.));
#2718 = ( GEOMETRIC_REPRESENTATION_CONTEXT(2) 
PARAMETRIC_REPRESENTATION_CONTEXT() REPRESENTATION_CONTEXT('2D SPACE',''
  ) );
#2719 = PCURVE('',#1612,#2720);
#2720 = DEFINITIONAL_REPRESENTATION('',(#2721),#2725);
#2721 = LINE('',#2722,#2723);
#2722 = CARTESIAN_POINT('',(-9.120787004996,13.736101701594));
#2723 = VECTOR('',#2724,1.);
#2724 = DIRECTION('',(0.608761429009,0.793353340291));
#2725 = ( GEOMETRIC_REPRESENTATION_CONTEXT(2) 
PARAMETRIC_REPRESENTATION_CONTEXT() REPRESENTATION_CONTEXT('2D SPACE',''
  ) );
#2726 = ORIENTED_EDGE('',*,*,#2609,.F.);
#2727 = ORIENTED_EDGE('',*,*,#1188,.F.);
#2728 = ADVANCED_FACE('',(#2729),#381,.F.);
#2729 = FACE_BOUND('',#2730,.T.);
#2730 = EDGE_LOOP('',(#2731,#2732,#2733,#2756));
#2731 = ORIENTED_EDGE('',*,*,#365,.T.);
#2732 = ORIENTED_EDGE('',*,*,#2659,.T.);
#2733 = ORIENTED_EDGE('',*,*,#2734,.F.);
#2734 = EDGE_CURVE('',#2735,#2637,#2737,.T.);
#2735 = VERTEX_POINT('',#2736);
#2736 = CARTESIAN_POINT('',(-115.190595892,-130.9148509744,6.31));
#2737 = SURFACE_CURVE('',#2738,(#2742,#2749),.PCURVE_S1.);
#2738 = LINE('',#2739,#2740);
#2739 = CARTESIAN_POINT('',(-115.2919551038,-131.0446498193,6.31));
#2740 = VECTOR('',#2741,1.);
#2741 = DIRECTION('',(0.615470062269,0.788160264445,-0.));
#2742 = PCURVE('',#381,#2743);
#2743 = DEFINITIONAL_REPRESENTATION('',(#2744),#2748);
#2744 = LINE('',#2745,#2746);
#2745 = CARTESIAN_POINT('',(-0.34036670779,-26.31));
#2746 = VECTOR('',#2747,1.);
#2747 = DIRECTION('',(1.,-0.));
#2748 = ( GEOMETRIC_REPRESENTATION_CONTEXT(2) 
PARAMETRIC_REPRESENTATION_CONTEXT() REPRESENTATION_CONTEXT('2D SPACE',''
  ) );
#2749 = PCURVE('',#1612,#2750);
#2750 = DEFINITIONAL_REPRESENTATION('',(#2751),#2755);
#2751 = LINE('',#2752,#2753);
#2752 = CARTESIAN_POINT('',(12.612662039036,-9.417309546774));
#2753 = VECTOR('',#2754,1.);
#2754 = DIRECTION('',(0.615470062269,0.788160264445));
#2755 = ( GEOMETRIC_REPRESENTATION_CONTEXT(2) 
PARAMETRIC_REPRESENTATION_CONTEXT() REPRESENTATION_CONTEXT('2D SPACE',''
  ) );
#2756 = ORIENTED_EDGE('',*,*,#2757,.F.);
#2757 = EDGE_CURVE('',#366,#2735,#2758,.T.);
#2758 = SURFACE_CURVE('',#2759,(#2763,#2770),.PCURVE_S1.);
#2759 = LINE('',#2760,#2761);
#2760 = CARTESIAN_POINT('',(-115.190595892,-130.9148509744,-20.));
#2761 = VECTOR('',#2762,1.);
#2762 = DIRECTION('',(-0.,-0.,1.));
#2763 = PCURVE('',#381,#2764);
#2764 = DEFINITIONAL_REPRESENTATION('',(#2765),#2769);
#2765 = LINE('',#2766,#2767);
#2766 = CARTESIAN_POINT('',(-0.17568085548,0.));
#2767 = VECTOR('',#2768,1.);
#2768 = DIRECTION('',(-0.,-1.));
#2769 = ( GEOMETRIC_REPRESENTATION_CONTEXT(2) 
PARAMETRIC_REPRESENTATION_CONTEXT() REPRESENTATION_CONTEXT('2D SPACE',''
  ) );
#2770 = PCURVE('',#409,#2771);
#2771 = DEFINITIONAL_REPRESENTATION('',(#2772),#2776);
#2772 = LINE('',#2773,#2774);
#2773 = CARTESIAN_POINT('',(-0.,-0.));
#2774 = VECTOR('',#2775,1.);
#2775 = DIRECTION('',(-0.,-1.));
#2776 = ( GEOMETRIC_REPRESENTATION_CONTEXT(2) 
PARAMETRIC_REPRESENTATION_CONTEXT() REPRESENTATION_CONTEXT('2D SPACE',''
  ) );
#2777 = ADVANCED_FACE('',(#2778),#1176,.T.);
#2778 = FACE_BOUND('',#2779,.F.);
#2779 = EDGE_LOOP('',(#2780,#2781,#2805,#2826));
#2780 = ORIENTED_EDGE('',*,*,#2683,.T.);
#2781 = ORIENTED_EDGE('',*,*,#2782,.T.);
#2782 = EDGE_CURVE('',#2684,#2783,#2785,.T.);
#2783 = VERTEX_POINT('',#2784);
#2784 = CARTESIAN_POINT('',(-137.15593034,-108.1173165676,6.31));
#2785 = SURFACE_CURVE('',#2786,(#2791,#2798),.PCURVE_S1.);
#2786 = CIRCLE('',#2787,1.);
#2787 = AXIS2_PLACEMENT_3D('',#2788,#2789,#2790);
#2788 = CARTESIAN_POINT('',(-136.2320508075,-108.5,6.31));
#2789 = DIRECTION('',(0.,0.,1.));
#2790 = DIRECTION('',(0.608761429009,0.793353340291,-0.));
#2791 = PCURVE('',#1176,#2792);
#2792 = DEFINITIONAL_REPRESENTATION('',(#2793),#2797);
#2793 = LINE('',#2794,#2795);
#2794 = CARTESIAN_POINT('',(-0.,-1.5));
#2795 = VECTOR('',#2796,1.);
#2796 = DIRECTION('',(-1.,0.));
#2797 = ( GEOMETRIC_REPRESENTATION_CONTEXT(2) 
PARAMETRIC_REPRESENTATION_CONTEXT() REPRESENTATION_CONTEXT('2D SPACE',''
  ) );
#2798 = PCURVE('',#1612,#2799);
#2799 = DEFINITIONAL_REPRESENTATION('',(#2800),#2804);
#2800 = CIRCLE('',#2801,1.);
#2801 = AXIS2_PLACEMENT_2D('',#2802,#2803);
#2802 = CARTESIAN_POINT('',(-8.327433664705,13.127340272586));
#2803 = DIRECTION('',(0.608761429009,0.793353340291));
#2804 = ( GEOMETRIC_REPRESENTATION_CONTEXT(2) 
PARAMETRIC_REPRESENTATION_CONTEXT() REPRESENTATION_CONTEXT('2D SPACE',''
  ) );
#2805 = ORIENTED_EDGE('',*,*,#2806,.F.);
#2806 = EDGE_CURVE('',#1132,#2783,#2807,.T.);
#2807 = SURFACE_CURVE('',#2808,(#2812,#2819),.PCURVE_S1.);
#2808 = LINE('',#2809,#2810);
#2809 = CARTESIAN_POINT('',(-137.15593034,-108.1173165676,4.81));
#2810 = VECTOR('',#2811,1.);
#2811 = DIRECTION('',(-0.,-0.,1.));
#2812 = PCURVE('',#1176,#2813);
#2813 = DEFINITIONAL_REPRESENTATION('',(#2814),#2818);
#2814 = LINE('',#2815,#2816);
#2815 = CARTESIAN_POINT('',(-1.832595714594,0.));
#2816 = VECTOR('',#2817,1.);
#2817 = DIRECTION('',(-0.,-1.));
#2818 = ( GEOMETRIC_REPRESENTATION_CONTEXT(2) 
PARAMETRIC_REPRESENTATION_CONTEXT() REPRESENTATION_CONTEXT('2D SPACE',''
  ) );
#2819 = PCURVE('',#1147,#2820);
#2820 = DEFINITIONAL_REPRESENTATION('',(#2821),#2825);
#2821 = LINE('',#2822,#2823);
#2822 = CARTESIAN_POINT('',(-0.52210476888,0.));
#2823 = VECTOR('',#2824,1.);
#2824 = DIRECTION('',(-0.,-1.));
#2825 = ( GEOMETRIC_REPRESENTATION_CONTEXT(2) 
PARAMETRIC_REPRESENTATION_CONTEXT() REPRESENTATION_CONTEXT('2D SPACE',''
  ) );
#2826 = ORIENTED_EDGE('',*,*,#1159,.F.);
#2827 = ADVANCED_FACE('',(#2828),#409,.F.);
#2828 = FACE_BOUND('',#2829,.T.);
#2829 = EDGE_LOOP('',(#2830,#2831,#2832,#2855));
#2830 = ORIENTED_EDGE('',*,*,#393,.T.);
#2831 = ORIENTED_EDGE('',*,*,#2757,.T.);
#2832 = ORIENTED_EDGE('',*,*,#2833,.F.);
#2833 = EDGE_CURVE('',#2834,#2735,#2836,.T.);
#2834 = VERTEX_POINT('',#2835);
#2835 = CARTESIAN_POINT('',(-115.3066418546,-131.0467490318,6.31));
#2836 = SURFACE_CURVE('',#2837,(#2841,#2848),.PCURVE_S1.);
#2837 = LINE('',#2838,#2839);
#2838 = CARTESIAN_POINT('',(-115.6613523305,-131.4499136198,6.31));
#2839 = VECTOR('',#2840,1.);
#2840 = DIRECTION('',(0.660549849294,0.750782189851,-0.));
#2841 = PCURVE('',#409,#2842);
#2842 = DEFINITIONAL_REPRESENTATION('',(#2843),#2847);
#2843 = LINE('',#2844,#2845);
#2844 = CARTESIAN_POINT('',(-0.712673599064,-26.31));
#2845 = VECTOR('',#2846,1.);
#2846 = DIRECTION('',(1.,-0.));
#2847 = ( GEOMETRIC_REPRESENTATION_CONTEXT(2) 
PARAMETRIC_REPRESENTATION_CONTEXT() REPRESENTATION_CONTEXT('2D SPACE',''
  ) );
#2848 = PCURVE('',#1612,#2849);
#2849 = DEFINITIONAL_REPRESENTATION('',(#2850),#2854);
#2850 = LINE('',#2851,#2852);
#2851 = CARTESIAN_POINT('',(12.243264812355,-9.822573347221));
#2852 = VECTOR('',#2853,1.);
#2853 = DIRECTION('',(0.660549849294,0.750782189851));
#2854 = ( GEOMETRIC_REPRESENTATION_CONTEXT(2) 
PARAMETRIC_REPRESENTATION_CONTEXT() REPRESENTATION_CONTEXT('2D SPACE',''
  ) );
#2855 = ORIENTED_EDGE('',*,*,#2856,.F.);
#2856 = EDGE_CURVE('',#394,#2834,#2857,.T.);
#2857 = SURFACE_CURVE('',#2858,(#2862,#2869),.PCURVE_S1.);
#2858 = LINE('',#2859,#2860);
#2859 = CARTESIAN_POINT('',(-115.3066418546,-131.0467490318,-20.));
#2860 = VECTOR('',#2861,1.);
#2861 = DIRECTION('',(-0.,-0.,1.));
#2862 = PCURVE('',#409,#2863);
#2863 = DEFINITIONAL_REPRESENTATION('',(#2864),#2868);
#2864 = LINE('',#2865,#2866);
#2865 = CARTESIAN_POINT('',(-0.17568085548,0.));
#2866 = VECTOR('',#2867,1.);
#2867 = DIRECTION('',(-0.,-1.));
#2868 = ( GEOMETRIC_REPRESENTATION_CONTEXT(2) 
PARAMETRIC_REPRESENTATION_CONTEXT() REPRESENTATION_CONTEXT('2D SPACE',''
  ) );
#2869 = PCURVE('',#437,#2870);
#2870 = DEFINITIONAL_REPRESENTATION('',(#2871),#2875);
#2871 = LINE('',#2872,#2873);
#2872 = CARTESIAN_POINT('',(-0.,-0.));
#2873 = VECTOR('',#2874,1.);
#2874 = DIRECTION('',(-0.,-1.));
#2875 = ( GEOMETRIC_REPRESENTATION_CONTEXT(2) 
PARAMETRIC_REPRESENTATION_CONTEXT() REPRESENTATION_CONTEXT('2D SPACE',''
  ) );
#2876 = ADVANCED_FACE('',(#2877),#1147,.F.);
#2877 = FACE_BOUND('',#2878,.T.);
#2878 = EDGE_LOOP('',(#2879,#2902,#2923,#2924));
#2879 = ORIENTED_EDGE('',*,*,#2880,.T.);
#2880 = EDGE_CURVE('',#1103,#2881,#2883,.T.);
#2881 = VERTEX_POINT('',#2882);
#2882 = CARTESIAN_POINT('',(-137.355731185,-108.5996784774,6.31));
#2883 = SURFACE_CURVE('',#2884,(#2888,#2895),.PCURVE_S1.);
#2884 = LINE('',#2885,#2886);
#2885 = CARTESIAN_POINT('',(-137.355731185,-108.5996784774,4.81));
#2886 = VECTOR('',#2887,1.);
#2887 = DIRECTION('',(-0.,-0.,1.));
#2888 = PCURVE('',#1147,#2889);
#2889 = DEFINITIONAL_REPRESENTATION('',(#2890),#2894);
#2890 = LINE('',#2891,#2892);
#2891 = CARTESIAN_POINT('',(-0.,0.));
#2892 = VECTOR('',#2893,1.);
#2893 = DIRECTION('',(-0.,-1.));
#2894 = ( GEOMETRIC_REPRESENTATION_CONTEXT(2) 
PARAMETRIC_REPRESENTATION_CONTEXT() REPRESENTATION_CONTEXT('2D SPACE',''
  ) );
#2895 = PCURVE('',#1119,#2896);
#2896 = DEFINITIONAL_REPRESENTATION('',(#2897),#2901);
#2897 = LINE('',#2898,#2899);
#2898 = CARTESIAN_POINT('',(-1.570796326795,0.));
#2899 = VECTOR('',#2900,1.);
#2900 = DIRECTION('',(-0.,-1.));
#2901 = ( GEOMETRIC_REPRESENTATION_CONTEXT(2) 
PARAMETRIC_REPRESENTATION_CONTEXT() REPRESENTATION_CONTEXT('2D SPACE',''
  ) );
#2902 = ORIENTED_EDGE('',*,*,#2903,.T.);
#2903 = EDGE_CURVE('',#2881,#2783,#2904,.T.);
#2904 = SURFACE_CURVE('',#2905,(#2909,#2916),.PCURVE_S1.);
#2905 = LINE('',#2906,#2907);
#2906 = CARTESIAN_POINT('',(-137.355731185,-108.5996784774,6.31));
#2907 = VECTOR('',#2908,1.);
#2908 = DIRECTION('',(0.382683432365,0.923879532511,-0.));
#2909 = PCURVE('',#1147,#2910);
#2910 = DEFINITIONAL_REPRESENTATION('',(#2911),#2915);
#2911 = LINE('',#2912,#2913);
#2912 = CARTESIAN_POINT('',(-0.,-1.5));
#2913 = VECTOR('',#2914,1.);
#2914 = DIRECTION('',(-1.,0.));
#2915 = ( GEOMETRIC_REPRESENTATION_CONTEXT(2) 
PARAMETRIC_REPRESENTATION_CONTEXT() REPRESENTATION_CONTEXT('2D SPACE',''
  ) );
#2916 = PCURVE('',#1612,#2917);
#2917 = DEFINITIONAL_REPRESENTATION('',(#2918),#2922);
#2918 = LINE('',#2919,#2920);
#2919 = CARTESIAN_POINT('',(-9.451114042225,13.027661795156));
#2920 = VECTOR('',#2921,1.);
#2921 = DIRECTION('',(0.382683432365,0.923879532511));
#2922 = ( GEOMETRIC_REPRESENTATION_CONTEXT(2) 
PARAMETRIC_REPRESENTATION_CONTEXT() REPRESENTATION_CONTEXT('2D SPACE',''
  ) );
#2923 = ORIENTED_EDGE('',*,*,#2806,.F.);
#2924 = ORIENTED_EDGE('',*,*,#1131,.F.);
#2925 = ADVANCED_FACE('',(#2926),#437,.F.);
#2926 = FACE_BOUND('',#2927,.T.);
#2927 = EDGE_LOOP('',(#2928,#2951,#2952,#2953,#2976,#3004));
#2928 = ORIENTED_EDGE('',*,*,#2929,.F.);
#2929 = EDGE_CURVE('',#422,#2930,#2932,.T.);
#2930 = VERTEX_POINT('',#2931);
#2931 = CARTESIAN_POINT('',(-115.3686078957,-131.1093727394,4.82));
#2932 = SURFACE_CURVE('',#2933,(#2937,#2944),.PCURVE_S1.);
#2933 = LINE('',#2934,#2935);
#2934 = CARTESIAN_POINT('',(-115.3686078957,-131.1093727394,0.91));
#2935 = VECTOR('',#2936,1.);
#2936 = DIRECTION('',(-0.,-0.,1.));
#2937 = PCURVE('',#437,#2938);
#2938 = DEFINITIONAL_REPRESENTATION('',(#2939),#2943);
#2939 = LINE('',#2940,#2941);
#2940 = CARTESIAN_POINT('',(-8.809948353093E-02,-20.91));
#2941 = VECTOR('',#2942,1.);
#2942 = DIRECTION('',(-0.,-1.));
#2943 = ( GEOMETRIC_REPRESENTATION_CONTEXT(2) 
PARAMETRIC_REPRESENTATION_CONTEXT() REPRESENTATION_CONTEXT('2D SPACE',''
  ) );
#2944 = PCURVE('',#470,#2945);
#2945 = DEFINITIONAL_REPRESENTATION('',(#2946),#2950);
#2946 = LINE('',#2947,#2948);
#2947 = CARTESIAN_POINT('',(-3.729807154425,0.));
#2948 = VECTOR('',#2949,1.);
#2949 = DIRECTION('',(-0.,1.));
#2950 = ( GEOMETRIC_REPRESENTATION_CONTEXT(2) 
PARAMETRIC_REPRESENTATION_CONTEXT() REPRESENTATION_CONTEXT('2D SPACE',''
  ) );
#2951 = ORIENTED_EDGE('',*,*,#421,.T.);
#2952 = ORIENTED_EDGE('',*,*,#2856,.T.);
#2953 = ORIENTED_EDGE('',*,*,#2954,.F.);
#2954 = EDGE_CURVE('',#2955,#2834,#2957,.T.);
#2955 = VERTEX_POINT('',#2956);
#2956 = CARTESIAN_POINT('',(-115.4302095155,-131.171628158,6.31));
#2957 = SURFACE_CURVE('',#2958,(#2962,#2969),.PCURVE_S1.);
#2958 = LINE('',#2959,#2960);
#2959 = CARTESIAN_POINT('',(-116.0681654459,-131.8163549307,6.31));
#2960 = VECTOR('',#2961,1.);
#2961 = DIRECTION('',(0.703364407661,0.710829452144,-0.));
#2962 = PCURVE('',#437,#2963);
#2963 = DEFINITIONAL_REPRESENTATION('',(#2964),#2968);
#2964 = LINE('',#2965,#2966);
#2965 = CARTESIAN_POINT('',(-1.082687129228,-26.31));
#2966 = VECTOR('',#2967,1.);
#2967 = DIRECTION('',(1.,-0.));
#2968 = ( GEOMETRIC_REPRESENTATION_CONTEXT(2) 
PARAMETRIC_REPRESENTATION_CONTEXT() REPRESENTATION_CONTEXT('2D SPACE',''
  ) );
#2969 = PCURVE('',#1612,#2970);
#2970 = DEFINITIONAL_REPRESENTATION('',(#2971),#2975);
#2971 = LINE('',#2972,#2973);
#2972 = CARTESIAN_POINT('',(11.836451696868,-10.18901465817));
#2973 = VECTOR('',#2974,1.);
#2974 = DIRECTION('',(0.703364407661,0.710829452144));
#2975 = ( GEOMETRIC_REPRESENTATION_CONTEXT(2) 
PARAMETRIC_REPRESENTATION_CONTEXT() REPRESENTATION_CONTEXT('2D SPACE',''
  ) );
#2976 = ORIENTED_EDGE('',*,*,#2977,.F.);
#2977 = EDGE_CURVE('',#2978,#2955,#2980,.T.);
#2978 = VERTEX_POINT('',#2979);
#2979 = CARTESIAN_POINT('',(-115.4302095155,-131.171628158,4.82));
#2980 = SURFACE_CURVE('',#2981,(#2985,#2992),.PCURVE_S1.);
#2981 = LINE('',#2982,#2983);
#2982 = CARTESIAN_POINT('',(-115.4302095155,-131.171628158,-20.));
#2983 = VECTOR('',#2984,1.);
#2984 = DIRECTION('',(-0.,-0.,1.));
#2985 = PCURVE('',#437,#2986);
#2986 = DEFINITIONAL_REPRESENTATION('',(#2987),#2991);
#2987 = LINE('',#2988,#2989);
#2988 = CARTESIAN_POINT('',(-0.17568085548,0.));
#2989 = VECTOR('',#2990,1.);
#2990 = DIRECTION('',(-0.,-1.));
#2991 = ( GEOMETRIC_REPRESENTATION_CONTEXT(2) 
PARAMETRIC_REPRESENTATION_CONTEXT() REPRESENTATION_CONTEXT('2D SPACE',''
  ) );
#2992 = PCURVE('',#2993,#2998);
#2993 = PLANE('',#2994);
#2994 = AXIS2_PLACEMENT_3D('',#2995,#2996,#2997);
#2995 = CARTESIAN_POINT('',(-115.4302095155,-131.171628158,-20.));
#2996 = DIRECTION('',(-0.668439061552,0.743766913079,-0.));
#2997 = DIRECTION('',(0.743766913079,0.668439061552,0.));
#2998 = DEFINITIONAL_REPRESENTATION('',(#2999),#3003);
#2999 = LINE('',#3000,#3001);
#3000 = CARTESIAN_POINT('',(-0.,-0.));
#3001 = VECTOR('',#3002,1.);
#3002 = DIRECTION('',(-0.,-1.));
#3003 = ( GEOMETRIC_REPRESENTATION_CONTEXT(2) 
PARAMETRIC_REPRESENTATION_CONTEXT() REPRESENTATION_CONTEXT('2D SPACE',''
  ) );
#3004 = ORIENTED_EDGE('',*,*,#3005,.F.);
#3005 = EDGE_CURVE('',#2930,#2978,#3006,.T.);
#3006 = SURFACE_CURVE('',#3007,(#3011,#3018),.PCURVE_S1.);
#3007 = LINE('',#3008,#3009);
#3008 = CARTESIAN_POINT('',(-115.438239038,-131.1797429006,4.82));
#3009 = VECTOR('',#3010,1.);
#3010 = DIRECTION('',(-0.703364407661,-0.710829452144,-0.));
#3011 = PCURVE('',#437,#3012);
#3012 = DEFINITIONAL_REPRESENTATION('',(#3013),#3017);
#3013 = LINE('',#3014,#3015);
#3014 = CARTESIAN_POINT('',(-0.18709673379,-24.82));
#3015 = VECTOR('',#3016,1.);
#3016 = DIRECTION('',(-1.,0.));
#3017 = ( GEOMETRIC_REPRESENTATION_CONTEXT(2) 
PARAMETRIC_REPRESENTATION_CONTEXT() REPRESENTATION_CONTEXT('2D SPACE',''
  ) );
#3018 = PCURVE('',#3019,#3024);
#3019 = PLANE('',#3020);
#3020 = AXIS2_PLACEMENT_3D('',#3021,#3022,#3023);
#3021 = CARTESIAN_POINT('',(-116.616507,-130.277058,4.82));
#3022 = DIRECTION('',(-0.,-0.,1.));
#3023 = DIRECTION('',(1.,0.,0.));
#3024 = DEFINITIONAL_REPRESENTATION('',(#3025),#3029);
#3025 = LINE('',#3026,#3027);
#3026 = CARTESIAN_POINT('',(1.178267961999,-0.902684900623));
#3027 = VECTOR('',#3028,1.);
#3028 = DIRECTION('',(-0.703364407661,-0.710829452144));
#3029 = ( GEOMETRIC_REPRESENTATION_CONTEXT(2) 
PARAMETRIC_REPRESENTATION_CONTEXT() REPRESENTATION_CONTEXT('2D SPACE',''
  ) );
#3030 = ADVANCED_FACE('',(#3031),#1119,.T.);
#3031 = FACE_BOUND('',#3032,.F.);
#3032 = EDGE_LOOP('',(#3033,#3034,#3058,#3079));
#3033 = ORIENTED_EDGE('',*,*,#2880,.T.);
#3034 = ORIENTED_EDGE('',*,*,#3035,.T.);
#3035 = EDGE_CURVE('',#2881,#3036,#3038,.T.);
#3036 = VERTEX_POINT('',#3037);
#3037 = CARTESIAN_POINT('',(-137.4129972794,-108.7890919977,6.31));
#3038 = SURFACE_CURVE('',#3039,(#3044,#3051),.PCURVE_S1.);
#3039 = CIRCLE('',#3040,1.);
#3040 = AXIS2_PLACEMENT_3D('',#3041,#3042,#3043);
#3041 = CARTESIAN_POINT('',(-136.4318516525,-108.9823619097,6.31));
#3042 = DIRECTION('',(0.,0.,1.));
#3043 = DIRECTION('',(0.382683432365,0.923879532511,-0.));
#3044 = PCURVE('',#1119,#3045);
#3045 = DEFINITIONAL_REPRESENTATION('',(#3046),#3050);
#3046 = LINE('',#3047,#3048);
#3047 = CARTESIAN_POINT('',(-0.,-1.5));
#3048 = VECTOR('',#3049,1.);
#3049 = DIRECTION('',(-1.,0.));
#3050 = ( GEOMETRIC_REPRESENTATION_CONTEXT(2) 
PARAMETRIC_REPRESENTATION_CONTEXT() REPRESENTATION_CONTEXT('2D SPACE',''
  ) );
#3051 = PCURVE('',#1612,#3052);
#3052 = DEFINITIONAL_REPRESENTATION('',(#3053),#3057);
#3053 = CIRCLE('',#3054,1.);
#3054 = AXIS2_PLACEMENT_2D('',#3055,#3056);
#3055 = CARTESIAN_POINT('',(-8.527234509714,12.644978362791));
#3056 = DIRECTION('',(0.382683432365,0.923879532511));
#3057 = ( GEOMETRIC_REPRESENTATION_CONTEXT(2) 
PARAMETRIC_REPRESENTATION_CONTEXT() REPRESENTATION_CONTEXT('2D SPACE',''
  ) );
#3058 = ORIENTED_EDGE('',*,*,#3059,.F.);
#3059 = EDGE_CURVE('',#1075,#3036,#3060,.T.);
#3060 = SURFACE_CURVE('',#3061,(#3065,#3072),.PCURVE_S1.);
#3061 = LINE('',#3062,#3063);
#3062 = CARTESIAN_POINT('',(-137.4129972794,-108.7890919977,4.81));
#3063 = VECTOR('',#3064,1.);
#3064 = DIRECTION('',(-0.,-0.,1.));
#3065 = PCURVE('',#1119,#3066);
#3066 = DEFINITIONAL_REPRESENTATION('',(#3067),#3071);
#3067 = LINE('',#3068,#3069);
#3068 = CARTESIAN_POINT('',(-1.769001600092,0.));
#3069 = VECTOR('',#3070,1.);
#3070 = DIRECTION('',(-0.,-1.));
#3071 = ( GEOMETRIC_REPRESENTATION_CONTEXT(2) 
PARAMETRIC_REPRESENTATION_CONTEXT() REPRESENTATION_CONTEXT('2D SPACE',''
  ) );
#3072 = PCURVE('',#1090,#3073);
#3073 = DEFINITIONAL_REPRESENTATION('',(#3074),#3078);
#3074 = LINE('',#3075,#3076);
#3075 = CARTESIAN_POINT('',(-21.28011523327,0.));
#3076 = VECTOR('',#3077,1.);
#3077 = DIRECTION('',(-0.,-1.));
#3078 = ( GEOMETRIC_REPRESENTATION_CONTEXT(2) 
PARAMETRIC_REPRESENTATION_CONTEXT() REPRESENTATION_CONTEXT('2D SPACE',''
  ) );
#3079 = ORIENTED_EDGE('',*,*,#1102,.F.);
#3080 = ADVANCED_FACE('',(#3081),#470,.T.);
#3081 = FACE_BOUND('',#3082,.F.);
#3082 = EDGE_LOOP('',(#3083,#3111,#3112,#3113,#3136,#3167,#3168,#3169));
#3083 = ORIENTED_EDGE('',*,*,#3084,.F.);
#3084 = EDGE_CURVE('',#2930,#3085,#3087,.T.);
#3085 = VERTEX_POINT('',#3086);
#3086 = CARTESIAN_POINT('',(-116.2750496064,-131.7376766526,4.82));
#3087 = SURFACE_CURVE('',#3088,(#3093,#3100),.PCURVE_S1.);
#3088 = CIRCLE('',#3089,1.5);
#3089 = AXIS2_PLACEMENT_3D('',#3090,#3091,#3092);
#3090 = CARTESIAN_POINT('',(-116.616507,-130.277058,4.82));
#3091 = DIRECTION('',(0.,0.,-1.));
#3092 = DIRECTION('',(-1.,-0.,-0.));
#3093 = PCURVE('',#470,#3094);
#3094 = DEFINITIONAL_REPRESENTATION('',(#3095),#3099);
#3095 = LINE('',#3096,#3097);
#3096 = CARTESIAN_POINT('',(-0.,3.91));
#3097 = VECTOR('',#3098,1.);
#3098 = DIRECTION('',(-1.,0.));
#3099 = ( GEOMETRIC_REPRESENTATION_CONTEXT(2) 
PARAMETRIC_REPRESENTATION_CONTEXT() REPRESENTATION_CONTEXT('2D SPACE',''
  ) );
#3100 = PCURVE('',#3019,#3101);
#3101 = DEFINITIONAL_REPRESENTATION('',(#3102),#3110);
#3102 = ( BOUNDED_CURVE() B_SPLINE_CURVE(2,(#3103,#3104,#3105,#3106,
#3107,#3108,#3109),.UNSPECIFIED.,.T.,.F.) B_SPLINE_CURVE_WITH_KNOTS((1,2
    ,2,2,2,1),(-2.094395102393,0.,2.094395102393,4.188790204786,
6.28318530718,8.377580409573),.UNSPECIFIED.) CURVE() 
GEOMETRIC_REPRESENTATION_ITEM() RATIONAL_B_SPLINE_CURVE((1.,0.5,1.,0.5,
1.,0.5,1.)) REPRESENTATION_ITEM('') );
#3103 = CARTESIAN_POINT('',(-1.5,0.));
#3104 = CARTESIAN_POINT('',(-1.5,2.598076211353));
#3105 = CARTESIAN_POINT('',(0.75,1.299038105677));
#3106 = CARTESIAN_POINT('',(3.,3.673940397442E-16));
#3107 = CARTESIAN_POINT('',(0.75,-1.299038105677));
#3108 = CARTESIAN_POINT('',(-1.5,-2.598076211353));
#3109 = CARTESIAN_POINT('',(-1.5,0.));
#3110 = ( GEOMETRIC_REPRESENTATION_CONTEXT(2) 
PARAMETRIC_REPRESENTATION_CONTEXT() REPRESENTATION_CONTEXT('2D SPACE',''
  ) );
#3111 = ORIENTED_EDGE('',*,*,#2929,.F.);
#3112 = ORIENTED_EDGE('',*,*,#449,.F.);
#3113 = ORIENTED_EDGE('',*,*,#3114,.F.);
#3114 = EDGE_CURVE('',#3115,#450,#3117,.T.);
#3115 = VERTEX_POINT('',#3116);
#3116 = CARTESIAN_POINT('',(-118.116507,-130.277058,0.91));
#3117 = SEAM_CURVE('',#3118,(#3122,#3129),.PCURVE_S1.);
#3118 = LINE('',#3119,#3120);
#3119 = CARTESIAN_POINT('',(-118.116507,-130.277058,0.91));
#3120 = VECTOR('',#3121,1.);
#3121 = DIRECTION('',(-0.,-0.,1.));
#3122 = PCURVE('',#470,#3123);
#3123 = DEFINITIONAL_REPRESENTATION('',(#3124),#3128);
#3124 = LINE('',#3125,#3126);
#3125 = CARTESIAN_POINT('',(-6.28318530718,-0.));
#3126 = VECTOR('',#3127,1.);
#3127 = DIRECTION('',(-0.,1.));
#3128 = ( GEOMETRIC_REPRESENTATION_CONTEXT(2) 
PARAMETRIC_REPRESENTATION_CONTEXT() REPRESENTATION_CONTEXT('2D SPACE',''
  ) );
#3129 = PCURVE('',#470,#3130);
#3130 = DEFINITIONAL_REPRESENTATION('',(#3131),#3135);
#3131 = LINE('',#3132,#3133);
#3132 = CARTESIAN_POINT('',(-0.,-0.));
#3133 = VECTOR('',#3134,1.);
#3134 = DIRECTION('',(-0.,1.));
#3135 = ( GEOMETRIC_REPRESENTATION_CONTEXT(2) 
PARAMETRIC_REPRESENTATION_CONTEXT() REPRESENTATION_CONTEXT('2D SPACE',''
  ) );
#3136 = ORIENTED_EDGE('',*,*,#3137,.T.);
#3137 = EDGE_CURVE('',#3115,#3115,#3138,.T.);
#3138 = SURFACE_CURVE('',#3139,(#3144,#3151),.PCURVE_S1.);
#3139 = CIRCLE('',#3140,1.5);
#3140 = AXIS2_PLACEMENT_3D('',#3141,#3142,#3143);
#3141 = CARTESIAN_POINT('',(-116.616507,-130.277058,0.91));
#3142 = DIRECTION('',(0.,0.,-1.));
#3143 = DIRECTION('',(-1.,-0.,-0.));
#3144 = PCURVE('',#470,#3145);
#3145 = DEFINITIONAL_REPRESENTATION('',(#3146),#3150);
#3146 = LINE('',#3147,#3148);
#3147 = CARTESIAN_POINT('',(-0.,0.));
#3148 = VECTOR('',#3149,1.);
#3149 = DIRECTION('',(-1.,0.));
#3150 = ( GEOMETRIC_REPRESENTATION_CONTEXT(2) 
PARAMETRIC_REPRESENTATION_CONTEXT() REPRESENTATION_CONTEXT('2D SPACE',''
  ) );
#3151 = PCURVE('',#3152,#3157);
#3152 = PLANE('',#3153);
#3153 = AXIS2_PLACEMENT_3D('',#3154,#3155,#3156);
#3154 = CARTESIAN_POINT('',(-116.616507,-130.277058,0.91));
#3155 = DIRECTION('',(-0.,-0.,1.));
#3156 = DIRECTION('',(1.,0.,0.));
#3157 = DEFINITIONAL_REPRESENTATION('',(#3158),#3166);
#3158 = ( BOUNDED_CURVE() B_SPLINE_CURVE(2,(#3159,#3160,#3161,#3162,
#3163,#3164,#3165),.UNSPECIFIED.,.T.,.F.) B_SPLINE_CURVE_WITH_KNOTS((1,2
    ,2,2,2,1),(-2.094395102393,0.,2.094395102393,4.188790204786,
6.28318530718,8.377580409573),.UNSPECIFIED.) CURVE() 
GEOMETRIC_REPRESENTATION_ITEM() RATIONAL_B_SPLINE_CURVE((1.,0.5,1.,0.5,
1.,0.5,1.)) REPRESENTATION_ITEM('') );
#3159 = CARTESIAN_POINT('',(-1.5,0.));
#3160 = CARTESIAN_POINT('',(-1.5,2.598076211353));
#3161 = CARTESIAN_POINT('',(0.75,1.299038105677));
#3162 = CARTESIAN_POINT('',(3.,3.673940397442E-16));
#3163 = CARTESIAN_POINT('',(0.75,-1.299038105677));
#3164 = CARTESIAN_POINT('',(-1.5,-2.598076211353));
#3165 = CARTESIAN_POINT('',(-1.5,0.));
#3166 = ( GEOMETRIC_REPRESENTATION_CONTEXT(2) 
PARAMETRIC_REPRESENTATION_CONTEXT() REPRESENTATION_CONTEXT('2D SPACE',''
  ) );
#3167 = ORIENTED_EDGE('',*,*,#3114,.T.);
#3168 = ORIENTED_EDGE('',*,*,#482,.F.);
#3169 = ORIENTED_EDGE('',*,*,#3170,.T.);
#3170 = EDGE_CURVE('',#483,#3085,#3171,.T.);
#3171 = SURFACE_CURVE('',#3172,(#3176,#3183),.PCURVE_S1.);
#3172 = LINE('',#3173,#3174);
#3173 = CARTESIAN_POINT('',(-116.2750496064,-131.7376766526,0.91));
#3174 = VECTOR('',#3175,1.);
#3175 = DIRECTION('',(-0.,-0.,1.));
#3176 = PCURVE('',#470,#3177);
#3177 = DEFINITIONAL_REPRESENTATION('',(#3178),#3182);
#3178 = LINE('',#3179,#3180);
#3179 = CARTESIAN_POINT('',(-4.482737402956,0.));
#3180 = VECTOR('',#3181,1.);
#3181 = DIRECTION('',(-0.,1.));
#3182 = ( GEOMETRIC_REPRESENTATION_CONTEXT(2) 
PARAMETRIC_REPRESENTATION_CONTEXT() REPRESENTATION_CONTEXT('2D SPACE',''
  ) );
#3183 = PCURVE('',#526,#3184);
#3184 = DEFINITIONAL_REPRESENTATION('',(#3185),#3189);
#3185 = LINE('',#3186,#3187);
#3186 = CARTESIAN_POINT('',(-0.143444728718,-20.91));
#3187 = VECTOR('',#3188,1.);
#3188 = DIRECTION('',(-0.,-1.));
#3189 = ( GEOMETRIC_REPRESENTATION_CONTEXT(2) 
PARAMETRIC_REPRESENTATION_CONTEXT() REPRESENTATION_CONTEXT('2D SPACE',''
  ) );
#3190 = ADVANCED_FACE('',(#3191),#1090,.F.);
#3191 = FACE_BOUND('',#3192,.T.);
#3192 = EDGE_LOOP('',(#3193,#3194,#3217,#3238));
#3193 = ORIENTED_EDGE('',*,*,#1074,.F.);
#3194 = ORIENTED_EDGE('',*,*,#3195,.T.);
#3195 = EDGE_CURVE('',#1047,#3196,#3198,.T.);
#3196 = VERTEX_POINT('',#3197);
#3197 = CARTESIAN_POINT('',(-141.125,-127.6332835074,6.31));
#3198 = SURFACE_CURVE('',#3199,(#3203,#3210),.PCURVE_S1.);
#3199 = LINE('',#3200,#3201);
#3200 = CARTESIAN_POINT('',(-141.125,-127.6332835074,-7.595));
#3201 = VECTOR('',#3202,1.);
#3202 = DIRECTION('',(-0.,-0.,1.));
#3203 = PCURVE('',#1090,#3204);
#3204 = DEFINITIONAL_REPRESENTATION('',(#3205),#3209);
#3205 = LINE('',#3206,#3207);
#3206 = CARTESIAN_POINT('',(-2.073800702517,12.405));
#3207 = VECTOR('',#3208,1.);
#3208 = DIRECTION('',(-0.,-1.));
#3209 = ( GEOMETRIC_REPRESENTATION_CONTEXT(2) 
PARAMETRIC_REPRESENTATION_CONTEXT() REPRESENTATION_CONTEXT('2D SPACE',''
  ) );
#3210 = PCURVE('',#1062,#3211);
#3211 = DEFINITIONAL_REPRESENTATION('',(#3212),#3216);
#3212 = LINE('',#3213,#3214);
#3213 = CARTESIAN_POINT('',(-16.25828350749,-12.405));
#3214 = VECTOR('',#3215,1.);
#3215 = DIRECTION('',(-0.,-1.));
#3216 = ( GEOMETRIC_REPRESENTATION_CONTEXT(2) 
PARAMETRIC_REPRESENTATION_CONTEXT() REPRESENTATION_CONTEXT('2D SPACE',''
  ) );
#3217 = ORIENTED_EDGE('',*,*,#3218,.T.);
#3218 = EDGE_CURVE('',#3196,#3036,#3219,.T.);
#3219 = SURFACE_CURVE('',#3220,(#3224,#3231),.PCURVE_S1.);
#3220 = LINE('',#3221,#3222);
#3221 = CARTESIAN_POINT('',(-141.5258032794,-129.6679839977,6.31));
#3222 = VECTOR('',#3223,1.);
#3223 = DIRECTION('',(0.193269912071,0.981145626851,-0.));
#3224 = PCURVE('',#1090,#3225);
#3225 = DEFINITIONAL_REPRESENTATION('',(#3226),#3230);
#3226 = LINE('',#3227,#3228);
#3227 = CARTESIAN_POINT('',(-0.,-1.5));
#3228 = VECTOR('',#3229,1.);
#3229 = DIRECTION('',(-1.,0.));
#3230 = ( GEOMETRIC_REPRESENTATION_CONTEXT(2) 
PARAMETRIC_REPRESENTATION_CONTEXT() REPRESENTATION_CONTEXT('2D SPACE',''
  ) );
#3231 = PCURVE('',#1612,#3232);
#3232 = DEFINITIONAL_REPRESENTATION('',(#3233),#3237);
#3233 = LINE('',#3234,#3235);
#3234 = CARTESIAN_POINT('',(-13.62118613656,-8.040643725138));
#3235 = VECTOR('',#3236,1.);
#3236 = DIRECTION('',(0.193269912071,0.981145626851));
#3237 = ( GEOMETRIC_REPRESENTATION_CONTEXT(2) 
PARAMETRIC_REPRESENTATION_CONTEXT() REPRESENTATION_CONTEXT('2D SPACE',''
  ) );
#3238 = ORIENTED_EDGE('',*,*,#3059,.F.);
#3239 = ADVANCED_FACE('',(#3240),#1062,.T.);
#3240 = FACE_BOUND('',#3241,.F.);
#3241 = EDGE_LOOP('',(#3242,#3265,#3266,#3267));
#3242 = ORIENTED_EDGE('',*,*,#3243,.F.);
#3243 = EDGE_CURVE('',#1019,#3244,#3246,.T.);
#3244 = VERTEX_POINT('',#3245);
#3245 = CARTESIAN_POINT('',(-141.125,-128.625,6.31));
#3246 = SURFACE_CURVE('',#3247,(#3251,#3258),.PCURVE_S1.);
#3247 = LINE('',#3248,#3249);
#3248 = CARTESIAN_POINT('',(-141.125,-128.625,-20.));
#3249 = VECTOR('',#3250,1.);
#3250 = DIRECTION('',(-0.,-0.,1.));
#3251 = PCURVE('',#1062,#3252);
#3252 = DEFINITIONAL_REPRESENTATION('',(#3253),#3257);
#3253 = LINE('',#3254,#3255);
#3254 = CARTESIAN_POINT('',(-17.25,0.));
#3255 = VECTOR('',#3256,1.);
#3256 = DIRECTION('',(-0.,-1.));
#3257 = ( GEOMETRIC_REPRESENTATION_CONTEXT(2) 
PARAMETRIC_REPRESENTATION_CONTEXT() REPRESENTATION_CONTEXT('2D SPACE',''
  ) );
#3258 = PCURVE('',#1034,#3259);
#3259 = DEFINITIONAL_REPRESENTATION('',(#3260),#3264);
#3260 = LINE('',#3261,#3262);
#3261 = CARTESIAN_POINT('',(-0.,-0.));
#3262 = VECTOR('',#3263,1.);
#3263 = DIRECTION('',(-0.,-1.));
#3264 = ( GEOMETRIC_REPRESENTATION_CONTEXT(2) 
PARAMETRIC_REPRESENTATION_CONTEXT() REPRESENTATION_CONTEXT('2D SPACE',''
  ) );
#3265 = ORIENTED_EDGE('',*,*,#1046,.T.);
#3266 = ORIENTED_EDGE('',*,*,#3195,.T.);
#3267 = ORIENTED_EDGE('',*,*,#3268,.F.);
#3268 = EDGE_CURVE('',#3244,#3196,#3269,.T.);
#3269 = SURFACE_CURVE('',#3270,(#3274,#3281),.PCURVE_S1.);
#3270 = LINE('',#3271,#3272);
#3271 = CARTESIAN_POINT('',(-141.125,-116.5011701362,6.31));
#3272 = VECTOR('',#3273,1.);
#3273 = DIRECTION('',(-0.,1.,-0.));
#3274 = PCURVE('',#1062,#3275);
#3275 = DEFINITIONAL_REPRESENTATION('',(#3276),#3280);
#3276 = LINE('',#3277,#3278);
#3277 = CARTESIAN_POINT('',(-5.126170136293,-26.31));
#3278 = VECTOR('',#3279,1.);
#3279 = DIRECTION('',(1.,-0.));
#3280 = ( GEOMETRIC_REPRESENTATION_CONTEXT(2) 
PARAMETRIC_REPRESENTATION_CONTEXT() REPRESENTATION_CONTEXT('2D SPACE',''
  ) );
#3281 = PCURVE('',#1612,#3282);
#3282 = DEFINITIONAL_REPRESENTATION('',(#3283),#3287);
#3283 = LINE('',#3284,#3285);
#3284 = CARTESIAN_POINT('',(-13.22038285713,5.126170136293));
#3285 = VECTOR('',#3286,1.);
#3286 = DIRECTION('',(-0.,1.));
#3287 = ( GEOMETRIC_REPRESENTATION_CONTEXT(2) 
PARAMETRIC_REPRESENTATION_CONTEXT() REPRESENTATION_CONTEXT('2D SPACE',''
  ) );
#3288 = ADVANCED_FACE('',(#3289),#526,.F.);
#3289 = FACE_BOUND('',#3290,.T.);
#3290 = EDGE_LOOP('',(#3291,#3314,#3315,#3316,#3339,#3367));
#3291 = ORIENTED_EDGE('',*,*,#3292,.F.);
#3292 = EDGE_CURVE('',#511,#3293,#3295,.T.);
#3293 = VERTEX_POINT('',#3294);
#3294 = CARTESIAN_POINT('',(-116.3042253826,-131.7513858449,6.31));
#3295 = SURFACE_CURVE('',#3296,(#3300,#3307),.PCURVE_S1.);
#3296 = LINE('',#3297,#3298);
#3297 = CARTESIAN_POINT('',(-116.3042253826,-131.7513858449,-20.));
#3298 = VECTOR('',#3299,1.);
#3299 = DIRECTION('',(-0.,-0.,1.));
#3300 = PCURVE('',#526,#3301);
#3301 = DEFINITIONAL_REPRESENTATION('',(#3302),#3306);
#3302 = LINE('',#3303,#3304);
#3303 = CARTESIAN_POINT('',(-0.17568085548,0.));
#3304 = VECTOR('',#3305,1.);
#3305 = DIRECTION('',(-0.,-1.));
#3306 = ( GEOMETRIC_REPRESENTATION_CONTEXT(2) 
PARAMETRIC_REPRESENTATION_CONTEXT() REPRESENTATION_CONTEXT('2D SPACE',''
  ) );
#3307 = PCURVE('',#554,#3308);
#3308 = DEFINITIONAL_REPRESENTATION('',(#3309),#3313);
#3309 = LINE('',#3310,#3311);
#3310 = CARTESIAN_POINT('',(-0.,-0.));
#3311 = VECTOR('',#3312,1.);
#3312 = DIRECTION('',(-0.,-1.));
#3313 = ( GEOMETRIC_REPRESENTATION_CONTEXT(2) 
PARAMETRIC_REPRESENTATION_CONTEXT() REPRESENTATION_CONTEXT('2D SPACE',''
  ) );
#3314 = ORIENTED_EDGE('',*,*,#510,.T.);
#3315 = ORIENTED_EDGE('',*,*,#3170,.T.);
#3316 = ORIENTED_EDGE('',*,*,#3317,.F.);
#3317 = EDGE_CURVE('',#3318,#3085,#3320,.T.);
#3318 = VERTEX_POINT('',#3319);
#3319 = CARTESIAN_POINT('',(-116.1452228649,-131.6766733134,4.82));
#3320 = SURFACE_CURVE('',#3321,(#3325,#3332),.PCURVE_S1.);
#3321 = LINE('',#3322,#3323);
#3322 = CARTESIAN_POINT('',(-116.068890769,-131.6408061825,4.82));
#3323 = VECTOR('',#3324,1.);
#3324 = DIRECTION('',(-0.905064568521,-0.425274178394,-0.));
#3325 = PCURVE('',#526,#3326);
#3326 = DEFINITIONAL_REPRESENTATION('',(#3327),#3331);
#3327 = LINE('',#3328,#3329);
#3328 = CARTESIAN_POINT('',(8.433884008972E-02,-24.82));
#3329 = VECTOR('',#3330,1.);
#3330 = DIRECTION('',(-1.,0.));
#3331 = ( GEOMETRIC_REPRESENTATION_CONTEXT(2) 
PARAMETRIC_REPRESENTATION_CONTEXT() REPRESENTATION_CONTEXT('2D SPACE',''
  ) );
#3332 = PCURVE('',#3019,#3333);
#3333 = DEFINITIONAL_REPRESENTATION('',(#3334),#3338);
#3334 = LINE('',#3335,#3336);
#3335 = CARTESIAN_POINT('',(0.547616230951,-1.363748182551));
#3336 = VECTOR('',#3337,1.);
#3337 = DIRECTION('',(-0.905064568521,-0.425274178394));
#3338 = ( GEOMETRIC_REPRESENTATION_CONTEXT(2) 
PARAMETRIC_REPRESENTATION_CONTEXT() REPRESENTATION_CONTEXT('2D SPACE',''
  ) );
#3339 = ORIENTED_EDGE('',*,*,#3340,.T.);
#3340 = EDGE_CURVE('',#3318,#3341,#3343,.T.);
#3341 = VERTEX_POINT('',#3342);
#3342 = CARTESIAN_POINT('',(-116.1452228649,-131.6766733134,6.31));
#3343 = SURFACE_CURVE('',#3344,(#3348,#3355),.PCURVE_S1.);
#3344 = LINE('',#3345,#3346);
#3345 = CARTESIAN_POINT('',(-116.1452228649,-131.6766733134,-20.));
#3346 = VECTOR('',#3347,1.);
#3347 = DIRECTION('',(-0.,-0.,1.));
#3348 = PCURVE('',#526,#3349);
#3349 = DEFINITIONAL_REPRESENTATION('',(#3350),#3354);
#3350 = LINE('',#3351,#3352);
#3351 = CARTESIAN_POINT('',(-0.,-0.));
#3352 = VECTOR('',#3353,1.);
#3353 = DIRECTION('',(-0.,-1.));
#3354 = ( GEOMETRIC_REPRESENTATION_CONTEXT(2) 
PARAMETRIC_REPRESENTATION_CONTEXT() REPRESENTATION_CONTEXT('2D SPACE',''
  ) );
#3355 = PCURVE('',#3356,#3361);
#3356 = PLANE('',#3357);
#3357 = AXIS2_PLACEMENT_3D('',#3358,#3359,#3360);
#3358 = CARTESIAN_POINT('',(-115.9908662932,-131.5927816467,-20.));
#3359 = DIRECTION('',(-0.477523100324,0.878619194337,-0.));
#3360 = DIRECTION('',(0.878619194337,0.477523100324,0.));
#3361 = DEFINITIONAL_REPRESENTATION('',(#3362),#3366);
#3362 = LINE('',#3363,#3364);
#3363 = CARTESIAN_POINT('',(-0.17568085548,0.));
#3364 = VECTOR('',#3365,1.);
#3365 = DIRECTION('',(-0.,-1.));
#3366 = ( GEOMETRIC_REPRESENTATION_CONTEXT(2) 
PARAMETRIC_REPRESENTATION_CONTEXT() REPRESENTATION_CONTEXT('2D SPACE',''
  ) );
#3367 = ORIENTED_EDGE('',*,*,#3368,.F.);
#3368 = EDGE_CURVE('',#3293,#3341,#3369,.T.);
#3369 = SURFACE_CURVE('',#3370,(#3374,#3381),.PCURVE_S1.);
#3370 = LINE('',#3371,#3372);
#3371 = CARTESIAN_POINT('',(-119.027531881,-133.031020441,6.31));
#3372 = VECTOR('',#3373,1.);
#3373 = DIRECTION('',(0.905064568521,0.425274178394,-0.));
#3374 = PCURVE('',#526,#3375);
#3375 = DEFINITIONAL_REPRESENTATION('',(#3376),#3380);
#3376 = LINE('',#3377,#3378);
#3377 = CARTESIAN_POINT('',(-3.184644627909,-26.31));
#3378 = VECTOR('',#3379,1.);
#3379 = DIRECTION('',(1.,-0.));
#3380 = ( GEOMETRIC_REPRESENTATION_CONTEXT(2) 
PARAMETRIC_REPRESENTATION_CONTEXT() REPRESENTATION_CONTEXT('2D SPACE',''
  ) );
#3381 = PCURVE('',#1612,#3382);
#3382 = DEFINITIONAL_REPRESENTATION('',(#3383),#3387);
#3383 = LINE('',#3384,#3385);
#3384 = CARTESIAN_POINT('',(8.877085261851,-11.4036801685));
#3385 = VECTOR('',#3386,1.);
#3386 = DIRECTION('',(0.905064568521,0.425274178394));
#3387 = ( GEOMETRIC_REPRESENTATION_CONTEXT(2) 
PARAMETRIC_REPRESENTATION_CONTEXT() REPRESENTATION_CONTEXT('2D SPACE',''
  ) );
#3388 = ADVANCED_FACE('',(#3389),#1034,.T.);
#3389 = FACE_BOUND('',#3390,.F.);
#3390 = EDGE_LOOP('',(#3391,#3392,#3393,#3416));
#3391 = ORIENTED_EDGE('',*,*,#1018,.T.);
#3392 = ORIENTED_EDGE('',*,*,#3243,.T.);
#3393 = ORIENTED_EDGE('',*,*,#3394,.F.);
#3394 = EDGE_CURVE('',#3395,#3244,#3397,.T.);
#3395 = VERTEX_POINT('',#3396);
#3396 = CARTESIAN_POINT('',(-141.3203522026,-128.625,6.31));
#3397 = SURFACE_CURVE('',#3398,(#3402,#3409),.PCURVE_S1.);
#3398 = LINE('',#3399,#3400);
#3399 = CARTESIAN_POINT('',(-134.5148085714,-128.625,6.31));
#3400 = VECTOR('',#3401,1.);
#3401 = DIRECTION('',(1.,-0.,-0.));
#3402 = PCURVE('',#1034,#3403);
#3403 = DEFINITIONAL_REPRESENTATION('',(#3404),#3408);
#3404 = LINE('',#3405,#3406);
#3405 = CARTESIAN_POINT('',(6.610191428568,-26.31));
#3406 = VECTOR('',#3407,1.);
#3407 = DIRECTION('',(1.,-0.));
#3408 = ( GEOMETRIC_REPRESENTATION_CONTEXT(2) 
PARAMETRIC_REPRESENTATION_CONTEXT() REPRESENTATION_CONTEXT('2D SPACE',''
  ) );
#3409 = PCURVE('',#1612,#3410);
#3410 = DEFINITIONAL_REPRESENTATION('',(#3411),#3415);
#3411 = LINE('',#3412,#3413);
#3412 = CARTESIAN_POINT('',(-6.610191428568,-6.997659727414));
#3413 = VECTOR('',#3414,1.);
#3414 = DIRECTION('',(1.,-0.));
#3415 = ( GEOMETRIC_REPRESENTATION_CONTEXT(2) 
PARAMETRIC_REPRESENTATION_CONTEXT() REPRESENTATION_CONTEXT('2D SPACE',''
  ) );
#3416 = ORIENTED_EDGE('',*,*,#3417,.T.);
#3417 = EDGE_CURVE('',#3395,#991,#3418,.T.);
#3418 = SURFACE_CURVE('',#3419,(#3423,#3430),.PCURVE_S1.);
#3419 = LINE('',#3420,#3421);
#3420 = CARTESIAN_POINT('',(-141.3203522026,-128.625,-7.595));
#3421 = VECTOR('',#3422,1.);
#3422 = DIRECTION('',(-0.,0.,-1.));
#3423 = PCURVE('',#1034,#3424);
#3424 = DEFINITIONAL_REPRESENTATION('',(#3425),#3429);
#3425 = LINE('',#3426,#3427);
#3426 = CARTESIAN_POINT('',(-0.195352202631,-12.405));
#3427 = VECTOR('',#3428,1.);
#3428 = DIRECTION('',(-0.,1.));
#3429 = ( GEOMETRIC_REPRESENTATION_CONTEXT(2) 
PARAMETRIC_REPRESENTATION_CONTEXT() REPRESENTATION_CONTEXT('2D SPACE',''
  ) );
#3430 = PCURVE('',#1006,#3431);
#3431 = DEFINITIONAL_REPRESENTATION('',(#3432),#3436);
#3432 = LINE('',#3433,#3434);
#3433 = CARTESIAN_POINT('',(-1.063026699789,12.405));
#3434 = VECTOR('',#3435,1.);
#3435 = DIRECTION('',(-0.,1.));
#3436 = ( GEOMETRIC_REPRESENTATION_CONTEXT(2) 
PARAMETRIC_REPRESENTATION_CONTEXT() REPRESENTATION_CONTEXT('2D SPACE',''
  ) );
#3437 = ADVANCED_FACE('',(#3438),#554,.F.);
#3438 = FACE_BOUND('',#3439,.T.);
#3439 = EDGE_LOOP('',(#3440,#3441,#3442,#3465));
#3440 = ORIENTED_EDGE('',*,*,#538,.T.);
#3441 = ORIENTED_EDGE('',*,*,#3292,.T.);
#3442 = ORIENTED_EDGE('',*,*,#3443,.F.);
#3443 = EDGE_CURVE('',#3444,#3293,#3446,.T.);
#3444 = VERTEX_POINT('',#3445);
#3445 = CARTESIAN_POINT('',(-116.4673285776,-131.8166630288,6.31));
#3446 = SURFACE_CURVE('',#3447,(#3451,#3458),.PCURVE_S1.);
#3447 = LINE('',#3448,#3449);
#3448 = CARTESIAN_POINT('',(-119.5574144449,-133.0533776338,6.31));
#3449 = VECTOR('',#3450,1.);
#3450 = DIRECTION('',(0.928406197848,0.371566860467,-0.));
#3451 = PCURVE('',#554,#3452);
#3452 = DEFINITIONAL_REPRESENTATION('',(#3453),#3457);
#3453 = LINE('',#3454,#3455);
#3454 = CARTESIAN_POINT('',(-3.50405788956,-26.31));
#3455 = VECTOR('',#3456,1.);
#3456 = DIRECTION('',(1.,-0.));
#3457 = ( GEOMETRIC_REPRESENTATION_CONTEXT(2) 
PARAMETRIC_REPRESENTATION_CONTEXT() REPRESENTATION_CONTEXT('2D SPACE',''
  ) );
#3458 = PCURVE('',#1612,#3459);
#3459 = DEFINITIONAL_REPRESENTATION('',(#3460),#3464);
#3460 = LINE('',#3461,#3462);
#3461 = CARTESIAN_POINT('',(8.347202697952,-11.42603736128));
#3462 = VECTOR('',#3463,1.);
#3463 = DIRECTION('',(0.928406197848,0.371566860467));
#3464 = ( GEOMETRIC_REPRESENTATION_CONTEXT(2) 
PARAMETRIC_REPRESENTATION_CONTEXT() REPRESENTATION_CONTEXT('2D SPACE',''
  ) );
#3465 = ORIENTED_EDGE('',*,*,#3466,.F.);
#3466 = EDGE_CURVE('',#539,#3444,#3467,.T.);
#3467 = SURFACE_CURVE('',#3468,(#3472,#3479),.PCURVE_S1.);
#3468 = LINE('',#3469,#3470);
#3469 = CARTESIAN_POINT('',(-116.4673285776,-131.8166630288,-20.));
#3470 = VECTOR('',#3471,1.);
#3471 = DIRECTION('',(-0.,-0.,1.));
#3472 = PCURVE('',#554,#3473);
#3473 = DEFINITIONAL_REPRESENTATION('',(#3474),#3478);
#3474 = LINE('',#3475,#3476);
#3475 = CARTESIAN_POINT('',(-0.17568085548,0.));
#3476 = VECTOR('',#3477,1.);
#3477 = DIRECTION('',(-0.,-1.));
#3478 = ( GEOMETRIC_REPRESENTATION_CONTEXT(2) 
PARAMETRIC_REPRESENTATION_CONTEXT() REPRESENTATION_CONTEXT('2D SPACE',''
  ) );
#3479 = PCURVE('',#582,#3480);
#3480 = DEFINITIONAL_REPRESENTATION('',(#3481),#3485);
#3481 = LINE('',#3482,#3483);
#3482 = CARTESIAN_POINT('',(-0.,-0.));
#3483 = VECTOR('',#3484,1.);
#3484 = DIRECTION('',(-0.,-1.));
#3485 = ( GEOMETRIC_REPRESENTATION_CONTEXT(2) 
PARAMETRIC_REPRESENTATION_CONTEXT() REPRESENTATION_CONTEXT('2D SPACE',''
  ) );
#3486 = ADVANCED_FACE('',(#3487),#1006,.F.);
#3487 = FACE_BOUND('',#3488,.T.);
#3488 = EDGE_LOOP('',(#3489,#3490,#3513,#3534));
#3489 = ORIENTED_EDGE('',*,*,#990,.F.);
#3490 = ORIENTED_EDGE('',*,*,#3491,.T.);
#3491 = EDGE_CURVE('',#962,#3492,#3494,.T.);
#3492 = VERTEX_POINT('',#3493);
#3493 = CARTESIAN_POINT('',(-141.5258032794,-129.6679839977,6.31));
#3494 = SURFACE_CURVE('',#3495,(#3499,#3506),.PCURVE_S1.);
#3495 = LINE('',#3496,#3497);
#3496 = CARTESIAN_POINT('',(-141.5258032794,-129.6679839977,4.81));
#3497 = VECTOR('',#3498,1.);
#3498 = DIRECTION('',(-0.,-0.,1.));
#3499 = PCURVE('',#1006,#3500);
#3500 = DEFINITIONAL_REPRESENTATION('',(#3501),#3505);
#3501 = LINE('',#3502,#3503);
#3502 = CARTESIAN_POINT('',(-0.,0.));
#3503 = VECTOR('',#3504,1.);
#3504 = DIRECTION('',(-0.,-1.));
#3505 = ( GEOMETRIC_REPRESENTATION_CONTEXT(2) 
PARAMETRIC_REPRESENTATION_CONTEXT() REPRESENTATION_CONTEXT('2D SPACE',''
  ) );
#3506 = PCURVE('',#978,#3507);
#3507 = DEFINITIONAL_REPRESENTATION('',(#3508),#3512);
#3508 = LINE('',#3509,#3510);
#3509 = CARTESIAN_POINT('',(-1.570796326795,0.));
#3510 = VECTOR('',#3511,1.);
#3511 = DIRECTION('',(-0.,-1.));
#3512 = ( GEOMETRIC_REPRESENTATION_CONTEXT(2) 
PARAMETRIC_REPRESENTATION_CONTEXT() REPRESENTATION_CONTEXT('2D SPACE',''
  ) );
#3513 = ORIENTED_EDGE('',*,*,#3514,.T.);
#3514 = EDGE_CURVE('',#3492,#3395,#3515,.T.);
#3515 = SURFACE_CURVE('',#3516,(#3520,#3527),.PCURVE_S1.);
#3516 = LINE('',#3517,#3518);
#3517 = CARTESIAN_POINT('',(-141.5258032794,-129.6679839977,6.31));
#3518 = VECTOR('',#3519,1.);
#3519 = DIRECTION('',(0.193269912071,0.981145626851,-0.));
#3520 = PCURVE('',#1006,#3521);
#3521 = DEFINITIONAL_REPRESENTATION('',(#3522),#3526);
#3522 = LINE('',#3523,#3524);
#3523 = CARTESIAN_POINT('',(-0.,-1.5));
#3524 = VECTOR('',#3525,1.);
#3525 = DIRECTION('',(-1.,0.));
#3526 = ( GEOMETRIC_REPRESENTATION_CONTEXT(2) 
PARAMETRIC_REPRESENTATION_CONTEXT() REPRESENTATION_CONTEXT('2D SPACE',''
  ) );
#3527 = PCURVE('',#1612,#3528);
#3528 = DEFINITIONAL_REPRESENTATION('',(#3529),#3533);
#3529 = LINE('',#3530,#3531);
#3530 = CARTESIAN_POINT('',(-13.62118613656,-8.040643725138));
#3531 = VECTOR('',#3532,1.);
#3532 = DIRECTION('',(0.193269912071,0.981145626851));
#3533 = ( GEOMETRIC_REPRESENTATION_CONTEXT(2) 
PARAMETRIC_REPRESENTATION_CONTEXT() REPRESENTATION_CONTEXT('2D SPACE',''
  ) );
#3534 = ORIENTED_EDGE('',*,*,#3417,.T.);
#3535 = ADVANCED_FACE('',(#3536),#582,.F.);
#3536 = FACE_BOUND('',#3537,.T.);
#3537 = EDGE_LOOP('',(#3538,#3539,#3540,#3563));
#3538 = ORIENTED_EDGE('',*,*,#566,.T.);
#3539 = ORIENTED_EDGE('',*,*,#3466,.T.);
#3540 = ORIENTED_EDGE('',*,*,#3541,.F.);
#3541 = EDGE_CURVE('',#3542,#3444,#3544,.T.);
#3542 = VERTEX_POINT('',#3543);
#3543 = CARTESIAN_POINT('',(-116.6339731191,-131.8722810096,6.31));
#3544 = SURFACE_CURVE('',#3545,(#3549,#3556),.PCURVE_S1.);
#3545 = LINE('',#3546,#3547);
#3546 = CARTESIAN_POINT('',(-120.0828802632,-133.0233613252,6.31));
#3547 = VECTOR('',#3548,1.);
#3548 = DIRECTION('',(0.948564036691,0.31658532546,-0.));
#3549 = PCURVE('',#582,#3550);
#3550 = DEFINITIONAL_REPRESENTATION('',(#3551),#3555);
#3551 = LINE('',#3552,#3553);
#3552 = CARTESIAN_POINT('',(-3.81160527458,-26.31));
#3553 = VECTOR('',#3554,1.);
#3554 = DIRECTION('',(1.,-0.));
#3555 = ( GEOMETRIC_REPRESENTATION_CONTEXT(2) 
PARAMETRIC_REPRESENTATION_CONTEXT() REPRESENTATION_CONTEXT('2D SPACE',''
  ) );
#3556 = PCURVE('',#1612,#3557);
#3557 = DEFINITIONAL_REPRESENTATION('',(#3558),#3562);
#3558 = LINE('',#3559,#3560);
#3559 = CARTESIAN_POINT('',(7.821736879639,-11.39602105265));
#3560 = VECTOR('',#3561,1.);
#3561 = DIRECTION('',(0.948564036691,0.31658532546));
#3562 = ( GEOMETRIC_REPRESENTATION_CONTEXT(2) 
PARAMETRIC_REPRESENTATION_CONTEXT() REPRESENTATION_CONTEXT('2D SPACE',''
  ) );
#3563 = ORIENTED_EDGE('',*,*,#3564,.F.);
#3564 = EDGE_CURVE('',#567,#3542,#3565,.T.);
#3565 = SURFACE_CURVE('',#3566,(#3570,#3577),.PCURVE_S1.);
#3566 = LINE('',#3567,#3568);
#3567 = CARTESIAN_POINT('',(-116.6339731191,-131.8722810096,-20.));
#3568 = VECTOR('',#3569,1.);
#3569 = DIRECTION('',(-0.,-0.,1.));
#3570 = PCURVE('',#582,#3571);
#3571 = DEFINITIONAL_REPRESENTATION('',(#3572),#3576);
#3572 = LINE('',#3573,#3574);
#3573 = CARTESIAN_POINT('',(-0.17568085548,0.));
#3574 = VECTOR('',#3575,1.);
#3575 = DIRECTION('',(-0.,-1.));
#3576 = ( GEOMETRIC_REPRESENTATION_CONTEXT(2) 
PARAMETRIC_REPRESENTATION_CONTEXT() REPRESENTATION_CONTEXT('2D SPACE',''
  ) );
#3577 = PCURVE('',#610,#3578);
#3578 = DEFINITIONAL_REPRESENTATION('',(#3579),#3583);
#3579 = LINE('',#3580,#3581);
#3580 = CARTESIAN_POINT('',(-0.,-0.));
#3581 = VECTOR('',#3582,1.);
#3582 = DIRECTION('',(-0.,-1.));
#3583 = ( GEOMETRIC_REPRESENTATION_CONTEXT(2) 
PARAMETRIC_REPRESENTATION_CONTEXT() REPRESENTATION_CONTEXT('2D SPACE',''
  ) );
#3584 = ADVANCED_FACE('',(#3585),#978,.T.);
#3585 = FACE_BOUND('',#3586,.F.);
#3586 = EDGE_LOOP('',(#3587,#3588,#3612,#3633));
#3587 = ORIENTED_EDGE('',*,*,#3491,.T.);
#3588 = ORIENTED_EDGE('',*,*,#3589,.T.);
#3589 = EDGE_CURVE('',#3492,#3590,#3592,.T.);
#3590 = VERTEX_POINT('',#3591);
#3591 = CARTESIAN_POINT('',(-141.5361025139,-129.7307277175,6.31));
#3592 = SURFACE_CURVE('',#3593,(#3598,#3605),.PCURVE_S1.);
#3593 = CIRCLE('',#3594,1.);
#3594 = AXIS2_PLACEMENT_3D('',#3595,#3596,#3597);
#3595 = CARTESIAN_POINT('',(-140.5446576525,-129.8612539097,6.31));
#3596 = DIRECTION('',(0.,0.,1.));
#3597 = DIRECTION('',(0.193269912071,0.981145626851,-0.));
#3598 = PCURVE('',#978,#3599);
#3599 = DEFINITIONAL_REPRESENTATION('',(#3600),#3604);
#3600 = LINE('',#3601,#3602);
#3601 = CARTESIAN_POINT('',(-0.,-1.5));
#3602 = VECTOR('',#3603,1.);
#3603 = DIRECTION('',(-1.,0.));
#3604 = ( GEOMETRIC_REPRESENTATION_CONTEXT(2) 
PARAMETRIC_REPRESENTATION_CONTEXT() REPRESENTATION_CONTEXT('2D SPACE',''
  ) );
#3605 = PCURVE('',#1612,#3606);
#3606 = DEFINITIONAL_REPRESENTATION('',(#3607),#3611);
#3607 = CIRCLE('',#3608,1.);
#3608 = AXIS2_PLACEMENT_2D('',#3609,#3610);
#3609 = CARTESIAN_POINT('',(-12.64004050971,-8.233913637209));
#3610 = DIRECTION('',(0.193269912071,0.981145626851));
#3611 = ( GEOMETRIC_REPRESENTATION_CONTEXT(2) 
PARAMETRIC_REPRESENTATION_CONTEXT() REPRESENTATION_CONTEXT('2D SPACE',''
  ) );
#3612 = ORIENTED_EDGE('',*,*,#3613,.F.);
#3613 = EDGE_CURVE('',#934,#3590,#3614,.T.);
#3614 = SURFACE_CURVE('',#3615,(#3619,#3626),.PCURVE_S1.);
#3615 = LINE('',#3616,#3617);
#3616 = CARTESIAN_POINT('',(-141.5361025139,-129.7307277175,4.81));
#3617 = VECTOR('',#3618,1.);
#3618 = DIRECTION('',(-0.,-0.,1.));
#3619 = PCURVE('',#978,#3620);
#3620 = DEFINITIONAL_REPRESENTATION('',(#3621),#3625);
#3621 = LINE('',#3622,#3623);
#3622 = CARTESIAN_POINT('',(-1.634390441297,0.));
#3623 = VECTOR('',#3624,1.);
#3624 = DIRECTION('',(-0.,-1.));
#3625 = ( GEOMETRIC_REPRESENTATION_CONTEXT(2) 
PARAMETRIC_REPRESENTATION_CONTEXT() REPRESENTATION_CONTEXT('2D SPACE',''
  ) );
#3626 = PCURVE('',#949,#3627);
#3627 = DEFINITIONAL_REPRESENTATION('',(#3628),#3632);
#3628 = LINE('',#3629,#3630);
#3629 = CARTESIAN_POINT('',(-0.52210476888,0.));
#3630 = VECTOR('',#3631,1.);
#3631 = DIRECTION('',(-0.,-1.));
#3632 = ( GEOMETRIC_REPRESENTATION_CONTEXT(2) 
PARAMETRIC_REPRESENTATION_CONTEXT() REPRESENTATION_CONTEXT('2D SPACE',''
  ) );
#3633 = ORIENTED_EDGE('',*,*,#961,.F.);
#3634 = ADVANCED_FACE('',(#3635),#610,.F.);
#3635 = FACE_BOUND('',#3636,.T.);
#3636 = EDGE_LOOP('',(#3637,#3638,#3639,#3662));
#3637 = ORIENTED_EDGE('',*,*,#594,.T.);
#3638 = ORIENTED_EDGE('',*,*,#3564,.T.);
#3639 = ORIENTED_EDGE('',*,*,#3640,.F.);
#3640 = EDGE_CURVE('',#3641,#3542,#3643,.T.);
#3641 = VERTEX_POINT('',#3642);
#3642 = CARTESIAN_POINT('',(-116.8035875315,-131.9180490562,6.31));
#3643 = SURFACE_CURVE('',#3644,(#3648,#3655),.PCURVE_S1.);
#3644 = LINE('',#3645,#3646);
#3645 = CARTESIAN_POINT('',(-120.5984127525,-132.9420288869,6.31));
#3646 = VECTOR('',#3647,1.);
#3647 = DIRECTION('',(0.965468957618,0.260518121971,-0.));
#3648 = PCURVE('',#610,#3649);
#3649 = DEFINITIONAL_REPRESENTATION('',(#3650),#3654);
#3650 = LINE('',#3651,#3652);
#3651 = CARTESIAN_POINT('',(-4.106232108368,-26.31));
#3652 = VECTOR('',#3653,1.);
#3653 = DIRECTION('',(1.,-0.));
#3654 = ( GEOMETRIC_REPRESENTATION_CONTEXT(2) 
PARAMETRIC_REPRESENTATION_CONTEXT() REPRESENTATION_CONTEXT('2D SPACE',''
  ) );
#3655 = PCURVE('',#1612,#3656);
#3656 = DEFINITIONAL_REPRESENTATION('',(#3657),#3661);
#3657 = LINE('',#3658,#3659);
#3658 = CARTESIAN_POINT('',(7.306204390319,-11.31468861434));
#3659 = VECTOR('',#3660,1.);
#3660 = DIRECTION('',(0.965468957618,0.260518121971));
#3661 = ( GEOMETRIC_REPRESENTATION_CONTEXT(2) 
PARAMETRIC_REPRESENTATION_CONTEXT() REPRESENTATION_CONTEXT('2D SPACE',''
  ) );
#3662 = ORIENTED_EDGE('',*,*,#3663,.F.);
#3663 = EDGE_CURVE('',#595,#3641,#3664,.T.);
#3664 = SURFACE_CURVE('',#3665,(#3669,#3676),.PCURVE_S1.);
#3665 = LINE('',#3666,#3667);
#3666 = CARTESIAN_POINT('',(-116.8035875315,-131.9180490562,-20.));
#3667 = VECTOR('',#3668,1.);
#3668 = DIRECTION('',(-0.,-0.,1.));
#3669 = PCURVE('',#610,#3670);
#3670 = DEFINITIONAL_REPRESENTATION('',(#3671),#3675);
#3671 = LINE('',#3672,#3673);
#3672 = CARTESIAN_POINT('',(-0.17568085548,0.));
#3673 = VECTOR('',#3674,1.);
#3674 = DIRECTION('',(-0.,-1.));
#3675 = ( GEOMETRIC_REPRESENTATION_CONTEXT(2) 
PARAMETRIC_REPRESENTATION_CONTEXT() REPRESENTATION_CONTEXT('2D SPACE',''
  ) );
#3676 = PCURVE('',#638,#3677);
#3677 = DEFINITIONAL_REPRESENTATION('',(#3678),#3682);
#3678 = LINE('',#3679,#3680);
#3679 = CARTESIAN_POINT('',(-0.,-0.));
#3680 = VECTOR('',#3681,1.);
#3681 = DIRECTION('',(-0.,-1.));
#3682 = ( GEOMETRIC_REPRESENTATION_CONTEXT(2) 
PARAMETRIC_REPRESENTATION_CONTEXT() REPRESENTATION_CONTEXT('2D SPACE',''
  ) );
#3683 = ADVANCED_FACE('',(#3684),#949,.F.);
#3684 = FACE_BOUND('',#3685,.T.);
#3685 = EDGE_LOOP('',(#3686,#3709,#3730,#3731));
#3686 = ORIENTED_EDGE('',*,*,#3687,.T.);
#3687 = EDGE_CURVE('',#905,#3688,#3690,.T.);
#3688 = VERTEX_POINT('',#3689);
#3689 = CARTESIAN_POINT('',(-141.6042508613,-130.2483658077,6.31));
#3690 = SURFACE_CURVE('',#3691,(#3695,#3702),.PCURVE_S1.);
#3691 = LINE('',#3692,#3693);
#3692 = CARTESIAN_POINT('',(-141.6042508613,-130.2483658077,4.81));
#3693 = VECTOR('',#3694,1.);
#3694 = DIRECTION('',(-0.,-0.,1.));
#3695 = PCURVE('',#949,#3696);
#3696 = DEFINITIONAL_REPRESENTATION('',(#3697),#3701);
#3697 = LINE('',#3698,#3699);
#3698 = CARTESIAN_POINT('',(-0.,0.));
#3699 = VECTOR('',#3700,1.);
#3700 = DIRECTION('',(-0.,-1.));
#3701 = ( GEOMETRIC_REPRESENTATION_CONTEXT(2) 
PARAMETRIC_REPRESENTATION_CONTEXT() REPRESENTATION_CONTEXT('2D SPACE',''
  ) );
#3702 = PCURVE('',#921,#3703);
#3703 = DEFINITIONAL_REPRESENTATION('',(#3704),#3708);
#3704 = LINE('',#3705,#3706);
#3705 = CARTESIAN_POINT('',(-1.570796326795,0.));
#3706 = VECTOR('',#3707,1.);
#3707 = DIRECTION('',(-0.,-1.));
#3708 = ( GEOMETRIC_REPRESENTATION_CONTEXT(2) 
PARAMETRIC_REPRESENTATION_CONTEXT() REPRESENTATION_CONTEXT('2D SPACE',''
  ) );
#3709 = ORIENTED_EDGE('',*,*,#3710,.T.);
#3710 = EDGE_CURVE('',#3688,#3590,#3711,.T.);
#3711 = SURFACE_CURVE('',#3712,(#3716,#3723),.PCURVE_S1.);
#3712 = LINE('',#3713,#3714);
#3713 = CARTESIAN_POINT('',(-141.6042508613,-130.2483658077,6.31));
#3714 = VECTOR('',#3715,1.);
#3715 = DIRECTION('',(0.13052619222,0.991444861374,-0.));
#3716 = PCURVE('',#949,#3717);
#3717 = DEFINITIONAL_REPRESENTATION('',(#3718),#3722);
#3718 = LINE('',#3719,#3720);
#3719 = CARTESIAN_POINT('',(-0.,-1.5));
#3720 = VECTOR('',#3721,1.);
#3721 = DIRECTION('',(-1.,0.));
#3722 = ( GEOMETRIC_REPRESENTATION_CONTEXT(2) 
PARAMETRIC_REPRESENTATION_CONTEXT() REPRESENTATION_CONTEXT('2D SPACE',''
  ) );
#3723 = PCURVE('',#1612,#3724);
#3724 = DEFINITIONAL_REPRESENTATION('',(#3725),#3729);
#3725 = LINE('',#3726,#3727);
#3726 = CARTESIAN_POINT('',(-13.69963371851,-8.621025535194));
#3727 = VECTOR('',#3728,1.);
#3728 = DIRECTION('',(0.13052619222,0.991444861374));
#3729 = ( GEOMETRIC_REPRESENTATION_CONTEXT(2) 
PARAMETRIC_REPRESENTATION_CONTEXT() REPRESENTATION_CONTEXT('2D SPACE',''
  ) );
#3730 = ORIENTED_EDGE('',*,*,#3613,.F.);
#3731 = ORIENTED_EDGE('',*,*,#933,.F.);
#3732 = ADVANCED_FACE('',(#3733),#638,.F.);
#3733 = FACE_BOUND('',#3734,.T.);
#3734 = EDGE_LOOP('',(#3735,#3736,#3737,#3760));
#3735 = ORIENTED_EDGE('',*,*,#622,.T.);
#3736 = ORIENTED_EDGE('',*,*,#3663,.T.);
#3737 = ORIENTED_EDGE('',*,*,#3738,.F.);
#3738 = EDGE_CURVE('',#3739,#3641,#3741,.T.);
#3739 = VERTEX_POINT('',#3740);
#3740 = CARTESIAN_POINT('',(-116.9755901549,-131.9538102157,6.31));
#3741 = SURFACE_CURVE('',#3742,(#3746,#3753),.PCURVE_S1.);
#3742 = LINE('',#3743,#3744);
#3743 = CARTESIAN_POINT('',(-121.0986663937,-132.8110412527,6.31));
#3744 = VECTOR('',#3745,1.);
#3745 = DIRECTION('',(0.979062988455,0.203557521692,-0.));
#3746 = PCURVE('',#638,#3747);
#3747 = DEFINITIONAL_REPRESENTATION('',(#3748),#3752);
#3748 = LINE('',#3749,#3750);
#3749 = CARTESIAN_POINT('',(-4.386928024863,-26.31));
#3750 = VECTOR('',#3751,1.);
#3751 = DIRECTION('',(1.,-0.));
#3752 = ( GEOMETRIC_REPRESENTATION_CONTEXT(2) 
PARAMETRIC_REPRESENTATION_CONTEXT() REPRESENTATION_CONTEXT('2D SPACE',''
  ) );
#3753 = PCURVE('',#1612,#3754);
#3754 = DEFINITIONAL_REPRESENTATION('',(#3755),#3759);
#3755 = LINE('',#3756,#3757);
#3756 = CARTESIAN_POINT('',(6.805950749151,-11.1837009802));
#3757 = VECTOR('',#3758,1.);
#3758 = DIRECTION('',(0.979062988455,0.203557521692));
#3759 = ( GEOMETRIC_REPRESENTATION_CONTEXT(2) 
PARAMETRIC_REPRESENTATION_CONTEXT() REPRESENTATION_CONTEXT('2D SPACE',''
  ) );
#3760 = ORIENTED_EDGE('',*,*,#3761,.F.);
#3761 = EDGE_CURVE('',#623,#3739,#3762,.T.);
#3762 = SURFACE_CURVE('',#3763,(#3767,#3774),.PCURVE_S1.);
#3763 = LINE('',#3764,#3765);
#3764 = CARTESIAN_POINT('',(-116.9755901549,-131.9538102157,-20.));
#3765 = VECTOR('',#3766,1.);
#3766 = DIRECTION('',(-0.,-0.,1.));
#3767 = PCURVE('',#638,#3768);
#3768 = DEFINITIONAL_REPRESENTATION('',(#3769),#3773);
#3769 = LINE('',#3770,#3771);
#3770 = CARTESIAN_POINT('',(-0.17568085548,0.));
#3771 = VECTOR('',#3772,1.);
#3772 = DIRECTION('',(-0.,-1.));
#3773 = ( GEOMETRIC_REPRESENTATION_CONTEXT(2) 
PARAMETRIC_REPRESENTATION_CONTEXT() REPRESENTATION_CONTEXT('2D SPACE',''
  ) );
#3774 = PCURVE('',#666,#3775);
#3775 = DEFINITIONAL_REPRESENTATION('',(#3776),#3780);
#3776 = LINE('',#3777,#3778);
#3777 = CARTESIAN_POINT('',(-0.,-0.));
#3778 = VECTOR('',#3779,1.);
#3779 = DIRECTION('',(-0.,-1.));
#3780 = ( GEOMETRIC_REPRESENTATION_CONTEXT(2) 
PARAMETRIC_REPRESENTATION_CONTEXT() REPRESENTATION_CONTEXT('2D SPACE',''
  ) );
#3781 = ADVANCED_FACE('',(#3782),#921,.T.);
#3782 = FACE_BOUND('',#3783,.F.);
#3783 = EDGE_LOOP('',(#3784,#3785,#3809,#3830));
#3784 = ORIENTED_EDGE('',*,*,#3687,.T.);
#3785 = ORIENTED_EDGE('',*,*,#3786,.T.);
#3786 = EDGE_CURVE('',#3688,#3787,#3789,.T.);
#3787 = VERTEX_POINT('',#3788);
#3788 = CARTESIAN_POINT('',(-141.6042508613,-130.5094181922,6.31));
#3789 = SURFACE_CURVE('',#3790,(#3795,#3802),.PCURVE_S1.);
#3790 = CIRCLE('',#3791,1.);
#3791 = AXIS2_PLACEMENT_3D('',#3792,#3793,#3794);
#3792 = CARTESIAN_POINT('',(-140.612806,-130.378892,6.31));
#3793 = DIRECTION('',(0.,0.,1.));
#3794 = DIRECTION('',(0.13052619222,0.991444861374,-0.));
#3795 = PCURVE('',#921,#3796);
#3796 = DEFINITIONAL_REPRESENTATION('',(#3797),#3801);
#3797 = LINE('',#3798,#3799);
#3798 = CARTESIAN_POINT('',(-0.,-1.5));
#3799 = VECTOR('',#3800,1.);
#3800 = DIRECTION('',(-1.,0.));
#3801 = ( GEOMETRIC_REPRESENTATION_CONTEXT(2) 
PARAMETRIC_REPRESENTATION_CONTEXT() REPRESENTATION_CONTEXT('2D SPACE',''
  ) );
#3802 = PCURVE('',#1612,#3803);
#3803 = DEFINITIONAL_REPRESENTATION('',(#3804),#3808);
#3804 = CIRCLE('',#3805,1.);
#3805 = AXIS2_PLACEMENT_2D('',#3806,#3807);
#3806 = CARTESIAN_POINT('',(-12.70818885713,-8.751551727414));
#3807 = DIRECTION('',(0.13052619222,0.991444861374));
#3808 = ( GEOMETRIC_REPRESENTATION_CONTEXT(2) 
PARAMETRIC_REPRESENTATION_CONTEXT() REPRESENTATION_CONTEXT('2D SPACE',''
  ) );
#3809 = ORIENTED_EDGE('',*,*,#3810,.F.);
#3810 = EDGE_CURVE('',#877,#3787,#3811,.T.);
#3811 = SURFACE_CURVE('',#3812,(#3816,#3823),.PCURVE_S1.);
#3812 = LINE('',#3813,#3814);
#3813 = CARTESIAN_POINT('',(-141.6042508613,-130.5094181922,4.81));
#3814 = VECTOR('',#3815,1.);
#3815 = DIRECTION('',(-0.,-0.,1.));
#3816 = PCURVE('',#921,#3817);
#3817 = DEFINITIONAL_REPRESENTATION('',(#3818),#3822);
#3818 = LINE('',#3819,#3820);
#3819 = CARTESIAN_POINT('',(-1.832595714594,0.));
#3820 = VECTOR('',#3821,1.);
#3821 = DIRECTION('',(-0.,-1.));
#3822 = ( GEOMETRIC_REPRESENTATION_CONTEXT(2) 
PARAMETRIC_REPRESENTATION_CONTEXT() REPRESENTATION_CONTEXT('2D SPACE',''
  ) );
#3823 = PCURVE('',#892,#3824);
#3824 = DEFINITIONAL_REPRESENTATION('',(#3825),#3829);
#3825 = LINE('',#3826,#3827);
#3826 = CARTESIAN_POINT('',(-0.52210476888,0.));
#3827 = VECTOR('',#3828,1.);
#3828 = DIRECTION('',(-0.,-1.));
#3829 = ( GEOMETRIC_REPRESENTATION_CONTEXT(2) 
PARAMETRIC_REPRESENTATION_CONTEXT() REPRESENTATION_CONTEXT('2D SPACE',''
  ) );
#3830 = ORIENTED_EDGE('',*,*,#904,.F.);
#3831 = ADVANCED_FACE('',(#3832),#666,.F.);
#3832 = FACE_BOUND('',#3833,.T.);
#3833 = EDGE_LOOP('',(#3834,#3835,#3836,#3859));
#3834 = ORIENTED_EDGE('',*,*,#650,.T.);
#3835 = ORIENTED_EDGE('',*,*,#3761,.T.);
#3836 = ORIENTED_EDGE('',*,*,#3837,.F.);
#3837 = EDGE_CURVE('',#3838,#3739,#3840,.T.);
#3838 = VERTEX_POINT('',#3839);
#3839 = CARTESIAN_POINT('',(-117.1493911393,-131.9794418523,6.31));
#3840 = SURFACE_CURVE('',#3841,(#3845,#3852),.PCURVE_S1.);
#3841 = LINE('',#3842,#3843);
#3842 = CARTESIAN_POINT('',(-121.5785340959,-132.6326382817,6.31));
#3843 = VECTOR('',#3844,1.);
#3844 = DIRECTION('',(0.989299511087,0.145898860045,-0.));
#3845 = PCURVE('',#666,#3846);
#3846 = DEFINITIONAL_REPRESENTATION('',(#3847),#3851);
#3847 = LINE('',#3848,#3849);
#3848 = CARTESIAN_POINT('',(-4.652730431411,-26.31));
#3849 = VECTOR('',#3850,1.);
#3850 = DIRECTION('',(1.,-0.));
#3851 = ( GEOMETRIC_REPRESENTATION_CONTEXT(2) 
PARAMETRIC_REPRESENTATION_CONTEXT() REPRESENTATION_CONTEXT('2D SPACE',''
  ) );
#3852 = PCURVE('',#1612,#3853);
#3853 = DEFINITIONAL_REPRESENTATION('',(#3854),#3858);
#3854 = LINE('',#3855,#3856);
#3855 = CARTESIAN_POINT('',(6.326083046913,-11.00529800921));
#3856 = VECTOR('',#3857,1.);
#3857 = DIRECTION('',(0.989299511087,0.145898860045));
#3858 = ( GEOMETRIC_REPRESENTATION_CONTEXT(2) 
PARAMETRIC_REPRESENTATION_CONTEXT() REPRESENTATION_CONTEXT('2D SPACE',''
  ) );
#3859 = ORIENTED_EDGE('',*,*,#3860,.F.);
#3860 = EDGE_CURVE('',#651,#3838,#3861,.T.);
#3861 = SURFACE_CURVE('',#3862,(#3866,#3873),.PCURVE_S1.);
#3862 = LINE('',#3863,#3864);
#3863 = CARTESIAN_POINT('',(-117.1493911393,-131.9794418523,-20.));
#3864 = VECTOR('',#3865,1.);
#3865 = DIRECTION('',(-0.,-0.,1.));
#3866 = PCURVE('',#666,#3867);
#3867 = DEFINITIONAL_REPRESENTATION('',(#3868),#3872);
#3868 = LINE('',#3869,#3870);
#3869 = CARTESIAN_POINT('',(-0.17568085548,0.));
#3870 = VECTOR('',#3871,1.);
#3871 = DIRECTION('',(-0.,-1.));
#3872 = ( GEOMETRIC_REPRESENTATION_CONTEXT(2) 
PARAMETRIC_REPRESENTATION_CONTEXT() REPRESENTATION_CONTEXT('2D SPACE',''
  ) );
#3873 = PCURVE('',#694,#3874);
#3874 = DEFINITIONAL_REPRESENTATION('',(#3875),#3879);
#3875 = LINE('',#3876,#3877);
#3876 = CARTESIAN_POINT('',(-0.,-0.));
#3877 = VECTOR('',#3878,1.);
#3878 = DIRECTION('',(-0.,-1.));
#3879 = ( GEOMETRIC_REPRESENTATION_CONTEXT(2) 
PARAMETRIC_REPRESENTATION_CONTEXT() REPRESENTATION_CONTEXT('2D SPACE',''
  ) );
#3880 = ADVANCED_FACE('',(#3881),#892,.F.);
#3881 = FACE_BOUND('',#3882,.T.);
#3882 = EDGE_LOOP('',(#3883,#3906,#3927,#3928));
#3883 = ORIENTED_EDGE('',*,*,#3884,.T.);
#3884 = EDGE_CURVE('',#848,#3885,#3887,.T.);
#3885 = VERTEX_POINT('',#3886);
#3886 = CARTESIAN_POINT('',(-141.5361025139,-131.0270562824,6.31));
#3887 = SURFACE_CURVE('',#3888,(#3892,#3899),.PCURVE_S1.);
#3888 = LINE('',#3889,#3890);
#3889 = CARTESIAN_POINT('',(-141.5361025139,-131.0270562824,4.81));
#3890 = VECTOR('',#3891,1.);
#3891 = DIRECTION('',(-0.,-0.,1.));
#3892 = PCURVE('',#892,#3893);
#3893 = DEFINITIONAL_REPRESENTATION('',(#3894),#3898);
#3894 = LINE('',#3895,#3896);
#3895 = CARTESIAN_POINT('',(-0.,-0.));
#3896 = VECTOR('',#3897,1.);
#3897 = DIRECTION('',(-0.,-1.));
#3898 = ( GEOMETRIC_REPRESENTATION_CONTEXT(2) 
PARAMETRIC_REPRESENTATION_CONTEXT() REPRESENTATION_CONTEXT('2D SPACE',''
  ) );
#3899 = PCURVE('',#864,#3900);
#3900 = DEFINITIONAL_REPRESENTATION('',(#3901),#3905);
#3901 = LINE('',#3902,#3903);
#3902 = CARTESIAN_POINT('',(-1.570796326795,0.));
#3903 = VECTOR('',#3904,1.);
#3904 = DIRECTION('',(-0.,-1.));
#3905 = ( GEOMETRIC_REPRESENTATION_CONTEXT(2) 
PARAMETRIC_REPRESENTATION_CONTEXT() REPRESENTATION_CONTEXT('2D SPACE',''
  ) );
#3906 = ORIENTED_EDGE('',*,*,#3907,.T.);
#3907 = EDGE_CURVE('',#3885,#3787,#3908,.T.);
#3908 = SURFACE_CURVE('',#3909,(#3913,#3920),.PCURVE_S1.);
#3909 = LINE('',#3910,#3911);
#3910 = CARTESIAN_POINT('',(-141.5361025139,-131.0270562824,6.31));
#3911 = VECTOR('',#3912,1.);
#3912 = DIRECTION('',(-0.13052619222,0.991444861374,-0.));
#3913 = PCURVE('',#892,#3914);
#3914 = DEFINITIONAL_REPRESENTATION('',(#3915),#3919);
#3915 = LINE('',#3916,#3917);
#3916 = CARTESIAN_POINT('',(-0.,-1.5));
#3917 = VECTOR('',#3918,1.);
#3918 = DIRECTION('',(-1.,0.));
#3919 = ( GEOMETRIC_REPRESENTATION_CONTEXT(2) 
PARAMETRIC_REPRESENTATION_CONTEXT() REPRESENTATION_CONTEXT('2D SPACE',''
  ) );
#3920 = PCURVE('',#1612,#3921);
#3921 = DEFINITIONAL_REPRESENTATION('',(#3922),#3926);
#3922 = LINE('',#3923,#3924);
#3923 = CARTESIAN_POINT('',(-13.63148537108,-9.399716009839));
#3924 = VECTOR('',#3925,1.);
#3925 = DIRECTION('',(-0.13052619222,0.991444861374));
#3926 = ( GEOMETRIC_REPRESENTATION_CONTEXT(2) 
PARAMETRIC_REPRESENTATION_CONTEXT() REPRESENTATION_CONTEXT('2D SPACE',''
  ) );
#3927 = ORIENTED_EDGE('',*,*,#3810,.F.);
#3928 = ORIENTED_EDGE('',*,*,#876,.F.);
#3929 = ADVANCED_FACE('',(#3930),#694,.F.);
#3930 = FACE_BOUND('',#3931,.T.);
#3931 = EDGE_LOOP('',(#3932,#3933,#3934,#3957));
#3932 = ORIENTED_EDGE('',*,*,#678,.T.);
#3933 = ORIENTED_EDGE('',*,*,#3860,.T.);
#3934 = ORIENTED_EDGE('',*,*,#3935,.F.);
#3935 = EDGE_CURVE('',#3936,#3838,#3938,.T.);
#3936 = VERTEX_POINT('',#3937);
#3937 = CARTESIAN_POINT('',(-117.3243944678,-131.994856067,6.31));
#3938 = SURFACE_CURVE('',#3939,(#3943,#3950),.PCURVE_S1.);
#3939 = LINE('',#3940,#3941);
#3940 = CARTESIAN_POINT('',(-122.0332111936,-132.4096065349,6.31));
#3941 = VECTOR('',#3942,1.);
#3942 = DIRECTION('',(0.99614342133,8.773986631943E-02,-0.));
#3943 = PCURVE('',#694,#3944);
#3944 = DEFINITIONAL_REPRESENTATION('',(#3945),#3949);
#3945 = LINE('',#3946,#3947);
#3946 = CARTESIAN_POINT('',(-4.902727809783,-26.31));
#3947 = VECTOR('',#3948,1.);
#3948 = DIRECTION('',(1.,-0.));
#3949 = ( GEOMETRIC_REPRESENTATION_CONTEXT(2) 
PARAMETRIC_REPRESENTATION_CONTEXT() REPRESENTATION_CONTEXT('2D SPACE',''
  ) );
#3950 = PCURVE('',#1612,#3951);
#3951 = DEFINITIONAL_REPRESENTATION('',(#3952),#3956);
#3952 = LINE('',#3953,#3954);
#3953 = CARTESIAN_POINT('',(5.871405949211,-10.78226626235));
#3954 = VECTOR('',#3955,1.);
#3955 = DIRECTION('',(0.99614342133,8.773986631943E-02));
#3956 = ( GEOMETRIC_REPRESENTATION_CONTEXT(2) 
PARAMETRIC_REPRESENTATION_CONTEXT() REPRESENTATION_CONTEXT('2D SPACE',''
  ) );
#3957 = ORIENTED_EDGE('',*,*,#3958,.F.);
#3958 = EDGE_CURVE('',#679,#3936,#3959,.T.);
#3959 = SURFACE_CURVE('',#3960,(#3964,#3971),.PCURVE_S1.);
#3960 = LINE('',#3961,#3962);
#3961 = CARTESIAN_POINT('',(-117.3243944678,-131.994856067,-20.));
#3962 = VECTOR('',#3963,1.);
#3963 = DIRECTION('',(-0.,-0.,1.));
#3964 = PCURVE('',#694,#3965);
#3965 = DEFINITIONAL_REPRESENTATION('',(#3966),#3970);
#3966 = LINE('',#3967,#3968);
#3967 = CARTESIAN_POINT('',(-0.17568085548,0.));
#3968 = VECTOR('',#3969,1.);
#3969 = DIRECTION('',(-0.,-1.));
#3970 = ( GEOMETRIC_REPRESENTATION_CONTEXT(2) 
PARAMETRIC_REPRESENTATION_CONTEXT() REPRESENTATION_CONTEXT('2D SPACE',''
  ) );
#3971 = PCURVE('',#722,#3972);
#3972 = DEFINITIONAL_REPRESENTATION('',(#3973),#3977);
#3973 = LINE('',#3974,#3975);
#3974 = CARTESIAN_POINT('',(-0.,-0.));
#3975 = VECTOR('',#3976,1.);
#3976 = DIRECTION('',(-0.,-1.));
#3977 = ( GEOMETRIC_REPRESENTATION_CONTEXT(2) 
PARAMETRIC_REPRESENTATION_CONTEXT() REPRESENTATION_CONTEXT('2D SPACE',''
  ) );
#3978 = ADVANCED_FACE('',(#3979),#864,.T.);
#3979 = FACE_BOUND('',#3980,.F.);
#3980 = EDGE_LOOP('',(#3981,#3982,#4006,#4027));
#3981 = ORIENTED_EDGE('',*,*,#3884,.T.);
#3982 = ORIENTED_EDGE('',*,*,#3983,.T.);
#3983 = EDGE_CURVE('',#3885,#3984,#3986,.T.);
#3984 = VERTEX_POINT('',#3985);
#3985 = CARTESIAN_POINT('',(-141.468537185,-131.2792135225,6.31));
#3986 = SURFACE_CURVE('',#3987,(#3992,#3999),.PCURVE_S1.);
#3987 = CIRCLE('',#3988,1.);
#3988 = AXIS2_PLACEMENT_3D('',#3989,#3990,#3991);
#3989 = CARTESIAN_POINT('',(-140.5446576525,-130.8965300902,6.31));
#3990 = DIRECTION('',(-0.,0.,1.));
#3991 = DIRECTION('',(-0.13052619222,0.991444861374,-0.));
#3992 = PCURVE('',#864,#3993);
#3993 = DEFINITIONAL_REPRESENTATION('',(#3994),#3998);
#3994 = LINE('',#3995,#3996);
#3995 = CARTESIAN_POINT('',(-0.,-1.5));
#3996 = VECTOR('',#3997,1.);
#3997 = DIRECTION('',(-1.,0.));
#3998 = ( GEOMETRIC_REPRESENTATION_CONTEXT(2) 
PARAMETRIC_REPRESENTATION_CONTEXT() REPRESENTATION_CONTEXT('2D SPACE',''
  ) );
#3999 = PCURVE('',#1612,#4000);
#4000 = DEFINITIONAL_REPRESENTATION('',(#4001),#4005);
#4001 = CIRCLE('',#4002,1.);
#4002 = AXIS2_PLACEMENT_2D('',#4003,#4004);
#4003 = CARTESIAN_POINT('',(-12.64004050971,-9.269189817619));
#4004 = DIRECTION('',(-0.13052619222,0.991444861374));
#4005 = ( GEOMETRIC_REPRESENTATION_CONTEXT(2) 
PARAMETRIC_REPRESENTATION_CONTEXT() REPRESENTATION_CONTEXT('2D SPACE',''
  ) );
#4006 = ORIENTED_EDGE('',*,*,#4007,.F.);
#4007 = EDGE_CURVE('',#820,#3984,#4008,.T.);
#4008 = SURFACE_CURVE('',#4009,(#4013,#4020),.PCURVE_S1.);
#4009 = LINE('',#4010,#4011);
#4010 = CARTESIAN_POINT('',(-141.468537185,-131.2792135225,4.81));
#4011 = VECTOR('',#4012,1.);
#4012 = DIRECTION('',(-0.,-0.,1.));
#4013 = PCURVE('',#864,#4014);
#4014 = DEFINITIONAL_REPRESENTATION('',(#4015),#4019);
#4015 = LINE('',#4016,#4017);
#4016 = CARTESIAN_POINT('',(-1.832595714594,0.));
#4017 = VECTOR('',#4018,1.);
#4018 = DIRECTION('',(-0.,-1.));
#4019 = ( GEOMETRIC_REPRESENTATION_CONTEXT(2) 
PARAMETRIC_REPRESENTATION_CONTEXT() REPRESENTATION_CONTEXT('2D SPACE',''
  ) );
#4020 = PCURVE('',#835,#4021);
#4021 = DEFINITIONAL_REPRESENTATION('',(#4022),#4026);
#4022 = LINE('',#4023,#4024);
#4023 = CARTESIAN_POINT('',(-0.52210476888,0.));
#4024 = VECTOR('',#4025,1.);
#4025 = DIRECTION('',(-0.,-1.));
#4026 = ( GEOMETRIC_REPRESENTATION_CONTEXT(2) 
PARAMETRIC_REPRESENTATION_CONTEXT() REPRESENTATION_CONTEXT('2D SPACE',''
  ) );
#4027 = ORIENTED_EDGE('',*,*,#847,.F.);
#4028 = ADVANCED_FACE('',(#4029),#722,.F.);
#4029 = FACE_BOUND('',#4030,.T.);
#4030 = EDGE_LOOP('',(#4031,#4032,#4033,#4056));
#4031 = ORIENTED_EDGE('',*,*,#706,.T.);
#4032 = ORIENTED_EDGE('',*,*,#3958,.T.);
#4033 = ORIENTED_EDGE('',*,*,#4034,.F.);
#4034 = EDGE_CURVE('',#4035,#3936,#4037,.T.);
#4035 = VERTEX_POINT('',#4036);
#4036 = CARTESIAN_POINT('',(-117.5,-132.,6.31));
#4037 = SURFACE_CURVE('',#4038,(#4042,#4049),.PCURVE_S1.);
#4038 = LINE('',#4039,#4040);
#4039 = CARTESIAN_POINT('',(-122.4582552193,-132.1452399131,6.31));
#4040 = VECTOR('',#4041,1.);
#4041 = DIRECTION('',(0.999571249308,2.927998559842E-02,-0.));
#4042 = PCURVE('',#722,#4043);
#4043 = DEFINITIONAL_REPRESENTATION('',(#4044),#4048);
#4044 = LINE('',#4045,#4046);
#4045 = CARTESIAN_POINT('',(-5.136062842055,-26.31));
#4046 = VECTOR('',#4047,1.);
#4047 = DIRECTION('',(1.,-0.));
#4048 = ( GEOMETRIC_REPRESENTATION_CONTEXT(2) 
PARAMETRIC_REPRESENTATION_CONTEXT() REPRESENTATION_CONTEXT('2D SPACE',''
  ) );
#4049 = PCURVE('',#1612,#4050);
#4050 = DEFINITIONAL_REPRESENTATION('',(#4051),#4055);
#4051 = LINE('',#4052,#4053);
#4052 = CARTESIAN_POINT('',(5.446361923498,-10.51789964054));
#4053 = VECTOR('',#4054,1.);
#4054 = DIRECTION('',(0.999571249308,2.927998559842E-02));
#4055 = ( GEOMETRIC_REPRESENTATION_CONTEXT(2) 
PARAMETRIC_REPRESENTATION_CONTEXT() REPRESENTATION_CONTEXT('2D SPACE',''
  ) );
#4056 = ORIENTED_EDGE('',*,*,#4057,.F.);
#4057 = EDGE_CURVE('',#707,#4035,#4058,.T.);
#4058 = SURFACE_CURVE('',#4059,(#4063,#4070),.PCURVE_S1.);
#4059 = LINE('',#4060,#4061);
#4060 = CARTESIAN_POINT('',(-117.5,-132.,-20.));
#4061 = VECTOR('',#4062,1.);
#4062 = DIRECTION('',(-0.,-0.,1.));
#4063 = PCURVE('',#722,#4064);
#4064 = DEFINITIONAL_REPRESENTATION('',(#4065),#4069);
#4065 = LINE('',#4066,#4067);
#4066 = CARTESIAN_POINT('',(-0.17568085548,0.));
#4067 = VECTOR('',#4068,1.);
#4068 = DIRECTION('',(-0.,-1.));
#4069 = ( GEOMETRIC_REPRESENTATION_CONTEXT(2) 
PARAMETRIC_REPRESENTATION_CONTEXT() REPRESENTATION_CONTEXT('2D SPACE',''
  ) );
#4070 = PCURVE('',#750,#4071);
#4071 = DEFINITIONAL_REPRESENTATION('',(#4072),#4076);
#4072 = LINE('',#4073,#4074);
#4073 = CARTESIAN_POINT('',(-0.,-0.));
#4074 = VECTOR('',#4075,1.);
#4075 = DIRECTION('',(-0.,-1.));
#4076 = ( GEOMETRIC_REPRESENTATION_CONTEXT(2) 
PARAMETRIC_REPRESENTATION_CONTEXT() REPRESENTATION_CONTEXT('2D SPACE',''
  ) );
#4077 = ADVANCED_FACE('',(#4078),#835,.F.);
#4078 = FACE_BOUND('',#4079,.T.);
#4079 = EDGE_LOOP('',(#4080,#4103,#4124,#4125));
#4080 = ORIENTED_EDGE('',*,*,#4081,.T.);
#4081 = EDGE_CURVE('',#791,#4082,#4084,.T.);
#4082 = VERTEX_POINT('',#4083);
#4083 = CARTESIAN_POINT('',(-141.26873634,-131.7615754323,6.31));
#4084 = SURFACE_CURVE('',#4085,(#4089,#4096),.PCURVE_S1.);
#4085 = LINE('',#4086,#4087);
#4086 = CARTESIAN_POINT('',(-141.26873634,-131.7615754323,4.81));
#4087 = VECTOR('',#4088,1.);
#4088 = DIRECTION('',(-0.,-0.,1.));
#4089 = PCURVE('',#835,#4090);
#4090 = DEFINITIONAL_REPRESENTATION('',(#4091),#4095);
#4091 = LINE('',#4092,#4093);
#4092 = CARTESIAN_POINT('',(-0.,-0.));
#4093 = VECTOR('',#4094,1.);
#4094 = DIRECTION('',(-0.,-1.));
#4095 = ( GEOMETRIC_REPRESENTATION_CONTEXT(2) 
PARAMETRIC_REPRESENTATION_CONTEXT() REPRESENTATION_CONTEXT('2D SPACE',''
  ) );
#4096 = PCURVE('',#807,#4097);
#4097 = DEFINITIONAL_REPRESENTATION('',(#4098),#4102);
#4098 = LINE('',#4099,#4100);
#4099 = CARTESIAN_POINT('',(-1.570796326795,0.));
#4100 = VECTOR('',#4101,1.);
#4101 = DIRECTION('',(-0.,-1.));
#4102 = ( GEOMETRIC_REPRESENTATION_CONTEXT(2) 
PARAMETRIC_REPRESENTATION_CONTEXT() REPRESENTATION_CONTEXT('2D SPACE',''
  ) );
#4103 = ORIENTED_EDGE('',*,*,#4104,.T.);
#4104 = EDGE_CURVE('',#4082,#3984,#4105,.T.);
#4105 = SURFACE_CURVE('',#4106,(#4110,#4117),.PCURVE_S1.);
#4106 = LINE('',#4107,#4108);
#4107 = CARTESIAN_POINT('',(-141.26873634,-131.7615754323,6.31));
#4108 = VECTOR('',#4109,1.);
#4109 = DIRECTION('',(-0.382683432365,0.923879532511,-0.));
#4110 = PCURVE('',#835,#4111);
#4111 = DEFINITIONAL_REPRESENTATION('',(#4112),#4116);
#4112 = LINE('',#4113,#4114);
#4113 = CARTESIAN_POINT('',(-0.,-1.5));
#4114 = VECTOR('',#4115,1.);
#4115 = DIRECTION('',(-1.,0.));
#4116 = ( GEOMETRIC_REPRESENTATION_CONTEXT(2) 
PARAMETRIC_REPRESENTATION_CONTEXT() REPRESENTATION_CONTEXT('2D SPACE',''
  ) );
#4117 = PCURVE('',#1612,#4118);
#4118 = DEFINITIONAL_REPRESENTATION('',(#4119),#4123);
#4119 = LINE('',#4120,#4121);
#4120 = CARTESIAN_POINT('',(-13.36411919721,-10.13423515977));
#4121 = VECTOR('',#4122,1.);
#4122 = DIRECTION('',(-0.382683432365,0.923879532511));
#4123 = ( GEOMETRIC_REPRESENTATION_CONTEXT(2) 
PARAMETRIC_REPRESENTATION_CONTEXT() REPRESENTATION_CONTEXT('2D SPACE',''
  ) );
#4124 = ORIENTED_EDGE('',*,*,#4007,.F.);
#4125 = ORIENTED_EDGE('',*,*,#819,.F.);
#4126 = ADVANCED_FACE('',(#4127),#750,.F.);
#4127 = FACE_BOUND('',#4128,.T.);
#4128 = EDGE_LOOP('',(#4129,#4130,#4131,#4154));
#4129 = ORIENTED_EDGE('',*,*,#734,.T.);
#4130 = ORIENTED_EDGE('',*,*,#4057,.T.);
#4131 = ORIENTED_EDGE('',*,*,#4132,.F.);
#4132 = EDGE_CURVE('',#4133,#4035,#4135,.T.);
#4133 = VERTEX_POINT('',#4134);
#4134 = CARTESIAN_POINT('',(-141.1287362907,-132.,6.31));
#4135 = SURFACE_CURVE('',#4136,(#4140,#4147),.PCURVE_S1.);
#4136 = LINE('',#4137,#4138);
#4137 = CARTESIAN_POINT('',(-122.7023085714,-132.,6.31));
#4138 = VECTOR('',#4139,1.);
#4139 = DIRECTION('',(1.,-0.,-0.));
#4140 = PCURVE('',#750,#4141);
#4141 = DEFINITIONAL_REPRESENTATION('',(#4142),#4146);
#4142 = LINE('',#4143,#4144);
#4143 = CARTESIAN_POINT('',(-5.202308571432,-26.31));
#4144 = VECTOR('',#4145,1.);
#4145 = DIRECTION('',(1.,-0.));
#4146 = ( GEOMETRIC_REPRESENTATION_CONTEXT(2) 
PARAMETRIC_REPRESENTATION_CONTEXT() REPRESENTATION_CONTEXT('2D SPACE',''
  ) );
#4147 = PCURVE('',#1612,#4148);
#4148 = DEFINITIONAL_REPRESENTATION('',(#4149),#4153);
#4149 = LINE('',#4150,#4151);
#4150 = CARTESIAN_POINT('',(5.202308571432,-10.37265972741));
#4151 = VECTOR('',#4152,1.);
#4152 = DIRECTION('',(1.,-0.));
#4153 = ( GEOMETRIC_REPRESENTATION_CONTEXT(2) 
PARAMETRIC_REPRESENTATION_CONTEXT() REPRESENTATION_CONTEXT('2D SPACE',''
  ) );
#4154 = ORIENTED_EDGE('',*,*,#4155,.T.);
#4155 = EDGE_CURVE('',#4133,#735,#4156,.T.);
#4156 = SURFACE_CURVE('',#4157,(#4161,#4168),.PCURVE_S1.);
#4157 = LINE('',#4158,#4159);
#4158 = CARTESIAN_POINT('',(-141.1287362907,-132.,-7.595));
#4159 = VECTOR('',#4160,1.);
#4160 = DIRECTION('',(-0.,-0.,-1.));
#4161 = PCURVE('',#750,#4162);
#4162 = DEFINITIONAL_REPRESENTATION('',(#4163),#4167);
#4163 = LINE('',#4164,#4165);
#4164 = CARTESIAN_POINT('',(-23.62873629073,-12.405));
#4165 = VECTOR('',#4166,1.);
#4166 = DIRECTION('',(-0.,1.));
#4167 = ( GEOMETRIC_REPRESENTATION_CONTEXT(2) 
PARAMETRIC_REPRESENTATION_CONTEXT() REPRESENTATION_CONTEXT('2D SPACE',''
  ) );
#4168 = PCURVE('',#778,#4169);
#4169 = DEFINITIONAL_REPRESENTATION('',(#4170),#4174);
#4170 = LINE('',#4171,#4172);
#4171 = CARTESIAN_POINT('',(-0.506542256738,12.405));
#4172 = VECTOR('',#4173,1.);
#4173 = DIRECTION('',(-0.,1.));
#4174 = ( GEOMETRIC_REPRESENTATION_CONTEXT(2) 
PARAMETRIC_REPRESENTATION_CONTEXT() REPRESENTATION_CONTEXT('2D SPACE',''
  ) );
#4175 = ADVANCED_FACE('',(#4176),#807,.T.);
#4176 = FACE_BOUND('',#4177,.F.);
#4177 = EDGE_LOOP('',(#4178,#4179,#4203,#4224));
#4178 = ORIENTED_EDGE('',*,*,#4081,.T.);
#4179 = ORIENTED_EDGE('',*,*,#4180,.T.);
#4180 = EDGE_CURVE('',#4082,#4181,#4183,.T.);
#4181 = VERTEX_POINT('',#4182);
#4182 = CARTESIAN_POINT('',(-141.1382101478,-131.987653429,6.31));
#4183 = SURFACE_CURVE('',#4184,(#4189,#4196),.PCURVE_S1.);
#4184 = CIRCLE('',#4185,1.);
#4185 = AXIS2_PLACEMENT_3D('',#4186,#4187,#4188);
#4186 = CARTESIAN_POINT('',(-140.3448568075,-131.378892,6.31));
#4187 = DIRECTION('',(-0.,0.,1.));
#4188 = DIRECTION('',(-0.382683432365,0.923879532511,-0.));
#4189 = PCURVE('',#807,#4190);
#4190 = DEFINITIONAL_REPRESENTATION('',(#4191),#4195);
#4191 = LINE('',#4192,#4193);
#4192 = CARTESIAN_POINT('',(-0.,-1.5));
#4193 = VECTOR('',#4194,1.);
#4194 = DIRECTION('',(-1.,0.));
#4195 = ( GEOMETRIC_REPRESENTATION_CONTEXT(2) 
PARAMETRIC_REPRESENTATION_CONTEXT() REPRESENTATION_CONTEXT('2D SPACE',''
  ) );
#4196 = PCURVE('',#1612,#4197);
#4197 = DEFINITIONAL_REPRESENTATION('',(#4198),#4202);
#4198 = CIRCLE('',#4199,1.);
#4199 = AXIS2_PLACEMENT_2D('',#4200,#4201);
#4200 = CARTESIAN_POINT('',(-12.4402396647,-9.751551727414));
#4201 = DIRECTION('',(-0.382683432365,0.923879532511));
#4202 = ( GEOMETRIC_REPRESENTATION_CONTEXT(2) 
PARAMETRIC_REPRESENTATION_CONTEXT() REPRESENTATION_CONTEXT('2D SPACE',''
  ) );
#4203 = ORIENTED_EDGE('',*,*,#4204,.F.);
#4204 = EDGE_CURVE('',#763,#4181,#4205,.T.);
#4205 = SURFACE_CURVE('',#4206,(#4210,#4217),.PCURVE_S1.);
#4206 = LINE('',#4207,#4208);
#4207 = CARTESIAN_POINT('',(-141.1382101478,-131.987653429,4.81));
#4208 = VECTOR('',#4209,1.);
#4209 = DIRECTION('',(-0.,-0.,1.));
#4210 = PCURVE('',#807,#4211);
#4211 = DEFINITIONAL_REPRESENTATION('',(#4212),#4216);
#4212 = LINE('',#4213,#4214);
#4213 = CARTESIAN_POINT('',(-1.832595714594,0.));
#4214 = VECTOR('',#4215,1.);
#4215 = DIRECTION('',(-0.,-1.));
#4216 = ( GEOMETRIC_REPRESENTATION_CONTEXT(2) 
PARAMETRIC_REPRESENTATION_CONTEXT() REPRESENTATION_CONTEXT('2D SPACE',''
  ) );
#4217 = PCURVE('',#778,#4218);
#4218 = DEFINITIONAL_REPRESENTATION('',(#4219),#4223);
#4219 = LINE('',#4220,#4221);
#4220 = CARTESIAN_POINT('',(-0.52210476888,0.));
#4221 = VECTOR('',#4222,1.);
#4222 = DIRECTION('',(-0.,-1.));
#4223 = ( GEOMETRIC_REPRESENTATION_CONTEXT(2) 
PARAMETRIC_REPRESENTATION_CONTEXT() REPRESENTATION_CONTEXT('2D SPACE',''
  ) );
#4224 = ORIENTED_EDGE('',*,*,#790,.F.);
#4225 = ADVANCED_FACE('',(#4226),#778,.F.);
#4226 = FACE_BOUND('',#4227,.T.);
#4227 = EDGE_LOOP('',(#4228,#4229,#4230,#4251));
#4228 = ORIENTED_EDGE('',*,*,#762,.F.);
#4229 = ORIENTED_EDGE('',*,*,#4155,.F.);
#4230 = ORIENTED_EDGE('',*,*,#4231,.T.);
#4231 = EDGE_CURVE('',#4133,#4181,#4232,.T.);
#4232 = SURFACE_CURVE('',#4233,(#4237,#4244),.PCURVE_S1.);
#4233 = LINE('',#4234,#4235);
#4234 = CARTESIAN_POINT('',(-140.8203729026,-132.4018669913,6.31));
#4235 = VECTOR('',#4236,1.);
#4236 = DIRECTION('',(-0.608761429009,0.793353340291,-0.));
#4237 = PCURVE('',#778,#4238);
#4238 = DEFINITIONAL_REPRESENTATION('',(#4239),#4243);
#4239 = LINE('',#4240,#4241);
#4240 = CARTESIAN_POINT('',(-0.,-1.5));
#4241 = VECTOR('',#4242,1.);
#4242 = DIRECTION('',(-1.,0.));
#4243 = ( GEOMETRIC_REPRESENTATION_CONTEXT(2) 
PARAMETRIC_REPRESENTATION_CONTEXT() REPRESENTATION_CONTEXT('2D SPACE',''
  ) );
#4244 = PCURVE('',#1612,#4245);
#4245 = DEFINITIONAL_REPRESENTATION('',(#4246),#4250);
#4246 = LINE('',#4247,#4248);
#4247 = CARTESIAN_POINT('',(-12.9157557598,-10.77452671879));
#4248 = VECTOR('',#4249,1.);
#4249 = DIRECTION('',(-0.608761429009,0.793353340291));
#4250 = ( GEOMETRIC_REPRESENTATION_CONTEXT(2) 
PARAMETRIC_REPRESENTATION_CONTEXT() REPRESENTATION_CONTEXT('2D SPACE',''
  ) );
#4251 = ORIENTED_EDGE('',*,*,#4204,.F.);
#4252 = ADVANCED_FACE('',(#4253),#1522,.T.);
#4253 = FACE_BOUND('',#4254,.F.);
#4254 = EDGE_LOOP('',(#4255,#4256,#4279,#4310));
#4255 = ORIENTED_EDGE('',*,*,#1501,.F.);
#4256 = ORIENTED_EDGE('',*,*,#4257,.F.);
#4257 = EDGE_CURVE('',#4258,#1502,#4260,.T.);
#4258 = VERTEX_POINT('',#4259);
#4259 = CARTESIAN_POINT('',(-140.112806,-130.378892,0.91));
#4260 = SEAM_CURVE('',#4261,(#4265,#4272),.PCURVE_S1.);
#4261 = LINE('',#4262,#4263);
#4262 = CARTESIAN_POINT('',(-140.112806,-130.378892,0.91));
#4263 = VECTOR('',#4264,1.);
#4264 = DIRECTION('',(-0.,-0.,1.));
#4265 = PCURVE('',#1522,#4266);
#4266 = DEFINITIONAL_REPRESENTATION('',(#4267),#4271);
#4267 = LINE('',#4268,#4269);
#4268 = CARTESIAN_POINT('',(-6.28318530718,-0.));
#4269 = VECTOR('',#4270,1.);
#4270 = DIRECTION('',(-0.,1.));
#4271 = ( GEOMETRIC_REPRESENTATION_CONTEXT(2) 
PARAMETRIC_REPRESENTATION_CONTEXT() REPRESENTATION_CONTEXT('2D SPACE',''
  ) );
#4272 = PCURVE('',#1522,#4273);
#4273 = DEFINITIONAL_REPRESENTATION('',(#4274),#4278);
#4274 = LINE('',#4275,#4276);
#4275 = CARTESIAN_POINT('',(-0.,-0.));
#4276 = VECTOR('',#4277,1.);
#4277 = DIRECTION('',(-0.,1.));
#4278 = ( GEOMETRIC_REPRESENTATION_CONTEXT(2) 
PARAMETRIC_REPRESENTATION_CONTEXT() REPRESENTATION_CONTEXT('2D SPACE',''
  ) );
#4279 = ORIENTED_EDGE('',*,*,#4280,.T.);
#4280 = EDGE_CURVE('',#4258,#4258,#4281,.T.);
#4281 = SURFACE_CURVE('',#4282,(#4287,#4294),.PCURVE_S1.);
#4282 = CIRCLE('',#4283,1.5);
#4283 = AXIS2_PLACEMENT_3D('',#4284,#4285,#4286);
#4284 = CARTESIAN_POINT('',(-138.612806,-130.378892,0.91));
#4285 = DIRECTION('',(0.,0.,-1.));
#4286 = DIRECTION('',(-1.,-0.,-0.));
#4287 = PCURVE('',#1522,#4288);
#4288 = DEFINITIONAL_REPRESENTATION('',(#4289),#4293);
#4289 = LINE('',#4290,#4291);
#4290 = CARTESIAN_POINT('',(-0.,0.));
#4291 = VECTOR('',#4292,1.);
#4292 = DIRECTION('',(-1.,0.));
#4293 = ( GEOMETRIC_REPRESENTATION_CONTEXT(2) 
PARAMETRIC_REPRESENTATION_CONTEXT() REPRESENTATION_CONTEXT('2D SPACE',''
  ) );
#4294 = PCURVE('',#4295,#4300);
#4295 = PLANE('',#4296);
#4296 = AXIS2_PLACEMENT_3D('',#4297,#4298,#4299);
#4297 = CARTESIAN_POINT('',(-138.612806,-130.378892,0.91));
#4298 = DIRECTION('',(-0.,-0.,1.));
#4299 = DIRECTION('',(1.,0.,0.));
#4300 = DEFINITIONAL_REPRESENTATION('',(#4301),#4309);
#4301 = ( BOUNDED_CURVE() B_SPLINE_CURVE(2,(#4302,#4303,#4304,#4305,
#4306,#4307,#4308),.UNSPECIFIED.,.T.,.F.) B_SPLINE_CURVE_WITH_KNOTS((1,2
    ,2,2,2,1),(-2.094395102393,0.,2.094395102393,4.188790204786,
6.28318530718,8.377580409573),.UNSPECIFIED.) CURVE() 
GEOMETRIC_REPRESENTATION_ITEM() RATIONAL_B_SPLINE_CURVE((1.,0.5,1.,0.5,
1.,0.5,1.)) REPRESENTATION_ITEM('') );
#4302 = CARTESIAN_POINT('',(-1.5,0.));
#4303 = CARTESIAN_POINT('',(-1.5,2.598076211353));
#4304 = CARTESIAN_POINT('',(0.75,1.299038105677));
#4305 = CARTESIAN_POINT('',(3.,3.673940397442E-16));
#4306 = CARTESIAN_POINT('',(0.75,-1.299038105677));
#4307 = CARTESIAN_POINT('',(-1.5,-2.598076211353));
#4308 = CARTESIAN_POINT('',(-1.5,0.));
#4309 = ( GEOMETRIC_REPRESENTATION_CONTEXT(2) 
PARAMETRIC_REPRESENTATION_CONTEXT() REPRESENTATION_CONTEXT('2D SPACE',''
  ) );
#4310 = ORIENTED_EDGE('',*,*,#4257,.T.);
#4311 = ADVANCED_FACE('',(#4312),#1557,.T.);
#4312 = FACE_BOUND('',#4313,.F.);
#4313 = EDGE_LOOP('',(#4314,#4315,#4338,#4369));
#4314 = ORIENTED_EDGE('',*,*,#1536,.F.);
#4315 = ORIENTED_EDGE('',*,*,#4316,.F.);
#4316 = EDGE_CURVE('',#4317,#1537,#4319,.T.);
#4317 = VERTEX_POINT('',#4318);
#4318 = CARTESIAN_POINT('',(-136.,-109.5,0.91));
#4319 = SEAM_CURVE('',#4320,(#4324,#4331),.PCURVE_S1.);
#4320 = LINE('',#4321,#4322);
#4321 = CARTESIAN_POINT('',(-136.,-109.5,0.91));
#4322 = VECTOR('',#4323,1.);
#4323 = DIRECTION('',(-0.,-0.,1.));
#4324 = PCURVE('',#1557,#4325);
#4325 = DEFINITIONAL_REPRESENTATION('',(#4326),#4330);
#4326 = LINE('',#4327,#4328);
#4327 = CARTESIAN_POINT('',(-6.28318530718,-0.));
#4328 = VECTOR('',#4329,1.);
#4329 = DIRECTION('',(-0.,1.));
#4330 = ( GEOMETRIC_REPRESENTATION_CONTEXT(2) 
PARAMETRIC_REPRESENTATION_CONTEXT() REPRESENTATION_CONTEXT('2D SPACE',''
  ) );
#4331 = PCURVE('',#1557,#4332);
#4332 = DEFINITIONAL_REPRESENTATION('',(#4333),#4337);
#4333 = LINE('',#4334,#4335);
#4334 = CARTESIAN_POINT('',(-0.,-0.));
#4335 = VECTOR('',#4336,1.);
#4336 = DIRECTION('',(-0.,1.));
#4337 = ( GEOMETRIC_REPRESENTATION_CONTEXT(2) 
PARAMETRIC_REPRESENTATION_CONTEXT() REPRESENTATION_CONTEXT('2D SPACE',''
  ) );
#4338 = ORIENTED_EDGE('',*,*,#4339,.T.);
#4339 = EDGE_CURVE('',#4317,#4317,#4340,.T.);
#4340 = SURFACE_CURVE('',#4341,(#4346,#4353),.PCURVE_S1.);
#4341 = CIRCLE('',#4342,1.5);
#4342 = AXIS2_PLACEMENT_3D('',#4343,#4344,#4345);
#4343 = CARTESIAN_POINT('',(-134.5,-109.5,0.91));
#4344 = DIRECTION('',(0.,0.,-1.));
#4345 = DIRECTION('',(-1.,-0.,-0.));
#4346 = PCURVE('',#1557,#4347);
#4347 = DEFINITIONAL_REPRESENTATION('',(#4348),#4352);
#4348 = LINE('',#4349,#4350);
#4349 = CARTESIAN_POINT('',(-0.,0.));
#4350 = VECTOR('',#4351,1.);
#4351 = DIRECTION('',(-1.,0.));
#4352 = ( GEOMETRIC_REPRESENTATION_CONTEXT(2) 
PARAMETRIC_REPRESENTATION_CONTEXT() REPRESENTATION_CONTEXT('2D SPACE',''
  ) );
#4353 = PCURVE('',#4354,#4359);
#4354 = PLANE('',#4355);
#4355 = AXIS2_PLACEMENT_3D('',#4356,#4357,#4358);
#4356 = CARTESIAN_POINT('',(-134.5,-109.5,0.91));
#4357 = DIRECTION('',(-0.,-0.,1.));
#4358 = DIRECTION('',(1.,0.,0.));
#4359 = DEFINITIONAL_REPRESENTATION('',(#4360),#4368);
#4360 = ( BOUNDED_CURVE() B_SPLINE_CURVE(2,(#4361,#4362,#4363,#4364,
#4365,#4366,#4367),.UNSPECIFIED.,.T.,.F.) B_SPLINE_CURVE_WITH_KNOTS((1,2
    ,2,2,2,1),(-2.094395102393,0.,2.094395102393,4.188790204786,
6.28318530718,8.377580409573),.UNSPECIFIED.) CURVE() 
GEOMETRIC_REPRESENTATION_ITEM() RATIONAL_B_SPLINE_CURVE((1.,0.5,1.,0.5,
1.,0.5,1.)) REPRESENTATION_ITEM('') );
#4361 = CARTESIAN_POINT('',(-1.5,0.));
#4362 = CARTESIAN_POINT('',(-1.5,2.598076211353));
#4363 = CARTESIAN_POINT('',(0.75,1.299038105677));
#4364 = CARTESIAN_POINT('',(3.,3.673940397442E-16));
#4365 = CARTESIAN_POINT('',(0.75,-1.299038105677));
#4366 = CARTESIAN_POINT('',(-1.5,-2.598076211353));
#4367 = CARTESIAN_POINT('',(-1.5,0.));
#4368 = ( GEOMETRIC_REPRESENTATION_CONTEXT(2) 
PARAMETRIC_REPRESENTATION_CONTEXT() REPRESENTATION_CONTEXT('2D SPACE',''
  ) );
#4369 = ORIENTED_EDGE('',*,*,#4316,.T.);
#4370 = ADVANCED_FACE('',(#4371),#1612,.T.);
#4371 = FACE_BOUND('',#4372,.F.);
#4372 = EDGE_LOOP('',(#4373,#4374,#4375,#4376,#4377,#4378,#4379,#4380,
    #4381,#4382,#4383,#4384,#4385,#4386,#4387,#4388,#4411,#4439,#4467,
    #4495,#4516,#4517,#4518,#4519,#4520,#4521,#4522,#4523,#4524,#4525,
    #4526,#4527,#4528,#4529,#4530,#4531,#4532,#4533,#4534,#4535,#4536,
    #4537,#4538,#4539,#4540,#4541,#4542,#4543,#4544,#4545,#4546,#4547,
    #4548,#4549,#4550));
#4373 = ORIENTED_EDGE('',*,*,#1595,.F.);
#4374 = ORIENTED_EDGE('',*,*,#1651,.T.);
#4375 = ORIENTED_EDGE('',*,*,#1772,.F.);
#4376 = ORIENTED_EDGE('',*,*,#1848,.F.);
#4377 = ORIENTED_EDGE('',*,*,#1946,.F.);
#4378 = ORIENTED_EDGE('',*,*,#2045,.F.);
#4379 = ORIENTED_EDGE('',*,*,#2143,.F.);
#4380 = ORIENTED_EDGE('',*,*,#2242,.F.);
#4381 = ORIENTED_EDGE('',*,*,#2340,.F.);
#4382 = ORIENTED_EDGE('',*,*,#2439,.F.);
#4383 = ORIENTED_EDGE('',*,*,#2537,.F.);
#4384 = ORIENTED_EDGE('',*,*,#2636,.F.);
#4385 = ORIENTED_EDGE('',*,*,#2734,.F.);
#4386 = ORIENTED_EDGE('',*,*,#2833,.F.);
#4387 = ORIENTED_EDGE('',*,*,#2954,.F.);
#4388 = ORIENTED_EDGE('',*,*,#4389,.F.);
#4389 = EDGE_CURVE('',#4390,#2955,#4392,.T.);
#4390 = VERTEX_POINT('',#4391);
#4391 = CARTESIAN_POINT('',(-115.560875123,-131.2890601042,6.31));
#4392 = SURFACE_CURVE('',#4393,(#4397,#4404),.PCURVE_S1.);
#4393 = LINE('',#4394,#4395);
#4394 = CARTESIAN_POINT('',(-116.5080307159,-132.1402888756,6.31));
#4395 = VECTOR('',#4396,1.);
#4396 = DIRECTION('',(0.743766913079,0.668439061552,-0.));
#4397 = PCURVE('',#1612,#4398);
#4398 = DEFINITIONAL_REPRESENTATION('',(#4399),#4403);
#4399 = LINE('',#4400,#4401);
#4400 = CARTESIAN_POINT('',(11.396586426962,-10.51294860305));
#4401 = VECTOR('',#4402,1.);
#4402 = DIRECTION('',(0.743766913079,0.668439061552));
#4403 = ( GEOMETRIC_REPRESENTATION_CONTEXT(2) 
PARAMETRIC_REPRESENTATION_CONTEXT() REPRESENTATION_CONTEXT('2D SPACE',''
  ) );
#4404 = PCURVE('',#2993,#4405);
#4405 = DEFINITIONAL_REPRESENTATION('',(#4406),#4410);
#4406 = LINE('',#4407,#4408);
#4407 = CARTESIAN_POINT('',(-1.449138408058,-26.31));
#4408 = VECTOR('',#4409,1.);
#4409 = DIRECTION('',(1.,-0.));
#4410 = ( GEOMETRIC_REPRESENTATION_CONTEXT(2) 
PARAMETRIC_REPRESENTATION_CONTEXT() REPRESENTATION_CONTEXT('2D SPACE',''
  ) );
#4411 = ORIENTED_EDGE('',*,*,#4412,.F.);
#4412 = EDGE_CURVE('',#4413,#4390,#4415,.T.);
#4413 = VERTEX_POINT('',#4414);
#4414 = CARTESIAN_POINT('',(-115.6981905847,-131.39864216,6.31));
#4415 = SURFACE_CURVE('',#4416,(#4420,#4427),.PCURVE_S1.);
#4416 = LINE('',#4417,#4418);
#4417 = CARTESIAN_POINT('',(-116.976207616,-132.4185399334,6.31));
#4418 = VECTOR('',#4419,1.);
#4419 = DIRECTION('',(0.781618812926,0.623756387767,-0.));
#4420 = PCURVE('',#1612,#4421);
#4421 = DEFINITIONAL_REPRESENTATION('',(#4422),#4426);
#4422 = LINE('',#4423,#4424);
#4423 = CARTESIAN_POINT('',(10.928409526798,-10.79119966086));
#4424 = VECTOR('',#4425,1.);
#4425 = DIRECTION('',(0.781618812926,0.623756387767));
#4426 = ( GEOMETRIC_REPRESENTATION_CONTEXT(2) 
PARAMETRIC_REPRESENTATION_CONTEXT() REPRESENTATION_CONTEXT('2D SPACE',''
  ) );
#4427 = PCURVE('',#4428,#4433);
#4428 = PLANE('',#4429);
#4429 = AXIS2_PLACEMENT_3D('',#4430,#4431,#4432);
#4430 = CARTESIAN_POINT('',(-115.560875123,-131.2890601042,-20.));
#4431 = DIRECTION('',(-0.623756387767,0.781618812926,-0.));
#4432 = DIRECTION('',(0.781618812926,0.623756387767,0.));
#4433 = DEFINITIONAL_REPRESENTATION('',(#4434),#4438);
#4434 = LINE('',#4435,#4436);
#4435 = CARTESIAN_POINT('',(-1.81077076137,-26.31));
#4436 = VECTOR('',#4437,1.);
#4437 = DIRECTION('',(1.,-0.));
#4438 = ( GEOMETRIC_REPRESENTATION_CONTEXT(2) 
PARAMETRIC_REPRESENTATION_CONTEXT() REPRESENTATION_CONTEXT('2D SPACE',''
  ) );
#4439 = ORIENTED_EDGE('',*,*,#4440,.F.);
#4440 = EDGE_CURVE('',#4441,#4413,#4443,.T.);
#4441 = VERTEX_POINT('',#4442);
#4442 = CARTESIAN_POINT('',(-115.8416850036,-131.4999985349,6.31));
#4443 = SURFACE_CURVE('',#4444,(#4448,#4455),.PCURVE_S1.);
#4444 = LINE('',#4445,#4446);
#4445 = CARTESIAN_POINT('',(-117.4676393866,-132.6484811256,6.31));
#4446 = VECTOR('',#4447,1.);
#4447 = DIRECTION('',(0.816790301391,0.576934661424,-0.));
#4448 = PCURVE('',#1612,#4449);
#4449 = DEFINITIONAL_REPRESENTATION('',(#4450),#4454);
#4450 = LINE('',#4451,#4452);
#4451 = CARTESIAN_POINT('',(10.436977756253,-11.02114085307));
#4452 = VECTOR('',#4453,1.);
#4453 = DIRECTION('',(0.816790301391,0.576934661424));
#4454 = ( GEOMETRIC_REPRESENTATION_CONTEXT(2) 
PARAMETRIC_REPRESENTATION_CONTEXT() REPRESENTATION_CONTEXT('2D SPACE',''
  ) );
#4455 = PCURVE('',#4456,#4461);
#4456 = PLANE('',#4457);
#4457 = AXIS2_PLACEMENT_3D('',#4458,#4459,#4460);
#4458 = CARTESIAN_POINT('',(-115.6981905847,-131.39864216,-20.));
#4459 = DIRECTION('',(-0.576934661424,0.816790301391,-0.));
#4460 = DIRECTION('',(0.816790301391,0.576934661424,0.));
#4461 = DEFINITIONAL_REPRESENTATION('',(#4462),#4466);
#4462 = LINE('',#4463,#4464);
#4463 = CARTESIAN_POINT('',(-2.166344040569,-26.31));
#4464 = VECTOR('',#4465,1.);
#4465 = DIRECTION('',(1.,-0.));
#4466 = ( GEOMETRIC_REPRESENTATION_CONTEXT(2) 
PARAMETRIC_REPRESENTATION_CONTEXT() REPRESENTATION_CONTEXT('2D SPACE',''
  ) );
#4467 = ORIENTED_EDGE('',*,*,#4468,.F.);
#4468 = EDGE_CURVE('',#4469,#4441,#4471,.T.);
#4469 = VERTEX_POINT('',#4470);
#4470 = CARTESIAN_POINT('',(-115.9908662932,-131.5927816467,6.31));
#4471 = SURFACE_CURVE('',#4472,(#4476,#4483),.PCURVE_S1.);
#4472 = LINE('',#4473,#4474);
#4473 = CARTESIAN_POINT('',(-117.9770176739,-132.8280659509,6.31));
#4474 = VECTOR('',#4475,1.);
#4475 = DIRECTION('',(0.849160764621,0.528134448629,-0.));
#4476 = PCURVE('',#1612,#4477);
#4477 = DEFINITIONAL_REPRESENTATION('',(#4478),#4482);
#4478 = LINE('',#4479,#4480);
#4479 = CARTESIAN_POINT('',(9.92759946892,-11.20072567837));
#4480 = VECTOR('',#4481,1.);
#4481 = DIRECTION('',(0.849160764621,0.528134448629));
#4482 = ( GEOMETRIC_REPRESENTATION_CONTEXT(2) 
PARAMETRIC_REPRESENTATION_CONTEXT() REPRESENTATION_CONTEXT('2D SPACE',''
  ) );
#4483 = PCURVE('',#4484,#4489);
#4484 = PLANE('',#4485);
#4485 = AXIS2_PLACEMENT_3D('',#4486,#4487,#4488);
#4486 = CARTESIAN_POINT('',(-115.8416850036,-131.4999985349,-20.));
#4487 = DIRECTION('',(-0.528134448629,0.849160764621,-0.));
#4488 = DIRECTION('',(0.849160764621,0.528134448629,0.));
#4489 = DEFINITIONAL_REPRESENTATION('',(#4490),#4494);
#4490 = LINE('',#4491,#4492);
#4491 = CARTESIAN_POINT('',(-2.514638875484,-26.31));
#4492 = VECTOR('',#4493,1.);
#4493 = DIRECTION('',(1.,-0.));
#4494 = ( GEOMETRIC_REPRESENTATION_CONTEXT(2) 
PARAMETRIC_REPRESENTATION_CONTEXT() REPRESENTATION_CONTEXT('2D SPACE',''
  ) );
#4495 = ORIENTED_EDGE('',*,*,#4496,.F.);
#4496 = EDGE_CURVE('',#3341,#4469,#4497,.T.);
#4497 = SURFACE_CURVE('',#4498,(#4502,#4509),.PCURVE_S1.);
#4498 = LINE('',#4499,#4500);
#4499 = CARTESIAN_POINT('',(-118.4988503908,-132.9558526443,6.31));
#4500 = VECTOR('',#4501,1.);
#4501 = DIRECTION('',(0.878619194337,0.477523100324,-0.));
#4502 = PCURVE('',#1612,#4503);
#4503 = DEFINITIONAL_REPRESENTATION('',(#4504),#4508);
#4504 = LINE('',#4505,#4506);
#4505 = CARTESIAN_POINT('',(9.405766752064,-11.32851237181));
#4506 = VECTOR('',#4507,1.);
#4507 = DIRECTION('',(0.878619194337,0.477523100324));
#4508 = ( GEOMETRIC_REPRESENTATION_CONTEXT(2) 
PARAMETRIC_REPRESENTATION_CONTEXT() REPRESENTATION_CONTEXT('2D SPACE',''
  ) );
#4509 = PCURVE('',#3356,#4510);
#4510 = DEFINITIONAL_REPRESENTATION('',(#4511),#4515);
#4511 = LINE('',#4512,#4513);
#4512 = CARTESIAN_POINT('',(-2.854460855971,-26.31));
#4513 = VECTOR('',#4514,1.);
#4514 = DIRECTION('',(1.,-0.));
#4515 = ( GEOMETRIC_REPRESENTATION_CONTEXT(2) 
PARAMETRIC_REPRESENTATION_CONTEXT() REPRESENTATION_CONTEXT('2D SPACE',''
  ) );
#4516 = ORIENTED_EDGE('',*,*,#3368,.F.);
#4517 = ORIENTED_EDGE('',*,*,#3443,.F.);
#4518 = ORIENTED_EDGE('',*,*,#3541,.F.);
#4519 = ORIENTED_EDGE('',*,*,#3640,.F.);
#4520 = ORIENTED_EDGE('',*,*,#3738,.F.);
#4521 = ORIENTED_EDGE('',*,*,#3837,.F.);
#4522 = ORIENTED_EDGE('',*,*,#3935,.F.);
#4523 = ORIENTED_EDGE('',*,*,#4034,.F.);
#4524 = ORIENTED_EDGE('',*,*,#4132,.F.);
#4525 = ORIENTED_EDGE('',*,*,#4231,.T.);
#4526 = ORIENTED_EDGE('',*,*,#4180,.F.);
#4527 = ORIENTED_EDGE('',*,*,#4104,.T.);
#4528 = ORIENTED_EDGE('',*,*,#3983,.F.);
#4529 = ORIENTED_EDGE('',*,*,#3907,.T.);
#4530 = ORIENTED_EDGE('',*,*,#3786,.F.);
#4531 = ORIENTED_EDGE('',*,*,#3710,.T.);
#4532 = ORIENTED_EDGE('',*,*,#3589,.F.);
#4533 = ORIENTED_EDGE('',*,*,#3514,.T.);
#4534 = ORIENTED_EDGE('',*,*,#3394,.T.);
#4535 = ORIENTED_EDGE('',*,*,#3268,.T.);
#4536 = ORIENTED_EDGE('',*,*,#3218,.T.);
#4537 = ORIENTED_EDGE('',*,*,#3035,.F.);
#4538 = ORIENTED_EDGE('',*,*,#2903,.T.);
#4539 = ORIENTED_EDGE('',*,*,#2782,.F.);
#4540 = ORIENTED_EDGE('',*,*,#2706,.T.);
#4541 = ORIENTED_EDGE('',*,*,#2585,.F.);
#4542 = ORIENTED_EDGE('',*,*,#2509,.T.);
#4543 = ORIENTED_EDGE('',*,*,#2388,.F.);
#4544 = ORIENTED_EDGE('',*,*,#2312,.T.);
#4545 = ORIENTED_EDGE('',*,*,#2191,.F.);
#4546 = ORIENTED_EDGE('',*,*,#2115,.T.);
#4547 = ORIENTED_EDGE('',*,*,#1994,.F.);
#4548 = ORIENTED_EDGE('',*,*,#1918,.T.);
#4549 = ORIENTED_EDGE('',*,*,#1797,.F.);
#4550 = ORIENTED_EDGE('',*,*,#1721,.T.);
#4551 = ADVANCED_FACE('',(#4552),#3019,.T.);
#4552 = FACE_BOUND('',#4553,.F.);
#4553 = EDGE_LOOP('',(#4554,#4555,#4556,#4557,#4580,#4603,#4626,#4649));
#4554 = ORIENTED_EDGE('',*,*,#3005,.F.);
#4555 = ORIENTED_EDGE('',*,*,#3084,.T.);
#4556 = ORIENTED_EDGE('',*,*,#3317,.F.);
#4557 = ORIENTED_EDGE('',*,*,#4558,.F.);
#4558 = EDGE_CURVE('',#4559,#3318,#4561,.T.);
#4559 = VERTEX_POINT('',#4560);
#4560 = CARTESIAN_POINT('',(-115.9908662932,-131.5927816467,4.82));
#4561 = SURFACE_CURVE('',#4562,(#4566,#4573),.PCURVE_S1.);
#4562 = LINE('',#4563,#4564);
#4563 = CARTESIAN_POINT('',(-115.9563416104,-131.5740177343,4.82));
#4564 = VECTOR('',#4565,1.);
#4565 = DIRECTION('',(-0.878619194337,-0.477523100324,-0.));
#4566 = PCURVE('',#3019,#4567);
#4567 = DEFINITIONAL_REPRESENTATION('',(#4568),#4572);
#4568 = LINE('',#4569,#4570);
#4569 = CARTESIAN_POINT('',(0.660165389562,-1.296959734318));
#4570 = VECTOR('',#4571,1.);
#4571 = DIRECTION('',(-0.878619194337,-0.477523100324));
#4572 = ( GEOMETRIC_REPRESENTATION_CONTEXT(2) 
PARAMETRIC_REPRESENTATION_CONTEXT() REPRESENTATION_CONTEXT('2D SPACE',''
  ) );
#4573 = PCURVE('',#3356,#4574);
#4574 = DEFINITIONAL_REPRESENTATION('',(#4575),#4579);
#4575 = LINE('',#4576,#4577);
#4576 = CARTESIAN_POINT('',(3.929425062165E-02,-24.82));
#4577 = VECTOR('',#4578,1.);
#4578 = DIRECTION('',(-1.,0.));
#4579 = ( GEOMETRIC_REPRESENTATION_CONTEXT(2) 
PARAMETRIC_REPRESENTATION_CONTEXT() REPRESENTATION_CONTEXT('2D SPACE',''
  ) );
#4580 = ORIENTED_EDGE('',*,*,#4581,.F.);
#4581 = EDGE_CURVE('',#4582,#4559,#4584,.T.);
#4582 = VERTEX_POINT('',#4583);
#4583 = CARTESIAN_POINT('',(-115.8416850036,-131.4999985349,4.82));
#4584 = SURFACE_CURVE('',#4585,(#4589,#4596),.PCURVE_S1.);
#4585 = LINE('',#4586,#4587);
#4586 = CARTESIAN_POINT('',(-115.8468102891,-131.5031861996,4.82));
#4587 = VECTOR('',#4588,1.);
#4588 = DIRECTION('',(-0.849160764621,-0.528134448629,-0.));
#4589 = PCURVE('',#3019,#4590);
#4590 = DEFINITIONAL_REPRESENTATION('',(#4591),#4595);
#4591 = LINE('',#4592,#4593);
#4592 = CARTESIAN_POINT('',(0.769696710866,-1.226128199664));
#4593 = VECTOR('',#4594,1.);
#4594 = DIRECTION('',(-0.849160764621,-0.528134448629));
#4595 = ( GEOMETRIC_REPRESENTATION_CONTEXT(2) 
PARAMETRIC_REPRESENTATION_CONTEXT() REPRESENTATION_CONTEXT('2D SPACE',''
  ) );
#4596 = PCURVE('',#4484,#4597);
#4597 = DEFINITIONAL_REPRESENTATION('',(#4598),#4602);
#4598 = LINE('',#4599,#4600);
#4599 = CARTESIAN_POINT('',(-6.035706846781E-03,-24.82));
#4600 = VECTOR('',#4601,1.);
#4601 = DIRECTION('',(-1.,0.));
#4602 = ( GEOMETRIC_REPRESENTATION_CONTEXT(2) 
PARAMETRIC_REPRESENTATION_CONTEXT() REPRESENTATION_CONTEXT('2D SPACE',''
  ) );
#4603 = ORIENTED_EDGE('',*,*,#4604,.F.);
#4604 = EDGE_CURVE('',#4605,#4582,#4607,.T.);
#4605 = VERTEX_POINT('',#4606);
#4606 = CARTESIAN_POINT('',(-115.6981905847,-131.39864216,4.82));
#4607 = SURFACE_CURVE('',#4608,(#4612,#4619),.PCURVE_S1.);
#4608 = LINE('',#4609,#4610);
#4609 = CARTESIAN_POINT('',(-115.7402516766,-131.4283517462,4.82));
#4610 = VECTOR('',#4611,1.);
#4611 = DIRECTION('',(-0.816790301391,-0.576934661424,-0.));
#4612 = PCURVE('',#3019,#4613);
#4613 = DEFINITIONAL_REPRESENTATION('',(#4614),#4618);
#4614 = LINE('',#4615,#4616);
#4615 = CARTESIAN_POINT('',(0.876255323306,-1.151293746216));
#4616 = VECTOR('',#4617,1.);
#4617 = DIRECTION('',(-0.816790301391,-0.576934661424));
#4618 = ( GEOMETRIC_REPRESENTATION_CONTEXT(2) 
PARAMETRIC_REPRESENTATION_CONTEXT() REPRESENTATION_CONTEXT('2D SPACE',''
  ) );
#4619 = PCURVE('',#4456,#4620);
#4620 = DEFINITIONAL_REPRESENTATION('',(#4621),#4625);
#4621 = LINE('',#4622,#4623);
#4622 = CARTESIAN_POINT('',(-5.149558194538E-02,-24.82));
#4623 = VECTOR('',#4624,1.);
#4624 = DIRECTION('',(-1.,0.));
#4625 = ( GEOMETRIC_REPRESENTATION_CONTEXT(2) 
PARAMETRIC_REPRESENTATION_CONTEXT() REPRESENTATION_CONTEXT('2D SPACE',''
  ) );
#4626 = ORIENTED_EDGE('',*,*,#4627,.F.);
#4627 = EDGE_CURVE('',#4628,#4605,#4630,.T.);
#4628 = VERTEX_POINT('',#4629);
#4629 = CARTESIAN_POINT('',(-115.560875123,-131.2890601042,4.82));
#4630 = SURFACE_CURVE('',#4631,(#4635,#4642),.PCURVE_S1.);
#4631 = LINE('',#4632,#4633);
#4632 = CARTESIAN_POINT('',(-115.6366370272,-131.3495204858,4.82));
#4633 = VECTOR('',#4634,1.);
#4634 = DIRECTION('',(-0.781618812926,-0.623756387767,-0.));
#4635 = PCURVE('',#3019,#4636);
#4636 = DEFINITIONAL_REPRESENTATION('',(#4637),#4641);
#4637 = LINE('',#4638,#4639);
#4638 = CARTESIAN_POINT('',(0.979869972779,-1.072462485817));
#4639 = VECTOR('',#4640,1.);
#4640 = DIRECTION('',(-0.781618812926,-0.623756387767));
#4641 = ( GEOMETRIC_REPRESENTATION_CONTEXT(2) 
PARAMETRIC_REPRESENTATION_CONTEXT() REPRESENTATION_CONTEXT('2D SPACE',''
  ) );
#4642 = PCURVE('',#4428,#4643);
#4643 = DEFINITIONAL_REPRESENTATION('',(#4644),#4648);
#4644 = LINE('',#4645,#4646);
#4645 = CARTESIAN_POINT('',(-9.692947877615E-02,-24.82));
#4646 = VECTOR('',#4647,1.);
#4647 = DIRECTION('',(-1.,0.));
#4648 = ( GEOMETRIC_REPRESENTATION_CONTEXT(2) 
PARAMETRIC_REPRESENTATION_CONTEXT() REPRESENTATION_CONTEXT('2D SPACE',''
  ) );
#4649 = ORIENTED_EDGE('',*,*,#4650,.F.);
#4650 = EDGE_CURVE('',#2978,#4628,#4651,.T.);
#4651 = SURFACE_CURVE('',#4652,(#4656,#4663),.PCURVE_S1.);
#4652 = LINE('',#4653,#4654);
#4653 = CARTESIAN_POINT('',(-115.5359594782,-131.266667887,4.82));
#4654 = VECTOR('',#4655,1.);
#4655 = DIRECTION('',(-0.743766913079,-0.668439061552,-0.));
#4656 = PCURVE('',#3019,#4657);
#4657 = DEFINITIONAL_REPRESENTATION('',(#4658),#4662);
#4658 = LINE('',#4659,#4660);
#4659 = CARTESIAN_POINT('',(1.0805475218,-0.989609887041));
#4660 = VECTOR('',#4661,1.);
#4661 = DIRECTION('',(-0.743766913079,-0.668439061552));
#4662 = ( GEOMETRIC_REPRESENTATION_CONTEXT(2) 
PARAMETRIC_REPRESENTATION_CONTEXT() REPRESENTATION_CONTEXT('2D SPACE',''
  ) );
#4663 = PCURVE('',#2993,#4664);
#4664 = DEFINITIONAL_REPRESENTATION('',(#4665),#4669);
#4665 = LINE('',#4666,#4667);
#4666 = CARTESIAN_POINT('',(-0.142181590529,-24.82));
#4667 = VECTOR('',#4668,1.);
#4668 = DIRECTION('',(-1.,0.));
#4669 = ( GEOMETRIC_REPRESENTATION_CONTEXT(2) 
PARAMETRIC_REPRESENTATION_CONTEXT() REPRESENTATION_CONTEXT('2D SPACE',''
  ) );
#4670 = ADVANCED_FACE('',(#4671),#2993,.F.);
#4671 = FACE_BOUND('',#4672,.T.);
#4672 = EDGE_LOOP('',(#4673,#4694,#4695,#4696));
#4673 = ORIENTED_EDGE('',*,*,#4674,.F.);
#4674 = EDGE_CURVE('',#4628,#4390,#4675,.T.);
#4675 = SURFACE_CURVE('',#4676,(#4680,#4687),.PCURVE_S1.);
#4676 = LINE('',#4677,#4678);
#4677 = CARTESIAN_POINT('',(-115.560875123,-131.2890601042,-20.));
#4678 = VECTOR('',#4679,1.);
#4679 = DIRECTION('',(-0.,-0.,1.));
#4680 = PCURVE('',#2993,#4681);
#4681 = DEFINITIONAL_REPRESENTATION('',(#4682),#4686);
#4682 = LINE('',#4683,#4684);
#4683 = CARTESIAN_POINT('',(-0.17568085548,0.));
#4684 = VECTOR('',#4685,1.);
#4685 = DIRECTION('',(-0.,-1.));
#4686 = ( GEOMETRIC_REPRESENTATION_CONTEXT(2) 
PARAMETRIC_REPRESENTATION_CONTEXT() REPRESENTATION_CONTEXT('2D SPACE',''
  ) );
#4687 = PCURVE('',#4428,#4688);
#4688 = DEFINITIONAL_REPRESENTATION('',(#4689),#4693);
#4689 = LINE('',#4690,#4691);
#4690 = CARTESIAN_POINT('',(-0.,-0.));
#4691 = VECTOR('',#4692,1.);
#4692 = DIRECTION('',(-0.,-1.));
#4693 = ( GEOMETRIC_REPRESENTATION_CONTEXT(2) 
PARAMETRIC_REPRESENTATION_CONTEXT() REPRESENTATION_CONTEXT('2D SPACE',''
  ) );
#4694 = ORIENTED_EDGE('',*,*,#4650,.F.);
#4695 = ORIENTED_EDGE('',*,*,#2977,.T.);
#4696 = ORIENTED_EDGE('',*,*,#4389,.F.);
#4697 = ADVANCED_FACE('',(#4698,#4701),#3152,.F.);
#4698 = FACE_BOUND('',#4699,.T.);
#4699 = EDGE_LOOP('',(#4700));
#4700 = ORIENTED_EDGE('',*,*,#3137,.T.);
#4701 = FACE_BOUND('',#4702,.T.);
#4702 = EDGE_LOOP('',(#4703));
#4703 = ORIENTED_EDGE('',*,*,#4704,.F.);
#4704 = EDGE_CURVE('',#4705,#4705,#4707,.T.);
#4705 = VERTEX_POINT('',#4706);
#4706 = CARTESIAN_POINT('',(-117.016507,-130.277058,0.91));
#4707 = SURFACE_CURVE('',#4708,(#4713,#4724),.PCURVE_S1.);
#4708 = CIRCLE('',#4709,0.4);
#4709 = AXIS2_PLACEMENT_3D('',#4710,#4711,#4712);
#4710 = CARTESIAN_POINT('',(-116.616507,-130.277058,0.91));
#4711 = DIRECTION('',(0.,0.,-1.));
#4712 = DIRECTION('',(-1.,-0.,-0.));
#4713 = PCURVE('',#3152,#4714);
#4714 = DEFINITIONAL_REPRESENTATION('',(#4715),#4723);
#4715 = ( BOUNDED_CURVE() B_SPLINE_CURVE(2,(#4716,#4717,#4718,#4719,
#4720,#4721,#4722),.UNSPECIFIED.,.T.,.F.) B_SPLINE_CURVE_WITH_KNOTS((1,2
    ,2,2,2,1),(-2.094395102393,0.,2.094395102393,4.188790204786,
6.28318530718,8.377580409573),.UNSPECIFIED.) CURVE() 
GEOMETRIC_REPRESENTATION_ITEM() RATIONAL_B_SPLINE_CURVE((1.,0.5,1.,0.5,
1.,0.5,1.)) REPRESENTATION_ITEM('') );
#4716 = CARTESIAN_POINT('',(-0.4,0.));
#4717 = CARTESIAN_POINT('',(-0.4,0.692820323028));
#4718 = CARTESIAN_POINT('',(0.2,0.346410161514));
#4719 = CARTESIAN_POINT('',(0.8,9.797174393179E-17));
#4720 = CARTESIAN_POINT('',(0.2,-0.346410161514));
#4721 = CARTESIAN_POINT('',(-0.4,-0.692820323028));
#4722 = CARTESIAN_POINT('',(-0.4,0.));
#4723 = ( GEOMETRIC_REPRESENTATION_CONTEXT(2) 
PARAMETRIC_REPRESENTATION_CONTEXT() REPRESENTATION_CONTEXT('2D SPACE',''
  ) );
#4724 = PCURVE('',#4725,#4730);
#4725 = CYLINDRICAL_SURFACE('',#4726,0.4);
#4726 = AXIS2_PLACEMENT_3D('',#4727,#4728,#4729);
#4727 = CARTESIAN_POINT('',(-116.616507,-130.277058,0.9));
#4728 = DIRECTION('',(-0.,-0.,1.));
#4729 = DIRECTION('',(-1.,-0.,-0.));
#4730 = DEFINITIONAL_REPRESENTATION('',(#4731),#4735);
#4731 = LINE('',#4732,#4733);
#4732 = CARTESIAN_POINT('',(-0.,1.E-02));
#4733 = VECTOR('',#4734,1.);
#4734 = DIRECTION('',(-1.,0.));
#4735 = ( GEOMETRIC_REPRESENTATION_CONTEXT(2) 
PARAMETRIC_REPRESENTATION_CONTEXT() REPRESENTATION_CONTEXT('2D SPACE',''
  ) );
#4736 = ADVANCED_FACE('',(#4737),#3356,.F.);
#4737 = FACE_BOUND('',#4738,.T.);
#4738 = EDGE_LOOP('',(#4739,#4740,#4741,#4762));
#4739 = ORIENTED_EDGE('',*,*,#3340,.F.);
#4740 = ORIENTED_EDGE('',*,*,#4558,.F.);
#4741 = ORIENTED_EDGE('',*,*,#4742,.T.);
#4742 = EDGE_CURVE('',#4559,#4469,#4743,.T.);
#4743 = SURFACE_CURVE('',#4744,(#4748,#4755),.PCURVE_S1.);
#4744 = LINE('',#4745,#4746);
#4745 = CARTESIAN_POINT('',(-115.9908662932,-131.5927816467,-20.));
#4746 = VECTOR('',#4747,1.);
#4747 = DIRECTION('',(-0.,-0.,1.));
#4748 = PCURVE('',#3356,#4749);
#4749 = DEFINITIONAL_REPRESENTATION('',(#4750),#4754);
#4750 = LINE('',#4751,#4752);
#4751 = CARTESIAN_POINT('',(-0.,-0.));
#4752 = VECTOR('',#4753,1.);
#4753 = DIRECTION('',(-0.,-1.));
#4754 = ( GEOMETRIC_REPRESENTATION_CONTEXT(2) 
PARAMETRIC_REPRESENTATION_CONTEXT() REPRESENTATION_CONTEXT('2D SPACE',''
  ) );
#4755 = PCURVE('',#4484,#4756);
#4756 = DEFINITIONAL_REPRESENTATION('',(#4757),#4761);
#4757 = LINE('',#4758,#4759);
#4758 = CARTESIAN_POINT('',(-0.17568085548,0.));
#4759 = VECTOR('',#4760,1.);
#4760 = DIRECTION('',(-0.,-1.));
#4761 = ( GEOMETRIC_REPRESENTATION_CONTEXT(2) 
PARAMETRIC_REPRESENTATION_CONTEXT() REPRESENTATION_CONTEXT('2D SPACE',''
  ) );
#4762 = ORIENTED_EDGE('',*,*,#4496,.F.);
#4763 = ADVANCED_FACE('',(#4764,#4767),#4295,.F.);
#4764 = FACE_BOUND('',#4765,.T.);
#4765 = EDGE_LOOP('',(#4766));
#4766 = ORIENTED_EDGE('',*,*,#4280,.T.);
#4767 = FACE_BOUND('',#4768,.T.);
#4768 = EDGE_LOOP('',(#4769));
#4769 = ORIENTED_EDGE('',*,*,#4770,.F.);
#4770 = EDGE_CURVE('',#4771,#4771,#4773,.T.);
#4771 = VERTEX_POINT('',#4772);
#4772 = CARTESIAN_POINT('',(-139.012806,-130.378892,0.91));
#4773 = SURFACE_CURVE('',#4774,(#4779,#4790),.PCURVE_S1.);
#4774 = CIRCLE('',#4775,0.4);
#4775 = AXIS2_PLACEMENT_3D('',#4776,#4777,#4778);
#4776 = CARTESIAN_POINT('',(-138.612806,-130.378892,0.91));
#4777 = DIRECTION('',(0.,0.,-1.));
#4778 = DIRECTION('',(-1.,-0.,-0.));
#4779 = PCURVE('',#4295,#4780);
#4780 = DEFINITIONAL_REPRESENTATION('',(#4781),#4789);
#4781 = ( BOUNDED_CURVE() B_SPLINE_CURVE(2,(#4782,#4783,#4784,#4785,
#4786,#4787,#4788),.UNSPECIFIED.,.T.,.F.) B_SPLINE_CURVE_WITH_KNOTS((1,2
    ,2,2,2,1),(-2.094395102393,0.,2.094395102393,4.188790204786,
6.28318530718,8.377580409573),.UNSPECIFIED.) CURVE() 
GEOMETRIC_REPRESENTATION_ITEM() RATIONAL_B_SPLINE_CURVE((1.,0.5,1.,0.5,
1.,0.5,1.)) REPRESENTATION_ITEM('') );
#4782 = CARTESIAN_POINT('',(-0.4,0.));
#4783 = CARTESIAN_POINT('',(-0.4,0.692820323028));
#4784 = CARTESIAN_POINT('',(0.2,0.346410161514));
#4785 = CARTESIAN_POINT('',(0.8,9.797174393178E-17));
#4786 = CARTESIAN_POINT('',(0.2,-0.346410161514));
#4787 = CARTESIAN_POINT('',(-0.4,-0.692820323028));
#4788 = CARTESIAN_POINT('',(-0.4,0.));
#4789 = ( GEOMETRIC_REPRESENTATION_CONTEXT(2) 
PARAMETRIC_REPRESENTATION_CONTEXT() REPRESENTATION_CONTEXT('2D SPACE',''
  ) );
#4790 = PCURVE('',#4791,#4796);
#4791 = CYLINDRICAL_SURFACE('',#4792,0.4);
#4792 = AXIS2_PLACEMENT_3D('',#4793,#4794,#4795);
#4793 = CARTESIAN_POINT('',(-138.612806,-130.378892,0.9));
#4794 = DIRECTION('',(-0.,-0.,1.));
#4795 = DIRECTION('',(-1.,-0.,-0.));
#4796 = DEFINITIONAL_REPRESENTATION('',(#4797),#4801);
#4797 = LINE('',#4798,#4799);
#4798 = CARTESIAN_POINT('',(-0.,1.E-02));
#4799 = VECTOR('',#4800,1.);
#4800 = DIRECTION('',(-1.,0.));
#4801 = ( GEOMETRIC_REPRESENTATION_CONTEXT(2) 
PARAMETRIC_REPRESENTATION_CONTEXT() REPRESENTATION_CONTEXT('2D SPACE',''
  ) );
#4802 = ADVANCED_FACE('',(#4803,#4806),#4354,.F.);
#4803 = FACE_BOUND('',#4804,.T.);
#4804 = EDGE_LOOP('',(#4805));
#4805 = ORIENTED_EDGE('',*,*,#4339,.T.);
#4806 = FACE_BOUND('',#4807,.T.);
#4807 = EDGE_LOOP('',(#4808));
#4808 = ORIENTED_EDGE('',*,*,#4809,.F.);
#4809 = EDGE_CURVE('',#4810,#4810,#4812,.T.);
#4810 = VERTEX_POINT('',#4811);
#4811 = CARTESIAN_POINT('',(-134.9,-109.5,0.91));
#4812 = SURFACE_CURVE('',#4813,(#4818,#4829),.PCURVE_S1.);
#4813 = CIRCLE('',#4814,0.4);
#4814 = AXIS2_PLACEMENT_3D('',#4815,#4816,#4817);
#4815 = CARTESIAN_POINT('',(-134.5,-109.5,0.91));
#4816 = DIRECTION('',(0.,0.,-1.));
#4817 = DIRECTION('',(-1.,-0.,-0.));
#4818 = PCURVE('',#4354,#4819);
#4819 = DEFINITIONAL_REPRESENTATION('',(#4820),#4828);
#4820 = ( BOUNDED_CURVE() B_SPLINE_CURVE(2,(#4821,#4822,#4823,#4824,
#4825,#4826,#4827),.UNSPECIFIED.,.T.,.F.) B_SPLINE_CURVE_WITH_KNOTS((1,2
    ,2,2,2,1),(-2.094395102393,0.,2.094395102393,4.188790204786,
6.28318530718,8.377580409573),.UNSPECIFIED.) CURVE() 
GEOMETRIC_REPRESENTATION_ITEM() RATIONAL_B_SPLINE_CURVE((1.,0.5,1.,0.5,
1.,0.5,1.)) REPRESENTATION_ITEM('') );
#4821 = CARTESIAN_POINT('',(-0.4,0.));
#4822 = CARTESIAN_POINT('',(-0.4,0.692820323028));
#4823 = CARTESIAN_POINT('',(0.2,0.346410161514));
#4824 = CARTESIAN_POINT('',(0.8,9.797174393178E-17));
#4825 = CARTESIAN_POINT('',(0.2,-0.346410161514));
#4826 = CARTESIAN_POINT('',(-0.4,-0.692820323028));
#4827 = CARTESIAN_POINT('',(-0.4,0.));
#4828 = ( GEOMETRIC_REPRESENTATION_CONTEXT(2) 
PARAMETRIC_REPRESENTATION_CONTEXT() REPRESENTATION_CONTEXT('2D SPACE',''
  ) );
#4829 = PCURVE('',#4830,#4835);
#4830 = CYLINDRICAL_SURFACE('',#4831,0.4);
#4831 = AXIS2_PLACEMENT_3D('',#4832,#4833,#4834);
#4832 = CARTESIAN_POINT('',(-134.5,-109.5,0.9));
#4833 = DIRECTION('',(-0.,-0.,1.));
#4834 = DIRECTION('',(-1.,-0.,-0.));
#4835 = DEFINITIONAL_REPRESENTATION('',(#4836),#4840);
#4836 = LINE('',#4837,#4838);
#4837 = CARTESIAN_POINT('',(-0.,1.E-02));
#4838 = VECTOR('',#4839,1.);
#4839 = DIRECTION('',(-1.,0.));
#4840 = ( GEOMETRIC_REPRESENTATION_CONTEXT(2) 
PARAMETRIC_REPRESENTATION_CONTEXT() REPRESENTATION_CONTEXT('2D SPACE',''
  ) );
#4841 = ADVANCED_FACE('',(#4842),#4484,.F.);
#4842 = FACE_BOUND('',#4843,.T.);
#4843 = EDGE_LOOP('',(#4844,#4845,#4846,#4867));
#4844 = ORIENTED_EDGE('',*,*,#4742,.F.);
#4845 = ORIENTED_EDGE('',*,*,#4581,.F.);
#4846 = ORIENTED_EDGE('',*,*,#4847,.T.);
#4847 = EDGE_CURVE('',#4582,#4441,#4848,.T.);
#4848 = SURFACE_CURVE('',#4849,(#4853,#4860),.PCURVE_S1.);
#4849 = LINE('',#4850,#4851);
#4850 = CARTESIAN_POINT('',(-115.8416850036,-131.4999985349,-20.));
#4851 = VECTOR('',#4852,1.);
#4852 = DIRECTION('',(-0.,-0.,1.));
#4853 = PCURVE('',#4484,#4854);
#4854 = DEFINITIONAL_REPRESENTATION('',(#4855),#4859);
#4855 = LINE('',#4856,#4857);
#4856 = CARTESIAN_POINT('',(-0.,-0.));
#4857 = VECTOR('',#4858,1.);
#4858 = DIRECTION('',(-0.,-1.));
#4859 = ( GEOMETRIC_REPRESENTATION_CONTEXT(2) 
PARAMETRIC_REPRESENTATION_CONTEXT() REPRESENTATION_CONTEXT('2D SPACE',''
  ) );
#4860 = PCURVE('',#4456,#4861);
#4861 = DEFINITIONAL_REPRESENTATION('',(#4862),#4866);
#4862 = LINE('',#4863,#4864);
#4863 = CARTESIAN_POINT('',(-0.17568085548,0.));
#4864 = VECTOR('',#4865,1.);
#4865 = DIRECTION('',(-0.,-1.));
#4866 = ( GEOMETRIC_REPRESENTATION_CONTEXT(2) 
PARAMETRIC_REPRESENTATION_CONTEXT() REPRESENTATION_CONTEXT('2D SPACE',''
  ) );
#4867 = ORIENTED_EDGE('',*,*,#4468,.F.);
#4868 = ADVANCED_FACE('',(#4869),#4456,.F.);
#4869 = FACE_BOUND('',#4870,.T.);
#4870 = EDGE_LOOP('',(#4871,#4872,#4873,#4894));
#4871 = ORIENTED_EDGE('',*,*,#4847,.F.);
#4872 = ORIENTED_EDGE('',*,*,#4604,.F.);
#4873 = ORIENTED_EDGE('',*,*,#4874,.T.);
#4874 = EDGE_CURVE('',#4605,#4413,#4875,.T.);
#4875 = SURFACE_CURVE('',#4876,(#4880,#4887),.PCURVE_S1.);
#4876 = LINE('',#4877,#4878);
#4877 = CARTESIAN_POINT('',(-115.6981905847,-131.39864216,-20.));
#4878 = VECTOR('',#4879,1.);
#4879 = DIRECTION('',(-0.,-0.,1.));
#4880 = PCURVE('',#4456,#4881);
#4881 = DEFINITIONAL_REPRESENTATION('',(#4882),#4886);
#4882 = LINE('',#4883,#4884);
#4883 = CARTESIAN_POINT('',(-0.,-0.));
#4884 = VECTOR('',#4885,1.);
#4885 = DIRECTION('',(-0.,-1.));
#4886 = ( GEOMETRIC_REPRESENTATION_CONTEXT(2) 
PARAMETRIC_REPRESENTATION_CONTEXT() REPRESENTATION_CONTEXT('2D SPACE',''
  ) );
#4887 = PCURVE('',#4428,#4888);
#4888 = DEFINITIONAL_REPRESENTATION('',(#4889),#4893);
#4889 = LINE('',#4890,#4891);
#4890 = CARTESIAN_POINT('',(-0.17568085548,0.));
#4891 = VECTOR('',#4892,1.);
#4892 = DIRECTION('',(-0.,-1.));
#4893 = ( GEOMETRIC_REPRESENTATION_CONTEXT(2) 
PARAMETRIC_REPRESENTATION_CONTEXT() REPRESENTATION_CONTEXT('2D SPACE',''
  ) );
#4894 = ORIENTED_EDGE('',*,*,#4440,.F.);
#4895 = ADVANCED_FACE('',(#4896),#4428,.F.);
#4896 = FACE_BOUND('',#4897,.T.);
#4897 = EDGE_LOOP('',(#4898,#4899,#4900,#4901));
#4898 = ORIENTED_EDGE('',*,*,#4874,.F.);
#4899 = ORIENTED_EDGE('',*,*,#4627,.F.);
#4900 = ORIENTED_EDGE('',*,*,#4674,.T.);
#4901 = ORIENTED_EDGE('',*,*,#4412,.F.);
#4902 = ADVANCED_FACE('',(#4903),#4725,.F.);
#4903 = FACE_BOUND('',#4904,.T.);
#4904 = EDGE_LOOP('',(#4905,#4928,#4959,#4960));
#4905 = ORIENTED_EDGE('',*,*,#4906,.T.);
#4906 = EDGE_CURVE('',#4705,#4907,#4909,.T.);
#4907 = VERTEX_POINT('',#4908);
#4908 = CARTESIAN_POINT('',(-117.016507,-130.277058,5.7));
#4909 = SEAM_CURVE('',#4910,(#4914,#4921),.PCURVE_S1.);
#4910 = LINE('',#4911,#4912);
#4911 = CARTESIAN_POINT('',(-117.016507,-130.277058,0.9));
#4912 = VECTOR('',#4913,1.);
#4913 = DIRECTION('',(-0.,-0.,1.));
#4914 = PCURVE('',#4725,#4915);
#4915 = DEFINITIONAL_REPRESENTATION('',(#4916),#4920);
#4916 = LINE('',#4917,#4918);
#4917 = CARTESIAN_POINT('',(-6.28318530718,-0.));
#4918 = VECTOR('',#4919,1.);
#4919 = DIRECTION('',(-0.,1.));
#4920 = ( GEOMETRIC_REPRESENTATION_CONTEXT(2) 
PARAMETRIC_REPRESENTATION_CONTEXT() REPRESENTATION_CONTEXT('2D SPACE',''
  ) );
#4921 = PCURVE('',#4725,#4922);
#4922 = DEFINITIONAL_REPRESENTATION('',(#4923),#4927);
#4923 = LINE('',#4924,#4925);
#4924 = CARTESIAN_POINT('',(-0.,-0.));
#4925 = VECTOR('',#4926,1.);
#4926 = DIRECTION('',(-0.,1.));
#4927 = ( GEOMETRIC_REPRESENTATION_CONTEXT(2) 
PARAMETRIC_REPRESENTATION_CONTEXT() REPRESENTATION_CONTEXT('2D SPACE',''
  ) );
#4928 = ORIENTED_EDGE('',*,*,#4929,.F.);
#4929 = EDGE_CURVE('',#4907,#4907,#4930,.T.);
#4930 = SURFACE_CURVE('',#4931,(#4936,#4943),.PCURVE_S1.);
#4931 = CIRCLE('',#4932,0.4);
#4932 = AXIS2_PLACEMENT_3D('',#4933,#4934,#4935);
#4933 = CARTESIAN_POINT('',(-116.616507,-130.277058,5.7));
#4934 = DIRECTION('',(0.,0.,-1.));
#4935 = DIRECTION('',(-1.,-0.,-0.));
#4936 = PCURVE('',#4725,#4937);
#4937 = DEFINITIONAL_REPRESENTATION('',(#4938),#4942);
#4938 = LINE('',#4939,#4940);
#4939 = CARTESIAN_POINT('',(-0.,4.8));
#4940 = VECTOR('',#4941,1.);
#4941 = DIRECTION('',(-1.,0.));
#4942 = ( GEOMETRIC_REPRESENTATION_CONTEXT(2) 
PARAMETRIC_REPRESENTATION_CONTEXT() REPRESENTATION_CONTEXT('2D SPACE',''
  ) );
#4943 = PCURVE('',#4944,#4949);
#4944 = PLANE('',#4945);
#4945 = AXIS2_PLACEMENT_3D('',#4946,#4947,#4948);
#4946 = CARTESIAN_POINT('',(-116.616507,-130.277058,5.7));
#4947 = DIRECTION('',(-0.,-0.,1.));
#4948 = DIRECTION('',(1.,0.,0.));
#4949 = DEFINITIONAL_REPRESENTATION('',(#4950),#4958);
#4950 = ( BOUNDED_CURVE() B_SPLINE_CURVE(2,(#4951,#4952,#4953,#4954,
#4955,#4956,#4957),.UNSPECIFIED.,.T.,.F.) B_SPLINE_CURVE_WITH_KNOTS((1,2
    ,2,2,2,1),(-2.094395102393,0.,2.094395102393,4.188790204786,
6.28318530718,8.377580409573),.UNSPECIFIED.) CURVE() 
GEOMETRIC_REPRESENTATION_ITEM() RATIONAL_B_SPLINE_CURVE((1.,0.5,1.,0.5,
1.,0.5,1.)) REPRESENTATION_ITEM('') );
#4951 = CARTESIAN_POINT('',(-0.4,0.));
#4952 = CARTESIAN_POINT('',(-0.4,0.692820323028));
#4953 = CARTESIAN_POINT('',(0.2,0.346410161514));
#4954 = CARTESIAN_POINT('',(0.8,9.797174393179E-17));
#4955 = CARTESIAN_POINT('',(0.2,-0.346410161514));
#4956 = CARTESIAN_POINT('',(-0.4,-0.692820323028));
#4957 = CARTESIAN_POINT('',(-0.4,0.));
#4958 = ( GEOMETRIC_REPRESENTATION_CONTEXT(2) 
PARAMETRIC_REPRESENTATION_CONTEXT() REPRESENTATION_CONTEXT('2D SPACE',''
  ) );
#4959 = ORIENTED_EDGE('',*,*,#4906,.F.);
#4960 = ORIENTED_EDGE('',*,*,#4704,.T.);
#4961 = ADVANCED_FACE('',(#4962),#4791,.F.);
#4962 = FACE_BOUND('',#4963,.T.);
#4963 = EDGE_LOOP('',(#4964,#4987,#5018,#5019));
#4964 = ORIENTED_EDGE('',*,*,#4965,.T.);
#4965 = EDGE_CURVE('',#4771,#4966,#4968,.T.);
#4966 = VERTEX_POINT('',#4967);
#4967 = CARTESIAN_POINT('',(-139.012806,-130.378892,5.7));
#4968 = SEAM_CURVE('',#4969,(#4973,#4980),.PCURVE_S1.);
#4969 = LINE('',#4970,#4971);
#4970 = CARTESIAN_POINT('',(-139.012806,-130.378892,0.9));
#4971 = VECTOR('',#4972,1.);
#4972 = DIRECTION('',(-0.,-0.,1.));
#4973 = PCURVE('',#4791,#4974);
#4974 = DEFINITIONAL_REPRESENTATION('',(#4975),#4979);
#4975 = LINE('',#4976,#4977);
#4976 = CARTESIAN_POINT('',(-6.28318530718,-0.));
#4977 = VECTOR('',#4978,1.);
#4978 = DIRECTION('',(-0.,1.));
#4979 = ( GEOMETRIC_REPRESENTATION_CONTEXT(2) 
PARAMETRIC_REPRESENTATION_CONTEXT() REPRESENTATION_CONTEXT('2D SPACE',''
  ) );
#4980 = PCURVE('',#4791,#4981);
#4981 = DEFINITIONAL_REPRESENTATION('',(#4982),#4986);
#4982 = LINE('',#4983,#4984);
#4983 = CARTESIAN_POINT('',(-0.,-0.));
#4984 = VECTOR('',#4985,1.);
#4985 = DIRECTION('',(-0.,1.));
#4986 = ( GEOMETRIC_REPRESENTATION_CONTEXT(2) 
PARAMETRIC_REPRESENTATION_CONTEXT() REPRESENTATION_CONTEXT('2D SPACE',''
  ) );
#4987 = ORIENTED_EDGE('',*,*,#4988,.F.);
#4988 = EDGE_CURVE('',#4966,#4966,#4989,.T.);
#4989 = SURFACE_CURVE('',#4990,(#4995,#5002),.PCURVE_S1.);
#4990 = CIRCLE('',#4991,0.4);
#4991 = AXIS2_PLACEMENT_3D('',#4992,#4993,#4994);
#4992 = CARTESIAN_POINT('',(-138.612806,-130.378892,5.7));
#4993 = DIRECTION('',(0.,0.,-1.));
#4994 = DIRECTION('',(-1.,-0.,-0.));
#4995 = PCURVE('',#4791,#4996);
#4996 = DEFINITIONAL_REPRESENTATION('',(#4997),#5001);
#4997 = LINE('',#4998,#4999);
#4998 = CARTESIAN_POINT('',(-0.,4.8));
#4999 = VECTOR('',#5000,1.);
#5000 = DIRECTION('',(-1.,0.));
#5001 = ( GEOMETRIC_REPRESENTATION_CONTEXT(2) 
PARAMETRIC_REPRESENTATION_CONTEXT() REPRESENTATION_CONTEXT('2D SPACE',''
  ) );
#5002 = PCURVE('',#5003,#5008);
#5003 = PLANE('',#5004);
#5004 = AXIS2_PLACEMENT_3D('',#5005,#5006,#5007);
#5005 = CARTESIAN_POINT('',(-138.612806,-130.378892,5.7));
#5006 = DIRECTION('',(-0.,-0.,1.));
#5007 = DIRECTION('',(1.,0.,0.));
#5008 = DEFINITIONAL_REPRESENTATION('',(#5009),#5017);
#5009 = ( BOUNDED_CURVE() B_SPLINE_CURVE(2,(#5010,#5011,#5012,#5013,
#5014,#5015,#5016),.UNSPECIFIED.,.T.,.F.) B_SPLINE_CURVE_WITH_KNOTS((1,2
    ,2,2,2,1),(-2.094395102393,0.,2.094395102393,4.188790204786,
6.28318530718,8.377580409573),.UNSPECIFIED.) CURVE() 
GEOMETRIC_REPRESENTATION_ITEM() RATIONAL_B_SPLINE_CURVE((1.,0.5,1.,0.5,
1.,0.5,1.)) REPRESENTATION_ITEM('') );
#5010 = CARTESIAN_POINT('',(-0.4,0.));
#5011 = CARTESIAN_POINT('',(-0.4,0.692820323028));
#5012 = CARTESIAN_POINT('',(0.2,0.346410161514));
#5013 = CARTESIAN_POINT('',(0.8,9.797174393178E-17));
#5014 = CARTESIAN_POINT('',(0.2,-0.346410161514));
#5015 = CARTESIAN_POINT('',(-0.4,-0.692820323028));
#5016 = CARTESIAN_POINT('',(-0.4,0.));
#5017 = ( GEOMETRIC_REPRESENTATION_CONTEXT(2) 
PARAMETRIC_REPRESENTATION_CONTEXT() REPRESENTATION_CONTEXT('2D SPACE',''
  ) );
#5018 = ORIENTED_EDGE('',*,*,#4965,.F.);
#5019 = ORIENTED_EDGE('',*,*,#4770,.T.);
#5020 = ADVANCED_FACE('',(#5021),#4830,.F.);
#5021 = FACE_BOUND('',#5022,.T.);
#5022 = EDGE_LOOP('',(#5023,#5046,#5077,#5078));
#5023 = ORIENTED_EDGE('',*,*,#5024,.T.);
#5024 = EDGE_CURVE('',#4810,#5025,#5027,.T.);
#5025 = VERTEX_POINT('',#5026);
#5026 = CARTESIAN_POINT('',(-134.9,-109.5,5.7));
#5027 = SEAM_CURVE('',#5028,(#5032,#5039),.PCURVE_S1.);
#5028 = LINE('',#5029,#5030);
#5029 = CARTESIAN_POINT('',(-134.9,-109.5,0.9));
#5030 = VECTOR('',#5031,1.);
#5031 = DIRECTION('',(-0.,-0.,1.));
#5032 = PCURVE('',#4830,#5033);
#5033 = DEFINITIONAL_REPRESENTATION('',(#5034),#5038);
#5034 = LINE('',#5035,#5036);
#5035 = CARTESIAN_POINT('',(-6.28318530718,-0.));
#5036 = VECTOR('',#5037,1.);
#5037 = DIRECTION('',(-0.,1.));
#5038 = ( GEOMETRIC_REPRESENTATION_CONTEXT(2) 
PARAMETRIC_REPRESENTATION_CONTEXT() REPRESENTATION_CONTEXT('2D SPACE',''
  ) );
#5039 = PCURVE('',#4830,#5040);
#5040 = DEFINITIONAL_REPRESENTATION('',(#5041),#5045);
#5041 = LINE('',#5042,#5043);
#5042 = CARTESIAN_POINT('',(-0.,-0.));
#5043 = VECTOR('',#5044,1.);
#5044 = DIRECTION('',(-0.,1.));
#5045 = ( GEOMETRIC_REPRESENTATION_CONTEXT(2) 
PARAMETRIC_REPRESENTATION_CONTEXT() REPRESENTATION_CONTEXT('2D SPACE',''
  ) );
#5046 = ORIENTED_EDGE('',*,*,#5047,.F.);
#5047 = EDGE_CURVE('',#5025,#5025,#5048,.T.);
#5048 = SURFACE_CURVE('',#5049,(#5054,#5061),.PCURVE_S1.);
#5049 = CIRCLE('',#5050,0.4);
#5050 = AXIS2_PLACEMENT_3D('',#5051,#5052,#5053);
#5051 = CARTESIAN_POINT('',(-134.5,-109.5,5.7));
#5052 = DIRECTION('',(0.,0.,-1.));
#5053 = DIRECTION('',(-1.,-0.,-0.));
#5054 = PCURVE('',#4830,#5055);
#5055 = DEFINITIONAL_REPRESENTATION('',(#5056),#5060);
#5056 = LINE('',#5057,#5058);
#5057 = CARTESIAN_POINT('',(-0.,4.8));
#5058 = VECTOR('',#5059,1.);
#5059 = DIRECTION('',(-1.,0.));
#5060 = ( GEOMETRIC_REPRESENTATION_CONTEXT(2) 
PARAMETRIC_REPRESENTATION_CONTEXT() REPRESENTATION_CONTEXT('2D SPACE',''
  ) );
#5061 = PCURVE('',#5062,#5067);
#5062 = PLANE('',#5063);
#5063 = AXIS2_PLACEMENT_3D('',#5064,#5065,#5066);
#5064 = CARTESIAN_POINT('',(-134.5,-109.5,5.7));
#5065 = DIRECTION('',(-0.,-0.,1.));
#5066 = DIRECTION('',(1.,0.,0.));
#5067 = DEFINITIONAL_REPRESENTATION('',(#5068),#5076);
#5068 = ( BOUNDED_CURVE() B_SPLINE_CURVE(2,(#5069,#5070,#5071,#5072,
#5073,#5074,#5075),.UNSPECIFIED.,.T.,.F.) B_SPLINE_CURVE_WITH_KNOTS((1,2
    ,2,2,2,1),(-2.094395102393,0.,2.094395102393,4.188790204786,
6.28318530718,8.377580409573),.UNSPECIFIED.) CURVE() 
GEOMETRIC_REPRESENTATION_ITEM() RATIONAL_B_SPLINE_CURVE((1.,0.5,1.,0.5,
1.,0.5,1.)) REPRESENTATION_ITEM('') );
#5069 = CARTESIAN_POINT('',(-0.4,0.));
#5070 = CARTESIAN_POINT('',(-0.4,0.692820323028));
#5071 = CARTESIAN_POINT('',(0.2,0.346410161514));
#5072 = CARTESIAN_POINT('',(0.8,9.797174393178E-17));
#5073 = CARTESIAN_POINT('',(0.2,-0.346410161514));
#5074 = CARTESIAN_POINT('',(-0.4,-0.692820323028));
#5075 = CARTESIAN_POINT('',(-0.4,0.));
#5076 = ( GEOMETRIC_REPRESENTATION_CONTEXT(2) 
PARAMETRIC_REPRESENTATION_CONTEXT() REPRESENTATION_CONTEXT('2D SPACE',''
  ) );
#5077 = ORIENTED_EDGE('',*,*,#5024,.F.);
#5078 = ORIENTED_EDGE('',*,*,#4809,.T.);
#5079 = ADVANCED_FACE('',(#5080),#4944,.F.);
#5080 = FACE_BOUND('',#5081,.T.);
#5081 = EDGE_LOOP('',(#5082));
#5082 = ORIENTED_EDGE('',*,*,#4929,.T.);
#5083 = ADVANCED_FACE('',(#5084),#5003,.F.);
#5084 = FACE_BOUND('',#5085,.T.);
#5085 = EDGE_LOOP('',(#5086));
#5086 = ORIENTED_EDGE('',*,*,#4988,.T.);
#5087 = ADVANCED_FACE('',(#5088),#5062,.F.);
#5088 = FACE_BOUND('',#5089,.T.);
#5089 = EDGE_LOOP('',(#5090));
#5090 = ORIENTED_EDGE('',*,*,#5047,.T.);
#5091 = ( GEOMETRIC_REPRESENTATION_CONTEXT(3) 
GLOBAL_UNCERTAINTY_ASSIGNED_CONTEXT((#5095)) 
GLOBAL_UNIT_ASSIGNED_CONTEXT((#5092,#5093,#5094)) REPRESENTATION_CONTEXT
('Context #1','3D Context with UNIT and UNCERTAINTY') );
#5092 = ( LENGTH_UNIT() NAMED_UNIT(*) SI_UNIT(.MILLI.,.METRE.) );
#5093 = ( NAMED_UNIT(*) PLANE_ANGLE_UNIT() SI_UNIT($,.RADIAN.) );
#5094 = ( NAMED_UNIT(*) SI_UNIT($,.STERADIAN.) SOLID_ANGLE_UNIT() );
#5095 = UNCERTAINTY_MEASURE_WITH_UNIT(LENGTH_MEASURE(2.E-07),#5092,
  'distance_accuracy_value','confusion accuracy');
#5096 = PRODUCT_RELATED_PRODUCT_CATEGORY('part',$,(#7));
ENDSEC;
END-ISO-10303-21;
