ISO-10303-21;
HEADER;
FILE_DESCRIPTION(('Open CASCADE Model'),'2;1');
FILE_NAME('display_cover_L','2026-10-04T16:40:46',('Author'),(
    'Open CASCADE'),'Open CASCADE STEP processor 8.0','build123d',
  'Unknown');
FILE_SCHEMA(('AUTOMOTIVE_DESIGN { 1 0 10303 214 1 1 1 1 }'));
ENDSEC;
DATA;
#1 = APPLICATION_PROTOCOL_DEFINITION('international standard',
  'automotive_design',2000,#2);
#2 = APPLICATION_CONTEXT(
  'core data for automotive mechanical design processes');
#3 = SHAPE_DEFINITION_REPRESENTATION(#4,#10);
#4 = PRODUCT_DEFINITION_SHAPE('','',#5);
#5 = PRODUCT_DEFINITION('design','',#6,#9);
#6 = PRODUCT_DEFINITION_FORMATION('','',#7);
#7 = PRODUCT('display_cover_L','display_cover_L','',(#8));
#8 = PRODUCT_CONTEXT('',#2,'mechanical');
#9 = PRODUCT_DEFINITION_CONTEXT('part definition',#2,'design');
#10 = ADVANCED_BREP_SHAPE_REPRESENTATION('',(#11,#15),#5465);
#11 = AXIS2_PLACEMENT_3D('',#12,#13,#14);
#12 = CARTESIAN_POINT('',(0.,0.,0.));
#13 = DIRECTION('',(0.,0.,1.));
#14 = DIRECTION('',(1.,0.,-0.));
#15 = MANIFOLD_SOLID_BREP('',#16);
#16 = CLOSED_SHELL('',(#17,#1749,#1821,#1870,#1917,#1971,#2018,#2067,
    #2114,#2168,#2215,#2264,#2311,#2365,#2412,#2459,#2506,#2553,#2600,
    #2645,#2692,#2739,#2786,#2833,#2880,#2925,#2972,#3021,#3068,#3122,
    #3169,#3216,#3263,#3310,#3357,#3402,#3449,#3498,#3545,#3599,#3646,
    #3695,#3742,#3796,#3843,#3892,#3939,#3993,#4040,#4089,#4136,#4190,
    #4237,#4284,#4331,#4423,#4503,#4558,#4613,#4687,#4734,#4781,#4806,
    #4969,#4974,#5009,#5044,#5079,#5180,#5227,#5254,#5281,#5288,#5343,
    #5398,#5453,#5457,#5461));
#17 = ADVANCED_FACE('',(#18,#1581,#1612,#1643),#32,.F.);
#18 = FACE_BOUND('',#19,.F.);
#19 = EDGE_LOOP('',(#20,#53,#81,#114,#142,#175,#203,#236,#264,#290,#316,
    #342,#368,#394,#422,#455,#483,#509,#535,#563,#596,#624,#657,#685,
    #718,#746,#779,#807,#833,#862,#886,#907,#933,#959,#985,#1011,#1037,
    #1063,#1089,#1115,#1141,#1167,#1193,#1219,#1245,#1271,#1297,#1323,
    #1349,#1375,#1401,#1427,#1453,#1479,#1505,#1531,#1557));
#20 = ORIENTED_EDGE('',*,*,#21,.F.);
#21 = EDGE_CURVE('',#22,#24,#26,.T.);
#22 = VERTEX_POINT('',#23);
#23 = CARTESIAN_POINT('',(65.162868112109,-77.08691142698,4.41));
#24 = VERTEX_POINT('',#25);
#25 = CARTESIAN_POINT('',(65.084,-76.5887,4.41));
#26 = SURFACE_CURVE('',#27,(#31,#42),.PCURVE_S1.);
#27 = LINE('',#28,#29);
#28 = CARTESIAN_POINT('',(64.463053116417,-72.66616623214,4.41));
#29 = VECTOR('',#30,1.);
#30 = DIRECTION('',(-0.156355508101,0.987700842911,0.));
#31 = PCURVE('',#32,#37);
#32 = PLANE('',#33);
#33 = AXIS2_PLACEMENT_3D('',#34,#35,#36);
#34 = CARTESIAN_POINT('',(84.719189046933,-65.43873815899,4.41));
#35 = DIRECTION('',(0.,0.,1.));
#36 = DIRECTION('',(1.,0.,-0.));
#37 = DEFINITIONAL_REPRESENTATION('',(#38),#41);
#38 = B_SPLINE_CURVE_WITH_KNOTS('',1,(#39,#40),.UNSPECIFIED.,.F.,.F.,(2,
    2),(-4.720795574211,-3.971378374345),.PIECEWISE_BEZIER_KNOTS.);
#39 = CARTESIAN_POINT('',(-19.51801353986,-11.890161841));
#40 = CARTESIAN_POINT('',(-19.63518904693,-11.149961841));
#41 = ( GEOMETRIC_REPRESENTATION_CONTEXT(2) 
PARAMETRIC_REPRESENTATION_CONTEXT() REPRESENTATION_CONTEXT('2D SPACE',''
  ) );
#42 = PCURVE('',#43,#48);
#43 = PLANE('',#44);
#44 = AXIS2_PLACEMENT_3D('',#45,#46,#47);
#45 = CARTESIAN_POINT('',(65.084,-76.5887,-20.));
#46 = DIRECTION('',(0.987700842911,0.156355508101,-0.));
#47 = DIRECTION('',(0.156355508101,-0.987700842911,0.));
#48 = DEFINITIONAL_REPRESENTATION('',(#49),#52);
#49 = B_SPLINE_CURVE_WITH_KNOTS('',1,(#50,#51),.UNSPECIFIED.,.F.,.F.,(2,
    2),(-4.720795574211,-3.971378374345),.PIECEWISE_BEZIER_KNOTS.);
#50 = CARTESIAN_POINT('',(0.749417199867,-24.41));
#51 = CARTESIAN_POINT('',(0.,-24.41));
#52 = ( GEOMETRIC_REPRESENTATION_CONTEXT(2) 
PARAMETRIC_REPRESENTATION_CONTEXT() REPRESENTATION_CONTEXT('2D SPACE',''
  ) );
#53 = ORIENTED_EDGE('',*,*,#54,.T.);
#54 = EDGE_CURVE('',#22,#55,#57,.T.);
#55 = VERTEX_POINT('',#56);
#56 = CARTESIAN_POINT('',(65.39878447743,-77.18463118508,4.41));
#57 = SURFACE_CURVE('',#58,(#62,#69),.PCURVE_S1.);
#58 = LINE('',#59,#60);
#59 = CARTESIAN_POINT('',(64.916422567635,-76.98483034008,4.41));
#60 = VECTOR('',#61,1.);
#61 = DIRECTION('',(0.923879532511,-0.382683432365,-0.));
#62 = PCURVE('',#32,#63);
#63 = DEFINITIONAL_REPRESENTATION('',(#64),#68);
#64 = LINE('',#65,#66);
#65 = CARTESIAN_POINT('',(-19.80276647929,-11.54609218108));
#66 = VECTOR('',#67,1.);
#67 = DIRECTION('',(0.923879532511,-0.382683432365));
#68 = ( GEOMETRIC_REPRESENTATION_CONTEXT(2) 
PARAMETRIC_REPRESENTATION_CONTEXT() REPRESENTATION_CONTEXT('2D SPACE',''
  ) );
#69 = PCURVE('',#70,#75);
#70 = PLANE('',#71);
#71 = AXIS2_PLACEMENT_3D('',#72,#73,#74);
#72 = CARTESIAN_POINT('',(64.916422567635,-76.98483034008,4.41));
#73 = DIRECTION('',(0.382683432365,0.923879532511,-0.));
#74 = DIRECTION('',(0.923879532511,-0.382683432365,0.));
#75 = DEFINITIONAL_REPRESENTATION('',(#76),#80);
#76 = LINE('',#77,#78);
#77 = CARTESIAN_POINT('',(0.,0.));
#78 = VECTOR('',#79,1.);
#79 = DIRECTION('',(1.,0.));
#80 = ( GEOMETRIC_REPRESENTATION_CONTEXT(2) 
PARAMETRIC_REPRESENTATION_CONTEXT() REPRESENTATION_CONTEXT('2D SPACE',''
  ) );
#81 = ORIENTED_EDGE('',*,*,#82,.F.);
#82 = EDGE_CURVE('',#83,#55,#85,.T.);
#83 = VERTEX_POINT('',#84);
#84 = CARTESIAN_POINT('',(65.650941717575,-77.25219651395,4.41));
#85 = SURFACE_CURVE('',#86,(#91,#102),.PCURVE_S1.);
#86 = CIRCLE('',#87,1.);
#87 = AXIS2_PLACEMENT_3D('',#88,#89,#90);
#88 = CARTESIAN_POINT('',(65.781467909795,-76.26075165257,4.41));
#89 = DIRECTION('',(-0.,0.,-1.));
#90 = DIRECTION('',(0.991444861374,-0.13052619222,-0.));
#91 = PCURVE('',#32,#92);
#92 = DEFINITIONAL_REPRESENTATION('',(#93),#101);
#93 = ( BOUNDED_CURVE() B_SPLINE_CURVE(2,(#94,#95,#96,#97,#98,#99,#100),
.UNSPECIFIED.,.T.,.F.) B_SPLINE_CURVE_WITH_KNOTS((1,2,2,2,2,1),(
    -2.094395102393,0.,2.094395102393,4.188790204786,6.28318530718,
8.377580409573),.UNSPECIFIED.) CURVE() GEOMETRIC_REPRESENTATION_ITEM() 
RATIONAL_B_SPLINE_CURVE((1.,0.5,1.,0.5,1.,0.5,1.)) REPRESENTATION_ITEM(
  '') );
#94 = CARTESIAN_POINT('',(-17.94627627576,-10.9525396858));
#95 = CARTESIAN_POINT('',(-18.1723542724,-12.6697725586));
#96 = CARTESIAN_POINT('',(-19.54648256614,-11.61536683387));
#97 = CARTESIAN_POINT('',(-20.92061085988,-10.56096110914));
#98 = CARTESIAN_POINT('',(-19.3204045695,-9.898133961074));
#99 = CARTESIAN_POINT('',(-17.72019827912,-9.235306813003));
#100 = CARTESIAN_POINT('',(-17.94627627576,-10.9525396858));
#101 = ( GEOMETRIC_REPRESENTATION_CONTEXT(2) 
PARAMETRIC_REPRESENTATION_CONTEXT() REPRESENTATION_CONTEXT('2D SPACE',''
  ) );
#102 = PCURVE('',#103,#108);
#103 = CYLINDRICAL_SURFACE('',#104,1.);
#104 = AXIS2_PLACEMENT_3D('',#105,#106,#107);
#105 = CARTESIAN_POINT('',(65.781467909795,-76.26075165257,4.41));
#106 = DIRECTION('',(-0.,0.,-1.));
#107 = DIRECTION('',(0.991444861374,-0.13052619222,-0.));
#108 = DEFINITIONAL_REPRESENTATION('',(#109),#113);
#109 = LINE('',#110,#111);
#110 = CARTESIAN_POINT('',(0.,0.));
#111 = VECTOR('',#112,1.);
#112 = DIRECTION('',(1.,0.));
#113 = ( GEOMETRIC_REPRESENTATION_CONTEXT(2) 
PARAMETRIC_REPRESENTATION_CONTEXT() REPRESENTATION_CONTEXT('2D SPACE',''
  ) );
#114 = ORIENTED_EDGE('',*,*,#115,.T.);
#115 = EDGE_CURVE('',#83,#116,#118,.T.);
#116 = VERTEX_POINT('',#117);
#117 = CARTESIAN_POINT('',(66.16857980778,-77.32034486137,4.41));
#118 = SURFACE_CURVE('',#119,(#123,#130),.PCURVE_S1.);
#119 = LINE('',#120,#121);
#120 = CARTESIAN_POINT('',(65.650941717575,-77.25219651395,4.41));
#121 = VECTOR('',#122,1.);
#122 = DIRECTION('',(0.991444861374,-0.13052619222,-0.));
#123 = PCURVE('',#32,#124);
#124 = DEFINITIONAL_REPRESENTATION('',(#125),#129);
#125 = LINE('',#126,#127);
#126 = CARTESIAN_POINT('',(-19.06824732935,-11.81345835495));
#127 = VECTOR('',#128,1.);
#128 = DIRECTION('',(0.991444861374,-0.13052619222));
#129 = ( GEOMETRIC_REPRESENTATION_CONTEXT(2) 
PARAMETRIC_REPRESENTATION_CONTEXT() REPRESENTATION_CONTEXT('2D SPACE',''
  ) );
#130 = PCURVE('',#131,#136);
#131 = PLANE('',#132);
#132 = AXIS2_PLACEMENT_3D('',#133,#134,#135);
#133 = CARTESIAN_POINT('',(65.650941717575,-77.25219651395,4.41));
#134 = DIRECTION('',(0.13052619222,0.991444861374,-0.));
#135 = DIRECTION('',(0.991444861374,-0.13052619222,0.));
#136 = DEFINITIONAL_REPRESENTATION('',(#137),#141);
#137 = LINE('',#138,#139);
#138 = CARTESIAN_POINT('',(0.,0.));
#139 = VECTOR('',#140,1.);
#140 = DIRECTION('',(1.,0.));
#141 = ( GEOMETRIC_REPRESENTATION_CONTEXT(2) 
PARAMETRIC_REPRESENTATION_CONTEXT() REPRESENTATION_CONTEXT('2D SPACE',''
  ) );
#142 = ORIENTED_EDGE('',*,*,#143,.F.);
#143 = EDGE_CURVE('',#144,#116,#146,.T.);
#144 = VERTEX_POINT('',#145);
#145 = CARTESIAN_POINT('',(66.42963219222,-77.32034486137,4.41));
#146 = SURFACE_CURVE('',#147,(#152,#163),.PCURVE_S1.);
#147 = CIRCLE('',#148,1.);
#148 = AXIS2_PLACEMENT_3D('',#149,#150,#151);
#149 = CARTESIAN_POINT('',(66.299106,-76.3289,4.41));
#150 = DIRECTION('',(0.,0.,-1.));
#151 = DIRECTION('',(0.991444861374,0.13052619222,0.));
#152 = PCURVE('',#32,#153);
#153 = DEFINITIONAL_REPRESENTATION('',(#154),#162);
#154 = ( BOUNDED_CURVE() B_SPLINE_CURVE(2,(#155,#156,#157,#158,#159,#160
,#161),.UNSPECIFIED.,.T.,.F.) B_SPLINE_CURVE_WITH_KNOTS((1,2,2,2,2,1),(
    -2.094395102393,0.,2.094395102393,4.188790204786,6.28318530718,
8.377580409573),.UNSPECIFIED.) CURVE() GEOMETRIC_REPRESENTATION_ITEM() 
RATIONAL_B_SPLINE_CURVE((1.,0.5,1.,0.5,1.,0.5,1.)) REPRESENTATION_ITEM(
  '') );
#155 = CARTESIAN_POINT('',(-17.42863818556,-10.75963564878));
#156 = CARTESIAN_POINT('',(-17.20256018891,-12.47686852159));
#157 = CARTESIAN_POINT('',(-18.80276647929,-11.81404137351));
#158 = CARTESIAN_POINT('',(-20.40297276968,-11.15121422544));
#159 = CARTESIAN_POINT('',(-19.02884447594,-10.09680850071));
#160 = CARTESIAN_POINT('',(-17.6547161822,-9.042402775985));
#161 = CARTESIAN_POINT('',(-17.42863818556,-10.75963564878));
#162 = ( GEOMETRIC_REPRESENTATION_CONTEXT(2) 
PARAMETRIC_REPRESENTATION_CONTEXT() REPRESENTATION_CONTEXT('2D SPACE',''
  ) );
#163 = PCURVE('',#164,#169);
#164 = CYLINDRICAL_SURFACE('',#165,1.);
#165 = AXIS2_PLACEMENT_3D('',#166,#167,#168);
#166 = CARTESIAN_POINT('',(66.299106,-76.3289,4.41));
#167 = DIRECTION('',(0.,0.,-1.));
#168 = DIRECTION('',(0.991444861374,0.13052619222,0.));
#169 = DEFINITIONAL_REPRESENTATION('',(#170),#174);
#170 = LINE('',#171,#172);
#171 = CARTESIAN_POINT('',(0.,0.));
#172 = VECTOR('',#173,1.);
#173 = DIRECTION('',(1.,0.));
#174 = ( GEOMETRIC_REPRESENTATION_CONTEXT(2) 
PARAMETRIC_REPRESENTATION_CONTEXT() REPRESENTATION_CONTEXT('2D SPACE',''
  ) );
#175 = ORIENTED_EDGE('',*,*,#176,.T.);
#176 = EDGE_CURVE('',#144,#177,#179,.T.);
#177 = VERTEX_POINT('',#178);
#178 = CARTESIAN_POINT('',(66.947270282425,-77.25219651395,4.41));
#179 = SURFACE_CURVE('',#180,(#184,#191),.PCURVE_S1.);
#180 = LINE('',#181,#182);
#181 = CARTESIAN_POINT('',(66.42963219222,-77.32034486137,4.41));
#182 = VECTOR('',#183,1.);
#183 = DIRECTION('',(0.991444861374,0.13052619222,0.));
#184 = PCURVE('',#32,#185);
#185 = DEFINITIONAL_REPRESENTATION('',(#186),#190);
#186 = LINE('',#187,#188);
#187 = CARTESIAN_POINT('',(-18.28955685471,-11.88160670238));
#188 = VECTOR('',#189,1.);
#189 = DIRECTION('',(0.991444861374,0.13052619222));
#190 = ( GEOMETRIC_REPRESENTATION_CONTEXT(2) 
PARAMETRIC_REPRESENTATION_CONTEXT() REPRESENTATION_CONTEXT('2D SPACE',''
  ) );
#191 = PCURVE('',#192,#197);
#192 = PLANE('',#193);
#193 = AXIS2_PLACEMENT_3D('',#194,#195,#196);
#194 = CARTESIAN_POINT('',(66.42963219222,-77.32034486137,4.41));
#195 = DIRECTION('',(-0.13052619222,0.991444861374,0.));
#196 = DIRECTION('',(0.991444861374,0.13052619222,0.));
#197 = DEFINITIONAL_REPRESENTATION('',(#198),#202);
#198 = LINE('',#199,#200);
#199 = CARTESIAN_POINT('',(0.,0.));
#200 = VECTOR('',#201,1.);
#201 = DIRECTION('',(1.,0.));
#202 = ( GEOMETRIC_REPRESENTATION_CONTEXT(2) 
PARAMETRIC_REPRESENTATION_CONTEXT() REPRESENTATION_CONTEXT('2D SPACE',''
  ) );
#203 = ORIENTED_EDGE('',*,*,#204,.F.);
#204 = EDGE_CURVE('',#205,#177,#207,.T.);
#205 = VERTEX_POINT('',#206);
#206 = CARTESIAN_POINT('',(66.980841862427,-77.24719573165,4.41));
#207 = SURFACE_CURVE('',#208,(#213,#224),.PCURVE_S1.);
#208 = CIRCLE('',#209,1.);
#209 = AXIS2_PLACEMENT_3D('',#210,#211,#212);
#210 = CARTESIAN_POINT('',(66.816744090205,-76.26075165257,4.41));
#211 = DIRECTION('',(0.,0.,-1.));
#212 = DIRECTION('',(0.98644407908,0.164097772222,0.));
#213 = PCURVE('',#32,#214);
#214 = DEFINITIONAL_REPRESENTATION('',(#215),#223);
#215 = ( BOUNDED_CURVE() B_SPLINE_CURVE(2,(#216,#217,#218,#219,#220,#221
,#222),.UNSPECIFIED.,.T.,.F.) B_SPLINE_CURVE_WITH_KNOTS((1,2,2,2,2,1),(
    -2.094395102393,0.,2.094395102393,4.188790204786,6.28318530718,
8.377580409573),.UNSPECIFIED.) CURVE() GEOMETRIC_REPRESENTATION_ITEM() 
RATIONAL_B_SPLINE_CURVE((1.,0.5,1.,0.5,1.,0.5,1.)) REPRESENTATION_ITEM(
  '') );
#216 = CARTESIAN_POINT('',(-16.91600087764,-10.65791572136));
#217 = CARTESIAN_POINT('',(-16.63177519875,-12.36648698515));
#218 = CARTESIAN_POINT('',(-18.25355415682,-11.75834801159));
#219 = CARTESIAN_POINT('',(-19.87533311488,-11.15020903802));
#220 = CARTESIAN_POINT('',(-18.53777983571,-10.0497767478));
#221 = CARTESIAN_POINT('',(-17.20022655654,-8.949344457572));
#222 = CARTESIAN_POINT('',(-16.91600087764,-10.65791572136));
#223 = ( GEOMETRIC_REPRESENTATION_CONTEXT(2) 
PARAMETRIC_REPRESENTATION_CONTEXT() REPRESENTATION_CONTEXT('2D SPACE',''
  ) );
#224 = PCURVE('',#225,#230);
#225 = CYLINDRICAL_SURFACE('',#226,1.);
#226 = AXIS2_PLACEMENT_3D('',#227,#228,#229);
#227 = CARTESIAN_POINT('',(66.816744090205,-76.26075165257,4.41));
#228 = DIRECTION('',(0.,0.,-1.));
#229 = DIRECTION('',(0.98644407908,0.164097772222,0.));
#230 = DEFINITIONAL_REPRESENTATION('',(#231),#235);
#231 = LINE('',#232,#233);
#232 = CARTESIAN_POINT('',(0.,0.));
#233 = VECTOR('',#234,1.);
#234 = DIRECTION('',(1.,0.));
#235 = ( GEOMETRIC_REPRESENTATION_CONTEXT(2) 
PARAMETRIC_REPRESENTATION_CONTEXT() REPRESENTATION_CONTEXT('2D SPACE',''
  ) );
#236 = ORIENTED_EDGE('',*,*,#237,.T.);
#237 = EDGE_CURVE('',#205,#238,#240,.T.);
#238 = VERTEX_POINT('',#239);
#239 = CARTESIAN_POINT('',(67.696025178612,-77.12822295722,4.41));
#240 = SURFACE_CURVE('',#241,(#245,#252),.PCURVE_S1.);
#241 = LINE('',#242,#243);
#242 = CARTESIAN_POINT('',(66.980841862427,-77.24719573165,4.41));
#243 = VECTOR('',#244,1.);
#244 = DIRECTION('',(0.98644407908,0.164097772222,0.));
#245 = PCURVE('',#32,#246);
#246 = DEFINITIONAL_REPRESENTATION('',(#247),#251);
#247 = LINE('',#248,#249);
#248 = CARTESIAN_POINT('',(-17.7383471845,-11.80845757266));
#249 = VECTOR('',#250,1.);
#250 = DIRECTION('',(0.98644407908,0.164097772222));
#251 = ( GEOMETRIC_REPRESENTATION_CONTEXT(2) 
PARAMETRIC_REPRESENTATION_CONTEXT() REPRESENTATION_CONTEXT('2D SPACE',''
  ) );
#252 = PCURVE('',#253,#258);
#253 = PLANE('',#254);
#254 = AXIS2_PLACEMENT_3D('',#255,#256,#257);
#255 = CARTESIAN_POINT('',(66.980841862427,-77.24719573165,4.41));
#256 = DIRECTION('',(-0.164097772222,0.98644407908,0.));
#257 = DIRECTION('',(0.98644407908,0.164097772222,0.));
#258 = DEFINITIONAL_REPRESENTATION('',(#259),#263);
#259 = LINE('',#260,#261);
#260 = CARTESIAN_POINT('',(0.,0.));
#261 = VECTOR('',#262,1.);
#262 = DIRECTION('',(1.,0.));
#263 = ( GEOMETRIC_REPRESENTATION_CONTEXT(2) 
PARAMETRIC_REPRESENTATION_CONTEXT() REPRESENTATION_CONTEXT('2D SPACE',''
  ) );
#264 = ORIENTED_EDGE('',*,*,#265,.T.);
#265 = EDGE_CURVE('',#238,#266,#268,.T.);
#266 = VERTEX_POINT('',#267);
#267 = CARTESIAN_POINT('',(67.484909635454,-75.79529187683,4.41));
#268 = SURFACE_CURVE('',#269,(#273,#279),.PCURVE_S1.);
#269 = LINE('',#270,#271);
#270 = CARTESIAN_POINT('',(66.895698278347,-72.07515777843,4.41));
#271 = VECTOR('',#272,1.);
#272 = DIRECTION('',(-0.15643446504,0.987688340595,0.));
#273 = PCURVE('',#32,#274);
#274 = DEFINITIONAL_REPRESENTATION('',(#275),#278);
#275 = B_SPLINE_CURVE_WITH_KNOTS('',1,(#276,#277),.UNSPECIFIED.,.F.,.F.,
  (2,2),(-5.319230779215,-3.766506037886),.PIECEWISE_BEZIER_KNOTS.);
#276 = CARTESIAN_POINT('',(-16.99137974721,-11.890161841));
#277 = CARTESIAN_POINT('',(-17.23427941147,-10.35655371784));
#278 = ( GEOMETRIC_REPRESENTATION_CONTEXT(2) 
PARAMETRIC_REPRESENTATION_CONTEXT() REPRESENTATION_CONTEXT('2D SPACE',''
  ) );
#279 = PCURVE('',#280,#285);
#280 = PLANE('',#281);
#281 = AXIS2_PLACEMENT_3D('',#282,#283,#284);
#282 = CARTESIAN_POINT('',(67.484909635454,-75.79529187683,-20.));
#283 = DIRECTION('',(0.987688340595,0.15643446504,-0.));
#284 = DIRECTION('',(0.15643446504,-0.987688340595,0.));
#285 = DEFINITIONAL_REPRESENTATION('',(#286),#289);
#286 = B_SPLINE_CURVE_WITH_KNOTS('',1,(#287,#288),.UNSPECIFIED.,.F.,.F.,
  (2,2),(-5.319230779215,-3.766506037886),.PIECEWISE_BEZIER_KNOTS.);
#287 = CARTESIAN_POINT('',(1.55272474133,-24.41));
#288 = CARTESIAN_POINT('',(0.,-24.41));
#289 = ( GEOMETRIC_REPRESENTATION_CONTEXT(2) 
PARAMETRIC_REPRESENTATION_CONTEXT() REPRESENTATION_CONTEXT('2D SPACE',''
  ) );
#290 = ORIENTED_EDGE('',*,*,#291,.T.);
#291 = EDGE_CURVE('',#266,#292,#294,.T.);
#292 = VERTEX_POINT('',#293);
#293 = CARTESIAN_POINT('',(84.275611856953,-73.13590590282,4.41));
#294 = SURFACE_CURVE('',#295,(#299,#305),.PCURVE_S1.);
#295 = LINE('',#296,#297);
#296 = CARTESIAN_POINT('',(85.111303801875,-73.00354530184,4.41));
#297 = VECTOR('',#298,1.);
#298 = DIRECTION('',(0.987688340595,0.15643446504,-0.));
#299 = PCURVE('',#32,#300);
#300 = DEFINITIONAL_REPRESENTATION('',(#301),#304);
#301 = B_SPLINE_CURVE_WITH_KNOTS('',1,(#302,#303),.UNSPECIFIED.,.F.,.F.,
  (2,2),(-17.84610938689,-0.846108950135),.PIECEWISE_BEZIER_KNOTS.);
#302 = CARTESIAN_POINT('',(-17.23427941147,-10.35655371784));
#303 = CARTESIAN_POINT('',(-0.44357718998,-7.697167743834));
#304 = ( GEOMETRIC_REPRESENTATION_CONTEXT(2) 
PARAMETRIC_REPRESENTATION_CONTEXT() REPRESENTATION_CONTEXT('2D SPACE',''
  ) );
#305 = PCURVE('',#306,#311);
#306 = PLANE('',#307);
#307 = AXIS2_PLACEMENT_3D('',#308,#309,#310);
#308 = CARTESIAN_POINT('',(84.324995842602,-73.12808424789,-20.));
#309 = DIRECTION('',(0.15643446504,-0.987688340595,0.));
#310 = DIRECTION('',(-0.987688340595,-0.15643446504,0.));
#311 = DEFINITIONAL_REPRESENTATION('',(#312),#315);
#312 = B_SPLINE_CURVE_WITH_KNOTS('',1,(#313,#314),.UNSPECIFIED.,.F.,.F.,
  (2,2),(-17.84610938689,-0.846108950135),.PIECEWISE_BEZIER_KNOTS.);
#313 = CARTESIAN_POINT('',(17.05,-24.41));
#314 = CARTESIAN_POINT('',(4.999956324122E-02,-24.41));
#315 = ( GEOMETRIC_REPRESENTATION_CONTEXT(2) 
PARAMETRIC_REPRESENTATION_CONTEXT() REPRESENTATION_CONTEXT('2D SPACE',''
  ) );
#316 = ORIENTED_EDGE('',*,*,#317,.T.);
#317 = EDGE_CURVE('',#292,#318,#320,.T.);
#318 = VERTEX_POINT('',#319);
#319 = CARTESIAN_POINT('',(84.275609635454,-73.13589187683,4.41));
#320 = SURFACE_CURVE('',#321,(#325,#331),.PCURVE_S1.);
#321 = LINE('',#322,#323);
#322 = CARTESIAN_POINT('',(83.686399389096,-69.41576479143,4.41));
#323 = VECTOR('',#324,1.);
#324 = DIRECTION('',(-0.15643446504,0.987688340595,0.));
#325 = PCURVE('',#32,#326);
#326 = DEFINITIONAL_REPRESENTATION('',(#327),#330);
#327 = B_SPLINE_CURVE_WITH_KNOTS('',1,(#328,#329),.UNSPECIFIED.,.F.,.F.,
  (2,2),(-3.766513138299,-3.766498937472),.PIECEWISE_BEZIER_KNOTS.);
#328 = CARTESIAN_POINT('',(-0.44357718998,-7.697167743834));
#329 = CARTESIAN_POINT('',(-0.443579411479,-7.697153717842));
#330 = ( GEOMETRIC_REPRESENTATION_CONTEXT(2) 
PARAMETRIC_REPRESENTATION_CONTEXT() REPRESENTATION_CONTEXT('2D SPACE',''
  ) );
#331 = PCURVE('',#332,#337);
#332 = PLANE('',#333);
#333 = AXIS2_PLACEMENT_3D('',#334,#335,#336);
#334 = CARTESIAN_POINT('',(84.275609635454,-73.13589187683,-20.));
#335 = DIRECTION('',(0.987688340595,0.15643446504,-0.));
#336 = DIRECTION('',(0.15643446504,-0.987688340595,0.));
#337 = DEFINITIONAL_REPRESENTATION('',(#338),#341);
#338 = B_SPLINE_CURVE_WITH_KNOTS('',1,(#339,#340),.UNSPECIFIED.,.F.,.F.,
  (2,2),(-3.766513138299,-3.766498937472),.PIECEWISE_BEZIER_KNOTS.);
#339 = CARTESIAN_POINT('',(1.420082771331E-05,-24.41));
#340 = CARTESIAN_POINT('',(0.,-24.41));
#341 = ( GEOMETRIC_REPRESENTATION_CONTEXT(2) 
PARAMETRIC_REPRESENTATION_CONTEXT() REPRESENTATION_CONTEXT('2D SPACE',''
  ) );
#342 = ORIENTED_EDGE('',*,*,#343,.T.);
#343 = EDGE_CURVE('',#318,#344,#346,.T.);
#344 = VERTEX_POINT('',#345);
#345 = CARTESIAN_POINT('',(101.1156958426,-70.46868424789,4.41));
#346 = SURFACE_CURVE('',#347,(#351,#357),.PCURVE_S1.);
#347 = LINE('',#348,#349);
#348 = CARTESIAN_POINT('',(93.506652691125,-71.67383828885,4.41));
#349 = VECTOR('',#350,1.);
#350 = DIRECTION('',(0.987688340595,0.15643446504,-0.));
#351 = PCURVE('',#32,#352);
#352 = DEFINITIONAL_REPRESENTATION('',(#353),#356);
#353 = B_SPLINE_CURVE_WITH_KNOTS('',1,(#354,#355),.UNSPECIFIED.,.F.,.F.,
  (2,2),(-9.346109168514,7.703890831486),.PIECEWISE_BEZIER_KNOTS.);
#354 = CARTESIAN_POINT('',(-0.443579411479,-7.697153717842));
#355 = CARTESIAN_POINT('',(16.396506795668,-5.029946088906));
#356 = ( GEOMETRIC_REPRESENTATION_CONTEXT(2) 
PARAMETRIC_REPRESENTATION_CONTEXT() REPRESENTATION_CONTEXT('2D SPACE',''
  ) );
#357 = PCURVE('',#358,#363);
#358 = PLANE('',#359);
#359 = AXIS2_PLACEMENT_3D('',#360,#361,#362);
#360 = CARTESIAN_POINT('',(101.1156958426,-70.46868424789,-20.));
#361 = DIRECTION('',(0.15643446504,-0.987688340595,0.));
#362 = DIRECTION('',(-0.987688340595,-0.15643446504,0.));
#363 = DEFINITIONAL_REPRESENTATION('',(#364),#367);
#364 = B_SPLINE_CURVE_WITH_KNOTS('',1,(#365,#366),.UNSPECIFIED.,.F.,.F.,
  (2,2),(-9.346109168514,7.703890831486),.PIECEWISE_BEZIER_KNOTS.);
#365 = CARTESIAN_POINT('',(17.05,-24.41));
#366 = CARTESIAN_POINT('',(0.,-24.41));
#367 = ( GEOMETRIC_REPRESENTATION_CONTEXT(2) 
PARAMETRIC_REPRESENTATION_CONTEXT() REPRESENTATION_CONTEXT('2D SPACE',''
  ) );
#368 = ORIENTED_EDGE('',*,*,#369,.T.);
#369 = EDGE_CURVE('',#344,#370,#372,.T.);
#370 = VERTEX_POINT('',#371);
#371 = CARTESIAN_POINT('',(101.28545879467,-71.54052534366,4.41));
#372 = SURFACE_CURVE('',#373,(#377,#383),.PCURVE_S1.);
#373 = LINE('',#374,#375);
#374 = CARTESIAN_POINT('',(101.87573285721,-75.26736910012,4.41));
#375 = VECTOR('',#376,1.);
#376 = DIRECTION('',(0.15643446504,-0.987688340595,0.));
#377 = PCURVE('',#32,#378);
#378 = DEFINITIONAL_REPRESENTATION('',(#379),#382);
#379 = B_SPLINE_CURVE_WITH_KNOTS('',1,(#380,#381),.UNSPECIFIED.,.F.,.F.,
  (2,2),(-4.858501062528,2.087228141856),.PIECEWISE_BEZIER_KNOTS.);
#380 = CARTESIAN_POINT('',(16.396506795668,-5.029946088906));
#381 = CARTESIAN_POINT('',(17.48305822807,-11.890161841));
#382 = ( GEOMETRIC_REPRESENTATION_CONTEXT(2) 
PARAMETRIC_REPRESENTATION_CONTEXT() REPRESENTATION_CONTEXT('2D SPACE',''
  ) );
#383 = PCURVE('',#384,#389);
#384 = PLANE('',#385);
#385 = AXIS2_PLACEMENT_3D('',#386,#387,#388);
#386 = CARTESIAN_POINT('',(103.81419036454,-87.50630812316,-20.));
#387 = DIRECTION('',(-0.987688340595,-0.15643446504,0.));
#388 = DIRECTION('',(-0.15643446504,0.987688340595,0.));
#389 = DEFINITIONAL_REPRESENTATION('',(#390),#393);
#390 = B_SPLINE_CURVE_WITH_KNOTS('',1,(#391,#392),.UNSPECIFIED.,.F.,.F.,
  (2,2),(-4.858501062528,2.087228141856),.PIECEWISE_BEZIER_KNOTS.);
#391 = CARTESIAN_POINT('',(17.25,-24.41));
#392 = CARTESIAN_POINT('',(10.304270795616,-24.41));
#393 = ( GEOMETRIC_REPRESENTATION_CONTEXT(2) 
PARAMETRIC_REPRESENTATION_CONTEXT() REPRESENTATION_CONTEXT('2D SPACE',''
  ) );
#394 = ORIENTED_EDGE('',*,*,#395,.T.);
#395 = EDGE_CURVE('',#370,#396,#398,.T.);
#396 = VERTEX_POINT('',#397);
#397 = CARTESIAN_POINT('',(103.82023772328,-71.11885767483,4.41));
#398 = SURFACE_CURVE('',#399,(#403,#410),.PCURVE_S1.);
#399 = LINE('',#400,#401);
#400 = CARTESIAN_POINT('',(66.980841862427,-77.24719573165,4.41));
#401 = VECTOR('',#402,1.);
#402 = DIRECTION('',(0.98644407908,0.164097772222,0.));
#403 = PCURVE('',#32,#404);
#404 = DEFINITIONAL_REPRESENTATION('',(#405),#409);
#405 = LINE('',#406,#407);
#406 = CARTESIAN_POINT('',(-17.7383471845,-11.80845757266));
#407 = VECTOR('',#408,1.);
#408 = DIRECTION('',(0.98644407908,0.164097772222));
#409 = ( GEOMETRIC_REPRESENTATION_CONTEXT(2) 
PARAMETRIC_REPRESENTATION_CONTEXT() REPRESENTATION_CONTEXT('2D SPACE',''
  ) );
#410 = PCURVE('',#411,#416);
#411 = PLANE('',#412);
#412 = AXIS2_PLACEMENT_3D('',#413,#414,#415);
#413 = CARTESIAN_POINT('',(66.980841862427,-77.24719573165,4.41));
#414 = DIRECTION('',(-0.164097772222,0.98644407908,0.));
#415 = DIRECTION('',(0.98644407908,0.164097772222,0.));
#416 = DEFINITIONAL_REPRESENTATION('',(#417),#421);
#417 = LINE('',#418,#419);
#418 = CARTESIAN_POINT('',(0.,0.));
#419 = VECTOR('',#420,1.);
#420 = DIRECTION('',(1.,0.));
#421 = ( GEOMETRIC_REPRESENTATION_CONTEXT(2) 
PARAMETRIC_REPRESENTATION_CONTEXT() REPRESENTATION_CONTEXT('2D SPACE',''
  ) );
#422 = ORIENTED_EDGE('',*,*,#423,.F.);
#423 = EDGE_CURVE('',#424,#396,#426,.T.);
#424 = VERTEX_POINT('',#425);
#425 = CARTESIAN_POINT('',(104.6344680154,-70.33947445279,4.41));
#426 = SURFACE_CURVE('',#427,(#432,#443),.PCURVE_S1.);
#427 = CIRCLE('',#428,1.);
#428 = AXIS2_PLACEMENT_3D('',#429,#430,#431);
#429 = CARTESIAN_POINT('',(103.65613995106,-70.13241359575,4.41));
#430 = DIRECTION('',(0.,0.,-1.));
#431 = DIRECTION('',(0.207060857044,0.978328064343,0.));
#432 = PCURVE('',#32,#433);
#433 = DEFINITIONAL_REPRESENTATION('',(#434),#442);
#434 = ( BOUNDED_CURVE() B_SPLINE_CURVE(2,(#435,#436,#437,#438,#439,#440
,#441),.UNSPECIFIED.,.T.,.F.) B_SPLINE_CURVE_WITH_KNOTS((1,2,2,2,2,1),(
    -2.094395102393,0.,2.094395102393,4.188790204786,6.28318530718,
8.377580409573),.UNSPECIFIED.) CURVE() GEOMETRIC_REPRESENTATION_ITEM() 
RATIONAL_B_SPLINE_CURVE((1.,0.5,1.,0.5,1.,0.5,1.)) REPRESENTATION_ITEM(
  '') );
#435 = CARTESIAN_POINT('',(19.144011761174,-3.715347372415));
#436 = CARTESIAN_POINT('',(20.838525675085,-4.073987297074));
#437 = CARTESIAN_POINT('',(19.680677432564,-5.362159431258));
#438 = CARTESIAN_POINT('',(18.522829190042,-6.650331565443));
#439 = CARTESIAN_POINT('',(17.986163518652,-5.0035195066));
#440 = CARTESIAN_POINT('',(17.449497847262,-3.356707447757));
#441 = CARTESIAN_POINT('',(19.144011761174,-3.715347372415));
#442 = ( GEOMETRIC_REPRESENTATION_CONTEXT(2) 
PARAMETRIC_REPRESENTATION_CONTEXT() REPRESENTATION_CONTEXT('2D SPACE',''
  ) );
#443 = PCURVE('',#444,#449);
#444 = CYLINDRICAL_SURFACE('',#445,1.);
#445 = AXIS2_PLACEMENT_3D('',#446,#447,#448);
#446 = CARTESIAN_POINT('',(103.65613995106,-70.13241359575,4.41));
#447 = DIRECTION('',(0.,0.,-1.));
#448 = DIRECTION('',(0.207060857044,0.978328064343,0.));
#449 = DEFINITIONAL_REPRESENTATION('',(#450),#454);
#450 = LINE('',#451,#452);
#451 = CARTESIAN_POINT('',(0.,0.));
#452 = VECTOR('',#453,1.);
#453 = DIRECTION('',(1.,0.));
#454 = ( GEOMETRIC_REPRESENTATION_CONTEXT(2) 
PARAMETRIC_REPRESENTATION_CONTEXT() REPRESENTATION_CONTEXT('2D SPACE',''
  ) );
#455 = ORIENTED_EDGE('',*,*,#456,.T.);
#456 = EDGE_CURVE('',#424,#457,#459,.T.);
#457 = VERTEX_POINT('',#458);
#458 = CARTESIAN_POINT('',(105.21418435323,-67.60041130608,4.41));
#459 = SURFACE_CURVE('',#460,(#464,#471),.PCURVE_S1.);
#460 = LINE('',#461,#462);
#461 = CARTESIAN_POINT('',(104.6344680154,-70.33947445279,4.41));
#462 = VECTOR('',#463,1.);
#463 = DIRECTION('',(0.207060857044,0.978328064343,0.));
#464 = PCURVE('',#32,#465);
#465 = DEFINITIONAL_REPRESENTATION('',(#466),#470);
#466 = LINE('',#467,#468);
#467 = CARTESIAN_POINT('',(19.915278968472,-4.900736293802));
#468 = VECTOR('',#469,1.);
#469 = DIRECTION('',(0.207060857044,0.978328064343));
#470 = ( GEOMETRIC_REPRESENTATION_CONTEXT(2) 
PARAMETRIC_REPRESENTATION_CONTEXT() REPRESENTATION_CONTEXT('2D SPACE',''
  ) );
#471 = PCURVE('',#472,#477);
#472 = PLANE('',#473);
#473 = AXIS2_PLACEMENT_3D('',#474,#475,#476);
#474 = CARTESIAN_POINT('',(104.6344680154,-70.33947445279,4.41));
#475 = DIRECTION('',(-0.978328064343,0.207060857044,0.));
#476 = DIRECTION('',(0.207060857044,0.978328064343,0.));
#477 = DEFINITIONAL_REPRESENTATION('',(#478),#482);
#478 = LINE('',#479,#480);
#479 = CARTESIAN_POINT('',(0.,0.));
#480 = VECTOR('',#481,1.);
#481 = DIRECTION('',(1.,0.));
#482 = ( GEOMETRIC_REPRESENTATION_CONTEXT(2) 
PARAMETRIC_REPRESENTATION_CONTEXT() REPRESENTATION_CONTEXT('2D SPACE',''
  ) );
#483 = ORIENTED_EDGE('',*,*,#484,.T.);
#484 = EDGE_CURVE('',#457,#485,#487,.T.);
#485 = VERTEX_POINT('',#486);
#486 = CARTESIAN_POINT('',(104.56501688549,-58.31688400517,4.41));
#487 = SURFACE_CURVE('',#488,(#492,#498),.PCURVE_S1.);
#488 = LINE('',#489,#490);
#489 = CARTESIAN_POINT('',(104.76452495921,-61.16998238296,4.41));
#490 = VECTOR('',#491,1.);
#491 = DIRECTION('',(-6.975647374413E-02,0.99756405026,0.));
#492 = PCURVE('',#32,#493);
#493 = DEFINITIONAL_REPRESENTATION('',(#494),#497);
#494 = B_SPLINE_CURVE_WITH_KNOTS('',1,(#495,#496),.UNSPECIFIED.,.F.,.F.,
  (2,2),(-14.13994157605,2.860065353244),.PIECEWISE_BEZIER_KNOTS.);
#495 = CARTESIAN_POINT('',(21.031688375572,-9.836741613024));
#496 = CARTESIAN_POINT('',(19.845827838558,7.121854153815));
#497 = ( GEOMETRIC_REPRESENTATION_CONTEXT(2) 
PARAMETRIC_REPRESENTATION_CONTEXT() REPRESENTATION_CONTEXT('2D SPACE',''
  ) );
#498 = PCURVE('',#499,#504);
#499 = PLANE('',#500);
#500 = AXIS2_PLACEMENT_3D('',#501,#502,#503);
#501 = CARTESIAN_POINT('',(104.56501688549,-58.31688400517,-20.));
#502 = DIRECTION('',(0.99756405026,6.975647374413E-02,-0.));
#503 = DIRECTION('',(6.975647374413E-02,-0.99756405026,0.));
#504 = DEFINITIONAL_REPRESENTATION('',(#505),#508);
#505 = B_SPLINE_CURVE_WITH_KNOTS('',1,(#506,#507),.UNSPECIFIED.,.F.,.F.,
  (2,2),(-14.13994157605,2.860065353244),.PIECEWISE_BEZIER_KNOTS.);
#506 = CARTESIAN_POINT('',(17.000006929302,-24.41));
#507 = CARTESIAN_POINT('',(0.,-24.41));
#508 = ( GEOMETRIC_REPRESENTATION_CONTEXT(2) 
PARAMETRIC_REPRESENTATION_CONTEXT() REPRESENTATION_CONTEXT('2D SPACE',''
  ) );
#509 = ORIENTED_EDGE('',*,*,#510,.T.);
#510 = EDGE_CURVE('',#485,#511,#513,.T.);
#511 = VERTEX_POINT('',#512);
#512 = CARTESIAN_POINT('',(107.21828931816,-58.13134912274,4.41));
#513 = SURFACE_CURVE('',#514,(#518,#524),.PCURVE_S1.);
#514 = LINE('',#515,#516);
#515 = CARTESIAN_POINT('',(102.94682842095,-58.43003876562,4.41));
#516 = VECTOR('',#517,1.);
#517 = DIRECTION('',(0.99756405026,6.975647374412E-02,-0.));
#518 = PCURVE('',#32,#519);
#519 = DEFINITIONAL_REPRESENTATION('',(#520),#523);
#520 = B_SPLINE_CURVE_WITH_KNOTS('',1,(#521,#522),.UNSPECIFIED.,.F.,.F.,
  (2,2),(1.622139915841,4.564289959984),.PIECEWISE_BEZIER_KNOTS.);
#521 = CARTESIAN_POINT('',(19.845827838558,7.121854153815));
#522 = CARTESIAN_POINT('',(22.780810953067,7.327088166121));
#523 = ( GEOMETRIC_REPRESENTATION_CONTEXT(2) 
PARAMETRIC_REPRESENTATION_CONTEXT() REPRESENTATION_CONTEXT('2D SPACE',''
  ) );
#524 = PCURVE('',#525,#530);
#525 = PLANE('',#526);
#526 = AXIS2_PLACEMENT_3D('',#527,#528,#529);
#527 = CARTESIAN_POINT('',(121.57348394242,-57.12753612784,-20.));
#528 = DIRECTION('',(6.975647374412E-02,-0.99756405026,0.));
#529 = DIRECTION('',(-0.99756405026,-6.975647374412E-02,0.));
#530 = DEFINITIONAL_REPRESENTATION('',(#531),#534);
#531 = B_SPLINE_CURVE_WITH_KNOTS('',1,(#532,#533),.UNSPECIFIED.,.F.,.F.,
  (2,2),(1.622139915841,4.564289959984),.PIECEWISE_BEZIER_KNOTS.);
#532 = CARTESIAN_POINT('',(17.05,-24.41));
#533 = CARTESIAN_POINT('',(14.107849955856,-24.41));
#534 = ( GEOMETRIC_REPRESENTATION_CONTEXT(2) 
PARAMETRIC_REPRESENTATION_CONTEXT() REPRESENTATION_CONTEXT('2D SPACE',''
  ) );
#535 = ORIENTED_EDGE('',*,*,#536,.T.);
#536 = EDGE_CURVE('',#511,#537,#539,.T.);
#537 = VERTEX_POINT('',#538);
#538 = CARTESIAN_POINT('',(107.41017971692,-57.22469894724,4.41));
#539 = SURFACE_CURVE('',#540,(#544,#551),.PCURVE_S1.);
#540 = LINE('',#541,#542);
#541 = CARTESIAN_POINT('',(104.6344680154,-70.33947445279,4.41));
#542 = VECTOR('',#543,1.);
#543 = DIRECTION('',(0.207060857044,0.978328064343,0.));
#544 = PCURVE('',#32,#545);
#545 = DEFINITIONAL_REPRESENTATION('',(#546),#550);
#546 = LINE('',#547,#548);
#547 = CARTESIAN_POINT('',(19.915278968472,-4.900736293802));
#548 = VECTOR('',#549,1.);
#549 = DIRECTION('',(0.207060857044,0.978328064343));
#550 = ( GEOMETRIC_REPRESENTATION_CONTEXT(2) 
PARAMETRIC_REPRESENTATION_CONTEXT() REPRESENTATION_CONTEXT('2D SPACE',''
  ) );
#551 = PCURVE('',#552,#557);
#552 = PLANE('',#553);
#553 = AXIS2_PLACEMENT_3D('',#554,#555,#556);
#554 = CARTESIAN_POINT('',(104.6344680154,-70.33947445279,4.41));
#555 = DIRECTION('',(-0.978328064343,0.207060857044,0.));
#556 = DIRECTION('',(0.207060857044,0.978328064343,0.));
#557 = DEFINITIONAL_REPRESENTATION('',(#558),#562);
#558 = LINE('',#559,#560);
#559 = CARTESIAN_POINT('',(0.,0.));
#560 = VECTOR('',#561,1.);
#561 = DIRECTION('',(1.,0.));
#562 = ( GEOMETRIC_REPRESENTATION_CONTEXT(2) 
PARAMETRIC_REPRESENTATION_CONTEXT() REPRESENTATION_CONTEXT('2D SPACE',''
  ) );
#563 = ORIENTED_EDGE('',*,*,#564,.F.);
#564 = EDGE_CURVE('',#565,#537,#567,.T.);
#565 = VERTEX_POINT('',#566);
#566 = CARTESIAN_POINT('',(107.42329651395,-57.14816428242,4.41));
#567 = SURFACE_CURVE('',#568,(#573,#584),.PCURVE_S1.);
#568 = CIRCLE('',#569,1.);
#569 = AXIS2_PLACEMENT_3D('',#570,#571,#572);
#570 = CARTESIAN_POINT('',(106.43185165257,-57.0176380902,4.41));
#571 = DIRECTION('',(0.,0.,-1.));
#572 = DIRECTION('',(0.13052619222,0.991444861374,0.));
#573 = PCURVE('',#32,#574);
#574 = DEFINITIONAL_REPRESENTATION('',(#575),#583);
#575 = ( BOUNDED_CURVE() B_SPLINE_CURVE(2,(#576,#577,#578,#579,#580,#581
,#582),.UNSPECIFIED.,.T.,.F.) B_SPLINE_CURVE_WITH_KNOTS((1,2,2,2,2,1),(
    -2.094395102393,0.,2.094395102393,4.188790204786,6.28318530718,
8.377580409573),.UNSPECIFIED.) CURVE() GEOMETRIC_REPRESENTATION_ITEM() 
RATIONAL_B_SPLINE_CURVE((1.,0.5,1.,0.5,1.,0.5,1.)) REPRESENTATION_ITEM(
  '') );
#576 = CARTESIAN_POINT('',(21.843188797865,9.412544930162));
#577 = CARTESIAN_POINT('',(23.560421670667,9.186466933518));
#578 = CARTESIAN_POINT('',(22.506015945936,7.812338639779));
#579 = CARTESIAN_POINT('',(21.451610221205,6.43821034604));
#580 = CARTESIAN_POINT('',(20.788783073133,8.038416636423));
#581 = CARTESIAN_POINT('',(20.125955925062,9.638622926805));
#582 = CARTESIAN_POINT('',(21.843188797865,9.412544930162));
#583 = ( GEOMETRIC_REPRESENTATION_CONTEXT(2) 
PARAMETRIC_REPRESENTATION_CONTEXT() REPRESENTATION_CONTEXT('2D SPACE',''
  ) );
#584 = PCURVE('',#585,#590);
#585 = CYLINDRICAL_SURFACE('',#586,1.);
#586 = AXIS2_PLACEMENT_3D('',#587,#588,#589);
#587 = CARTESIAN_POINT('',(106.43185165257,-57.0176380902,4.41));
#588 = DIRECTION('',(0.,0.,-1.));
#589 = DIRECTION('',(0.13052619222,0.991444861374,0.));
#590 = DEFINITIONAL_REPRESENTATION('',(#591),#595);
#591 = LINE('',#592,#593);
#592 = CARTESIAN_POINT('',(0.,0.));
#593 = VECTOR('',#594,1.);
#594 = DIRECTION('',(1.,0.));
#595 = ( GEOMETRIC_REPRESENTATION_CONTEXT(2) 
PARAMETRIC_REPRESENTATION_CONTEXT() REPRESENTATION_CONTEXT('2D SPACE',''
  ) );
#596 = ORIENTED_EDGE('',*,*,#597,.T.);
#597 = EDGE_CURVE('',#565,#598,#600,.T.);
#598 = VERTEX_POINT('',#599);
#599 = CARTESIAN_POINT('',(107.49144486137,-56.63052619222,4.41));
#600 = SURFACE_CURVE('',#601,(#605,#612),.PCURVE_S1.);
#601 = LINE('',#602,#603);
#602 = CARTESIAN_POINT('',(107.42329651395,-57.14816428242,4.41));
#603 = VECTOR('',#604,1.);
#604 = DIRECTION('',(0.13052619222,0.991444861374,0.));
#605 = PCURVE('',#32,#606);
#606 = DEFINITIONAL_REPRESENTATION('',(#607),#611);
#607 = LINE('',#608,#609);
#608 = CARTESIAN_POINT('',(22.704107467019,8.290573876568));
#609 = VECTOR('',#610,1.);
#610 = DIRECTION('',(0.13052619222,0.991444861374));
#611 = ( GEOMETRIC_REPRESENTATION_CONTEXT(2) 
PARAMETRIC_REPRESENTATION_CONTEXT() REPRESENTATION_CONTEXT('2D SPACE',''
  ) );
#612 = PCURVE('',#613,#618);
#613 = PLANE('',#614);
#614 = AXIS2_PLACEMENT_3D('',#615,#616,#617);
#615 = CARTESIAN_POINT('',(107.42329651395,-57.14816428242,4.41));
#616 = DIRECTION('',(-0.991444861374,0.13052619222,0.));
#617 = DIRECTION('',(0.13052619222,0.991444861374,0.));
#618 = DEFINITIONAL_REPRESENTATION('',(#619),#623);
#619 = LINE('',#620,#621);
#620 = CARTESIAN_POINT('',(0.,0.));
#621 = VECTOR('',#622,1.);
#622 = DIRECTION('',(1.,0.));
#623 = ( GEOMETRIC_REPRESENTATION_CONTEXT(2) 
PARAMETRIC_REPRESENTATION_CONTEXT() REPRESENTATION_CONTEXT('2D SPACE',''
  ) );
#624 = ORIENTED_EDGE('',*,*,#625,.F.);
#625 = EDGE_CURVE('',#626,#598,#628,.T.);
#626 = VERTEX_POINT('',#627);
#627 = CARTESIAN_POINT('',(107.49144486137,-56.36947380778,4.41));
#628 = SURFACE_CURVE('',#629,(#634,#645),.PCURVE_S1.);
#629 = CIRCLE('',#630,1.);
#630 = AXIS2_PLACEMENT_3D('',#631,#632,#633);
#631 = CARTESIAN_POINT('',(106.5,-56.5,4.41));
#632 = DIRECTION('',(0.,0.,-1.));
#633 = DIRECTION('',(-0.13052619222,0.991444861374,0.));
#634 = PCURVE('',#32,#635);
#635 = DEFINITIONAL_REPRESENTATION('',(#636),#644);
#636 = ( BOUNDED_CURVE() B_SPLINE_CURVE(2,(#637,#638,#639,#640,#641,#642
,#643),.UNSPECIFIED.,.T.,.F.) B_SPLINE_CURVE_WITH_KNOTS((1,2,2,2,2,1),(
    -2.094395102393,0.,2.094395102393,4.188790204786,6.28318530718,
8.377580409573),.UNSPECIFIED.) CURVE() GEOMETRIC_REPRESENTATION_ITEM() 
RATIONAL_B_SPLINE_CURVE((1.,0.5,1.,0.5,1.,0.5,1.)) REPRESENTATION_ITEM(
  '') );
#637 = CARTESIAN_POINT('',(21.650284760847,9.930183020367));
#638 = CARTESIAN_POINT('',(23.367517633649,10.15626101701));
#639 = CARTESIAN_POINT('',(22.704690485578,8.556054726628));
#640 = CARTESIAN_POINT('',(22.041863337507,6.955848436245));
#641 = CARTESIAN_POINT('',(20.987457612775,8.329976729984));
#642 = CARTESIAN_POINT('',(19.933051888044,9.704105023723));
#643 = CARTESIAN_POINT('',(21.650284760847,9.930183020367));
#644 = ( GEOMETRIC_REPRESENTATION_CONTEXT(2) 
PARAMETRIC_REPRESENTATION_CONTEXT() REPRESENTATION_CONTEXT('2D SPACE',''
  ) );
#645 = PCURVE('',#646,#651);
#646 = CYLINDRICAL_SURFACE('',#647,1.);
#647 = AXIS2_PLACEMENT_3D('',#648,#649,#650);
#648 = CARTESIAN_POINT('',(106.5,-56.5,4.41));
#649 = DIRECTION('',(0.,0.,-1.));
#650 = DIRECTION('',(-0.13052619222,0.991444861374,0.));
#651 = DEFINITIONAL_REPRESENTATION('',(#652),#656);
#652 = LINE('',#653,#654);
#653 = CARTESIAN_POINT('',(0.,0.));
#654 = VECTOR('',#655,1.);
#655 = DIRECTION('',(1.,0.));
#656 = ( GEOMETRIC_REPRESENTATION_CONTEXT(2) 
PARAMETRIC_REPRESENTATION_CONTEXT() REPRESENTATION_CONTEXT('2D SPACE',''
  ) );
#657 = ORIENTED_EDGE('',*,*,#658,.T.);
#658 = EDGE_CURVE('',#626,#659,#661,.T.);
#659 = VERTEX_POINT('',#660);
#660 = CARTESIAN_POINT('',(107.42329651395,-55.85183571757,4.41));
#661 = SURFACE_CURVE('',#662,(#666,#673),.PCURVE_S1.);
#662 = LINE('',#663,#664);
#663 = CARTESIAN_POINT('',(107.49144486137,-56.36947380778,4.41));
#664 = VECTOR('',#665,1.);
#665 = DIRECTION('',(-0.13052619222,0.991444861374,0.));
#666 = PCURVE('',#32,#667);
#667 = DEFINITIONAL_REPRESENTATION('',(#668),#672);
#668 = LINE('',#669,#670);
#669 = CARTESIAN_POINT('',(22.77225581444,9.069264351213));
#670 = VECTOR('',#671,1.);
#671 = DIRECTION('',(-0.13052619222,0.991444861374));
#672 = ( GEOMETRIC_REPRESENTATION_CONTEXT(2) 
PARAMETRIC_REPRESENTATION_CONTEXT() REPRESENTATION_CONTEXT('2D SPACE',''
  ) );
#673 = PCURVE('',#674,#679);
#674 = PLANE('',#675);
#675 = AXIS2_PLACEMENT_3D('',#676,#677,#678);
#676 = CARTESIAN_POINT('',(107.49144486137,-56.36947380778,4.41));
#677 = DIRECTION('',(-0.991444861374,-0.13052619222,0.));
#678 = DIRECTION('',(-0.13052619222,0.991444861374,0.));
#679 = DEFINITIONAL_REPRESENTATION('',(#680),#684);
#680 = LINE('',#681,#682);
#681 = CARTESIAN_POINT('',(0.,0.));
#682 = VECTOR('',#683,1.);
#683 = DIRECTION('',(1.,0.));
#684 = ( GEOMETRIC_REPRESENTATION_CONTEXT(2) 
PARAMETRIC_REPRESENTATION_CONTEXT() REPRESENTATION_CONTEXT('2D SPACE',''
  ) );
#685 = ORIENTED_EDGE('',*,*,#686,.F.);
#686 = EDGE_CURVE('',#687,#659,#689,.T.);
#687 = VERTEX_POINT('',#688);
#688 = CARTESIAN_POINT('',(107.35573118508,-55.59967847743,4.41));
#689 = SURFACE_CURVE('',#690,(#695,#706),.PCURVE_S1.);
#690 = CIRCLE('',#691,1.);
#691 = AXIS2_PLACEMENT_3D('',#692,#693,#694);
#692 = CARTESIAN_POINT('',(106.43185165257,-55.98236190979,4.41));
#693 = DIRECTION('',(0.,0.,-1.));
#694 = DIRECTION('',(-0.382683432365,0.923879532511,0.));
#695 = PCURVE('',#32,#696);
#696 = DEFINITIONAL_REPRESENTATION('',(#697),#705);
#697 = ( BOUNDED_CURVE() B_SPLINE_CURVE(2,(#698,#699,#700,#701,#702,#703
,#704),.UNSPECIFIED.,.T.,.F.) B_SPLINE_CURVE_WITH_KNOTS((1,2,2,2,2,1),(
    -2.094395102393,0.,2.094395102393,4.188790204786,6.28318530718,
8.377580409573),.UNSPECIFIED.) CURVE() GEOMETRIC_REPRESENTATION_ITEM() 
RATIONAL_B_SPLINE_CURVE((1.,0.5,1.,0.5,1.,0.5,1.)) REPRESENTATION_ITEM(
  '') );
#698 = CARTESIAN_POINT('',(21.32997917328,10.380255781709));
#699 = CARTESIAN_POINT('',(22.930185463662,11.04308292978));
#700 = CARTESIAN_POINT('',(22.704107467019,9.325850056978));
#701 = CARTESIAN_POINT('',(22.478029470375,7.608617184175));
#702 = CARTESIAN_POINT('',(21.103901176636,8.663022908907));
#703 = CARTESIAN_POINT('',(19.729772882897,9.717428633638));
#704 = CARTESIAN_POINT('',(21.32997917328,10.380255781709));
#705 = ( GEOMETRIC_REPRESENTATION_CONTEXT(2) 
PARAMETRIC_REPRESENTATION_CONTEXT() REPRESENTATION_CONTEXT('2D SPACE',''
  ) );
#706 = PCURVE('',#707,#712);
#707 = CYLINDRICAL_SURFACE('',#708,1.);
#708 = AXIS2_PLACEMENT_3D('',#709,#710,#711);
#709 = CARTESIAN_POINT('',(106.43185165257,-55.98236190979,4.41));
#710 = DIRECTION('',(0.,0.,-1.));
#711 = DIRECTION('',(-0.382683432365,0.923879532511,0.));
#712 = DEFINITIONAL_REPRESENTATION('',(#713),#717);
#713 = LINE('',#714,#715);
#714 = CARTESIAN_POINT('',(0.,0.));
#715 = VECTOR('',#716,1.);
#716 = DIRECTION('',(1.,0.));
#717 = ( GEOMETRIC_REPRESENTATION_CONTEXT(2) 
PARAMETRIC_REPRESENTATION_CONTEXT() REPRESENTATION_CONTEXT('2D SPACE',''
  ) );
#718 = ORIENTED_EDGE('',*,*,#719,.T.);
#719 = EDGE_CURVE('',#687,#720,#722,.T.);
#720 = VERTEX_POINT('',#721);
#721 = CARTESIAN_POINT('',(107.15593034008,-55.11731656763,4.41));
#722 = SURFACE_CURVE('',#723,(#727,#734),.PCURVE_S1.);
#723 = LINE('',#724,#725);
#724 = CARTESIAN_POINT('',(107.35573118508,-55.59967847743,4.41));
#725 = VECTOR('',#726,1.);
#726 = DIRECTION('',(-0.382683432365,0.923879532511,0.));
#727 = PCURVE('',#32,#728);
#728 = DEFINITIONAL_REPRESENTATION('',(#729),#733);
#729 = LINE('',#730,#731);
#730 = CARTESIAN_POINT('',(22.636542138156,9.839059681563));
#731 = VECTOR('',#732,1.);
#732 = DIRECTION('',(-0.382683432365,0.923879532511));
#733 = ( GEOMETRIC_REPRESENTATION_CONTEXT(2) 
PARAMETRIC_REPRESENTATION_CONTEXT() REPRESENTATION_CONTEXT('2D SPACE',''
  ) );
#734 = PCURVE('',#735,#740);
#735 = PLANE('',#736);
#736 = AXIS2_PLACEMENT_3D('',#737,#738,#739);
#737 = CARTESIAN_POINT('',(107.35573118508,-55.59967847743,4.41));
#738 = DIRECTION('',(-0.923879532511,-0.382683432365,0.));
#739 = DIRECTION('',(-0.382683432365,0.923879532511,0.));
#740 = DEFINITIONAL_REPRESENTATION('',(#741),#745);
#741 = LINE('',#742,#743);
#742 = CARTESIAN_POINT('',(0.,0.));
#743 = VECTOR('',#744,1.);
#744 = DIRECTION('',(1.,0.));
#745 = ( GEOMETRIC_REPRESENTATION_CONTEXT(2) 
PARAMETRIC_REPRESENTATION_CONTEXT() REPRESENTATION_CONTEXT('2D SPACE',''
  ) );
#746 = ORIENTED_EDGE('',*,*,#747,.F.);
#747 = EDGE_CURVE('',#748,#720,#750,.T.);
#748 = VERTEX_POINT('',#749);
#749 = CARTESIAN_POINT('',(107.02540414786,-54.89123857099,4.41));
#750 = SURFACE_CURVE('',#751,(#756,#767),.PCURVE_S1.);
#751 = CIRCLE('',#752,1.);
#752 = AXIS2_PLACEMENT_3D('',#753,#754,#755);
#753 = CARTESIAN_POINT('',(106.23205080756,-55.5,4.41));
#754 = DIRECTION('',(0.,0.,-1.));
#755 = DIRECTION('',(-0.608761429009,0.793353340291,0.));
#756 = PCURVE('',#32,#757);
#757 = DEFINITIONAL_REPRESENTATION('',(#758),#766);
#758 = ( BOUNDED_CURVE() B_SPLINE_CURVE(2,(#759,#760,#761,#762,#763,#764
,#765),.UNSPECIFIED.,.T.,.F.) B_SPLINE_CURVE_WITH_KNOTS((1,2,2,2,2,1),(
    -2.094395102393,0.,2.094395102393,4.188790204786,6.28318530718,
8.377580409573),.UNSPECIFIED.) CURVE() GEOMETRIC_REPRESENTATION_ITEM() 
RATIONAL_B_SPLINE_CURVE((1.,0.5,1.,0.5,1.,0.5,1.)) REPRESENTATION_ITEM(
  '') );
#759 = CARTESIAN_POINT('',(20.904100331627,10.732091499284));
#760 = CARTESIAN_POINT('',(22.278228625366,11.786497224015));
#761 = CARTESIAN_POINT('',(22.504306622009,10.069264351213));
#762 = CARTESIAN_POINT('',(22.730384618653,8.35203147841));
#763 = CARTESIAN_POINT('',(21.13017832827,9.014858626482));
#764 = CARTESIAN_POINT('',(19.529972037888,9.677685774553));
#765 = CARTESIAN_POINT('',(20.904100331627,10.732091499284));
#766 = ( GEOMETRIC_REPRESENTATION_CONTEXT(2) 
PARAMETRIC_REPRESENTATION_CONTEXT() REPRESENTATION_CONTEXT('2D SPACE',''
  ) );
#767 = PCURVE('',#768,#773);
#768 = CYLINDRICAL_SURFACE('',#769,1.);
#769 = AXIS2_PLACEMENT_3D('',#770,#771,#772);
#770 = CARTESIAN_POINT('',(106.23205080756,-55.5,4.41));
#771 = DIRECTION('',(0.,0.,-1.));
#772 = DIRECTION('',(-0.608761429009,0.793353340291,0.));
#773 = DEFINITIONAL_REPRESENTATION('',(#774),#778);
#774 = LINE('',#775,#776);
#775 = CARTESIAN_POINT('',(0.,0.));
#776 = VECTOR('',#777,1.);
#777 = DIRECTION('',(1.,0.));
#778 = ( GEOMETRIC_REPRESENTATION_CONTEXT(2) 
PARAMETRIC_REPRESENTATION_CONTEXT() REPRESENTATION_CONTEXT('2D SPACE',''
  ) );
#779 = ORIENTED_EDGE('',*,*,#780,.T.);
#780 = EDGE_CURVE('',#748,#781,#783,.T.);
#781 = VERTEX_POINT('',#782);
#782 = CARTESIAN_POINT('',(106.81305807433,-54.61450378014,4.41));
#783 = SURFACE_CURVE('',#784,(#788,#795),.PCURVE_S1.);
#784 = LINE('',#785,#786);
#785 = CARTESIAN_POINT('',(107.02540414786,-54.89123857099,4.41));
#786 = VECTOR('',#787,1.);
#787 = DIRECTION('',(-0.608761429009,0.793353340291,0.));
#788 = PCURVE('',#32,#789);
#789 = DEFINITIONAL_REPRESENTATION('',(#790),#794);
#790 = LINE('',#791,#792);
#791 = CARTESIAN_POINT('',(22.306215100927,10.547499588002));
#792 = VECTOR('',#793,1.);
#793 = DIRECTION('',(-0.608761429009,0.793353340291));
#794 = ( GEOMETRIC_REPRESENTATION_CONTEXT(2) 
PARAMETRIC_REPRESENTATION_CONTEXT() REPRESENTATION_CONTEXT('2D SPACE',''
  ) );
#795 = PCURVE('',#796,#801);
#796 = PLANE('',#797);
#797 = AXIS2_PLACEMENT_3D('',#798,#799,#800);
#798 = CARTESIAN_POINT('',(107.02540414786,-54.89123857099,4.41));
#799 = DIRECTION('',(-0.793353340291,-0.608761429009,0.));
#800 = DIRECTION('',(-0.608761429009,0.793353340291,0.));
#801 = DEFINITIONAL_REPRESENTATION('',(#802),#806);
#802 = LINE('',#803,#804);
#803 = CARTESIAN_POINT('',(0.,0.));
#804 = VECTOR('',#805,1.);
#805 = DIRECTION('',(1.,0.));
#806 = ( GEOMETRIC_REPRESENTATION_CONTEXT(2) 
PARAMETRIC_REPRESENTATION_CONTEXT() REPRESENTATION_CONTEXT('2D SPACE',''
  ) );
#807 = ORIENTED_EDGE('',*,*,#808,.F.);
#808 = EDGE_CURVE('',#809,#781,#811,.T.);
#809 = VERTEX_POINT('',#810);
#810 = CARTESIAN_POINT('',(104.29533018558,-55.01402884716,4.41));
#811 = SURFACE_CURVE('',#812,(#816,#822),.PCURVE_S1.);
#812 = LINE('',#813,#814);
#813 = CARTESIAN_POINT('',(98.776843338787,-55.88972865457,4.41));
#814 = VECTOR('',#815,1.);
#815 = DIRECTION('',(0.987642468393,0.156723816396,-0.));
#816 = PCURVE('',#32,#817);
#817 = DEFINITIONAL_REPRESENTATION('',(#818),#821);
#818 = B_SPLINE_CURVE_WITH_KNOTS('',1,(#819,#820),.UNSPECIFIED.,.F.,.F.,
  (2,2),(-33.68525899144,8.832302113743),.PIECEWISE_BEZIER_KNOTS.);
#819 = CARTESIAN_POINT('',(-19.21133804693,4.269727158992));
#820 = CARTESIAN_POINT('',(22.780810953067,10.93324159925));
#821 = ( GEOMETRIC_REPRESENTATION_CONTEXT(2) 
PARAMETRIC_REPRESENTATION_CONTEXT() REPRESENTATION_CONTEXT('2D SPACE',''
  ) );
#822 = PCURVE('',#823,#828);
#823 = PLANE('',#824);
#824 = AXIS2_PLACEMENT_3D('',#825,#826,#827);
#825 = CARTESIAN_POINT('',(113.967272,-53.479239,-20.));
#826 = DIRECTION('',(0.156723816396,-0.987642468393,0.));
#827 = DIRECTION('',(-0.987642468393,-0.156723816396,0.));
#828 = DEFINITIONAL_REPRESENTATION('',(#829),#832);
#829 = B_SPLINE_CURVE_WITH_KNOTS('',1,(#830,#831),.UNSPECIFIED.,.F.,.F.,
  (2,2),(-33.68525899144,8.832302113743),.PIECEWISE_BEZIER_KNOTS.);
#830 = CARTESIAN_POINT('',(49.065752588412,-24.41));
#831 = CARTESIAN_POINT('',(6.54819148322,-24.41));
#832 = ( GEOMETRIC_REPRESENTATION_CONTEXT(2) 
PARAMETRIC_REPRESENTATION_CONTEXT() REPRESENTATION_CONTEXT('2D SPACE',''
  ) );
#833 = ORIENTED_EDGE('',*,*,#834,.F.);
#834 = EDGE_CURVE('',#835,#809,#837,.T.);
#835 = VERTEX_POINT('',#836);
#836 = CARTESIAN_POINT('',(106.,-56.5,4.41));
#837 = SURFACE_CURVE('',#838,(#843,#850),.PCURVE_S1.);
#838 = CIRCLE('',#839,1.5);
#839 = AXIS2_PLACEMENT_3D('',#840,#841,#842);
#840 = CARTESIAN_POINT('',(104.5,-56.5,4.41));
#841 = DIRECTION('',(0.,0.,1.));
#842 = DIRECTION('',(1.,0.,-0.));
#843 = PCURVE('',#32,#844);
#844 = DEFINITIONAL_REPRESENTATION('',(#845),#849);
#845 = CIRCLE('',#846,1.5);
#846 = AXIS2_PLACEMENT_2D('',#847,#848);
#847 = CARTESIAN_POINT('',(19.780810953067,8.938738158993));
#848 = DIRECTION('',(1.,0.));
#849 = ( GEOMETRIC_REPRESENTATION_CONTEXT(2) 
PARAMETRIC_REPRESENTATION_CONTEXT() REPRESENTATION_CONTEXT('2D SPACE',''
  ) );
#850 = PCURVE('',#851,#856);
#851 = CYLINDRICAL_SURFACE('',#852,1.5);
#852 = AXIS2_PLACEMENT_3D('',#853,#854,#855);
#853 = CARTESIAN_POINT('',(104.5,-56.5,0.91));
#854 = DIRECTION('',(0.,0.,1.));
#855 = DIRECTION('',(1.,0.,-0.));
#856 = DEFINITIONAL_REPRESENTATION('',(#857),#861);
#857 = LINE('',#858,#859);
#858 = CARTESIAN_POINT('',(0.,3.5));
#859 = VECTOR('',#860,1.);
#860 = DIRECTION('',(1.,0.));
#861 = ( GEOMETRIC_REPRESENTATION_CONTEXT(2) 
PARAMETRIC_REPRESENTATION_CONTEXT() REPRESENTATION_CONTEXT('2D SPACE',''
  ) );
#862 = ORIENTED_EDGE('',*,*,#863,.F.);
#863 = EDGE_CURVE('',#864,#835,#866,.T.);
#864 = VERTEX_POINT('',#865);
#865 = CARTESIAN_POINT('',(104.2345971477,-55.02366625521,4.41));
#866 = SURFACE_CURVE('',#867,(#872,#879),.PCURVE_S1.);
#867 = CIRCLE('',#868,1.5);
#868 = AXIS2_PLACEMENT_3D('',#869,#870,#871);
#869 = CARTESIAN_POINT('',(104.5,-56.5,4.41));
#870 = DIRECTION('',(0.,0.,1.));
#871 = DIRECTION('',(1.,0.,-0.));
#872 = PCURVE('',#32,#873);
#873 = DEFINITIONAL_REPRESENTATION('',(#874),#878);
#874 = CIRCLE('',#875,1.5);
#875 = AXIS2_PLACEMENT_2D('',#876,#877);
#876 = CARTESIAN_POINT('',(19.780810953067,8.938738158993));
#877 = DIRECTION('',(1.,0.));
#878 = ( GEOMETRIC_REPRESENTATION_CONTEXT(2) 
PARAMETRIC_REPRESENTATION_CONTEXT() REPRESENTATION_CONTEXT('2D SPACE',''
  ) );
#879 = PCURVE('',#851,#880);
#880 = DEFINITIONAL_REPRESENTATION('',(#881),#885);
#881 = LINE('',#882,#883);
#882 = CARTESIAN_POINT('',(0.,3.5));
#883 = VECTOR('',#884,1.);
#884 = DIRECTION('',(1.,0.));
#885 = ( GEOMETRIC_REPRESENTATION_CONTEXT(2) 
PARAMETRIC_REPRESENTATION_CONTEXT() REPRESENTATION_CONTEXT('2D SPACE',''
  ) );
#886 = ORIENTED_EDGE('',*,*,#887,.F.);
#887 = EDGE_CURVE('',#888,#864,#890,.T.);
#888 = VERTEX_POINT('',#889);
#889 = CARTESIAN_POINT('',(65.507851,-61.169011,4.41));
#890 = SURFACE_CURVE('',#891,(#895,#901),.PCURVE_S1.);
#891 = LINE('',#892,#893);
#892 = CARTESIAN_POINT('',(98.776843338787,-55.88972865457,4.41));
#893 = VECTOR('',#894,1.);
#894 = DIRECTION('',(0.987642468393,0.156723816396,-0.));
#895 = PCURVE('',#32,#896);
#896 = DEFINITIONAL_REPRESENTATION('',(#897),#900);
#897 = B_SPLINE_CURVE_WITH_KNOTS('',1,(#898,#899),.UNSPECIFIED.,.F.,.F.,
  (2,2),(-33.68525899144,8.832302113743),.PIECEWISE_BEZIER_KNOTS.);
#898 = CARTESIAN_POINT('',(-19.21133804693,4.269727158992));
#899 = CARTESIAN_POINT('',(22.780810953067,10.93324159925));
#900 = ( GEOMETRIC_REPRESENTATION_CONTEXT(2) 
PARAMETRIC_REPRESENTATION_CONTEXT() REPRESENTATION_CONTEXT('2D SPACE',''
  ) );
#901 = PCURVE('',#823,#902);
#902 = DEFINITIONAL_REPRESENTATION('',(#903),#906);
#903 = B_SPLINE_CURVE_WITH_KNOTS('',1,(#904,#905),.UNSPECIFIED.,.F.,.F.,
  (2,2),(-33.68525899144,8.832302113743),.PIECEWISE_BEZIER_KNOTS.);
#904 = CARTESIAN_POINT('',(49.065752588412,-24.41));
#905 = CARTESIAN_POINT('',(6.54819148322,-24.41));
#906 = ( GEOMETRIC_REPRESENTATION_CONTEXT(2) 
PARAMETRIC_REPRESENTATION_CONTEXT() REPRESENTATION_CONTEXT('2D SPACE',''
  ) );
#907 = ORIENTED_EDGE('',*,*,#908,.F.);
#908 = EDGE_CURVE('',#909,#888,#911,.T.);
#909 = VERTEX_POINT('',#910);
#910 = CARTESIAN_POINT('',(65.323560183822,-61.20730616607,4.41));
#911 = SURFACE_CURVE('',#912,(#916,#922),.PCURVE_S1.);
#912 = LINE('',#913,#914);
#913 = CARTESIAN_POINT('',(74.290660876616,-59.34396529324,4.41));
#914 = VECTOR('',#915,1.);
#915 = DIRECTION('',(0.97908504639,0.203451399446,-0.));
#916 = PCURVE('',#32,#917);
#917 = DEFINITIONAL_REPRESENTATION('',(#918),#921);
#918 = B_SPLINE_CURVE_WITH_KNOTS('',1,(#919,#920),.UNSPECIFIED.,.F.,.F.,
  (2,2),(-9.158653506006,-8.970425918569),.PIECEWISE_BEZIER_KNOTS.);
#919 = CARTESIAN_POINT('',(-19.39562886311,4.231431992914));
#920 = CARTESIAN_POINT('',(-19.21133804693,4.269727158992));
#921 = ( GEOMETRIC_REPRESENTATION_CONTEXT(2) 
PARAMETRIC_REPRESENTATION_CONTEXT() REPRESENTATION_CONTEXT('2D SPACE',''
  ) );
#922 = PCURVE('',#923,#928);
#923 = PLANE('',#924);
#924 = AXIS2_PLACEMENT_3D('',#925,#926,#927);
#925 = CARTESIAN_POINT('',(65.507851,-61.169011,-20.));
#926 = DIRECTION('',(0.203451399446,-0.97908504639,0.));
#927 = DIRECTION('',(-0.97908504639,-0.203451399446,0.));
#928 = DEFINITIONAL_REPRESENTATION('',(#929),#932);
#929 = B_SPLINE_CURVE_WITH_KNOTS('',1,(#930,#931),.UNSPECIFIED.,.F.,.F.,
  (2,2),(-9.158653506006,-8.970425918569),.PIECEWISE_BEZIER_KNOTS.);
#930 = CARTESIAN_POINT('',(0.188227587437,-24.41));
#931 = CARTESIAN_POINT('',(0.,-24.41));
#932 = ( GEOMETRIC_REPRESENTATION_CONTEXT(2) 
PARAMETRIC_REPRESENTATION_CONTEXT() REPRESENTATION_CONTEXT('2D SPACE',''
  ) );
#933 = ORIENTED_EDGE('',*,*,#934,.F.);
#934 = EDGE_CURVE('',#935,#909,#937,.T.);
#935 = VERTEX_POINT('',#936);
#936 = CARTESIAN_POINT('',(65.142171975262,-61.2575848143,4.41));
#937 = SURFACE_CURVE('',#938,(#942,#948),.PCURVE_S1.);
#938 = LINE('',#939,#940);
#939 = CARTESIAN_POINT('',(73.784817644497,-58.86194650452,4.41));
#940 = VECTOR('',#941,1.);
#941 = DIRECTION('',(0.96366431207,0.26711625492,-0.));
#942 = PCURVE('',#32,#943);
#943 = DEFINITIONAL_REPRESENTATION('',(#944),#947);
#944 = B_SPLINE_CURVE_WITH_KNOTS('',1,(#945,#946),.UNSPECIFIED.,.F.,.F.,
  (2,2),(-8.96852312676,-8.780295539323),.PIECEWISE_BEZIER_KNOTS.);
#945 = CARTESIAN_POINT('',(-19.57701707167,4.181153344685));
#946 = CARTESIAN_POINT('',(-19.39562886311,4.231431992914));
#947 = ( GEOMETRIC_REPRESENTATION_CONTEXT(2) 
PARAMETRIC_REPRESENTATION_CONTEXT() REPRESENTATION_CONTEXT('2D SPACE',''
  ) );
#948 = PCURVE('',#949,#954);
#949 = PLANE('',#950);
#950 = AXIS2_PLACEMENT_3D('',#951,#952,#953);
#951 = CARTESIAN_POINT('',(65.323560183822,-61.20730616607,-20.));
#952 = DIRECTION('',(0.26711625492,-0.96366431207,0.));
#953 = DIRECTION('',(-0.96366431207,-0.26711625492,0.));
#954 = DEFINITIONAL_REPRESENTATION('',(#955),#958);
#955 = B_SPLINE_CURVE_WITH_KNOTS('',1,(#956,#957),.UNSPECIFIED.,.F.,.F.,
  (2,2),(-8.96852312676,-8.780295539323),.PIECEWISE_BEZIER_KNOTS.);
#956 = CARTESIAN_POINT('',(0.188227587437,-24.41));
#957 = CARTESIAN_POINT('',(0.,-24.41));
#958 = ( GEOMETRIC_REPRESENTATION_CONTEXT(2) 
PARAMETRIC_REPRESENTATION_CONTEXT() REPRESENTATION_CONTEXT('2D SPACE',''
  ) );
#959 = ORIENTED_EDGE('',*,*,#960,.F.);
#960 = EDGE_CURVE('',#961,#935,#963,.T.);
#961 = VERTEX_POINT('',#962);
#962 = CARTESIAN_POINT('',(64.964464713456,-61.31963119836,4.41));
#963 = SURFACE_CURVE('',#964,(#968,#974),.PCURVE_S1.);
#964 = LINE('',#965,#966);
#965 = CARTESIAN_POINT('',(73.216458554664,-58.4384524898,4.41));
#966 = VECTOR('',#967,1.);
#967 = DIRECTION('',(0.944108481786,0.329634911106,-0.));
#968 = PCURVE('',#32,#969);
#969 = DEFINITIONAL_REPRESENTATION('',(#970),#973);
#970 = B_SPLINE_CURVE_WITH_KNOTS('',1,(#971,#972),.UNSPECIFIED.,.F.,.F.,
  (2,2),(-8.740514464607,-8.552286877169),.PIECEWISE_BEZIER_KNOTS.);
#971 = CARTESIAN_POINT('',(-19.75472433347,4.119106960633));
#972 = CARTESIAN_POINT('',(-19.57701707167,4.181153344685));
#973 = ( GEOMETRIC_REPRESENTATION_CONTEXT(2) 
PARAMETRIC_REPRESENTATION_CONTEXT() REPRESENTATION_CONTEXT('2D SPACE',''
  ) );
#974 = PCURVE('',#975,#980);
#975 = PLANE('',#976);
#976 = AXIS2_PLACEMENT_3D('',#977,#978,#979);
#977 = CARTESIAN_POINT('',(65.142171975262,-61.2575848143,-20.));
#978 = DIRECTION('',(0.329634911106,-0.944108481786,0.));
#979 = DIRECTION('',(-0.944108481786,-0.329634911106,0.));
#980 = DEFINITIONAL_REPRESENTATION('',(#981),#984);
#981 = B_SPLINE_CURVE_WITH_KNOTS('',1,(#982,#983),.UNSPECIFIED.,.F.,.F.,
  (2,2),(-8.740514464607,-8.552286877169),.PIECEWISE_BEZIER_KNOTS.);
#982 = CARTESIAN_POINT('',(0.188227587437,-24.41));
#983 = CARTESIAN_POINT('',(0.,-24.41));
#984 = ( GEOMETRIC_REPRESENTATION_CONTEXT(2) 
PARAMETRIC_REPRESENTATION_CONTEXT() REPRESENTATION_CONTEXT('2D SPACE',''
  ) );
#985 = ORIENTED_EDGE('',*,*,#986,.F.);
#986 = EDGE_CURVE('',#987,#961,#989,.T.);
#987 = VERTEX_POINT('',#988);
#988 = CARTESIAN_POINT('',(64.791200942553,-61.3931790764,4.41));
#989 = SURFACE_CURVE('',#990,(#994,#1000),.PCURVE_S1.);
#990 = LINE('',#991,#992);
#991 = CARTESIAN_POINT('',(72.593008638467,-58.08142845509,4.41));
#992 = VECTOR('',#993,1.);
#993 = DIRECTION('',(0.920501469856,0.390739099646,-0.));
#994 = PCURVE('',#32,#995);
#995 = DEFINITIONAL_REPRESENTATION('',(#996),#999);
#996 = B_SPLINE_CURVE_WITH_KNOTS('',1,(#997,#998),.UNSPECIFIED.,.F.,.F.,
  (2,2),(-8.47560590765,-8.287378320213),.PIECEWISE_BEZIER_KNOTS.);
#997 = CARTESIAN_POINT('',(-19.92798810438,4.045559082589));
#998 = CARTESIAN_POINT('',(-19.75472433347,4.119106960633));
#999 = ( GEOMETRIC_REPRESENTATION_CONTEXT(2) 
PARAMETRIC_REPRESENTATION_CONTEXT() REPRESENTATION_CONTEXT('2D SPACE',''
  ) );
#1000 = PCURVE('',#1001,#1006);
#1001 = PLANE('',#1002);
#1002 = AXIS2_PLACEMENT_3D('',#1003,#1004,#1005);
#1003 = CARTESIAN_POINT('',(64.964464713456,-61.31963119836,-20.));
#1004 = DIRECTION('',(0.390739099646,-0.920501469856,0.));
#1005 = DIRECTION('',(-0.920501469856,-0.390739099646,0.));
#1006 = DEFINITIONAL_REPRESENTATION('',(#1007),#1010);
#1007 = B_SPLINE_CURVE_WITH_KNOTS('',1,(#1008,#1009),.UNSPECIFIED.,.F.,
  .F.,(2,2),(-8.47560590765,-8.287378320213),.PIECEWISE_BEZIER_KNOTS.);
#1008 = CARTESIAN_POINT('',(0.188227587437,-24.41));
#1009 = CARTESIAN_POINT('',(0.,-24.41));
#1010 = ( GEOMETRIC_REPRESENTATION_CONTEXT(2) 
PARAMETRIC_REPRESENTATION_CONTEXT() REPRESENTATION_CONTEXT('2D SPACE',''
  ) );
#1011 = ORIENTED_EDGE('',*,*,#1012,.F.);
#1012 = EDGE_CURVE('',#1013,#987,#1015,.T.);
#1013 = VERTEX_POINT('',#1014);
#1014 = CARTESIAN_POINT('',(64.623124139622,-61.47791285354,4.41));
#1015 = SURFACE_CURVE('',#1016,(#1020,#1026),.PCURVE_S1.);
#1016 = LINE('',#1017,#1018);
#1017 = CARTESIAN_POINT('',(71.922887262405,-57.7978303504,4.41));
#1018 = VECTOR('',#1019,1.);
#1019 = DIRECTION('',(0.892944574273,0.450166621682,-0.));
#1020 = PCURVE('',#32,#1021);
#1021 = DEFINITIONAL_REPRESENTATION('',(#1022),#1025);
#1022 = B_SPLINE_CURVE_WITH_KNOTS('',1,(#1023,#1024),.UNSPECIFIED.,.F.,
  .F.,(2,2),(-8.174934181918,-7.986706594481),.PIECEWISE_BEZIER_KNOTS.);
#1023 = CARTESIAN_POINT('',(-20.09606490731,3.960825305445));
#1024 = CARTESIAN_POINT('',(-19.92798810438,4.045559082589));
#1025 = ( GEOMETRIC_REPRESENTATION_CONTEXT(2) 
PARAMETRIC_REPRESENTATION_CONTEXT() REPRESENTATION_CONTEXT('2D SPACE',''
  ) );
#1026 = PCURVE('',#1027,#1032);
#1027 = PLANE('',#1028);
#1028 = AXIS2_PLACEMENT_3D('',#1029,#1030,#1031);
#1029 = CARTESIAN_POINT('',(64.791200942553,-61.3931790764,-20.));
#1030 = DIRECTION('',(0.450166621682,-0.892944574273,0.));
#1031 = DIRECTION('',(-0.892944574273,-0.450166621682,0.));
#1032 = DEFINITIONAL_REPRESENTATION('',(#1033),#1036);
#1033 = B_SPLINE_CURVE_WITH_KNOTS('',1,(#1034,#1035),.UNSPECIFIED.,.F.,
  .F.,(2,2),(-8.174934181918,-7.986706594481),.PIECEWISE_BEZIER_KNOTS.);
#1034 = CARTESIAN_POINT('',(0.188227587437,-24.41));
#1035 = CARTESIAN_POINT('',(0.,-24.41));
#1036 = ( GEOMETRIC_REPRESENTATION_CONTEXT(2) 
PARAMETRIC_REPRESENTATION_CONTEXT() REPRESENTATION_CONTEXT('2D SPACE',''
  ) );
#1037 = ORIENTED_EDGE('',*,*,#1038,.F.);
#1038 = EDGE_CURVE('',#1039,#1013,#1041,.T.);
#1039 = VERTEX_POINT('',#1040);
#1040 = CARTESIAN_POINT('',(64.460955524389,-61.57346893606,4.41));
#1041 = SURFACE_CURVE('',#1042,(#1046,#1052),.PCURVE_S1.);
#1042 = LINE('',#1043,#1044);
#1043 = CARTESIAN_POINT('',(71.215373513658,-57.59350202446,4.41));
#1044 = VECTOR('',#1045,1.);
#1045 = DIRECTION('',(0.86155604203,0.50766247295,-0.));
#1046 = PCURVE('',#32,#1047);
#1047 = DEFINITIONAL_REPRESENTATION('',(#1048),#1051);
#1048 = B_SPLINE_CURVE_WITH_KNOTS('',1,(#1049,#1050),.UNSPECIFIED.,.F.,
  .F.,(2,2),(-7.839789473654,-7.651561886217),.PIECEWISE_BEZIER_KNOTS.);
#1049 = CARTESIAN_POINT('',(-20.25823352254,3.865269222929));
#1050 = CARTESIAN_POINT('',(-20.09606490731,3.960825305445));
#1051 = ( GEOMETRIC_REPRESENTATION_CONTEXT(2) 
PARAMETRIC_REPRESENTATION_CONTEXT() REPRESENTATION_CONTEXT('2D SPACE',''
  ) );
#1052 = PCURVE('',#1053,#1058);
#1053 = PLANE('',#1054);
#1054 = AXIS2_PLACEMENT_3D('',#1055,#1056,#1057);
#1055 = CARTESIAN_POINT('',(64.623124139622,-61.47791285354,-20.));
#1056 = DIRECTION('',(0.50766247295,-0.86155604203,0.));
#1057 = DIRECTION('',(-0.86155604203,-0.50766247295,0.));
#1058 = DEFINITIONAL_REPRESENTATION('',(#1059),#1062);
#1059 = B_SPLINE_CURVE_WITH_KNOTS('',1,(#1060,#1061),.UNSPECIFIED.,.F.,
  .F.,(2,2),(-7.839789473654,-7.651561886217),.PIECEWISE_BEZIER_KNOTS.);
#1060 = CARTESIAN_POINT('',(0.188227587437,-24.41));
#1061 = CARTESIAN_POINT('',(0.,-24.41));
#1062 = ( GEOMETRIC_REPRESENTATION_CONTEXT(2) 
PARAMETRIC_REPRESENTATION_CONTEXT() REPRESENTATION_CONTEXT('2D SPACE',''
  ) );
#1063 = ORIENTED_EDGE('',*,*,#1064,.F.);
#1064 = EDGE_CURVE('',#1065,#1039,#1067,.T.);
#1065 = VERTEX_POINT('',#1066);
#1066 = CARTESIAN_POINT('',(64.305390964468,-61.67943729157,4.41));
#1067 = SURFACE_CURVE('',#1068,(#1072,#1078),.PCURVE_S1.);
#1068 = LINE('',#1069,#1070);
#1069 = CARTESIAN_POINT('',(70.480456589803,-57.47307081708,4.41));
#1070 = VECTOR('',#1071,1.);
#1071 = DIRECTION('',(0.826470561723,0.562979938014,-0.));
#1072 = PCURVE('',#32,#1073);
#1073 = DEFINITIONAL_REPRESENTATION('',(#1074),#1077);
#1074 = B_SPLINE_CURVE_WITH_KNOTS('',1,(#1075,#1076),.UNSPECIFIED.,.F.,
  .F.,(2,2),(-7.471609893115,-7.283382305678),.PIECEWISE_BEZIER_KNOTS.);
#1075 = CARTESIAN_POINT('',(-20.41379808246,3.759300867421));
#1076 = CARTESIAN_POINT('',(-20.25823352254,3.865269222929));
#1077 = ( GEOMETRIC_REPRESENTATION_CONTEXT(2) 
PARAMETRIC_REPRESENTATION_CONTEXT() REPRESENTATION_CONTEXT('2D SPACE',''
  ) );
#1078 = PCURVE('',#1079,#1084);
#1079 = PLANE('',#1080);
#1080 = AXIS2_PLACEMENT_3D('',#1081,#1082,#1083);
#1081 = CARTESIAN_POINT('',(64.460955524389,-61.57346893606,-20.));
#1082 = DIRECTION('',(0.562979938014,-0.826470561723,0.));
#1083 = DIRECTION('',(-0.826470561723,-0.562979938014,0.));
#1084 = DEFINITIONAL_REPRESENTATION('',(#1085),#1088);
#1085 = B_SPLINE_CURVE_WITH_KNOTS('',1,(#1086,#1087),.UNSPECIFIED.,.F.,
  .F.,(2,2),(-7.471609893115,-7.283382305678),.PIECEWISE_BEZIER_KNOTS.);
#1086 = CARTESIAN_POINT('',(0.188227587437,-24.41));
#1087 = CARTESIAN_POINT('',(0.,-24.41));
#1088 = ( GEOMETRIC_REPRESENTATION_CONTEXT(2) 
PARAMETRIC_REPRESENTATION_CONTEXT() REPRESENTATION_CONTEXT('2D SPACE',''
  ) );
#1089 = ORIENTED_EDGE('',*,*,#1090,.F.);
#1090 = EDGE_CURVE('',#1091,#1065,#1093,.T.);
#1091 = VERTEX_POINT('',#1092);
#1092 = CARTESIAN_POINT('',(64.157097989388,-61.79536320849,4.41));
#1093 = SURFACE_CURVE('',#1094,(#1098,#1104),.PCURVE_S1.);
#1094 = LINE('',#1095,#1096);
#1095 = CARTESIAN_POINT('',(69.728673717178,-57.43986339739,4.41));
#1096 = VECTOR('',#1097,1.);
#1097 = DIRECTION('',(0.787838685599,0.615881648918,-0.));
#1098 = PCURVE('',#32,#1099);
#1099 = DEFINITIONAL_REPRESENTATION('',(#1100),#1103);
#1100 = B_SPLINE_CURVE_WITH_KNOTS('',1,(#1101,#1102),.UNSPECIFIED.,.F.,
  .F.,(2,2),(-7.071975303619,-6.883747716182),.PIECEWISE_BEZIER_KNOTS.);
#1101 = CARTESIAN_POINT('',(-20.56209105754,3.643374950498));
#1102 = CARTESIAN_POINT('',(-20.41379808246,3.759300867421));
#1103 = ( GEOMETRIC_REPRESENTATION_CONTEXT(2) 
PARAMETRIC_REPRESENTATION_CONTEXT() REPRESENTATION_CONTEXT('2D SPACE',''
  ) );
#1104 = PCURVE('',#1105,#1110);
#1105 = PLANE('',#1106);
#1106 = AXIS2_PLACEMENT_3D('',#1107,#1108,#1109);
#1107 = CARTESIAN_POINT('',(64.305390964468,-61.67943729157,-20.));
#1108 = DIRECTION('',(0.615881648918,-0.787838685599,0.));
#1109 = DIRECTION('',(-0.787838685599,-0.615881648918,0.));
#1110 = DEFINITIONAL_REPRESENTATION('',(#1111),#1114);
#1111 = B_SPLINE_CURVE_WITH_KNOTS('',1,(#1112,#1113),.UNSPECIFIED.,.F.,
  .F.,(2,2),(-7.071975303619,-6.883747716182),.PIECEWISE_BEZIER_KNOTS.);
#1112 = CARTESIAN_POINT('',(0.188227587437,-24.41));
#1113 = CARTESIAN_POINT('',(0.,-24.41));
#1114 = ( GEOMETRIC_REPRESENTATION_CONTEXT(2) 
PARAMETRIC_REPRESENTATION_CONTEXT() REPRESENTATION_CONTEXT('2D SPACE',''
  ) );
#1115 = ORIENTED_EDGE('',*,*,#1116,.F.);
#1116 = EDGE_CURVE('',#1117,#1091,#1119,.T.);
#1117 = VERTEX_POINT('',#1118);
#1118 = CARTESIAN_POINT('',(64.016712926213,-61.92074924723,4.41));
#1119 = SURFACE_CURVE('',#1120,(#1124,#1130),.PCURVE_S1.);
#1120 = LINE('',#1121,#1122);
#1121 = CARTESIAN_POINT('',(68.970938337456,-57.49584331155,4.41));
#1122 = VECTOR('',#1123,1.);
#1123 = DIRECTION('',(0.745826183536,0.666140603741,-0.));
#1124 = PCURVE('',#32,#1125);
#1125 = DEFINITIONAL_REPRESENTATION('',(#1126),#1129);
#1126 = B_SPLINE_CURVE_WITH_KNOTS('',1,(#1127,#1128),.UNSPECIFIED.,.F.,
  .F.,(2,2),(-6.642600542333,-6.454372954896),.PIECEWISE_BEZIER_KNOTS.);
#1127 = CARTESIAN_POINT('',(-20.70247612072,3.517988911762));
#1128 = CARTESIAN_POINT('',(-20.56209105754,3.643374950498));
#1129 = ( GEOMETRIC_REPRESENTATION_CONTEXT(2) 
PARAMETRIC_REPRESENTATION_CONTEXT() REPRESENTATION_CONTEXT('2D SPACE',''
  ) );
#1130 = PCURVE('',#1131,#1136);
#1131 = PLANE('',#1132);
#1132 = AXIS2_PLACEMENT_3D('',#1133,#1134,#1135);
#1133 = CARTESIAN_POINT('',(64.157097989388,-61.79536320849,-20.));
#1134 = DIRECTION('',(0.666140603741,-0.745826183536,0.));
#1135 = DIRECTION('',(-0.745826183536,-0.666140603741,0.));
#1136 = DEFINITIONAL_REPRESENTATION('',(#1137),#1140);
#1137 = B_SPLINE_CURVE_WITH_KNOTS('',1,(#1138,#1139),.UNSPECIFIED.,.F.,
  .F.,(2,2),(-6.642600542333,-6.454372954896),.PIECEWISE_BEZIER_KNOTS.);
#1138 = CARTESIAN_POINT('',(0.188227587437,-24.41));
#1139 = CARTESIAN_POINT('',(0.,-24.41));
#1140 = ( GEOMETRIC_REPRESENTATION_CONTEXT(2) 
PARAMETRIC_REPRESENTATION_CONTEXT() REPRESENTATION_CONTEXT('2D SPACE',''
  ) );
#1141 = ORIENTED_EDGE('',*,*,#1142,.F.);
#1142 = EDGE_CURVE('',#1143,#1117,#1145,.T.);
#1143 = VERTEX_POINT('',#1144);
#1144 = CARTESIAN_POINT('',(63.884838169057,-62.05505737467,4.41));
#1145 = SURFACE_CURVE('',#1146,(#1150,#1156),.PCURVE_S1.);
#1146 = LINE('',#1147,#1148);
#1147 = CARTESIAN_POINT('',(68.218361470283,-57.64157133404,4.41));
#1148 = VECTOR('',#1149,1.);
#1149 = DIRECTION('',(0.700613331721,0.71354114066,-0.));
#1150 = PCURVE('',#32,#1151);
#1151 = DEFINITIONAL_REPRESENTATION('',(#1152),#1155);
#1152 = B_SPLINE_CURVE_WITH_KNOTS('',1,(#1153,#1154),.UNSPECIFIED.,.F.,
  .F.,(2,2),(-6.185328061884,-5.997100474446),.PIECEWISE_BEZIER_KNOTS.);
#1153 = CARTESIAN_POINT('',(-20.83435087787,3.383680784318));
#1154 = CARTESIAN_POINT('',(-20.70247612072,3.517988911762));
#1155 = ( GEOMETRIC_REPRESENTATION_CONTEXT(2) 
PARAMETRIC_REPRESENTATION_CONTEXT() REPRESENTATION_CONTEXT('2D SPACE',''
  ) );
#1156 = PCURVE('',#1157,#1162);
#1157 = PLANE('',#1158);
#1158 = AXIS2_PLACEMENT_3D('',#1159,#1160,#1161);
#1159 = CARTESIAN_POINT('',(64.016712926213,-61.92074924723,-20.));
#1160 = DIRECTION('',(0.71354114066,-0.700613331721,0.));
#1161 = DIRECTION('',(-0.700613331721,-0.71354114066,0.));
#1162 = DEFINITIONAL_REPRESENTATION('',(#1163),#1166);
#1163 = B_SPLINE_CURVE_WITH_KNOTS('',1,(#1164,#1165),.UNSPECIFIED.,.F.,
  .F.,(2,2),(-6.185328061884,-5.997100474446),.PIECEWISE_BEZIER_KNOTS.);
#1164 = CARTESIAN_POINT('',(0.188227587437,-24.41));
#1165 = CARTESIAN_POINT('',(0.,-24.41));
#1166 = ( GEOMETRIC_REPRESENTATION_CONTEXT(2) 
PARAMETRIC_REPRESENTATION_CONTEXT() REPRESENTATION_CONTEXT('2D SPACE',''
  ) );
#1167 = ORIENTED_EDGE('',*,*,#1168,.F.);
#1168 = EDGE_CURVE('',#1169,#1143,#1171,.T.);
#1169 = VERTEX_POINT('',#1170);
#1170 = CARTESIAN_POINT('',(63.762039594199,-62.19771127292,4.41));
#1171 = SURFACE_CURVE('',#1172,(#1176,#1182),.PCURVE_S1.);
#1172 = LINE('',#1173,#1174);
#1173 = CARTESIAN_POINT('',(67.482069278449,-57.87618932798,4.41));
#1174 = VECTOR('',#1175,1.);
#1175 = DIRECTION('',(0.652394139084,0.757879863362,-0.));
#1176 = PCURVE('',#32,#1177);
#1177 = DEFINITIONAL_REPRESENTATION('',(#1178),#1181);
#1178 = B_SPLINE_CURVE_WITH_KNOTS('',1,(#1179,#1180),.UNSPECIFIED.,.F.,
  .F.,(2,2),(-5.702120024369,-5.513892436932),.PIECEWISE_BEZIER_KNOTS.);
#1179 = CARTESIAN_POINT('',(-20.95714945273,3.24102688607));
#1180 = CARTESIAN_POINT('',(-20.83435087787,3.383680784318));
#1181 = ( GEOMETRIC_REPRESENTATION_CONTEXT(2) 
PARAMETRIC_REPRESENTATION_CONTEXT() REPRESENTATION_CONTEXT('2D SPACE',''
  ) );
#1182 = PCURVE('',#1183,#1188);
#1183 = PLANE('',#1184);
#1184 = AXIS2_PLACEMENT_3D('',#1185,#1186,#1187);
#1185 = CARTESIAN_POINT('',(63.884838169057,-62.05505737467,-20.));
#1186 = DIRECTION('',(0.757879863362,-0.652394139084,0.));
#1187 = DIRECTION('',(-0.652394139084,-0.757879863362,0.));
#1188 = DEFINITIONAL_REPRESENTATION('',(#1189),#1192);
#1189 = B_SPLINE_CURVE_WITH_KNOTS('',1,(#1190,#1191),.UNSPECIFIED.,.F.,
  .F.,(2,2),(-5.702120024369,-5.513892436932),.PIECEWISE_BEZIER_KNOTS.);
#1190 = CARTESIAN_POINT('',(0.188227587437,-24.41));
#1191 = CARTESIAN_POINT('',(0.,-24.41));
#1192 = ( GEOMETRIC_REPRESENTATION_CONTEXT(2) 
PARAMETRIC_REPRESENTATION_CONTEXT() REPRESENTATION_CONTEXT('2D SPACE',''
  ) );
#1193 = ORIENTED_EDGE('',*,*,#1194,.F.);
#1194 = EDGE_CURVE('',#1195,#1169,#1197,.T.);
#1195 = VERTEX_POINT('',#1196);
#1196 = CARTESIAN_POINT('',(63.648844131904,-62.34809881226,4.41));
#1197 = SURFACE_CURVE('',#1198,(#1202,#1208),.PCURVE_S1.);
#1198 = LINE('',#1199,#1200);
#1199 = CARTESIAN_POINT('',(66.773019928918,-58.19742791918,4.41));
#1200 = VECTOR('',#1201,1.);
#1201 = DIRECTION('',(0.601375514799,0.798966513816,-0.));
#1202 = PCURVE('',#32,#1203);
#1203 = DEFINITIONAL_REPRESENTATION('',(#1204),#1207);
#1204 = B_SPLINE_CURVE_WITH_KNOTS('',1,(#1205,#1206),.UNSPECIFIED.,.F.,
  .F.,(2,2),(-5.195049881696,-5.006822294259),.PIECEWISE_BEZIER_KNOTS.);
#1205 = CARTESIAN_POINT('',(-21.07034491502,3.090639346732));
#1206 = CARTESIAN_POINT('',(-20.95714945273,3.24102688607));
#1207 = ( GEOMETRIC_REPRESENTATION_CONTEXT(2) 
PARAMETRIC_REPRESENTATION_CONTEXT() REPRESENTATION_CONTEXT('2D SPACE',''
  ) );
#1208 = PCURVE('',#1209,#1214);
#1209 = PLANE('',#1210);
#1210 = AXIS2_PLACEMENT_3D('',#1211,#1212,#1213);
#1211 = CARTESIAN_POINT('',(63.762039594199,-62.19771127292,-20.));
#1212 = DIRECTION('',(0.798966513816,-0.601375514799,0.));
#1213 = DIRECTION('',(-0.601375514799,-0.798966513816,0.));
#1214 = DEFINITIONAL_REPRESENTATION('',(#1215),#1218);
#1215 = B_SPLINE_CURVE_WITH_KNOTS('',1,(#1216,#1217),.UNSPECIFIED.,.F.,
  .F.,(2,2),(-5.195049881696,-5.006822294259),.PIECEWISE_BEZIER_KNOTS.);
#1216 = CARTESIAN_POINT('',(0.188227587437,-24.41));
#1217 = CARTESIAN_POINT('',(0.,-24.41));
#1218 = ( GEOMETRIC_REPRESENTATION_CONTEXT(2) 
PARAMETRIC_REPRESENTATION_CONTEXT() REPRESENTATION_CONTEXT('2D SPACE',''
  ) );
#1219 = ORIENTED_EDGE('',*,*,#1220,.F.);
#1220 = EDGE_CURVE('',#1221,#1195,#1223,.T.);
#1221 = VERTEX_POINT('',#1222);
#1222 = CARTESIAN_POINT('',(63.545737505358,-62.50557467782,4.41));
#1223 = SURFACE_CURVE('',#1224,(#1228,#1234),.PCURVE_S1.);
#1224 = LINE('',#1225,#1226);
#1225 = CARTESIAN_POINT('',(66.101822857021,-58.60163788257,4.41));
#1226 = VECTOR('',#1227,1.);
#1227 = DIRECTION('',(0.547776380442,0.836624788678,-0.));
#1228 = PCURVE('',#32,#1229);
#1229 = DEFINITIONAL_REPRESENTATION('',(#1230),#1233);
#1230 = B_SPLINE_CURVE_WITH_KNOTS('',1,(#1231,#1232),.UNSPECIFIED.,.F.,
  .F.,(2,2),(-4.666293478374,-4.478065890937),.PIECEWISE_BEZIER_KNOTS.);
#1231 = CARTESIAN_POINT('',(-21.17345154157,2.933163481169));
#1232 = CARTESIAN_POINT('',(-21.07034491502,3.090639346732));
#1233 = ( GEOMETRIC_REPRESENTATION_CONTEXT(2) 
PARAMETRIC_REPRESENTATION_CONTEXT() REPRESENTATION_CONTEXT('2D SPACE',''
  ) );
#1234 = PCURVE('',#1235,#1240);
#1235 = PLANE('',#1236);
#1236 = AXIS2_PLACEMENT_3D('',#1237,#1238,#1239);
#1237 = CARTESIAN_POINT('',(63.648844131904,-62.34809881226,-20.));
#1238 = DIRECTION('',(0.836624788678,-0.547776380442,0.));
#1239 = DIRECTION('',(-0.547776380442,-0.836624788678,0.));
#1240 = DEFINITIONAL_REPRESENTATION('',(#1241),#1244);
#1241 = B_SPLINE_CURVE_WITH_KNOTS('',1,(#1242,#1243),.UNSPECIFIED.,.F.,
  .F.,(2,2),(-4.666293478374,-4.478065890937),.PIECEWISE_BEZIER_KNOTS.);
#1242 = CARTESIAN_POINT('',(0.188227587437,-24.41));
#1243 = CARTESIAN_POINT('',(0.,-24.41));
#1244 = ( GEOMETRIC_REPRESENTATION_CONTEXT(2) 
PARAMETRIC_REPRESENTATION_CONTEXT() REPRESENTATION_CONTEXT('2D SPACE',''
  ) );
#1245 = ORIENTED_EDGE('',*,*,#1246,.F.);
#1246 = EDGE_CURVE('',#1247,#1221,#1249,.T.);
#1247 = VERTEX_POINT('',#1248);
#1248 = CARTESIAN_POINT('',(63.453162146423,-62.66946313864,4.41));
#1249 = SURFACE_CURVE('',#1250,(#1254,#1260),.PCURVE_S1.);
#1250 = LINE('',#1251,#1252);
#1251 = CARTESIAN_POINT('',(65.47856350198,-59.08384473515,4.41));
#1252 = VECTOR('',#1253,1.);
#1253 = DIRECTION('',(0.491826730586,0.870693095804,-0.));
#1254 = PCURVE('',#32,#1255);
#1255 = DEFINITIONAL_REPRESENTATION('',(#1256),#1259);
#1256 = B_SPLINE_CURVE_WITH_KNOTS('',1,(#1257,#1258),.UNSPECIFIED.,.F.,
  .F.,(2,2),(-4.118119714934,-3.929892127496),.PIECEWISE_BEZIER_KNOTS.);
#1257 = CARTESIAN_POINT('',(-21.26602690051,2.769275020347));
#1258 = CARTESIAN_POINT('',(-21.17345154157,2.933163481169));
#1259 = ( GEOMETRIC_REPRESENTATION_CONTEXT(2) 
PARAMETRIC_REPRESENTATION_CONTEXT() REPRESENTATION_CONTEXT('2D SPACE',''
  ) );
#1260 = PCURVE('',#1261,#1266);
#1261 = PLANE('',#1262);
#1262 = AXIS2_PLACEMENT_3D('',#1263,#1264,#1265);
#1263 = CARTESIAN_POINT('',(63.545737505358,-62.50557467782,-20.));
#1264 = DIRECTION('',(0.870693095804,-0.491826730586,0.));
#1265 = DIRECTION('',(-0.491826730586,-0.870693095804,0.));
#1266 = DEFINITIONAL_REPRESENTATION('',(#1267),#1270);
#1267 = B_SPLINE_CURVE_WITH_KNOTS('',1,(#1268,#1269),.UNSPECIFIED.,.F.,
  .F.,(2,2),(-4.118119714934,-3.929892127496),.PIECEWISE_BEZIER_KNOTS.);
#1268 = CARTESIAN_POINT('',(0.188227587437,-24.41));
#1269 = CARTESIAN_POINT('',(0.,-24.41));
#1270 = ( GEOMETRIC_REPRESENTATION_CONTEXT(2) 
PARAMETRIC_REPRESENTATION_CONTEXT() REPRESENTATION_CONTEXT('2D SPACE',''
  ) );
#1271 = ORIENTED_EDGE('',*,*,#1272,.F.);
#1272 = EDGE_CURVE('',#1273,#1247,#1275,.T.);
#1273 = VERTEX_POINT('',#1274);
#1274 = CARTESIAN_POINT('',(63.371515297155,-62.83906094723,4.41));
#1275 = SURFACE_CURVE('',#1276,(#1280,#1286),.PCURVE_S1.);
#1276 = LINE('',#1277,#1278);
#1277 = CARTESIAN_POINT('',(64.912636490278,-59.63782563368,4.41));
#1278 = VECTOR('',#1279,1.);
#1279 = DIRECTION('',(0.4337666459,0.901025247651,-0.));
#1280 = PCURVE('',#32,#1281);
#1281 = DEFINITIONAL_REPRESENTATION('',(#1282),#1285);
#1282 = B_SPLINE_CURVE_WITH_KNOTS('',1,(#1283,#1284),.UNSPECIFIED.,.F.,
  .F.,(2,2),(-3.552880812049,-3.364653224611),.PIECEWISE_BEZIER_KNOTS.);
#1283 = CARTESIAN_POINT('',(-21.34767374977,2.599677211761));
#1284 = CARTESIAN_POINT('',(-21.26602690051,2.769275020347));
#1285 = ( GEOMETRIC_REPRESENTATION_CONTEXT(2) 
PARAMETRIC_REPRESENTATION_CONTEXT() REPRESENTATION_CONTEXT('2D SPACE',''
  ) );
#1286 = PCURVE('',#1287,#1292);
#1287 = PLANE('',#1288);
#1288 = AXIS2_PLACEMENT_3D('',#1289,#1290,#1291);
#1289 = CARTESIAN_POINT('',(63.453162146423,-62.66946313864,-20.));
#1290 = DIRECTION('',(0.901025247651,-0.4337666459,0.));
#1291 = DIRECTION('',(-0.4337666459,-0.901025247651,0.));
#1292 = DEFINITIONAL_REPRESENTATION('',(#1293),#1296);
#1293 = B_SPLINE_CURVE_WITH_KNOTS('',1,(#1294,#1295),.UNSPECIFIED.,.F.,
  .F.,(2,2),(-3.552880812049,-3.364653224611),.PIECEWISE_BEZIER_KNOTS.);
#1294 = CARTESIAN_POINT('',(0.188227587437,-24.41));
#1295 = CARTESIAN_POINT('',(0.,-24.41));
#1296 = ( GEOMETRIC_REPRESENTATION_CONTEXT(2) 
PARAMETRIC_REPRESENTATION_CONTEXT() REPRESENTATION_CONTEXT('2D SPACE',''
  ) );
#1297 = ORIENTED_EDGE('',*,*,#1298,.F.);
#1298 = EDGE_CURVE('',#1299,#1273,#1301,.T.);
#1299 = VERTEX_POINT('',#1300);
#1300 = CARTESIAN_POINT('',(63.301147305234,-63.0136403572,4.41));
#1301 = SURFACE_CURVE('',#1302,(#1306,#1312),.PCURVE_S1.);
#1302 = LINE('',#1303,#1304);
#1303 = CARTESIAN_POINT('',(64.412590100856,-60.25620729453,4.41));
#1304 = VECTOR('',#1305,1.);
#1305 = DIRECTION('',(0.373845262953,0.927491088565,-0.));
#1306 = PCURVE('',#32,#1307);
#1307 = DEFINITIONAL_REPRESENTATION('',(#1308),#1311);
#1308 = B_SPLINE_CURVE_WITH_KNOTS('',1,(#1309,#1310),.UNSPECIFIED.,.F.,
  .F.,(2,2),(-2.973002217125,-2.784774629688),.PIECEWISE_BEZIER_KNOTS.);
#1309 = CARTESIAN_POINT('',(-21.41804174169,2.425097801791));
#1310 = CARTESIAN_POINT('',(-21.34767374977,2.599677211761));
#1311 = ( GEOMETRIC_REPRESENTATION_CONTEXT(2) 
PARAMETRIC_REPRESENTATION_CONTEXT() REPRESENTATION_CONTEXT('2D SPACE',''
  ) );
#1312 = PCURVE('',#1313,#1318);
#1313 = PLANE('',#1314);
#1314 = AXIS2_PLACEMENT_3D('',#1315,#1316,#1317);
#1315 = CARTESIAN_POINT('',(63.371515297155,-62.83906094723,-20.));
#1316 = DIRECTION('',(0.927491088565,-0.373845262953,0.));
#1317 = DIRECTION('',(-0.373845262953,-0.927491088565,0.));
#1318 = DEFINITIONAL_REPRESENTATION('',(#1319),#1322);
#1319 = B_SPLINE_CURVE_WITH_KNOTS('',1,(#1320,#1321),.UNSPECIFIED.,.F.,
  .F.,(2,2),(-2.973002217125,-2.784774629688),.PIECEWISE_BEZIER_KNOTS.);
#1320 = CARTESIAN_POINT('',(0.188227587437,-24.41));
#1321 = CARTESIAN_POINT('',(0.,-24.41));
#1322 = ( GEOMETRIC_REPRESENTATION_CONTEXT(2) 
PARAMETRIC_REPRESENTATION_CONTEXT() REPRESENTATION_CONTEXT('2D SPACE',''
  ) );
#1323 = ORIENTED_EDGE('',*,*,#1324,.F.);
#1324 = EDGE_CURVE('',#1325,#1299,#1327,.T.);
#1325 = VERTEX_POINT('',#1326);
#1326 = CARTESIAN_POINT('',(63.24236012062,-63.19245224606,4.41));
#1327 = SURFACE_CURVE('',#1328,(#1332,#1338),.PCURVE_S1.);
#1328 = LINE('',#1329,#1330);
#1329 = CARTESIAN_POINT('',(63.985984655111,-60.93058329471,4.41));
#1330 = VECTOR('',#1331,1.);
#1331 = DIRECTION('',(0.312319705173,0.949977053281,-0.));
#1332 = PCURVE('',#32,#1333);
#1333 = DEFINITIONAL_REPRESENTATION('',(#1334),#1337);
#1334 = B_SPLINE_CURVE_WITH_KNOTS('',1,(#1335,#1336),.UNSPECIFIED.,.F.,
  .F.,(2,2),(-2.380972196677,-2.19274460924),.PIECEWISE_BEZIER_KNOTS.);
#1335 = CARTESIAN_POINT('',(-21.47682892631,2.246285912931));
#1336 = CARTESIAN_POINT('',(-21.41804174169,2.425097801791));
#1337 = ( GEOMETRIC_REPRESENTATION_CONTEXT(2) 
PARAMETRIC_REPRESENTATION_CONTEXT() REPRESENTATION_CONTEXT('2D SPACE',''
  ) );
#1338 = PCURVE('',#1339,#1344);
#1339 = PLANE('',#1340);
#1340 = AXIS2_PLACEMENT_3D('',#1341,#1342,#1343);
#1341 = CARTESIAN_POINT('',(63.301147305234,-63.0136403572,-20.));
#1342 = DIRECTION('',(0.949977053281,-0.312319705173,0.));
#1343 = DIRECTION('',(-0.312319705173,-0.949977053281,0.));
#1344 = DEFINITIONAL_REPRESENTATION('',(#1345),#1348);
#1345 = B_SPLINE_CURVE_WITH_KNOTS('',1,(#1346,#1347),.UNSPECIFIED.,.F.,
  .F.,(2,2),(-2.380972196677,-2.19274460924),.PIECEWISE_BEZIER_KNOTS.);
#1346 = CARTESIAN_POINT('',(0.188227587437,-24.41));
#1347 = CARTESIAN_POINT('',(0.,-24.41));
#1348 = ( GEOMETRIC_REPRESENTATION_CONTEXT(2) 
PARAMETRIC_REPRESENTATION_CONTEXT() REPRESENTATION_CONTEXT('2D SPACE',''
  ) );
#1349 = ORIENTED_EDGE('',*,*,#1350,.F.);
#1350 = EDGE_CURVE('',#1351,#1325,#1353,.T.);
#1351 = VERTEX_POINT('',#1352);
#1352 = CARTESIAN_POINT('',(63.195405999879,-63.37472932969,4.41));
#1353 = SURFACE_CURVE('',#1354,(#1358,#1364),.PCURVE_S1.);
#1354 = LINE('',#1355,#1356);
#1355 = CARTESIAN_POINT('',(63.639267238407,-61.65164878171,4.41));
#1356 = VECTOR('',#1357,1.);
#1357 = DIRECTION('',(0.249453979518,0.968386654236,-0.));
#1358 = PCURVE('',#32,#1359);
#1359 = DEFINITIONAL_REPRESENTATION('',(#1360),#1363);
#1360 = B_SPLINE_CURVE_WITH_KNOTS('',1,(#1361,#1362),.UNSPECIFIED.,.F.,
  .F.,(2,2),(-1.779331159142,-1.591103571705),.PIECEWISE_BEZIER_KNOTS.);
#1361 = CARTESIAN_POINT('',(-21.52378304705,2.064008829298));
#1362 = CARTESIAN_POINT('',(-21.47682892631,2.246285912931));
#1363 = ( GEOMETRIC_REPRESENTATION_CONTEXT(2) 
PARAMETRIC_REPRESENTATION_CONTEXT() REPRESENTATION_CONTEXT('2D SPACE',''
  ) );
#1364 = PCURVE('',#1365,#1370);
#1365 = PLANE('',#1366);
#1366 = AXIS2_PLACEMENT_3D('',#1367,#1368,#1369);
#1367 = CARTESIAN_POINT('',(63.24236012062,-63.19245224606,-20.));
#1368 = DIRECTION('',(0.968386654236,-0.249453979518,0.));
#1369 = DIRECTION('',(-0.249453979518,-0.968386654236,0.));
#1370 = DEFINITIONAL_REPRESENTATION('',(#1371),#1374);
#1371 = B_SPLINE_CURVE_WITH_KNOTS('',1,(#1372,#1373),.UNSPECIFIED.,.F.,
  .F.,(2,2),(-1.779331159142,-1.591103571705),.PIECEWISE_BEZIER_KNOTS.);
#1372 = CARTESIAN_POINT('',(0.188227587437,-24.41));
#1373 = CARTESIAN_POINT('',(0.,-24.41));
#1374 = ( GEOMETRIC_REPRESENTATION_CONTEXT(2) 
PARAMETRIC_REPRESENTATION_CONTEXT() REPRESENTATION_CONTEXT('2D SPACE',''
  ) );
#1375 = ORIENTED_EDGE('',*,*,#1376,.F.);
#1376 = EDGE_CURVE('',#1377,#1351,#1379,.T.);
#1377 = VERTEX_POINT('',#1378);
#1378 = CARTESIAN_POINT('',(63.160486423747,-63.55968945479,4.41));
#1379 = SURFACE_CURVE('',#1380,(#1384,#1390),.PCURVE_S1.);
#1380 = LINE('',#1381,#1382);
#1381 = CARTESIAN_POINT('',(63.377664882438,-62.40935032308,4.41));
#1382 = VECTOR('',#1383,1.);
#1383 = DIRECTION('',(0.185517843626,0.982640895595,-0.));
#1384 = PCURVE('',#32,#1385);
#1385 = DEFINITIONAL_REPRESENTATION('',(#1386),#1389);
#1386 = B_SPLINE_CURVE_WITH_KNOTS('',1,(#1387,#1388),.UNSPECIFIED.,.F.,
  .F.,(2,2),(-1.170660753954,-0.982433166517),.PIECEWISE_BEZIER_KNOTS.);
#1387 = CARTESIAN_POINT('',(-21.55870262318,1.879048704203));
#1388 = CARTESIAN_POINT('',(-21.52378304705,2.064008829298));
#1389 = ( GEOMETRIC_REPRESENTATION_CONTEXT(2) 
PARAMETRIC_REPRESENTATION_CONTEXT() REPRESENTATION_CONTEXT('2D SPACE',''
  ) );
#1390 = PCURVE('',#1391,#1396);
#1391 = PLANE('',#1392);
#1392 = AXIS2_PLACEMENT_3D('',#1393,#1394,#1395);
#1393 = CARTESIAN_POINT('',(63.195405999879,-63.37472932969,-20.));
#1394 = DIRECTION('',(0.982640895595,-0.185517843626,0.));
#1395 = DIRECTION('',(-0.185517843626,-0.982640895595,0.));
#1396 = DEFINITIONAL_REPRESENTATION('',(#1397),#1400);
#1397 = B_SPLINE_CURVE_WITH_KNOTS('',1,(#1398,#1399),.UNSPECIFIED.,.F.,
  .F.,(2,2),(-1.170660753954,-0.982433166517),.PIECEWISE_BEZIER_KNOTS.);
#1398 = CARTESIAN_POINT('',(0.188227587437,-24.41));
#1399 = CARTESIAN_POINT('',(0.,-24.41));
#1400 = ( GEOMETRIC_REPRESENTATION_CONTEXT(2) 
PARAMETRIC_REPRESENTATION_CONTEXT() REPRESENTATION_CONTEXT('2D SPACE',''
  ) );
#1401 = ORIENTED_EDGE('',*,*,#1402,.F.);
#1402 = EDGE_CURVE('',#1403,#1377,#1405,.T.);
#1403 = VERTEX_POINT('',#1404);
#1404 = CARTESIAN_POINT('',(63.137751232574,-63.74653895507,4.41));
#1405 = SURFACE_CURVE('',#1406,(#1410,#1416),.PCURVE_S1.);
#1406 = LINE('',#1407,#1408);
#1407 = CARTESIAN_POINT('',(63.205098023919,-63.19304836805,4.41));
#1408 = VECTOR('',#1409,1.);
#1409 = DIRECTION('',(0.12078564828,0.992678612225,-0.));
#1410 = PCURVE('',#32,#1411);
#1411 = DEFINITIONAL_REPRESENTATION('',(#1412),#1415);
#1412 = B_SPLINE_CURVE_WITH_KNOTS('',1,(#1413,#1414),.UNSPECIFIED.,.F.,
  .F.,(2,2),(-0.557572793655,-0.369345206217),.PIECEWISE_BEZIER_KNOTS.);
#1413 = CARTESIAN_POINT('',(-21.58143781436,1.692199203923));
#1414 = CARTESIAN_POINT('',(-21.55870262318,1.879048704203));
#1415 = ( GEOMETRIC_REPRESENTATION_CONTEXT(2) 
PARAMETRIC_REPRESENTATION_CONTEXT() REPRESENTATION_CONTEXT('2D SPACE',''
  ) );
#1416 = PCURVE('',#1417,#1422);
#1417 = PLANE('',#1418);
#1418 = AXIS2_PLACEMENT_3D('',#1419,#1420,#1421);
#1419 = CARTESIAN_POINT('',(63.160486423747,-63.55968945479,-20.));
#1420 = DIRECTION('',(0.992678612225,-0.12078564828,0.));
#1421 = DIRECTION('',(-0.12078564828,-0.992678612225,0.));
#1422 = DEFINITIONAL_REPRESENTATION('',(#1423),#1426);
#1423 = B_SPLINE_CURVE_WITH_KNOTS('',1,(#1424,#1425),.UNSPECIFIED.,.F.,
  .F.,(2,2),(-0.557572793655,-0.369345206217),.PIECEWISE_BEZIER_KNOTS.);
#1424 = CARTESIAN_POINT('',(0.188227587437,-24.41));
#1425 = CARTESIAN_POINT('',(0.,-24.41));
#1426 = ( GEOMETRIC_REPRESENTATION_CONTEXT(2) 
PARAMETRIC_REPRESENTATION_CONTEXT() REPRESENTATION_CONTEXT('2D SPACE',''
  ) );
#1427 = ORIENTED_EDGE('',*,*,#1428,.F.);
#1428 = EDGE_CURVE('',#1429,#1403,#1431,.T.);
#1429 = VERTEX_POINT('',#1430);
#1430 = CARTESIAN_POINT('',(63.127297983358,-63.93447605692,4.41));
#1431 = SURFACE_CURVE('',#1432,(#1436,#1442),.PCURVE_S1.);
#1432 = LINE('',#1433,#1434);
#1433 = CARTESIAN_POINT('',(63.124115710197,-63.99168957808,4.41));
#1434 = VECTOR('',#1435,1.);
#1435 = DIRECTION('',(5.553516016329E-02,0.998456732155,-0.));
#1436 = PCURVE('',#32,#1437);
#1437 = DEFINITIONAL_REPRESENTATION('',(#1438),#1441);
#1438 = B_SPLINE_CURVE_WITH_KNOTS('',1,(#1439,#1440),.UNSPECIFIED.,.F.,
  .F.,(2,2),(5.730195342762E-02,0.245529540865),
  .PIECEWISE_BEZIER_KNOTS.);
#1439 = CARTESIAN_POINT('',(-21.59189106357,1.504262102069));
#1440 = CARTESIAN_POINT('',(-21.58143781436,1.692199203923));
#1441 = ( GEOMETRIC_REPRESENTATION_CONTEXT(2) 
PARAMETRIC_REPRESENTATION_CONTEXT() REPRESENTATION_CONTEXT('2D SPACE',''
  ) );
#1442 = PCURVE('',#1443,#1448);
#1443 = PLANE('',#1444);
#1444 = AXIS2_PLACEMENT_3D('',#1445,#1446,#1447);
#1445 = CARTESIAN_POINT('',(63.137751232574,-63.74653895507,-20.));
#1446 = DIRECTION('',(0.998456732155,-5.553516016329E-02,0.));
#1447 = DIRECTION('',(-5.553516016329E-02,-0.998456732155,0.));
#1448 = DEFINITIONAL_REPRESENTATION('',(#1449),#1452);
#1449 = B_SPLINE_CURVE_WITH_KNOTS('',1,(#1450,#1451),.UNSPECIFIED.,.F.,
  .F.,(2,2),(5.730195342762E-02,0.245529540865),
  .PIECEWISE_BEZIER_KNOTS.);
#1450 = CARTESIAN_POINT('',(0.188227587437,-24.41));
#1451 = CARTESIAN_POINT('',(0.,-24.41));
#1452 = ( GEOMETRIC_REPRESENTATION_CONTEXT(2) 
PARAMETRIC_REPRESENTATION_CONTEXT() REPRESENTATION_CONTEXT('2D SPACE',''
  ) );
#1453 = ORIENTED_EDGE('',*,*,#1454,.F.);
#1454 = EDGE_CURVE('',#1455,#1429,#1457,.T.);
#1455 = VERTEX_POINT('',#1456);
#1456 = CARTESIAN_POINT('',(63.129171531127,-64.12269431983,4.41));
#1457 = SURFACE_CURVE('',#1458,(#1462,#1468),.PCURVE_S1.);
#1458 = LINE('',#1459,#1460);
#1459 = CARTESIAN_POINT('',(63.13585365233,-64.79398611516,4.41));
#1460 = VECTOR('',#1461,1.);
#1461 = DIRECTION('',(-9.95363004084E-03,0.999950461397,0.));
#1462 = PCURVE('',#32,#1463);
#1463 = DEFINITIONAL_REPRESENTATION('',(#1464),#1467);
#1464 = B_SPLINE_CURVE_WITH_KNOTS('',1,(#1465,#1466),.UNSPECIFIED.,.F.,
  .F.,(2,2),(0.67132505184,0.859552639278),.PIECEWISE_BEZIER_KNOTS.);
#1465 = CARTESIAN_POINT('',(-21.5900175158,1.316043839163));
#1466 = CARTESIAN_POINT('',(-21.59189106357,1.504262102069));
#1467 = ( GEOMETRIC_REPRESENTATION_CONTEXT(2) 
PARAMETRIC_REPRESENTATION_CONTEXT() REPRESENTATION_CONTEXT('2D SPACE',''
  ) );
#1468 = PCURVE('',#1469,#1474);
#1469 = PLANE('',#1470);
#1470 = AXIS2_PLACEMENT_3D('',#1471,#1472,#1473);
#1471 = CARTESIAN_POINT('',(63.127297983358,-63.93447605692,-20.));
#1472 = DIRECTION('',(0.999950461397,9.95363004084E-03,-0.));
#1473 = DIRECTION('',(9.95363004084E-03,-0.999950461397,0.));
#1474 = DEFINITIONAL_REPRESENTATION('',(#1475),#1478);
#1475 = B_SPLINE_CURVE_WITH_KNOTS('',1,(#1476,#1477),.UNSPECIFIED.,.F.,
  .F.,(2,2),(0.67132505184,0.859552639278),.PIECEWISE_BEZIER_KNOTS.);
#1476 = CARTESIAN_POINT('',(0.188227587437,-24.41));
#1477 = CARTESIAN_POINT('',(0.,-24.41));
#1478 = ( GEOMETRIC_REPRESENTATION_CONTEXT(2) 
PARAMETRIC_REPRESENTATION_CONTEXT() REPRESENTATION_CONTEXT('2D SPACE',''
  ) );
#1479 = ORIENTED_EDGE('',*,*,#1480,.F.);
#1480 = EDGE_CURVE('',#1481,#1455,#1483,.T.);
#1481 = VERTEX_POINT('',#1482);
#1482 = CARTESIAN_POINT('',(63.143363836463,-64.31038609679,4.41));
#1483 = SURFACE_CURVE('',#1484,(#1488,#1494),.PCURVE_S1.);
#1484 = LINE('',#1485,#1486);
#1485 = CARTESIAN_POINT('',(63.240015837287,-65.5885988574,4.41));
#1486 = VECTOR('',#1487,1.);
#1487 = DIRECTION('',(-7.539970909033E-02,0.997153390341,0.));
#1488 = PCURVE('',#32,#1489);
#1489 = DEFINITIONAL_REPRESENTATION('',(#1490),#1493);
#1490 = B_SPLINE_CURVE_WITH_KNOTS('',1,(#1491,#1492),.UNSPECIFIED.,.F.,
  .F.,(2,2),(1.281861720566,1.470089308003),.PIECEWISE_BEZIER_KNOTS.);
#1491 = CARTESIAN_POINT('',(-21.57582521047,1.128352062194));
#1492 = CARTESIAN_POINT('',(-21.5900175158,1.316043839163));
#1493 = ( GEOMETRIC_REPRESENTATION_CONTEXT(2) 
PARAMETRIC_REPRESENTATION_CONTEXT() REPRESENTATION_CONTEXT('2D SPACE',''
  ) );
#1494 = PCURVE('',#1495,#1500);
#1495 = PLANE('',#1496);
#1496 = AXIS2_PLACEMENT_3D('',#1497,#1498,#1499);
#1497 = CARTESIAN_POINT('',(63.129171531127,-64.12269431983,-20.));
#1498 = DIRECTION('',(0.997153390341,7.539970909033E-02,-0.));
#1499 = DIRECTION('',(7.539970909033E-02,-0.997153390341,0.));
#1500 = DEFINITIONAL_REPRESENTATION('',(#1501),#1504);
#1501 = B_SPLINE_CURVE_WITH_KNOTS('',1,(#1502,#1503),.UNSPECIFIED.,.F.,
  .F.,(2,2),(1.281861720566,1.470089308003),.PIECEWISE_BEZIER_KNOTS.);
#1502 = CARTESIAN_POINT('',(0.188227587437,-24.41));
#1503 = CARTESIAN_POINT('',(0.,-24.41));
#1504 = ( GEOMETRIC_REPRESENTATION_CONTEXT(2) 
PARAMETRIC_REPRESENTATION_CONTEXT() REPRESENTATION_CONTEXT('2D SPACE',''
  ) );
#1505 = ORIENTED_EDGE('',*,*,#1506,.F.);
#1506 = EDGE_CURVE('',#1507,#1481,#1509,.T.);
#1507 = VERTEX_POINT('',#1508);
#1508 = CARTESIAN_POINT('',(63.169814,-64.496746,4.41));
#1509 = SURFACE_CURVE('',#1510,(#1514,#1520),.PCURVE_S1.);
#1510 = LINE('',#1511,#1512);
#1511 = CARTESIAN_POINT('',(63.43488000989,-66.36432144524,4.41));
#1512 = VECTOR('',#1513,1.);
#1513 = DIRECTION('',(-0.140522247018,0.990077521254,0.));
#1514 = PCURVE('',#32,#1515);
#1515 = DEFINITIONAL_REPRESENTATION('',(#1516),#1519);
#1516 = B_SPLINE_CURVE_WITH_KNOTS('',1,(#1517,#1518),.UNSPECIFIED.,.F.,
  .F.,(2,2),(1.886292138902,2.074519726339),.PIECEWISE_BEZIER_KNOTS.);
#1517 = CARTESIAN_POINT('',(-21.54937504693,0.941992158993));
#1518 = CARTESIAN_POINT('',(-21.57582521047,1.128352062194));
#1519 = ( GEOMETRIC_REPRESENTATION_CONTEXT(2) 
PARAMETRIC_REPRESENTATION_CONTEXT() REPRESENTATION_CONTEXT('2D SPACE',''
  ) );
#1520 = PCURVE('',#1521,#1526);
#1521 = PLANE('',#1522);
#1522 = AXIS2_PLACEMENT_3D('',#1523,#1524,#1525);
#1523 = CARTESIAN_POINT('',(63.143363836463,-64.31038609679,-20.));
#1524 = DIRECTION('',(0.990077521254,0.140522247018,-0.));
#1525 = DIRECTION('',(0.140522247018,-0.990077521254,0.));
#1526 = DEFINITIONAL_REPRESENTATION('',(#1527),#1530);
#1527 = B_SPLINE_CURVE_WITH_KNOTS('',1,(#1528,#1529),.UNSPECIFIED.,.F.,
  .F.,(2,2),(1.886292138902,2.074519726339),.PIECEWISE_BEZIER_KNOTS.);
#1528 = CARTESIAN_POINT('',(0.188227587437,-24.41));
#1529 = CARTESIAN_POINT('',(0.,-24.41));
#1530 = ( GEOMETRIC_REPRESENTATION_CONTEXT(2) 
PARAMETRIC_REPRESENTATION_CONTEXT() REPRESENTATION_CONTEXT('2D SPACE',''
  ) );
#1531 = ORIENTED_EDGE('',*,*,#1532,.F.);
#1532 = EDGE_CURVE('',#1533,#1507,#1535,.T.);
#1533 = VERTEX_POINT('',#1534);
#1534 = CARTESIAN_POINT('',(63.17,-64.497,4.41));
#1535 = SURFACE_CURVE('',#1536,(#1540,#1546),.PCURVE_S1.);
#1536 = LINE('',#1537,#1538);
#1537 = CARTESIAN_POINT('',(67.155333698355,-69.93933741601,4.41));
#1538 = VECTOR('',#1539,1.);
#1539 = DIRECTION('',(-0.590812702716,0.806808744567,0.));
#1540 = PCURVE('',#32,#1541);
#1541 = DEFINITIONAL_REPRESENTATION('',(#1542),#1545);
#1542 = B_SPLINE_CURVE_WITH_KNOTS('',1,(#1543,#1544),.UNSPECIFIED.,.F.,
  .F.,(2,2),(6.745511191673,6.745826012257),.PIECEWISE_BEZIER_KNOTS.);
#1543 = CARTESIAN_POINT('',(-21.54918904693,0.941738158993));
#1544 = CARTESIAN_POINT('',(-21.54937504693,0.941992158993));
#1545 = ( GEOMETRIC_REPRESENTATION_CONTEXT(2) 
PARAMETRIC_REPRESENTATION_CONTEXT() REPRESENTATION_CONTEXT('2D SPACE',''
  ) );
#1546 = PCURVE('',#1547,#1552);
#1547 = PLANE('',#1548);
#1548 = AXIS2_PLACEMENT_3D('',#1549,#1550,#1551);
#1549 = CARTESIAN_POINT('',(63.169814,-64.496746,-20.));
#1550 = DIRECTION('',(0.806808744567,0.590812702716,-0.));
#1551 = DIRECTION('',(0.590812702716,-0.806808744567,0.));
#1552 = DEFINITIONAL_REPRESENTATION('',(#1553),#1556);
#1553 = B_SPLINE_CURVE_WITH_KNOTS('',1,(#1554,#1555),.UNSPECIFIED.,.F.,
  .F.,(2,2),(6.745511191673,6.745826012257),.PIECEWISE_BEZIER_KNOTS.);
#1554 = CARTESIAN_POINT('',(3.148205838235E-04,-24.41));
#1555 = CARTESIAN_POINT('',(0.,-24.41));
#1556 = ( GEOMETRIC_REPRESENTATION_CONTEXT(2) 
PARAMETRIC_REPRESENTATION_CONTEXT() REPRESENTATION_CONTEXT('2D SPACE',''
  ) );
#1557 = ORIENTED_EDGE('',*,*,#1558,.F.);
#1558 = EDGE_CURVE('',#24,#1533,#1559,.T.);
#1559 = SURFACE_CURVE('',#1560,(#1564,#1570),.PCURVE_S1.);
#1560 = LINE('',#1561,#1562);
#1561 = CARTESIAN_POINT('',(63.506079909702,-66.62018570749,4.41));
#1562 = VECTOR('',#1563,1.);
#1563 = DIRECTION('',(-0.156343851166,0.987702688162,0.));
#1564 = PCURVE('',#32,#1565);
#1565 = DEFINITIONAL_REPRESENTATION('',(#1566),#1569);
#1566 = B_SPLINE_CURVE_WITH_KNOTS('',1,(#1567,#1568),.UNSPECIFIED.,.F.,
  .F.,(2,2),(-10.09262646744,2.14962025814),.PIECEWISE_BEZIER_KNOTS.);
#1567 = CARTESIAN_POINT('',(-19.63518904693,-11.149961841));
#1568 = CARTESIAN_POINT('',(-21.54918904693,0.941738158993));
#1569 = ( GEOMETRIC_REPRESENTATION_CONTEXT(2) 
PARAMETRIC_REPRESENTATION_CONTEXT() REPRESENTATION_CONTEXT('2D SPACE',''
  ) );
#1570 = PCURVE('',#1571,#1576);
#1571 = PLANE('',#1572);
#1572 = AXIS2_PLACEMENT_3D('',#1573,#1574,#1575);
#1573 = CARTESIAN_POINT('',(63.17,-64.497,-20.));
#1574 = DIRECTION('',(0.987702688162,0.156343851166,-0.));
#1575 = DIRECTION('',(0.156343851166,-0.987702688162,0.));
#1576 = DEFINITIONAL_REPRESENTATION('',(#1577),#1580);
#1577 = B_SPLINE_CURVE_WITH_KNOTS('',1,(#1578,#1579),.UNSPECIFIED.,.F.,
  .F.,(2,2),(-10.09262646744,2.14962025814),.PIECEWISE_BEZIER_KNOTS.);
#1578 = CARTESIAN_POINT('',(12.242246725581,-24.41));
#1579 = CARTESIAN_POINT('',(0.,-24.41));
#1580 = ( GEOMETRIC_REPRESENTATION_CONTEXT(2) 
PARAMETRIC_REPRESENTATION_CONTEXT() REPRESENTATION_CONTEXT('2D SPACE',''
  ) );
#1581 = FACE_BOUND('',#1582,.F.);
#1582 = EDGE_LOOP('',(#1583));
#1583 = ORIENTED_EDGE('',*,*,#1584,.F.);
#1584 = EDGE_CURVE('',#1585,#1585,#1587,.T.);
#1585 = VERTEX_POINT('',#1586);
#1586 = CARTESIAN_POINT('',(67.799106,-74.3289,4.41));
#1587 = SURFACE_CURVE('',#1588,(#1593,#1600),.PCURVE_S1.);
#1588 = CIRCLE('',#1589,1.5);
#1589 = AXIS2_PLACEMENT_3D('',#1590,#1591,#1592);
#1590 = CARTESIAN_POINT('',(66.299106,-74.3289,4.41));
#1591 = DIRECTION('',(0.,0.,1.));
#1592 = DIRECTION('',(1.,0.,-0.));
#1593 = PCURVE('',#32,#1594);
#1594 = DEFINITIONAL_REPRESENTATION('',(#1595),#1599);
#1595 = CIRCLE('',#1596,1.5);
#1596 = AXIS2_PLACEMENT_2D('',#1597,#1598);
#1597 = CARTESIAN_POINT('',(-18.42008304693,-8.890161841007));
#1598 = DIRECTION('',(1.,0.));
#1599 = ( GEOMETRIC_REPRESENTATION_CONTEXT(2) 
PARAMETRIC_REPRESENTATION_CONTEXT() REPRESENTATION_CONTEXT('2D SPACE',''
  ) );
#1600 = PCURVE('',#1601,#1606);
#1601 = CYLINDRICAL_SURFACE('',#1602,1.5);
#1602 = AXIS2_PLACEMENT_3D('',#1603,#1604,#1605);
#1603 = CARTESIAN_POINT('',(66.299106,-74.3289,0.91));
#1604 = DIRECTION('',(0.,0.,1.));
#1605 = DIRECTION('',(1.,0.,-0.));
#1606 = DEFINITIONAL_REPRESENTATION('',(#1607),#1611);
#1607 = LINE('',#1608,#1609);
#1608 = CARTESIAN_POINT('',(0.,3.5));
#1609 = VECTOR('',#1610,1.);
#1610 = DIRECTION('',(1.,0.));
#1611 = ( GEOMETRIC_REPRESENTATION_CONTEXT(2) 
PARAMETRIC_REPRESENTATION_CONTEXT() REPRESENTATION_CONTEXT('2D SPACE',''
  ) );
#1612 = FACE_BOUND('',#1613,.F.);
#1613 = EDGE_LOOP('',(#1614));
#1614 = ORIENTED_EDGE('',*,*,#1615,.F.);
#1615 = EDGE_CURVE('',#1616,#1616,#1618,.T.);
#1616 = VERTEX_POINT('',#1617);
#1617 = CARTESIAN_POINT('',(66.16975,-63.839924,4.41));
#1618 = SURFACE_CURVE('',#1619,(#1624,#1631),.PCURVE_S1.);
#1619 = CIRCLE('',#1620,1.5);
#1620 = AXIS2_PLACEMENT_3D('',#1621,#1622,#1623);
#1621 = CARTESIAN_POINT('',(64.66975,-63.839924,4.41));
#1622 = DIRECTION('',(0.,0.,1.));
#1623 = DIRECTION('',(1.,0.,-0.));
#1624 = PCURVE('',#32,#1625);
#1625 = DEFINITIONAL_REPRESENTATION('',(#1626),#1630);
#1626 = CIRCLE('',#1627,1.5);
#1627 = AXIS2_PLACEMENT_2D('',#1628,#1629);
#1628 = CARTESIAN_POINT('',(-20.04943904693,1.598814158993));
#1629 = DIRECTION('',(1.,0.));
#1630 = ( GEOMETRIC_REPRESENTATION_CONTEXT(2) 
PARAMETRIC_REPRESENTATION_CONTEXT() REPRESENTATION_CONTEXT('2D SPACE',''
  ) );
#1631 = PCURVE('',#1632,#1637);
#1632 = CYLINDRICAL_SURFACE('',#1633,1.5);
#1633 = AXIS2_PLACEMENT_3D('',#1634,#1635,#1636);
#1634 = CARTESIAN_POINT('',(64.66975,-63.839924,0.91));
#1635 = DIRECTION('',(0.,0.,1.));
#1636 = DIRECTION('',(1.,0.,-0.));
#1637 = DEFINITIONAL_REPRESENTATION('',(#1638),#1642);
#1638 = LINE('',#1639,#1640);
#1639 = CARTESIAN_POINT('',(0.,3.5));
#1640 = VECTOR('',#1641,1.);
#1641 = DIRECTION('',(1.,0.));
#1642 = ( GEOMETRIC_REPRESENTATION_CONTEXT(2) 
PARAMETRIC_REPRESENTATION_CONTEXT() REPRESENTATION_CONTEXT('2D SPACE',''
  ) );
#1643 = FACE_BOUND('',#1644,.F.);
#1644 = EDGE_LOOP('',(#1645,#1673,#1699,#1725));
#1645 = ORIENTED_EDGE('',*,*,#1646,.T.);
#1646 = EDGE_CURVE('',#1647,#1649,#1651,.T.);
#1647 = VERTEX_POINT('',#1648);
#1648 = CARTESIAN_POINT('',(72.254407219339,-62.04515933702,4.41));
#1649 = VERTEX_POINT('',#1650);
#1650 = CARTESIAN_POINT('',(98.52691707917,-57.88400256695,4.41));
#1651 = SURFACE_CURVE('',#1652,(#1656,#1662),.PCURVE_S1.);
#1652 = LINE('',#1653,#1654);
#1653 = CARTESIAN_POINT('',(91.208367219551,-59.04314699045,4.41));
#1654 = VECTOR('',#1655,1.);
#1655 = DIRECTION('',(0.987688340595,0.15643446504,-0.));
#1656 = PCURVE('',#32,#1657);
#1657 = DEFINITIONAL_REPRESENTATION('',(#1658),#1661);
#1658 = B_SPLINE_CURVE_WITH_KNOTS('',1,(#1659,#1660),.UNSPECIFIED.,.F.,
  .F.,(2,2),(-19.19022349579,7.409776504205),.PIECEWISE_BEZIER_KNOTS.);
#1659 = CARTESIAN_POINT('',(-12.46478182759,3.393578821973));
#1660 = CARTESIAN_POINT('',(13.807728032236,7.554735592043));
#1661 = ( GEOMETRIC_REPRESENTATION_CONTEXT(2) 
PARAMETRIC_REPRESENTATION_CONTEXT() REPRESENTATION_CONTEXT('2D SPACE',''
  ) );
#1662 = PCURVE('',#1663,#1668);
#1663 = PLANE('',#1664);
#1664 = AXIS2_PLACEMENT_3D('',#1665,#1666,#1667);
#1665 = CARTESIAN_POINT('',(98.52691707917,-57.88400256695,3.41));
#1666 = DIRECTION('',(0.15643446504,-0.987688340595,0.));
#1667 = DIRECTION('',(-0.987688340595,-0.15643446504,0.));
#1668 = DEFINITIONAL_REPRESENTATION('',(#1669),#1672);
#1669 = B_SPLINE_CURVE_WITH_KNOTS('',1,(#1670,#1671),.UNSPECIFIED.,.F.,
  .F.,(2,2),(-19.19022349579,7.409776504205),.PIECEWISE_BEZIER_KNOTS.);
#1670 = CARTESIAN_POINT('',(26.6,-1.));
#1671 = CARTESIAN_POINT('',(0.,-1.));
#1672 = ( GEOMETRIC_REPRESENTATION_CONTEXT(2) 
PARAMETRIC_REPRESENTATION_CONTEXT() REPRESENTATION_CONTEXT('2D SPACE',''
  ) );
#1673 = ORIENTED_EDGE('',*,*,#1674,.T.);
#1674 = EDGE_CURVE('',#1649,#1675,#1677,.T.);
#1675 = VERTEX_POINT('',#1676);
#1676 = CARTESIAN_POINT('',(100.37284376664,-69.53872498597,4.41));
#1677 = SURFACE_CURVE('',#1678,(#1682,#1688),.PCURVE_S1.);
#1678 = LINE('',#1679,#1680);
#1679 = CARTESIAN_POINT('',(99.864566266408,-66.32958714898,4.41));
#1680 = VECTOR('',#1681,1.);
#1681 = DIRECTION('',(0.15643446504,-0.987688340595,0.));
#1682 = PCURVE('',#32,#1683);
#1683 = DEFINITIONAL_REPRESENTATION('',(#1684),#1687);
#1684 = B_SPLINE_CURVE_WITH_KNOTS('',1,(#1685,#1686),.UNSPECIFIED.,.F.,
  .F.,(2,2),(-8.550859856198,3.249140143802),.PIECEWISE_BEZIER_KNOTS.);
#1685 = CARTESIAN_POINT('',(13.807728032236,7.554735592043));
#1686 = CARTESIAN_POINT('',(15.653654719711,-4.09998682698));
#1687 = ( GEOMETRIC_REPRESENTATION_CONTEXT(2) 
PARAMETRIC_REPRESENTATION_CONTEXT() REPRESENTATION_CONTEXT('2D SPACE',''
  ) );
#1688 = PCURVE('',#1689,#1694);
#1689 = PLANE('',#1690);
#1690 = AXIS2_PLACEMENT_3D('',#1691,#1692,#1693);
#1691 = CARTESIAN_POINT('',(100.37284376664,-69.53872498597,3.41));
#1692 = DIRECTION('',(-0.987688340595,-0.15643446504,0.));
#1693 = DIRECTION('',(-0.15643446504,0.987688340595,0.));
#1694 = DEFINITIONAL_REPRESENTATION('',(#1695),#1698);
#1695 = B_SPLINE_CURVE_WITH_KNOTS('',1,(#1696,#1697),.UNSPECIFIED.,.F.,
  .F.,(2,2),(-8.550859856198,3.249140143802),.PIECEWISE_BEZIER_KNOTS.);
#1696 = CARTESIAN_POINT('',(11.8,-1.));
#1697 = CARTESIAN_POINT('',(0.,-1.));
#1698 = ( GEOMETRIC_REPRESENTATION_CONTEXT(2) 
PARAMETRIC_REPRESENTATION_CONTEXT() REPRESENTATION_CONTEXT('2D SPACE',''
  ) );
#1699 = ORIENTED_EDGE('',*,*,#1700,.T.);
#1700 = EDGE_CURVE('',#1675,#1701,#1703,.T.);
#1701 = VERTEX_POINT('',#1702);
#1702 = CARTESIAN_POINT('',(74.100333906814,-73.69988175604,4.41));
#1703 = SURFACE_CURVE('',#1704,(#1708,#1714),.PCURVE_S1.);
#1704 = LINE('',#1705,#1706);
#1705 = CARTESIAN_POINT('',(79.91803897711,-72.77844779451,4.41));
#1706 = VECTOR('',#1707,1.);
#1707 = DIRECTION('',(-0.987688340595,-0.15643446504,0.));
#1708 = PCURVE('',#32,#1709);
#1709 = DEFINITIONAL_REPRESENTATION('',(#1710),#1713);
#1710 = B_SPLINE_CURVE_WITH_KNOTS('',1,(#1711,#1712),.UNSPECIFIED.,.F.,
  .F.,(2,2),(-20.7097765042,5.890223495795),.PIECEWISE_BEZIER_KNOTS.);
#1711 = CARTESIAN_POINT('',(15.653654719711,-4.09998682698));
#1712 = CARTESIAN_POINT('',(-10.61885514012,-8.26114359705));
#1713 = ( GEOMETRIC_REPRESENTATION_CONTEXT(2) 
PARAMETRIC_REPRESENTATION_CONTEXT() REPRESENTATION_CONTEXT('2D SPACE',''
  ) );
#1714 = PCURVE('',#1715,#1720);
#1715 = PLANE('',#1716);
#1716 = AXIS2_PLACEMENT_3D('',#1717,#1718,#1719);
#1717 = CARTESIAN_POINT('',(74.100333906814,-73.69988175604,3.41));
#1718 = DIRECTION('',(-0.15643446504,0.987688340595,0.));
#1719 = DIRECTION('',(0.987688340595,0.15643446504,0.));
#1720 = DEFINITIONAL_REPRESENTATION('',(#1721),#1724);
#1721 = B_SPLINE_CURVE_WITH_KNOTS('',1,(#1722,#1723),.UNSPECIFIED.,.F.,
  .F.,(2,2),(-20.7097765042,5.890223495795),.PIECEWISE_BEZIER_KNOTS.);
#1722 = CARTESIAN_POINT('',(26.6,-1.));
#1723 = CARTESIAN_POINT('',(0.,-1.));
#1724 = ( GEOMETRIC_REPRESENTATION_CONTEXT(2) 
PARAMETRIC_REPRESENTATION_CONTEXT() REPRESENTATION_CONTEXT('2D SPACE',''
  ) );
#1725 = ORIENTED_EDGE('',*,*,#1726,.T.);
#1726 = EDGE_CURVE('',#1701,#1647,#1727,.T.);
#1727 = SURFACE_CURVE('',#1728,(#1732,#1738),.PCURVE_S1.);
#1728 = LINE('',#1729,#1730);
#1729 = CARTESIAN_POINT('',(72.66909306284,-64.66338270953,4.41));
#1730 = VECTOR('',#1731,1.);
#1731 = DIRECTION('',(-0.15643446504,0.987688340595,0.));
#1732 = PCURVE('',#32,#1733);
#1733 = DEFINITIONAL_REPRESENTATION('',(#1734),#1737);
#1734 = B_SPLINE_CURVE_WITH_KNOTS('',1,(#1735,#1736),.UNSPECIFIED.,.F.,
  .F.,(2,2),(-9.149140143802,2.650859856198),.PIECEWISE_BEZIER_KNOTS.);
#1735 = CARTESIAN_POINT('',(-10.61885514012,-8.26114359705));
#1736 = CARTESIAN_POINT('',(-12.46478182759,3.393578821973));
#1737 = ( GEOMETRIC_REPRESENTATION_CONTEXT(2) 
PARAMETRIC_REPRESENTATION_CONTEXT() REPRESENTATION_CONTEXT('2D SPACE',''
  ) );
#1738 = PCURVE('',#1739,#1744);
#1739 = PLANE('',#1740);
#1740 = AXIS2_PLACEMENT_3D('',#1741,#1742,#1743);
#1741 = CARTESIAN_POINT('',(72.254407219339,-62.04515933702,3.41));
#1742 = DIRECTION('',(0.987688340595,0.15643446504,-0.));
#1743 = DIRECTION('',(0.15643446504,-0.987688340595,0.));
#1744 = DEFINITIONAL_REPRESENTATION('',(#1745),#1748);
#1745 = B_SPLINE_CURVE_WITH_KNOTS('',1,(#1746,#1747),.UNSPECIFIED.,.F.,
  .F.,(2,2),(-9.149140143802,2.650859856198),.PIECEWISE_BEZIER_KNOTS.);
#1746 = CARTESIAN_POINT('',(11.8,-1.));
#1747 = CARTESIAN_POINT('',(0.,-1.));
#1748 = ( GEOMETRIC_REPRESENTATION_CONTEXT(2) 
PARAMETRIC_REPRESENTATION_CONTEXT() REPRESENTATION_CONTEXT('2D SPACE',''
  ) );
#1749 = ADVANCED_FACE('',(#1750),#43,.F.);
#1750 = FACE_BOUND('',#1751,.F.);
#1751 = EDGE_LOOP('',(#1752,#1753,#1776,#1802));
#1752 = ORIENTED_EDGE('',*,*,#21,.T.);
#1753 = ORIENTED_EDGE('',*,*,#1754,.T.);
#1754 = EDGE_CURVE('',#24,#1755,#1757,.T.);
#1755 = VERTEX_POINT('',#1756);
#1756 = CARTESIAN_POINT('',(65.084,-76.5887,5.91));
#1757 = SURFACE_CURVE('',#1758,(#1762,#1769),.PCURVE_S1.);
#1758 = LINE('',#1759,#1760);
#1759 = CARTESIAN_POINT('',(65.084,-76.5887,-20.));
#1760 = VECTOR('',#1761,1.);
#1761 = DIRECTION('',(0.,0.,1.));
#1762 = PCURVE('',#43,#1763);
#1763 = DEFINITIONAL_REPRESENTATION('',(#1764),#1768);
#1764 = LINE('',#1765,#1766);
#1765 = CARTESIAN_POINT('',(0.,0.));
#1766 = VECTOR('',#1767,1.);
#1767 = DIRECTION('',(0.,-1.));
#1768 = ( GEOMETRIC_REPRESENTATION_CONTEXT(2) 
PARAMETRIC_REPRESENTATION_CONTEXT() REPRESENTATION_CONTEXT('2D SPACE',''
  ) );
#1769 = PCURVE('',#1571,#1770);
#1770 = DEFINITIONAL_REPRESENTATION('',(#1771),#1775);
#1771 = LINE('',#1772,#1773);
#1772 = CARTESIAN_POINT('',(12.242246725581,0.));
#1773 = VECTOR('',#1774,1.);
#1774 = DIRECTION('',(0.,-1.));
#1775 = ( GEOMETRIC_REPRESENTATION_CONTEXT(2) 
PARAMETRIC_REPRESENTATION_CONTEXT() REPRESENTATION_CONTEXT('2D SPACE',''
  ) );
#1776 = ORIENTED_EDGE('',*,*,#1777,.F.);
#1777 = EDGE_CURVE('',#1778,#1755,#1780,.T.);
#1778 = VERTEX_POINT('',#1779);
#1779 = CARTESIAN_POINT('',(65.162868112109,-77.08691142698,5.91));
#1780 = SURFACE_CURVE('',#1781,(#1785,#1791),.PCURVE_S1.);
#1781 = LINE('',#1782,#1783);
#1782 = CARTESIAN_POINT('',(64.463053116417,-72.66616623214,5.91));
#1783 = VECTOR('',#1784,1.);
#1784 = DIRECTION('',(-0.156355508101,0.987700842911,0.));
#1785 = PCURVE('',#43,#1786);
#1786 = DEFINITIONAL_REPRESENTATION('',(#1787),#1790);
#1787 = B_SPLINE_CURVE_WITH_KNOTS('',1,(#1788,#1789),.UNSPECIFIED.,.F.,
  .F.,(2,2),(-4.720795574211,-3.971378374345),.PIECEWISE_BEZIER_KNOTS.);
#1788 = CARTESIAN_POINT('',(0.749417199867,-25.91));
#1789 = CARTESIAN_POINT('',(0.,-25.91));
#1790 = ( GEOMETRIC_REPRESENTATION_CONTEXT(2) 
PARAMETRIC_REPRESENTATION_CONTEXT() REPRESENTATION_CONTEXT('2D SPACE',''
  ) );
#1791 = PCURVE('',#1792,#1797);
#1792 = PLANE('',#1793);
#1793 = AXIS2_PLACEMENT_3D('',#1794,#1795,#1796);
#1794 = CARTESIAN_POINT('',(84.719189046933,-65.43873815899,5.91));
#1795 = DIRECTION('',(0.,0.,1.));
#1796 = DIRECTION('',(1.,0.,-0.));
#1797 = DEFINITIONAL_REPRESENTATION('',(#1798),#1801);
#1798 = B_SPLINE_CURVE_WITH_KNOTS('',1,(#1799,#1800),.UNSPECIFIED.,.F.,
  .F.,(2,2),(-4.720795574211,-3.971378374345),.PIECEWISE_BEZIER_KNOTS.);
#1799 = CARTESIAN_POINT('',(-19.51801353986,-11.890161841));
#1800 = CARTESIAN_POINT('',(-19.63518904693,-11.149961841));
#1801 = ( GEOMETRIC_REPRESENTATION_CONTEXT(2) 
PARAMETRIC_REPRESENTATION_CONTEXT() REPRESENTATION_CONTEXT('2D SPACE',''
  ) );
#1802 = ORIENTED_EDGE('',*,*,#1803,.T.);
#1803 = EDGE_CURVE('',#1778,#22,#1804,.T.);
#1804 = SURFACE_CURVE('',#1805,(#1809,#1815),.PCURVE_S1.);
#1805 = LINE('',#1806,#1807);
#1806 = CARTESIAN_POINT('',(65.162868112109,-77.08691142698,-7.795));
#1807 = VECTOR('',#1808,1.);
#1808 = DIRECTION('',(0.,0.,-1.));
#1809 = PCURVE('',#43,#1810);
#1810 = DEFINITIONAL_REPRESENTATION('',(#1811),#1814);
#1811 = B_SPLINE_CURVE_WITH_KNOTS('',1,(#1812,#1813),.UNSPECIFIED.,.F.,
  .F.,(2,2),(-13.705,-12.205),.PIECEWISE_BEZIER_KNOTS.);
#1812 = CARTESIAN_POINT('',(0.504415310125,-25.91));
#1813 = CARTESIAN_POINT('',(0.504415310125,-24.41));
#1814 = ( GEOMETRIC_REPRESENTATION_CONTEXT(2) 
PARAMETRIC_REPRESENTATION_CONTEXT() REPRESENTATION_CONTEXT('2D SPACE',''
  ) );
#1815 = PCURVE('',#70,#1816);
#1816 = DEFINITIONAL_REPRESENTATION('',(#1817),#1820);
#1817 = B_SPLINE_CURVE_WITH_KNOTS('',1,(#1818,#1819),.UNSPECIFIED.,.F.,
  .F.,(2,2),(-13.705,-12.205),.PIECEWISE_BEZIER_KNOTS.);
#1818 = CARTESIAN_POINT('',(0.266750735135,-1.5));
#1819 = CARTESIAN_POINT('',(0.266750735135,0.));
#1820 = ( GEOMETRIC_REPRESENTATION_CONTEXT(2) 
PARAMETRIC_REPRESENTATION_CONTEXT() REPRESENTATION_CONTEXT('2D SPACE',''
  ) );
#1821 = ADVANCED_FACE('',(#1822),#70,.F.);
#1822 = FACE_BOUND('',#1823,.F.);
#1823 = EDGE_LOOP('',(#1824,#1825,#1826,#1849));
#1824 = ORIENTED_EDGE('',*,*,#54,.F.);
#1825 = ORIENTED_EDGE('',*,*,#1803,.F.);
#1826 = ORIENTED_EDGE('',*,*,#1827,.T.);
#1827 = EDGE_CURVE('',#1778,#1828,#1830,.T.);
#1828 = VERTEX_POINT('',#1829);
#1829 = CARTESIAN_POINT('',(65.39878447743,-77.18463118508,5.91));
#1830 = SURFACE_CURVE('',#1831,(#1835,#1842),.PCURVE_S1.);
#1831 = LINE('',#1832,#1833);
#1832 = CARTESIAN_POINT('',(64.916422567635,-76.98483034008,5.91));
#1833 = VECTOR('',#1834,1.);
#1834 = DIRECTION('',(0.923879532511,-0.382683432365,-0.));
#1835 = PCURVE('',#70,#1836);
#1836 = DEFINITIONAL_REPRESENTATION('',(#1837),#1841);
#1837 = LINE('',#1838,#1839);
#1838 = CARTESIAN_POINT('',(0.,-1.5));
#1839 = VECTOR('',#1840,1.);
#1840 = DIRECTION('',(1.,0.));
#1841 = ( GEOMETRIC_REPRESENTATION_CONTEXT(2) 
PARAMETRIC_REPRESENTATION_CONTEXT() REPRESENTATION_CONTEXT('2D SPACE',''
  ) );
#1842 = PCURVE('',#1792,#1843);
#1843 = DEFINITIONAL_REPRESENTATION('',(#1844),#1848);
#1844 = LINE('',#1845,#1846);
#1845 = CARTESIAN_POINT('',(-19.80276647929,-11.54609218108));
#1846 = VECTOR('',#1847,1.);
#1847 = DIRECTION('',(0.923879532511,-0.382683432365));
#1848 = ( GEOMETRIC_REPRESENTATION_CONTEXT(2) 
PARAMETRIC_REPRESENTATION_CONTEXT() REPRESENTATION_CONTEXT('2D SPACE',''
  ) );
#1849 = ORIENTED_EDGE('',*,*,#1850,.F.);
#1850 = EDGE_CURVE('',#55,#1828,#1851,.T.);
#1851 = SURFACE_CURVE('',#1852,(#1856,#1863),.PCURVE_S1.);
#1852 = LINE('',#1853,#1854);
#1853 = CARTESIAN_POINT('',(65.39878447743,-77.18463118508,4.41));
#1854 = VECTOR('',#1855,1.);
#1855 = DIRECTION('',(0.,0.,1.));
#1856 = PCURVE('',#70,#1857);
#1857 = DEFINITIONAL_REPRESENTATION('',(#1858),#1862);
#1858 = LINE('',#1859,#1860);
#1859 = CARTESIAN_POINT('',(0.52210476888,0.));
#1860 = VECTOR('',#1861,1.);
#1861 = DIRECTION('',(0.,-1.));
#1862 = ( GEOMETRIC_REPRESENTATION_CONTEXT(2) 
PARAMETRIC_REPRESENTATION_CONTEXT() REPRESENTATION_CONTEXT('2D SPACE',''
  ) );
#1863 = PCURVE('',#103,#1864);
#1864 = DEFINITIONAL_REPRESENTATION('',(#1865),#1869);
#1865 = LINE('',#1866,#1867);
#1866 = CARTESIAN_POINT('',(1.832595714594,0.));
#1867 = VECTOR('',#1868,1.);
#1868 = DIRECTION('',(0.,-1.));
#1869 = ( GEOMETRIC_REPRESENTATION_CONTEXT(2) 
PARAMETRIC_REPRESENTATION_CONTEXT() REPRESENTATION_CONTEXT('2D SPACE',''
  ) );
#1870 = ADVANCED_FACE('',(#1871),#1571,.F.);
#1871 = FACE_BOUND('',#1872,.F.);
#1872 = EDGE_LOOP('',(#1873,#1874,#1897,#1916));
#1873 = ORIENTED_EDGE('',*,*,#1558,.T.);
#1874 = ORIENTED_EDGE('',*,*,#1875,.T.);
#1875 = EDGE_CURVE('',#1533,#1876,#1878,.T.);
#1876 = VERTEX_POINT('',#1877);
#1877 = CARTESIAN_POINT('',(63.17,-64.497,5.91));
#1878 = SURFACE_CURVE('',#1879,(#1883,#1890),.PCURVE_S1.);
#1879 = LINE('',#1880,#1881);
#1880 = CARTESIAN_POINT('',(63.17,-64.497,-20.));
#1881 = VECTOR('',#1882,1.);
#1882 = DIRECTION('',(0.,0.,1.));
#1883 = PCURVE('',#1571,#1884);
#1884 = DEFINITIONAL_REPRESENTATION('',(#1885),#1889);
#1885 = LINE('',#1886,#1887);
#1886 = CARTESIAN_POINT('',(0.,0.));
#1887 = VECTOR('',#1888,1.);
#1888 = DIRECTION('',(0.,-1.));
#1889 = ( GEOMETRIC_REPRESENTATION_CONTEXT(2) 
PARAMETRIC_REPRESENTATION_CONTEXT() REPRESENTATION_CONTEXT('2D SPACE',''
  ) );
#1890 = PCURVE('',#1547,#1891);
#1891 = DEFINITIONAL_REPRESENTATION('',(#1892),#1896);
#1892 = LINE('',#1893,#1894);
#1893 = CARTESIAN_POINT('',(3.148205838233E-04,0.));
#1894 = VECTOR('',#1895,1.);
#1895 = DIRECTION('',(0.,-1.));
#1896 = ( GEOMETRIC_REPRESENTATION_CONTEXT(2) 
PARAMETRIC_REPRESENTATION_CONTEXT() REPRESENTATION_CONTEXT('2D SPACE',''
  ) );
#1897 = ORIENTED_EDGE('',*,*,#1898,.F.);
#1898 = EDGE_CURVE('',#1755,#1876,#1899,.T.);
#1899 = SURFACE_CURVE('',#1900,(#1904,#1910),.PCURVE_S1.);
#1900 = LINE('',#1901,#1902);
#1901 = CARTESIAN_POINT('',(63.506079909702,-66.62018570749,5.91));
#1902 = VECTOR('',#1903,1.);
#1903 = DIRECTION('',(-0.156343851166,0.987702688162,0.));
#1904 = PCURVE('',#1571,#1905);
#1905 = DEFINITIONAL_REPRESENTATION('',(#1906),#1909);
#1906 = B_SPLINE_CURVE_WITH_KNOTS('',1,(#1907,#1908),.UNSPECIFIED.,.F.,
  .F.,(2,2),(-10.09262646744,2.14962025814),.PIECEWISE_BEZIER_KNOTS.);
#1907 = CARTESIAN_POINT('',(12.242246725581,-25.91));
#1908 = CARTESIAN_POINT('',(0.,-25.91));
#1909 = ( GEOMETRIC_REPRESENTATION_CONTEXT(2) 
PARAMETRIC_REPRESENTATION_CONTEXT() REPRESENTATION_CONTEXT('2D SPACE',''
  ) );
#1910 = PCURVE('',#1792,#1911);
#1911 = DEFINITIONAL_REPRESENTATION('',(#1912),#1915);
#1912 = B_SPLINE_CURVE_WITH_KNOTS('',1,(#1913,#1914),.UNSPECIFIED.,.F.,
  .F.,(2,2),(-10.09262646744,2.14962025814),.PIECEWISE_BEZIER_KNOTS.);
#1913 = CARTESIAN_POINT('',(-19.63518904693,-11.149961841));
#1914 = CARTESIAN_POINT('',(-21.54918904693,0.941738158993));
#1915 = ( GEOMETRIC_REPRESENTATION_CONTEXT(2) 
PARAMETRIC_REPRESENTATION_CONTEXT() REPRESENTATION_CONTEXT('2D SPACE',''
  ) );
#1916 = ORIENTED_EDGE('',*,*,#1754,.F.);
#1917 = ADVANCED_FACE('',(#1918),#103,.T.);
#1918 = FACE_BOUND('',#1919,.T.);
#1919 = EDGE_LOOP('',(#1920,#1943,#1969,#1970));
#1920 = ORIENTED_EDGE('',*,*,#1921,.T.);
#1921 = EDGE_CURVE('',#83,#1922,#1924,.T.);
#1922 = VERTEX_POINT('',#1923);
#1923 = CARTESIAN_POINT('',(65.650941717575,-77.25219651395,5.91));
#1924 = SURFACE_CURVE('',#1925,(#1929,#1936),.PCURVE_S1.);
#1925 = LINE('',#1926,#1927);
#1926 = CARTESIAN_POINT('',(65.650941717575,-77.25219651395,4.41));
#1927 = VECTOR('',#1928,1.);
#1928 = DIRECTION('',(0.,0.,1.));
#1929 = PCURVE('',#103,#1930);
#1930 = DEFINITIONAL_REPRESENTATION('',(#1931),#1935);
#1931 = LINE('',#1932,#1933);
#1932 = CARTESIAN_POINT('',(1.570796326795,0.));
#1933 = VECTOR('',#1934,1.);
#1934 = DIRECTION('',(0.,-1.));
#1935 = ( GEOMETRIC_REPRESENTATION_CONTEXT(2) 
PARAMETRIC_REPRESENTATION_CONTEXT() REPRESENTATION_CONTEXT('2D SPACE',''
  ) );
#1936 = PCURVE('',#131,#1937);
#1937 = DEFINITIONAL_REPRESENTATION('',(#1938),#1942);
#1938 = LINE('',#1939,#1940);
#1939 = CARTESIAN_POINT('',(0.,0.));
#1940 = VECTOR('',#1941,1.);
#1941 = DIRECTION('',(0.,-1.));
#1942 = ( GEOMETRIC_REPRESENTATION_CONTEXT(2) 
PARAMETRIC_REPRESENTATION_CONTEXT() REPRESENTATION_CONTEXT('2D SPACE',''
  ) );
#1943 = ORIENTED_EDGE('',*,*,#1944,.T.);
#1944 = EDGE_CURVE('',#1922,#1828,#1945,.T.);
#1945 = SURFACE_CURVE('',#1946,(#1951,#1958),.PCURVE_S1.);
#1946 = CIRCLE('',#1947,1.);
#1947 = AXIS2_PLACEMENT_3D('',#1948,#1949,#1950);
#1948 = CARTESIAN_POINT('',(65.781467909795,-76.26075165257,5.91));
#1949 = DIRECTION('',(-0.,0.,-1.));
#1950 = DIRECTION('',(0.991444861374,-0.13052619222,-0.));
#1951 = PCURVE('',#103,#1952);
#1952 = DEFINITIONAL_REPRESENTATION('',(#1953),#1957);
#1953 = LINE('',#1954,#1955);
#1954 = CARTESIAN_POINT('',(0.,-1.5));
#1955 = VECTOR('',#1956,1.);
#1956 = DIRECTION('',(1.,0.));
#1957 = ( GEOMETRIC_REPRESENTATION_CONTEXT(2) 
PARAMETRIC_REPRESENTATION_CONTEXT() REPRESENTATION_CONTEXT('2D SPACE',''
  ) );
#1958 = PCURVE('',#1792,#1959);
#1959 = DEFINITIONAL_REPRESENTATION('',(#1960),#1968);
#1960 = ( BOUNDED_CURVE() B_SPLINE_CURVE(2,(#1961,#1962,#1963,#1964,
#1965,#1966,#1967),.UNSPECIFIED.,.T.,.F.) B_SPLINE_CURVE_WITH_KNOTS((1,2
    ,2,2,2,1),(-2.094395102393,0.,2.094395102393,4.188790204786,
6.28318530718,8.377580409573),.UNSPECIFIED.) CURVE() 
GEOMETRIC_REPRESENTATION_ITEM() RATIONAL_B_SPLINE_CURVE((1.,0.5,1.,0.5,
1.,0.5,1.)) REPRESENTATION_ITEM('') );
#1961 = CARTESIAN_POINT('',(-17.94627627576,-10.9525396858));
#1962 = CARTESIAN_POINT('',(-18.1723542724,-12.6697725586));
#1963 = CARTESIAN_POINT('',(-19.54648256614,-11.61536683387));
#1964 = CARTESIAN_POINT('',(-20.92061085988,-10.56096110914));
#1965 = CARTESIAN_POINT('',(-19.3204045695,-9.898133961074));
#1966 = CARTESIAN_POINT('',(-17.72019827912,-9.235306813003));
#1967 = CARTESIAN_POINT('',(-17.94627627576,-10.9525396858));
#1968 = ( GEOMETRIC_REPRESENTATION_CONTEXT(2) 
PARAMETRIC_REPRESENTATION_CONTEXT() REPRESENTATION_CONTEXT('2D SPACE',''
  ) );
#1969 = ORIENTED_EDGE('',*,*,#1850,.F.);
#1970 = ORIENTED_EDGE('',*,*,#82,.F.);
#1971 = ADVANCED_FACE('',(#1972),#1547,.F.);
#1972 = FACE_BOUND('',#1973,.F.);
#1973 = EDGE_LOOP('',(#1974,#1975,#1998,#2017));
#1974 = ORIENTED_EDGE('',*,*,#1532,.T.);
#1975 = ORIENTED_EDGE('',*,*,#1976,.T.);
#1976 = EDGE_CURVE('',#1507,#1977,#1979,.T.);
#1977 = VERTEX_POINT('',#1978);
#1978 = CARTESIAN_POINT('',(63.169814,-64.496746,5.91));
#1979 = SURFACE_CURVE('',#1980,(#1984,#1991),.PCURVE_S1.);
#1980 = LINE('',#1981,#1982);
#1981 = CARTESIAN_POINT('',(63.169814,-64.496746,-20.));
#1982 = VECTOR('',#1983,1.);
#1983 = DIRECTION('',(0.,0.,1.));
#1984 = PCURVE('',#1547,#1985);
#1985 = DEFINITIONAL_REPRESENTATION('',(#1986),#1990);
#1986 = LINE('',#1987,#1988);
#1987 = CARTESIAN_POINT('',(0.,0.));
#1988 = VECTOR('',#1989,1.);
#1989 = DIRECTION('',(0.,-1.));
#1990 = ( GEOMETRIC_REPRESENTATION_CONTEXT(2) 
PARAMETRIC_REPRESENTATION_CONTEXT() REPRESENTATION_CONTEXT('2D SPACE',''
  ) );
#1991 = PCURVE('',#1521,#1992);
#1992 = DEFINITIONAL_REPRESENTATION('',(#1993),#1997);
#1993 = LINE('',#1994,#1995);
#1994 = CARTESIAN_POINT('',(0.188227587437,0.));
#1995 = VECTOR('',#1996,1.);
#1996 = DIRECTION('',(0.,-1.));
#1997 = ( GEOMETRIC_REPRESENTATION_CONTEXT(2) 
PARAMETRIC_REPRESENTATION_CONTEXT() REPRESENTATION_CONTEXT('2D SPACE',''
  ) );
#1998 = ORIENTED_EDGE('',*,*,#1999,.F.);
#1999 = EDGE_CURVE('',#1876,#1977,#2000,.T.);
#2000 = SURFACE_CURVE('',#2001,(#2005,#2011),.PCURVE_S1.);
#2001 = LINE('',#2002,#2003);
#2002 = CARTESIAN_POINT('',(67.155333698355,-69.93933741601,5.91));
#2003 = VECTOR('',#2004,1.);
#2004 = DIRECTION('',(-0.590812702716,0.806808744567,0.));
#2005 = PCURVE('',#1547,#2006);
#2006 = DEFINITIONAL_REPRESENTATION('',(#2007),#2010);
#2007 = B_SPLINE_CURVE_WITH_KNOTS('',1,(#2008,#2009),.UNSPECIFIED.,.F.,
  .F.,(2,2),(6.745511191673,6.745826012257),.PIECEWISE_BEZIER_KNOTS.);
#2008 = CARTESIAN_POINT('',(3.148205838235E-04,-25.91));
#2009 = CARTESIAN_POINT('',(0.,-25.91));
#2010 = ( GEOMETRIC_REPRESENTATION_CONTEXT(2) 
PARAMETRIC_REPRESENTATION_CONTEXT() REPRESENTATION_CONTEXT('2D SPACE',''
  ) );
#2011 = PCURVE('',#1792,#2012);
#2012 = DEFINITIONAL_REPRESENTATION('',(#2013),#2016);
#2013 = B_SPLINE_CURVE_WITH_KNOTS('',1,(#2014,#2015),.UNSPECIFIED.,.F.,
  .F.,(2,2),(6.745511191673,6.745826012257),.PIECEWISE_BEZIER_KNOTS.);
#2014 = CARTESIAN_POINT('',(-21.54918904693,0.941738158993));
#2015 = CARTESIAN_POINT('',(-21.54937504693,0.941992158993));
#2016 = ( GEOMETRIC_REPRESENTATION_CONTEXT(2) 
PARAMETRIC_REPRESENTATION_CONTEXT() REPRESENTATION_CONTEXT('2D SPACE',''
  ) );
#2017 = ORIENTED_EDGE('',*,*,#1875,.F.);
#2018 = ADVANCED_FACE('',(#2019),#131,.F.);
#2019 = FACE_BOUND('',#2020,.F.);
#2020 = EDGE_LOOP('',(#2021,#2022,#2045,#2066));
#2021 = ORIENTED_EDGE('',*,*,#1921,.T.);
#2022 = ORIENTED_EDGE('',*,*,#2023,.T.);
#2023 = EDGE_CURVE('',#1922,#2024,#2026,.T.);
#2024 = VERTEX_POINT('',#2025);
#2025 = CARTESIAN_POINT('',(66.16857980778,-77.32034486137,5.91));
#2026 = SURFACE_CURVE('',#2027,(#2031,#2038),.PCURVE_S1.);
#2027 = LINE('',#2028,#2029);
#2028 = CARTESIAN_POINT('',(65.650941717575,-77.25219651395,5.91));
#2029 = VECTOR('',#2030,1.);
#2030 = DIRECTION('',(0.991444861374,-0.13052619222,-0.));
#2031 = PCURVE('',#131,#2032);
#2032 = DEFINITIONAL_REPRESENTATION('',(#2033),#2037);
#2033 = LINE('',#2034,#2035);
#2034 = CARTESIAN_POINT('',(0.,-1.5));
#2035 = VECTOR('',#2036,1.);
#2036 = DIRECTION('',(1.,0.));
#2037 = ( GEOMETRIC_REPRESENTATION_CONTEXT(2) 
PARAMETRIC_REPRESENTATION_CONTEXT() REPRESENTATION_CONTEXT('2D SPACE',''
  ) );
#2038 = PCURVE('',#1792,#2039);
#2039 = DEFINITIONAL_REPRESENTATION('',(#2040),#2044);
#2040 = LINE('',#2041,#2042);
#2041 = CARTESIAN_POINT('',(-19.06824732935,-11.81345835495));
#2042 = VECTOR('',#2043,1.);
#2043 = DIRECTION('',(0.991444861374,-0.13052619222));
#2044 = ( GEOMETRIC_REPRESENTATION_CONTEXT(2) 
PARAMETRIC_REPRESENTATION_CONTEXT() REPRESENTATION_CONTEXT('2D SPACE',''
  ) );
#2045 = ORIENTED_EDGE('',*,*,#2046,.F.);
#2046 = EDGE_CURVE('',#116,#2024,#2047,.T.);
#2047 = SURFACE_CURVE('',#2048,(#2052,#2059),.PCURVE_S1.);
#2048 = LINE('',#2049,#2050);
#2049 = CARTESIAN_POINT('',(66.16857980778,-77.32034486137,4.41));
#2050 = VECTOR('',#2051,1.);
#2051 = DIRECTION('',(0.,0.,1.));
#2052 = PCURVE('',#131,#2053);
#2053 = DEFINITIONAL_REPRESENTATION('',(#2054),#2058);
#2054 = LINE('',#2055,#2056);
#2055 = CARTESIAN_POINT('',(0.52210476888,0.));
#2056 = VECTOR('',#2057,1.);
#2057 = DIRECTION('',(0.,-1.));
#2058 = ( GEOMETRIC_REPRESENTATION_CONTEXT(2) 
PARAMETRIC_REPRESENTATION_CONTEXT() REPRESENTATION_CONTEXT('2D SPACE',''
  ) );
#2059 = PCURVE('',#164,#2060);
#2060 = DEFINITIONAL_REPRESENTATION('',(#2061),#2065);
#2061 = LINE('',#2062,#2063);
#2062 = CARTESIAN_POINT('',(1.832595714594,0.));
#2063 = VECTOR('',#2064,1.);
#2064 = DIRECTION('',(0.,-1.));
#2065 = ( GEOMETRIC_REPRESENTATION_CONTEXT(2) 
PARAMETRIC_REPRESENTATION_CONTEXT() REPRESENTATION_CONTEXT('2D SPACE',''
  ) );
#2066 = ORIENTED_EDGE('',*,*,#115,.F.);
#2067 = ADVANCED_FACE('',(#2068),#1521,.F.);
#2068 = FACE_BOUND('',#2069,.F.);
#2069 = EDGE_LOOP('',(#2070,#2071,#2094,#2113));
#2070 = ORIENTED_EDGE('',*,*,#1506,.T.);
#2071 = ORIENTED_EDGE('',*,*,#2072,.T.);
#2072 = EDGE_CURVE('',#1481,#2073,#2075,.T.);
#2073 = VERTEX_POINT('',#2074);
#2074 = CARTESIAN_POINT('',(63.143363836463,-64.31038609679,5.91));
#2075 = SURFACE_CURVE('',#2076,(#2080,#2087),.PCURVE_S1.);
#2076 = LINE('',#2077,#2078);
#2077 = CARTESIAN_POINT('',(63.143363836463,-64.31038609679,-20.));
#2078 = VECTOR('',#2079,1.);
#2079 = DIRECTION('',(0.,0.,1.));
#2080 = PCURVE('',#1521,#2081);
#2081 = DEFINITIONAL_REPRESENTATION('',(#2082),#2086);
#2082 = LINE('',#2083,#2084);
#2083 = CARTESIAN_POINT('',(0.,0.));
#2084 = VECTOR('',#2085,1.);
#2085 = DIRECTION('',(0.,-1.));
#2086 = ( GEOMETRIC_REPRESENTATION_CONTEXT(2) 
PARAMETRIC_REPRESENTATION_CONTEXT() REPRESENTATION_CONTEXT('2D SPACE',''
  ) );
#2087 = PCURVE('',#1495,#2088);
#2088 = DEFINITIONAL_REPRESENTATION('',(#2089),#2093);
#2089 = LINE('',#2090,#2091);
#2090 = CARTESIAN_POINT('',(0.188227587437,0.));
#2091 = VECTOR('',#2092,1.);
#2092 = DIRECTION('',(0.,-1.));
#2093 = ( GEOMETRIC_REPRESENTATION_CONTEXT(2) 
PARAMETRIC_REPRESENTATION_CONTEXT() REPRESENTATION_CONTEXT('2D SPACE',''
  ) );
#2094 = ORIENTED_EDGE('',*,*,#2095,.F.);
#2095 = EDGE_CURVE('',#1977,#2073,#2096,.T.);
#2096 = SURFACE_CURVE('',#2097,(#2101,#2107),.PCURVE_S1.);
#2097 = LINE('',#2098,#2099);
#2098 = CARTESIAN_POINT('',(63.43488000989,-66.36432144524,5.91));
#2099 = VECTOR('',#2100,1.);
#2100 = DIRECTION('',(-0.140522247018,0.990077521254,0.));
#2101 = PCURVE('',#1521,#2102);
#2102 = DEFINITIONAL_REPRESENTATION('',(#2103),#2106);
#2103 = B_SPLINE_CURVE_WITH_KNOTS('',1,(#2104,#2105),.UNSPECIFIED.,.F.,
  .F.,(2,2),(1.886292138902,2.074519726339),.PIECEWISE_BEZIER_KNOTS.);
#2104 = CARTESIAN_POINT('',(0.188227587437,-25.91));
#2105 = CARTESIAN_POINT('',(0.,-25.91));
#2106 = ( GEOMETRIC_REPRESENTATION_CONTEXT(2) 
PARAMETRIC_REPRESENTATION_CONTEXT() REPRESENTATION_CONTEXT('2D SPACE',''
  ) );
#2107 = PCURVE('',#1792,#2108);
#2108 = DEFINITIONAL_REPRESENTATION('',(#2109),#2112);
#2109 = B_SPLINE_CURVE_WITH_KNOTS('',1,(#2110,#2111),.UNSPECIFIED.,.F.,
  .F.,(2,2),(1.886292138902,2.074519726339),.PIECEWISE_BEZIER_KNOTS.);
#2110 = CARTESIAN_POINT('',(-21.54937504693,0.941992158993));
#2111 = CARTESIAN_POINT('',(-21.57582521047,1.128352062194));
#2112 = ( GEOMETRIC_REPRESENTATION_CONTEXT(2) 
PARAMETRIC_REPRESENTATION_CONTEXT() REPRESENTATION_CONTEXT('2D SPACE',''
  ) );
#2113 = ORIENTED_EDGE('',*,*,#1976,.F.);
#2114 = ADVANCED_FACE('',(#2115),#164,.T.);
#2115 = FACE_BOUND('',#2116,.T.);
#2116 = EDGE_LOOP('',(#2117,#2140,#2166,#2167));
#2117 = ORIENTED_EDGE('',*,*,#2118,.T.);
#2118 = EDGE_CURVE('',#144,#2119,#2121,.T.);
#2119 = VERTEX_POINT('',#2120);
#2120 = CARTESIAN_POINT('',(66.42963219222,-77.32034486137,5.91));
#2121 = SURFACE_CURVE('',#2122,(#2126,#2133),.PCURVE_S1.);
#2122 = LINE('',#2123,#2124);
#2123 = CARTESIAN_POINT('',(66.42963219222,-77.32034486137,4.41));
#2124 = VECTOR('',#2125,1.);
#2125 = DIRECTION('',(0.,0.,1.));
#2126 = PCURVE('',#164,#2127);
#2127 = DEFINITIONAL_REPRESENTATION('',(#2128),#2132);
#2128 = LINE('',#2129,#2130);
#2129 = CARTESIAN_POINT('',(1.570796326795,0.));
#2130 = VECTOR('',#2131,1.);
#2131 = DIRECTION('',(0.,-1.));
#2132 = ( GEOMETRIC_REPRESENTATION_CONTEXT(2) 
PARAMETRIC_REPRESENTATION_CONTEXT() REPRESENTATION_CONTEXT('2D SPACE',''
  ) );
#2133 = PCURVE('',#192,#2134);
#2134 = DEFINITIONAL_REPRESENTATION('',(#2135),#2139);
#2135 = LINE('',#2136,#2137);
#2136 = CARTESIAN_POINT('',(0.,0.));
#2137 = VECTOR('',#2138,1.);
#2138 = DIRECTION('',(0.,-1.));
#2139 = ( GEOMETRIC_REPRESENTATION_CONTEXT(2) 
PARAMETRIC_REPRESENTATION_CONTEXT() REPRESENTATION_CONTEXT('2D SPACE',''
  ) );
#2140 = ORIENTED_EDGE('',*,*,#2141,.T.);
#2141 = EDGE_CURVE('',#2119,#2024,#2142,.T.);
#2142 = SURFACE_CURVE('',#2143,(#2148,#2155),.PCURVE_S1.);
#2143 = CIRCLE('',#2144,1.);
#2144 = AXIS2_PLACEMENT_3D('',#2145,#2146,#2147);
#2145 = CARTESIAN_POINT('',(66.299106,-76.3289,5.91));
#2146 = DIRECTION('',(0.,0.,-1.));
#2147 = DIRECTION('',(0.991444861374,0.13052619222,0.));
#2148 = PCURVE('',#164,#2149);
#2149 = DEFINITIONAL_REPRESENTATION('',(#2150),#2154);
#2150 = LINE('',#2151,#2152);
#2151 = CARTESIAN_POINT('',(0.,-1.5));
#2152 = VECTOR('',#2153,1.);
#2153 = DIRECTION('',(1.,0.));
#2154 = ( GEOMETRIC_REPRESENTATION_CONTEXT(2) 
PARAMETRIC_REPRESENTATION_CONTEXT() REPRESENTATION_CONTEXT('2D SPACE',''
  ) );
#2155 = PCURVE('',#1792,#2156);
#2156 = DEFINITIONAL_REPRESENTATION('',(#2157),#2165);
#2157 = ( BOUNDED_CURVE() B_SPLINE_CURVE(2,(#2158,#2159,#2160,#2161,
#2162,#2163,#2164),.UNSPECIFIED.,.T.,.F.) B_SPLINE_CURVE_WITH_KNOTS((1,2
    ,2,2,2,1),(-2.094395102393,0.,2.094395102393,4.188790204786,
6.28318530718,8.377580409573),.UNSPECIFIED.) CURVE() 
GEOMETRIC_REPRESENTATION_ITEM() RATIONAL_B_SPLINE_CURVE((1.,0.5,1.,0.5,
1.,0.5,1.)) REPRESENTATION_ITEM('') );
#2158 = CARTESIAN_POINT('',(-17.42863818556,-10.75963564878));
#2159 = CARTESIAN_POINT('',(-17.20256018891,-12.47686852159));
#2160 = CARTESIAN_POINT('',(-18.80276647929,-11.81404137351));
#2161 = CARTESIAN_POINT('',(-20.40297276968,-11.15121422544));
#2162 = CARTESIAN_POINT('',(-19.02884447594,-10.09680850071));
#2163 = CARTESIAN_POINT('',(-17.6547161822,-9.042402775985));
#2164 = CARTESIAN_POINT('',(-17.42863818556,-10.75963564878));
#2165 = ( GEOMETRIC_REPRESENTATION_CONTEXT(2) 
PARAMETRIC_REPRESENTATION_CONTEXT() REPRESENTATION_CONTEXT('2D SPACE',''
  ) );
#2166 = ORIENTED_EDGE('',*,*,#2046,.F.);
#2167 = ORIENTED_EDGE('',*,*,#143,.F.);
#2168 = ADVANCED_FACE('',(#2169),#1495,.F.);
#2169 = FACE_BOUND('',#2170,.F.);
#2170 = EDGE_LOOP('',(#2171,#2172,#2195,#2214));
#2171 = ORIENTED_EDGE('',*,*,#1480,.T.);
#2172 = ORIENTED_EDGE('',*,*,#2173,.T.);
#2173 = EDGE_CURVE('',#1455,#2174,#2176,.T.);
#2174 = VERTEX_POINT('',#2175);
#2175 = CARTESIAN_POINT('',(63.129171531127,-64.12269431983,5.91));
#2176 = SURFACE_CURVE('',#2177,(#2181,#2188),.PCURVE_S1.);
#2177 = LINE('',#2178,#2179);
#2178 = CARTESIAN_POINT('',(63.129171531127,-64.12269431983,-20.));
#2179 = VECTOR('',#2180,1.);
#2180 = DIRECTION('',(0.,0.,1.));
#2181 = PCURVE('',#1495,#2182);
#2182 = DEFINITIONAL_REPRESENTATION('',(#2183),#2187);
#2183 = LINE('',#2184,#2185);
#2184 = CARTESIAN_POINT('',(0.,0.));
#2185 = VECTOR('',#2186,1.);
#2186 = DIRECTION('',(0.,-1.));
#2187 = ( GEOMETRIC_REPRESENTATION_CONTEXT(2) 
PARAMETRIC_REPRESENTATION_CONTEXT() REPRESENTATION_CONTEXT('2D SPACE',''
  ) );
#2188 = PCURVE('',#1469,#2189);
#2189 = DEFINITIONAL_REPRESENTATION('',(#2190),#2194);
#2190 = LINE('',#2191,#2192);
#2191 = CARTESIAN_POINT('',(0.188227587437,0.));
#2192 = VECTOR('',#2193,1.);
#2193 = DIRECTION('',(0.,-1.));
#2194 = ( GEOMETRIC_REPRESENTATION_CONTEXT(2) 
PARAMETRIC_REPRESENTATION_CONTEXT() REPRESENTATION_CONTEXT('2D SPACE',''
  ) );
#2195 = ORIENTED_EDGE('',*,*,#2196,.F.);
#2196 = EDGE_CURVE('',#2073,#2174,#2197,.T.);
#2197 = SURFACE_CURVE('',#2198,(#2202,#2208),.PCURVE_S1.);
#2198 = LINE('',#2199,#2200);
#2199 = CARTESIAN_POINT('',(63.240015837287,-65.5885988574,5.91));
#2200 = VECTOR('',#2201,1.);
#2201 = DIRECTION('',(-7.539970909033E-02,0.997153390341,0.));
#2202 = PCURVE('',#1495,#2203);
#2203 = DEFINITIONAL_REPRESENTATION('',(#2204),#2207);
#2204 = B_SPLINE_CURVE_WITH_KNOTS('',1,(#2205,#2206),.UNSPECIFIED.,.F.,
  .F.,(2,2),(1.281861720566,1.470089308003),.PIECEWISE_BEZIER_KNOTS.);
#2205 = CARTESIAN_POINT('',(0.188227587437,-25.91));
#2206 = CARTESIAN_POINT('',(0.,-25.91));
#2207 = ( GEOMETRIC_REPRESENTATION_CONTEXT(2) 
PARAMETRIC_REPRESENTATION_CONTEXT() REPRESENTATION_CONTEXT('2D SPACE',''
  ) );
#2208 = PCURVE('',#1792,#2209);
#2209 = DEFINITIONAL_REPRESENTATION('',(#2210),#2213);
#2210 = B_SPLINE_CURVE_WITH_KNOTS('',1,(#2211,#2212),.UNSPECIFIED.,.F.,
  .F.,(2,2),(1.281861720566,1.470089308003),.PIECEWISE_BEZIER_KNOTS.);
#2211 = CARTESIAN_POINT('',(-21.57582521047,1.128352062194));
#2212 = CARTESIAN_POINT('',(-21.5900175158,1.316043839163));
#2213 = ( GEOMETRIC_REPRESENTATION_CONTEXT(2) 
PARAMETRIC_REPRESENTATION_CONTEXT() REPRESENTATION_CONTEXT('2D SPACE',''
  ) );
#2214 = ORIENTED_EDGE('',*,*,#2072,.F.);
#2215 = ADVANCED_FACE('',(#2216),#192,.F.);
#2216 = FACE_BOUND('',#2217,.F.);
#2217 = EDGE_LOOP('',(#2218,#2219,#2242,#2263));
#2218 = ORIENTED_EDGE('',*,*,#2118,.T.);
#2219 = ORIENTED_EDGE('',*,*,#2220,.T.);
#2220 = EDGE_CURVE('',#2119,#2221,#2223,.T.);
#2221 = VERTEX_POINT('',#2222);
#2222 = CARTESIAN_POINT('',(66.947270282425,-77.25219651395,5.91));
#2223 = SURFACE_CURVE('',#2224,(#2228,#2235),.PCURVE_S1.);
#2224 = LINE('',#2225,#2226);
#2225 = CARTESIAN_POINT('',(66.42963219222,-77.32034486137,5.91));
#2226 = VECTOR('',#2227,1.);
#2227 = DIRECTION('',(0.991444861374,0.13052619222,0.));
#2228 = PCURVE('',#192,#2229);
#2229 = DEFINITIONAL_REPRESENTATION('',(#2230),#2234);
#2230 = LINE('',#2231,#2232);
#2231 = CARTESIAN_POINT('',(0.,-1.5));
#2232 = VECTOR('',#2233,1.);
#2233 = DIRECTION('',(1.,0.));
#2234 = ( GEOMETRIC_REPRESENTATION_CONTEXT(2) 
PARAMETRIC_REPRESENTATION_CONTEXT() REPRESENTATION_CONTEXT('2D SPACE',''
  ) );
#2235 = PCURVE('',#1792,#2236);
#2236 = DEFINITIONAL_REPRESENTATION('',(#2237),#2241);
#2237 = LINE('',#2238,#2239);
#2238 = CARTESIAN_POINT('',(-18.28955685471,-11.88160670238));
#2239 = VECTOR('',#2240,1.);
#2240 = DIRECTION('',(0.991444861374,0.13052619222));
#2241 = ( GEOMETRIC_REPRESENTATION_CONTEXT(2) 
PARAMETRIC_REPRESENTATION_CONTEXT() REPRESENTATION_CONTEXT('2D SPACE',''
  ) );
#2242 = ORIENTED_EDGE('',*,*,#2243,.F.);
#2243 = EDGE_CURVE('',#177,#2221,#2244,.T.);
#2244 = SURFACE_CURVE('',#2245,(#2249,#2256),.PCURVE_S1.);
#2245 = LINE('',#2246,#2247);
#2246 = CARTESIAN_POINT('',(66.947270282425,-77.25219651395,4.41));
#2247 = VECTOR('',#2248,1.);
#2248 = DIRECTION('',(0.,0.,1.));
#2249 = PCURVE('',#192,#2250);
#2250 = DEFINITIONAL_REPRESENTATION('',(#2251),#2255);
#2251 = LINE('',#2252,#2253);
#2252 = CARTESIAN_POINT('',(0.52210476888,0.));
#2253 = VECTOR('',#2254,1.);
#2254 = DIRECTION('',(0.,-1.));
#2255 = ( GEOMETRIC_REPRESENTATION_CONTEXT(2) 
PARAMETRIC_REPRESENTATION_CONTEXT() REPRESENTATION_CONTEXT('2D SPACE',''
  ) );
#2256 = PCURVE('',#225,#2257);
#2257 = DEFINITIONAL_REPRESENTATION('',(#2258),#2262);
#2258 = LINE('',#2259,#2260);
#2259 = CARTESIAN_POINT('',(1.604739948105,0.));
#2260 = VECTOR('',#2261,1.);
#2261 = DIRECTION('',(0.,-1.));
#2262 = ( GEOMETRIC_REPRESENTATION_CONTEXT(2) 
PARAMETRIC_REPRESENTATION_CONTEXT() REPRESENTATION_CONTEXT('2D SPACE',''
  ) );
#2263 = ORIENTED_EDGE('',*,*,#176,.F.);
#2264 = ADVANCED_FACE('',(#2265),#1469,.F.);
#2265 = FACE_BOUND('',#2266,.F.);
#2266 = EDGE_LOOP('',(#2267,#2268,#2291,#2310));
#2267 = ORIENTED_EDGE('',*,*,#1454,.T.);
#2268 = ORIENTED_EDGE('',*,*,#2269,.T.);
#2269 = EDGE_CURVE('',#1429,#2270,#2272,.T.);
#2270 = VERTEX_POINT('',#2271);
#2271 = CARTESIAN_POINT('',(63.127297983358,-63.93447605692,5.91));
#2272 = SURFACE_CURVE('',#2273,(#2277,#2284),.PCURVE_S1.);
#2273 = LINE('',#2274,#2275);
#2274 = CARTESIAN_POINT('',(63.127297983358,-63.93447605692,-20.));
#2275 = VECTOR('',#2276,1.);
#2276 = DIRECTION('',(0.,0.,1.));
#2277 = PCURVE('',#1469,#2278);
#2278 = DEFINITIONAL_REPRESENTATION('',(#2279),#2283);
#2279 = LINE('',#2280,#2281);
#2280 = CARTESIAN_POINT('',(0.,0.));
#2281 = VECTOR('',#2282,1.);
#2282 = DIRECTION('',(0.,-1.));
#2283 = ( GEOMETRIC_REPRESENTATION_CONTEXT(2) 
PARAMETRIC_REPRESENTATION_CONTEXT() REPRESENTATION_CONTEXT('2D SPACE',''
  ) );
#2284 = PCURVE('',#1443,#2285);
#2285 = DEFINITIONAL_REPRESENTATION('',(#2286),#2290);
#2286 = LINE('',#2287,#2288);
#2287 = CARTESIAN_POINT('',(0.188227587437,0.));
#2288 = VECTOR('',#2289,1.);
#2289 = DIRECTION('',(0.,-1.));
#2290 = ( GEOMETRIC_REPRESENTATION_CONTEXT(2) 
PARAMETRIC_REPRESENTATION_CONTEXT() REPRESENTATION_CONTEXT('2D SPACE',''
  ) );
#2291 = ORIENTED_EDGE('',*,*,#2292,.F.);
#2292 = EDGE_CURVE('',#2174,#2270,#2293,.T.);
#2293 = SURFACE_CURVE('',#2294,(#2298,#2304),.PCURVE_S1.);
#2294 = LINE('',#2295,#2296);
#2295 = CARTESIAN_POINT('',(63.13585365233,-64.79398611516,5.91));
#2296 = VECTOR('',#2297,1.);
#2297 = DIRECTION('',(-9.95363004084E-03,0.999950461397,0.));
#2298 = PCURVE('',#1469,#2299);
#2299 = DEFINITIONAL_REPRESENTATION('',(#2300),#2303);
#2300 = B_SPLINE_CURVE_WITH_KNOTS('',1,(#2301,#2302),.UNSPECIFIED.,.F.,
  .F.,(2,2),(0.67132505184,0.859552639278),.PIECEWISE_BEZIER_KNOTS.);
#2301 = CARTESIAN_POINT('',(0.188227587437,-25.91));
#2302 = CARTESIAN_POINT('',(0.,-25.91));
#2303 = ( GEOMETRIC_REPRESENTATION_CONTEXT(2) 
PARAMETRIC_REPRESENTATION_CONTEXT() REPRESENTATION_CONTEXT('2D SPACE',''
  ) );
#2304 = PCURVE('',#1792,#2305);
#2305 = DEFINITIONAL_REPRESENTATION('',(#2306),#2309);
#2306 = B_SPLINE_CURVE_WITH_KNOTS('',1,(#2307,#2308),.UNSPECIFIED.,.F.,
  .F.,(2,2),(0.67132505184,0.859552639278),.PIECEWISE_BEZIER_KNOTS.);
#2307 = CARTESIAN_POINT('',(-21.5900175158,1.316043839163));
#2308 = CARTESIAN_POINT('',(-21.59189106357,1.504262102069));
#2309 = ( GEOMETRIC_REPRESENTATION_CONTEXT(2) 
PARAMETRIC_REPRESENTATION_CONTEXT() REPRESENTATION_CONTEXT('2D SPACE',''
  ) );
#2310 = ORIENTED_EDGE('',*,*,#2173,.F.);
#2311 = ADVANCED_FACE('',(#2312),#225,.T.);
#2312 = FACE_BOUND('',#2313,.T.);
#2313 = EDGE_LOOP('',(#2314,#2337,#2363,#2364));
#2314 = ORIENTED_EDGE('',*,*,#2315,.T.);
#2315 = EDGE_CURVE('',#205,#2316,#2318,.T.);
#2316 = VERTEX_POINT('',#2317);
#2317 = CARTESIAN_POINT('',(66.980841862427,-77.24719573165,5.91));
#2318 = SURFACE_CURVE('',#2319,(#2323,#2330),.PCURVE_S1.);
#2319 = LINE('',#2320,#2321);
#2320 = CARTESIAN_POINT('',(66.980841862427,-77.24719573165,4.41));
#2321 = VECTOR('',#2322,1.);
#2322 = DIRECTION('',(0.,0.,1.));
#2323 = PCURVE('',#225,#2324);
#2324 = DEFINITIONAL_REPRESENTATION('',(#2325),#2329);
#2325 = LINE('',#2326,#2327);
#2326 = CARTESIAN_POINT('',(1.570796326795,0.));
#2327 = VECTOR('',#2328,1.);
#2328 = DIRECTION('',(0.,-1.));
#2329 = ( GEOMETRIC_REPRESENTATION_CONTEXT(2) 
PARAMETRIC_REPRESENTATION_CONTEXT() REPRESENTATION_CONTEXT('2D SPACE',''
  ) );
#2330 = PCURVE('',#253,#2331);
#2331 = DEFINITIONAL_REPRESENTATION('',(#2332),#2336);
#2332 = LINE('',#2333,#2334);
#2333 = CARTESIAN_POINT('',(0.,0.));
#2334 = VECTOR('',#2335,1.);
#2335 = DIRECTION('',(0.,-1.));
#2336 = ( GEOMETRIC_REPRESENTATION_CONTEXT(2) 
PARAMETRIC_REPRESENTATION_CONTEXT() REPRESENTATION_CONTEXT('2D SPACE',''
  ) );
#2337 = ORIENTED_EDGE('',*,*,#2338,.T.);
#2338 = EDGE_CURVE('',#2316,#2221,#2339,.T.);
#2339 = SURFACE_CURVE('',#2340,(#2345,#2352),.PCURVE_S1.);
#2340 = CIRCLE('',#2341,1.);
#2341 = AXIS2_PLACEMENT_3D('',#2342,#2343,#2344);
#2342 = CARTESIAN_POINT('',(66.816744090205,-76.26075165257,5.91));
#2343 = DIRECTION('',(0.,0.,-1.));
#2344 = DIRECTION('',(0.98644407908,0.164097772222,0.));
#2345 = PCURVE('',#225,#2346);
#2346 = DEFINITIONAL_REPRESENTATION('',(#2347),#2351);
#2347 = LINE('',#2348,#2349);
#2348 = CARTESIAN_POINT('',(0.,-1.5));
#2349 = VECTOR('',#2350,1.);
#2350 = DIRECTION('',(1.,0.));
#2351 = ( GEOMETRIC_REPRESENTATION_CONTEXT(2) 
PARAMETRIC_REPRESENTATION_CONTEXT() REPRESENTATION_CONTEXT('2D SPACE',''
  ) );
#2352 = PCURVE('',#1792,#2353);
#2353 = DEFINITIONAL_REPRESENTATION('',(#2354),#2362);
#2354 = ( BOUNDED_CURVE() B_SPLINE_CURVE(2,(#2355,#2356,#2357,#2358,
#2359,#2360,#2361),.UNSPECIFIED.,.T.,.F.) B_SPLINE_CURVE_WITH_KNOTS((1,2
    ,2,2,2,1),(-2.094395102393,0.,2.094395102393,4.188790204786,
6.28318530718,8.377580409573),.UNSPECIFIED.) CURVE() 
GEOMETRIC_REPRESENTATION_ITEM() RATIONAL_B_SPLINE_CURVE((1.,0.5,1.,0.5,
1.,0.5,1.)) REPRESENTATION_ITEM('') );
#2355 = CARTESIAN_POINT('',(-16.91600087764,-10.65791572136));
#2356 = CARTESIAN_POINT('',(-16.63177519875,-12.36648698515));
#2357 = CARTESIAN_POINT('',(-18.25355415682,-11.75834801159));
#2358 = CARTESIAN_POINT('',(-19.87533311488,-11.15020903802));
#2359 = CARTESIAN_POINT('',(-18.53777983571,-10.0497767478));
#2360 = CARTESIAN_POINT('',(-17.20022655654,-8.949344457572));
#2361 = CARTESIAN_POINT('',(-16.91600087764,-10.65791572136));
#2362 = ( GEOMETRIC_REPRESENTATION_CONTEXT(2) 
PARAMETRIC_REPRESENTATION_CONTEXT() REPRESENTATION_CONTEXT('2D SPACE',''
  ) );
#2363 = ORIENTED_EDGE('',*,*,#2243,.F.);
#2364 = ORIENTED_EDGE('',*,*,#204,.F.);
#2365 = ADVANCED_FACE('',(#2366),#1443,.F.);
#2366 = FACE_BOUND('',#2367,.F.);
#2367 = EDGE_LOOP('',(#2368,#2369,#2392,#2411));
#2368 = ORIENTED_EDGE('',*,*,#1428,.T.);
#2369 = ORIENTED_EDGE('',*,*,#2370,.T.);
#2370 = EDGE_CURVE('',#1403,#2371,#2373,.T.);
#2371 = VERTEX_POINT('',#2372);
#2372 = CARTESIAN_POINT('',(63.137751232574,-63.74653895507,5.91));
#2373 = SURFACE_CURVE('',#2374,(#2378,#2385),.PCURVE_S1.);
#2374 = LINE('',#2375,#2376);
#2375 = CARTESIAN_POINT('',(63.137751232574,-63.74653895507,-20.));
#2376 = VECTOR('',#2377,1.);
#2377 = DIRECTION('',(0.,0.,1.));
#2378 = PCURVE('',#1443,#2379);
#2379 = DEFINITIONAL_REPRESENTATION('',(#2380),#2384);
#2380 = LINE('',#2381,#2382);
#2381 = CARTESIAN_POINT('',(0.,0.));
#2382 = VECTOR('',#2383,1.);
#2383 = DIRECTION('',(0.,-1.));
#2384 = ( GEOMETRIC_REPRESENTATION_CONTEXT(2) 
PARAMETRIC_REPRESENTATION_CONTEXT() REPRESENTATION_CONTEXT('2D SPACE',''
  ) );
#2385 = PCURVE('',#1417,#2386);
#2386 = DEFINITIONAL_REPRESENTATION('',(#2387),#2391);
#2387 = LINE('',#2388,#2389);
#2388 = CARTESIAN_POINT('',(0.188227587437,0.));
#2389 = VECTOR('',#2390,1.);
#2390 = DIRECTION('',(0.,-1.));
#2391 = ( GEOMETRIC_REPRESENTATION_CONTEXT(2) 
PARAMETRIC_REPRESENTATION_CONTEXT() REPRESENTATION_CONTEXT('2D SPACE',''
  ) );
#2392 = ORIENTED_EDGE('',*,*,#2393,.F.);
#2393 = EDGE_CURVE('',#2270,#2371,#2394,.T.);
#2394 = SURFACE_CURVE('',#2395,(#2399,#2405),.PCURVE_S1.);
#2395 = LINE('',#2396,#2397);
#2396 = CARTESIAN_POINT('',(63.124115710197,-63.99168957808,5.91));
#2397 = VECTOR('',#2398,1.);
#2398 = DIRECTION('',(5.553516016329E-02,0.998456732155,-0.));
#2399 = PCURVE('',#1443,#2400);
#2400 = DEFINITIONAL_REPRESENTATION('',(#2401),#2404);
#2401 = B_SPLINE_CURVE_WITH_KNOTS('',1,(#2402,#2403),.UNSPECIFIED.,.F.,
  .F.,(2,2),(5.730195342762E-02,0.245529540865),
  .PIECEWISE_BEZIER_KNOTS.);
#2402 = CARTESIAN_POINT('',(0.188227587437,-25.91));
#2403 = CARTESIAN_POINT('',(0.,-25.91));
#2404 = ( GEOMETRIC_REPRESENTATION_CONTEXT(2) 
PARAMETRIC_REPRESENTATION_CONTEXT() REPRESENTATION_CONTEXT('2D SPACE',''
  ) );
#2405 = PCURVE('',#1792,#2406);
#2406 = DEFINITIONAL_REPRESENTATION('',(#2407),#2410);
#2407 = B_SPLINE_CURVE_WITH_KNOTS('',1,(#2408,#2409),.UNSPECIFIED.,.F.,
  .F.,(2,2),(5.730195342762E-02,0.245529540865),
  .PIECEWISE_BEZIER_KNOTS.);
#2408 = CARTESIAN_POINT('',(-21.59189106357,1.504262102069));
#2409 = CARTESIAN_POINT('',(-21.58143781436,1.692199203923));
#2410 = ( GEOMETRIC_REPRESENTATION_CONTEXT(2) 
PARAMETRIC_REPRESENTATION_CONTEXT() REPRESENTATION_CONTEXT('2D SPACE',''
  ) );
#2411 = ORIENTED_EDGE('',*,*,#2269,.F.);
#2412 = ADVANCED_FACE('',(#2413),#253,.F.);
#2413 = FACE_BOUND('',#2414,.F.);
#2414 = EDGE_LOOP('',(#2415,#2416,#2417,#2440));
#2415 = ORIENTED_EDGE('',*,*,#237,.F.);
#2416 = ORIENTED_EDGE('',*,*,#2315,.T.);
#2417 = ORIENTED_EDGE('',*,*,#2418,.T.);
#2418 = EDGE_CURVE('',#2316,#2419,#2421,.T.);
#2419 = VERTEX_POINT('',#2420);
#2420 = CARTESIAN_POINT('',(67.696025178612,-77.12822295722,5.91));
#2421 = SURFACE_CURVE('',#2422,(#2426,#2433),.PCURVE_S1.);
#2422 = LINE('',#2423,#2424);
#2423 = CARTESIAN_POINT('',(66.980841862427,-77.24719573165,5.91));
#2424 = VECTOR('',#2425,1.);
#2425 = DIRECTION('',(0.98644407908,0.164097772222,0.));
#2426 = PCURVE('',#253,#2427);
#2427 = DEFINITIONAL_REPRESENTATION('',(#2428),#2432);
#2428 = LINE('',#2429,#2430);
#2429 = CARTESIAN_POINT('',(0.,-1.5));
#2430 = VECTOR('',#2431,1.);
#2431 = DIRECTION('',(1.,0.));
#2432 = ( GEOMETRIC_REPRESENTATION_CONTEXT(2) 
PARAMETRIC_REPRESENTATION_CONTEXT() REPRESENTATION_CONTEXT('2D SPACE',''
  ) );
#2433 = PCURVE('',#1792,#2434);
#2434 = DEFINITIONAL_REPRESENTATION('',(#2435),#2439);
#2435 = LINE('',#2436,#2437);
#2436 = CARTESIAN_POINT('',(-17.7383471845,-11.80845757266));
#2437 = VECTOR('',#2438,1.);
#2438 = DIRECTION('',(0.98644407908,0.164097772222));
#2439 = ( GEOMETRIC_REPRESENTATION_CONTEXT(2) 
PARAMETRIC_REPRESENTATION_CONTEXT() REPRESENTATION_CONTEXT('2D SPACE',''
  ) );
#2440 = ORIENTED_EDGE('',*,*,#2441,.T.);
#2441 = EDGE_CURVE('',#2419,#238,#2442,.T.);
#2442 = SURFACE_CURVE('',#2443,(#2447,#2453),.PCURVE_S1.);
#2443 = LINE('',#2444,#2445);
#2444 = CARTESIAN_POINT('',(67.696025178612,-77.12822295722,-7.795));
#2445 = VECTOR('',#2446,1.);
#2446 = DIRECTION('',(-0.,0.,-1.));
#2447 = PCURVE('',#253,#2448);
#2448 = DEFINITIONAL_REPRESENTATION('',(#2449),#2452);
#2449 = B_SPLINE_CURVE_WITH_KNOTS('',1,(#2450,#2451),.UNSPECIFIED.,.F.,
  .F.,(2,2),(-13.705,-12.205),.PIECEWISE_BEZIER_KNOTS.);
#2450 = CARTESIAN_POINT('',(0.725011514949,-1.5));
#2451 = CARTESIAN_POINT('',(0.725011514949,0.));
#2452 = ( GEOMETRIC_REPRESENTATION_CONTEXT(2) 
PARAMETRIC_REPRESENTATION_CONTEXT() REPRESENTATION_CONTEXT('2D SPACE',''
  ) );
#2453 = PCURVE('',#280,#2454);
#2454 = DEFINITIONAL_REPRESENTATION('',(#2455),#2458);
#2455 = B_SPLINE_CURVE_WITH_KNOTS('',1,(#2456,#2457),.UNSPECIFIED.,.F.,
  .F.,(2,2),(-13.705,-12.205),.PIECEWISE_BEZIER_KNOTS.);
#2456 = CARTESIAN_POINT('',(1.349546233969,-25.91));
#2457 = CARTESIAN_POINT('',(1.349546233969,-24.41));
#2458 = ( GEOMETRIC_REPRESENTATION_CONTEXT(2) 
PARAMETRIC_REPRESENTATION_CONTEXT() REPRESENTATION_CONTEXT('2D SPACE',''
  ) );
#2459 = ADVANCED_FACE('',(#2460),#1417,.F.);
#2460 = FACE_BOUND('',#2461,.F.);
#2461 = EDGE_LOOP('',(#2462,#2463,#2486,#2505));
#2462 = ORIENTED_EDGE('',*,*,#1402,.T.);
#2463 = ORIENTED_EDGE('',*,*,#2464,.T.);
#2464 = EDGE_CURVE('',#1377,#2465,#2467,.T.);
#2465 = VERTEX_POINT('',#2466);
#2466 = CARTESIAN_POINT('',(63.160486423747,-63.55968945479,5.91));
#2467 = SURFACE_CURVE('',#2468,(#2472,#2479),.PCURVE_S1.);
#2468 = LINE('',#2469,#2470);
#2469 = CARTESIAN_POINT('',(63.160486423747,-63.55968945479,-20.));
#2470 = VECTOR('',#2471,1.);
#2471 = DIRECTION('',(0.,0.,1.));
#2472 = PCURVE('',#1417,#2473);
#2473 = DEFINITIONAL_REPRESENTATION('',(#2474),#2478);
#2474 = LINE('',#2475,#2476);
#2475 = CARTESIAN_POINT('',(0.,0.));
#2476 = VECTOR('',#2477,1.);
#2477 = DIRECTION('',(0.,-1.));
#2478 = ( GEOMETRIC_REPRESENTATION_CONTEXT(2) 
PARAMETRIC_REPRESENTATION_CONTEXT() REPRESENTATION_CONTEXT('2D SPACE',''
  ) );
#2479 = PCURVE('',#1391,#2480);
#2480 = DEFINITIONAL_REPRESENTATION('',(#2481),#2485);
#2481 = LINE('',#2482,#2483);
#2482 = CARTESIAN_POINT('',(0.188227587437,0.));
#2483 = VECTOR('',#2484,1.);
#2484 = DIRECTION('',(0.,-1.));
#2485 = ( GEOMETRIC_REPRESENTATION_CONTEXT(2) 
PARAMETRIC_REPRESENTATION_CONTEXT() REPRESENTATION_CONTEXT('2D SPACE',''
  ) );
#2486 = ORIENTED_EDGE('',*,*,#2487,.F.);
#2487 = EDGE_CURVE('',#2371,#2465,#2488,.T.);
#2488 = SURFACE_CURVE('',#2489,(#2493,#2499),.PCURVE_S1.);
#2489 = LINE('',#2490,#2491);
#2490 = CARTESIAN_POINT('',(63.205098023919,-63.19304836805,5.91));
#2491 = VECTOR('',#2492,1.);
#2492 = DIRECTION('',(0.12078564828,0.992678612225,-0.));
#2493 = PCURVE('',#1417,#2494);
#2494 = DEFINITIONAL_REPRESENTATION('',(#2495),#2498);
#2495 = B_SPLINE_CURVE_WITH_KNOTS('',1,(#2496,#2497),.UNSPECIFIED.,.F.,
  .F.,(2,2),(-0.557572793655,-0.369345206217),.PIECEWISE_BEZIER_KNOTS.);
#2496 = CARTESIAN_POINT('',(0.188227587437,-25.91));
#2497 = CARTESIAN_POINT('',(0.,-25.91));
#2498 = ( GEOMETRIC_REPRESENTATION_CONTEXT(2) 
PARAMETRIC_REPRESENTATION_CONTEXT() REPRESENTATION_CONTEXT('2D SPACE',''
  ) );
#2499 = PCURVE('',#1792,#2500);
#2500 = DEFINITIONAL_REPRESENTATION('',(#2501),#2504);
#2501 = B_SPLINE_CURVE_WITH_KNOTS('',1,(#2502,#2503),.UNSPECIFIED.,.F.,
  .F.,(2,2),(-0.557572793655,-0.369345206217),.PIECEWISE_BEZIER_KNOTS.);
#2502 = CARTESIAN_POINT('',(-21.58143781436,1.692199203923));
#2503 = CARTESIAN_POINT('',(-21.55870262318,1.879048704203));
#2504 = ( GEOMETRIC_REPRESENTATION_CONTEXT(2) 
PARAMETRIC_REPRESENTATION_CONTEXT() REPRESENTATION_CONTEXT('2D SPACE',''
  ) );
#2505 = ORIENTED_EDGE('',*,*,#2370,.F.);
#2506 = ADVANCED_FACE('',(#2507),#280,.T.);
#2507 = FACE_BOUND('',#2508,.T.);
#2508 = EDGE_LOOP('',(#2509,#2510,#2533,#2552));
#2509 = ORIENTED_EDGE('',*,*,#265,.T.);
#2510 = ORIENTED_EDGE('',*,*,#2511,.T.);
#2511 = EDGE_CURVE('',#266,#2512,#2514,.T.);
#2512 = VERTEX_POINT('',#2513);
#2513 = CARTESIAN_POINT('',(67.484909635454,-75.79529187683,5.91));
#2514 = SURFACE_CURVE('',#2515,(#2519,#2526),.PCURVE_S1.);
#2515 = LINE('',#2516,#2517);
#2516 = CARTESIAN_POINT('',(67.484909635454,-75.79529187683,-20.));
#2517 = VECTOR('',#2518,1.);
#2518 = DIRECTION('',(0.,0.,1.));
#2519 = PCURVE('',#280,#2520);
#2520 = DEFINITIONAL_REPRESENTATION('',(#2521),#2525);
#2521 = LINE('',#2522,#2523);
#2522 = CARTESIAN_POINT('',(0.,0.));
#2523 = VECTOR('',#2524,1.);
#2524 = DIRECTION('',(0.,-1.));
#2525 = ( GEOMETRIC_REPRESENTATION_CONTEXT(2) 
PARAMETRIC_REPRESENTATION_CONTEXT() REPRESENTATION_CONTEXT('2D SPACE',''
  ) );
#2526 = PCURVE('',#306,#2527);
#2527 = DEFINITIONAL_REPRESENTATION('',(#2528),#2532);
#2528 = LINE('',#2529,#2530);
#2529 = CARTESIAN_POINT('',(17.05,0.));
#2530 = VECTOR('',#2531,1.);
#2531 = DIRECTION('',(0.,-1.));
#2532 = ( GEOMETRIC_REPRESENTATION_CONTEXT(2) 
PARAMETRIC_REPRESENTATION_CONTEXT() REPRESENTATION_CONTEXT('2D SPACE',''
  ) );
#2533 = ORIENTED_EDGE('',*,*,#2534,.F.);
#2534 = EDGE_CURVE('',#2419,#2512,#2535,.T.);
#2535 = SURFACE_CURVE('',#2536,(#2540,#2546),.PCURVE_S1.);
#2536 = LINE('',#2537,#2538);
#2537 = CARTESIAN_POINT('',(66.895698278347,-72.07515777843,5.91));
#2538 = VECTOR('',#2539,1.);
#2539 = DIRECTION('',(-0.15643446504,0.987688340595,0.));
#2540 = PCURVE('',#280,#2541);
#2541 = DEFINITIONAL_REPRESENTATION('',(#2542),#2545);
#2542 = B_SPLINE_CURVE_WITH_KNOTS('',1,(#2543,#2544),.UNSPECIFIED.,.F.,
  .F.,(2,2),(-5.319230779215,-3.766506037886),.PIECEWISE_BEZIER_KNOTS.);
#2543 = CARTESIAN_POINT('',(1.55272474133,-25.91));
#2544 = CARTESIAN_POINT('',(0.,-25.91));
#2545 = ( GEOMETRIC_REPRESENTATION_CONTEXT(2) 
PARAMETRIC_REPRESENTATION_CONTEXT() REPRESENTATION_CONTEXT('2D SPACE',''
  ) );
#2546 = PCURVE('',#1792,#2547);
#2547 = DEFINITIONAL_REPRESENTATION('',(#2548),#2551);
#2548 = B_SPLINE_CURVE_WITH_KNOTS('',1,(#2549,#2550),.UNSPECIFIED.,.F.,
  .F.,(2,2),(-5.319230779215,-3.766506037886),.PIECEWISE_BEZIER_KNOTS.);
#2549 = CARTESIAN_POINT('',(-16.99137974721,-11.890161841));
#2550 = CARTESIAN_POINT('',(-17.23427941147,-10.35655371784));
#2551 = ( GEOMETRIC_REPRESENTATION_CONTEXT(2) 
PARAMETRIC_REPRESENTATION_CONTEXT() REPRESENTATION_CONTEXT('2D SPACE',''
  ) );
#2552 = ORIENTED_EDGE('',*,*,#2441,.T.);
#2553 = ADVANCED_FACE('',(#2554),#1391,.F.);
#2554 = FACE_BOUND('',#2555,.F.);
#2555 = EDGE_LOOP('',(#2556,#2557,#2580,#2599));
#2556 = ORIENTED_EDGE('',*,*,#1376,.T.);
#2557 = ORIENTED_EDGE('',*,*,#2558,.T.);
#2558 = EDGE_CURVE('',#1351,#2559,#2561,.T.);
#2559 = VERTEX_POINT('',#2560);
#2560 = CARTESIAN_POINT('',(63.195405999879,-63.37472932969,5.91));
#2561 = SURFACE_CURVE('',#2562,(#2566,#2573),.PCURVE_S1.);
#2562 = LINE('',#2563,#2564);
#2563 = CARTESIAN_POINT('',(63.195405999879,-63.37472932969,-20.));
#2564 = VECTOR('',#2565,1.);
#2565 = DIRECTION('',(0.,0.,1.));
#2566 = PCURVE('',#1391,#2567);
#2567 = DEFINITIONAL_REPRESENTATION('',(#2568),#2572);
#2568 = LINE('',#2569,#2570);
#2569 = CARTESIAN_POINT('',(0.,0.));
#2570 = VECTOR('',#2571,1.);
#2571 = DIRECTION('',(0.,-1.));
#2572 = ( GEOMETRIC_REPRESENTATION_CONTEXT(2) 
PARAMETRIC_REPRESENTATION_CONTEXT() REPRESENTATION_CONTEXT('2D SPACE',''
  ) );
#2573 = PCURVE('',#1365,#2574);
#2574 = DEFINITIONAL_REPRESENTATION('',(#2575),#2579);
#2575 = LINE('',#2576,#2577);
#2576 = CARTESIAN_POINT('',(0.188227587437,0.));
#2577 = VECTOR('',#2578,1.);
#2578 = DIRECTION('',(0.,-1.));
#2579 = ( GEOMETRIC_REPRESENTATION_CONTEXT(2) 
PARAMETRIC_REPRESENTATION_CONTEXT() REPRESENTATION_CONTEXT('2D SPACE',''
  ) );
#2580 = ORIENTED_EDGE('',*,*,#2581,.F.);
#2581 = EDGE_CURVE('',#2465,#2559,#2582,.T.);
#2582 = SURFACE_CURVE('',#2583,(#2587,#2593),.PCURVE_S1.);
#2583 = LINE('',#2584,#2585);
#2584 = CARTESIAN_POINT('',(63.377664882438,-62.40935032308,5.91));
#2585 = VECTOR('',#2586,1.);
#2586 = DIRECTION('',(0.185517843626,0.982640895595,-0.));
#2587 = PCURVE('',#1391,#2588);
#2588 = DEFINITIONAL_REPRESENTATION('',(#2589),#2592);
#2589 = B_SPLINE_CURVE_WITH_KNOTS('',1,(#2590,#2591),.UNSPECIFIED.,.F.,
  .F.,(2,2),(-1.170660753954,-0.982433166517),.PIECEWISE_BEZIER_KNOTS.);
#2590 = CARTESIAN_POINT('',(0.188227587437,-25.91));
#2591 = CARTESIAN_POINT('',(0.,-25.91));
#2592 = ( GEOMETRIC_REPRESENTATION_CONTEXT(2) 
PARAMETRIC_REPRESENTATION_CONTEXT() REPRESENTATION_CONTEXT('2D SPACE',''
  ) );
#2593 = PCURVE('',#1792,#2594);
#2594 = DEFINITIONAL_REPRESENTATION('',(#2595),#2598);
#2595 = B_SPLINE_CURVE_WITH_KNOTS('',1,(#2596,#2597),.UNSPECIFIED.,.F.,
  .F.,(2,2),(-1.170660753954,-0.982433166517),.PIECEWISE_BEZIER_KNOTS.);
#2596 = CARTESIAN_POINT('',(-21.55870262318,1.879048704203));
#2597 = CARTESIAN_POINT('',(-21.52378304705,2.064008829298));
#2598 = ( GEOMETRIC_REPRESENTATION_CONTEXT(2) 
PARAMETRIC_REPRESENTATION_CONTEXT() REPRESENTATION_CONTEXT('2D SPACE',''
  ) );
#2599 = ORIENTED_EDGE('',*,*,#2464,.F.);
#2600 = ADVANCED_FACE('',(#2601),#306,.T.);
#2601 = FACE_BOUND('',#2602,.T.);
#2602 = EDGE_LOOP('',(#2603,#2604,#2625,#2644));
#2603 = ORIENTED_EDGE('',*,*,#291,.T.);
#2604 = ORIENTED_EDGE('',*,*,#2605,.F.);
#2605 = EDGE_CURVE('',#2606,#292,#2608,.T.);
#2606 = VERTEX_POINT('',#2607);
#2607 = CARTESIAN_POINT('',(84.275611856953,-73.13590590282,5.91));
#2608 = SURFACE_CURVE('',#2609,(#2613,#2619),.PCURVE_S1.);
#2609 = LINE('',#2610,#2611);
#2610 = CARTESIAN_POINT('',(84.275611856953,-73.13590590282,-20.));
#2611 = VECTOR('',#2612,1.);
#2612 = DIRECTION('',(0.,-0.,-1.));
#2613 = PCURVE('',#306,#2614);
#2614 = DEFINITIONAL_REPRESENTATION('',(#2615),#2618);
#2615 = B_SPLINE_CURVE_WITH_KNOTS('',1,(#2616,#2617),.UNSPECIFIED.,.F.,
  .F.,(2,2),(-50.,0.),.PIECEWISE_BEZIER_KNOTS.);
#2616 = CARTESIAN_POINT('',(4.999956324122E-02,-50.));
#2617 = CARTESIAN_POINT('',(4.999956324122E-02,0.));
#2618 = ( GEOMETRIC_REPRESENTATION_CONTEXT(2) 
PARAMETRIC_REPRESENTATION_CONTEXT() REPRESENTATION_CONTEXT('2D SPACE',''
  ) );
#2619 = PCURVE('',#332,#2620);
#2620 = DEFINITIONAL_REPRESENTATION('',(#2621),#2624);
#2621 = B_SPLINE_CURVE_WITH_KNOTS('',1,(#2622,#2623),.UNSPECIFIED.,.F.,
  .F.,(2,2),(-50.,0.),.PIECEWISE_BEZIER_KNOTS.);
#2622 = CARTESIAN_POINT('',(1.420082771344E-05,-50.));
#2623 = CARTESIAN_POINT('',(1.420082771344E-05,0.));
#2624 = ( GEOMETRIC_REPRESENTATION_CONTEXT(2) 
PARAMETRIC_REPRESENTATION_CONTEXT() REPRESENTATION_CONTEXT('2D SPACE',''
  ) );
#2625 = ORIENTED_EDGE('',*,*,#2626,.F.);
#2626 = EDGE_CURVE('',#2512,#2606,#2627,.T.);
#2627 = SURFACE_CURVE('',#2628,(#2632,#2638),.PCURVE_S1.);
#2628 = LINE('',#2629,#2630);
#2629 = CARTESIAN_POINT('',(85.111303801875,-73.00354530184,5.91));
#2630 = VECTOR('',#2631,1.);
#2631 = DIRECTION('',(0.987688340595,0.15643446504,-0.));
#2632 = PCURVE('',#306,#2633);
#2633 = DEFINITIONAL_REPRESENTATION('',(#2634),#2637);
#2634 = B_SPLINE_CURVE_WITH_KNOTS('',1,(#2635,#2636),.UNSPECIFIED.,.F.,
  .F.,(2,2),(-17.84610938689,-0.846108950135),.PIECEWISE_BEZIER_KNOTS.);
#2635 = CARTESIAN_POINT('',(17.05,-25.91));
#2636 = CARTESIAN_POINT('',(4.999956324122E-02,-25.91));
#2637 = ( GEOMETRIC_REPRESENTATION_CONTEXT(2) 
PARAMETRIC_REPRESENTATION_CONTEXT() REPRESENTATION_CONTEXT('2D SPACE',''
  ) );
#2638 = PCURVE('',#1792,#2639);
#2639 = DEFINITIONAL_REPRESENTATION('',(#2640),#2643);
#2640 = B_SPLINE_CURVE_WITH_KNOTS('',1,(#2641,#2642),.UNSPECIFIED.,.F.,
  .F.,(2,2),(-17.84610938689,-0.846108950135),.PIECEWISE_BEZIER_KNOTS.);
#2641 = CARTESIAN_POINT('',(-17.23427941147,-10.35655371784));
#2642 = CARTESIAN_POINT('',(-0.44357718998,-7.697167743834));
#2643 = ( GEOMETRIC_REPRESENTATION_CONTEXT(2) 
PARAMETRIC_REPRESENTATION_CONTEXT() REPRESENTATION_CONTEXT('2D SPACE',''
  ) );
#2644 = ORIENTED_EDGE('',*,*,#2511,.F.);
#2645 = ADVANCED_FACE('',(#2646),#1365,.F.);
#2646 = FACE_BOUND('',#2647,.F.);
#2647 = EDGE_LOOP('',(#2648,#2649,#2672,#2691));
#2648 = ORIENTED_EDGE('',*,*,#1350,.T.);
#2649 = ORIENTED_EDGE('',*,*,#2650,.T.);
#2650 = EDGE_CURVE('',#1325,#2651,#2653,.T.);
#2651 = VERTEX_POINT('',#2652);
#2652 = CARTESIAN_POINT('',(63.24236012062,-63.19245224606,5.91));
#2653 = SURFACE_CURVE('',#2654,(#2658,#2665),.PCURVE_S1.);
#2654 = LINE('',#2655,#2656);
#2655 = CARTESIAN_POINT('',(63.24236012062,-63.19245224606,-20.));
#2656 = VECTOR('',#2657,1.);
#2657 = DIRECTION('',(0.,0.,1.));
#2658 = PCURVE('',#1365,#2659);
#2659 = DEFINITIONAL_REPRESENTATION('',(#2660),#2664);
#2660 = LINE('',#2661,#2662);
#2661 = CARTESIAN_POINT('',(0.,0.));
#2662 = VECTOR('',#2663,1.);
#2663 = DIRECTION('',(0.,-1.));
#2664 = ( GEOMETRIC_REPRESENTATION_CONTEXT(2) 
PARAMETRIC_REPRESENTATION_CONTEXT() REPRESENTATION_CONTEXT('2D SPACE',''
  ) );
#2665 = PCURVE('',#1339,#2666);
#2666 = DEFINITIONAL_REPRESENTATION('',(#2667),#2671);
#2667 = LINE('',#2668,#2669);
#2668 = CARTESIAN_POINT('',(0.188227587437,0.));
#2669 = VECTOR('',#2670,1.);
#2670 = DIRECTION('',(0.,-1.));
#2671 = ( GEOMETRIC_REPRESENTATION_CONTEXT(2) 
PARAMETRIC_REPRESENTATION_CONTEXT() REPRESENTATION_CONTEXT('2D SPACE',''
  ) );
#2672 = ORIENTED_EDGE('',*,*,#2673,.F.);
#2673 = EDGE_CURVE('',#2559,#2651,#2674,.T.);
#2674 = SURFACE_CURVE('',#2675,(#2679,#2685),.PCURVE_S1.);
#2675 = LINE('',#2676,#2677);
#2676 = CARTESIAN_POINT('',(63.639267238407,-61.65164878171,5.91));
#2677 = VECTOR('',#2678,1.);
#2678 = DIRECTION('',(0.249453979518,0.968386654236,-0.));
#2679 = PCURVE('',#1365,#2680);
#2680 = DEFINITIONAL_REPRESENTATION('',(#2681),#2684);
#2681 = B_SPLINE_CURVE_WITH_KNOTS('',1,(#2682,#2683),.UNSPECIFIED.,.F.,
  .F.,(2,2),(-1.779331159142,-1.591103571705),.PIECEWISE_BEZIER_KNOTS.);
#2682 = CARTESIAN_POINT('',(0.188227587437,-25.91));
#2683 = CARTESIAN_POINT('',(0.,-25.91));
#2684 = ( GEOMETRIC_REPRESENTATION_CONTEXT(2) 
PARAMETRIC_REPRESENTATION_CONTEXT() REPRESENTATION_CONTEXT('2D SPACE',''
  ) );
#2685 = PCURVE('',#1792,#2686);
#2686 = DEFINITIONAL_REPRESENTATION('',(#2687),#2690);
#2687 = B_SPLINE_CURVE_WITH_KNOTS('',1,(#2688,#2689),.UNSPECIFIED.,.F.,
  .F.,(2,2),(-1.779331159142,-1.591103571705),.PIECEWISE_BEZIER_KNOTS.);
#2688 = CARTESIAN_POINT('',(-21.52378304705,2.064008829298));
#2689 = CARTESIAN_POINT('',(-21.47682892631,2.246285912931));
#2690 = ( GEOMETRIC_REPRESENTATION_CONTEXT(2) 
PARAMETRIC_REPRESENTATION_CONTEXT() REPRESENTATION_CONTEXT('2D SPACE',''
  ) );
#2691 = ORIENTED_EDGE('',*,*,#2558,.F.);
#2692 = ADVANCED_FACE('',(#2693),#332,.T.);
#2693 = FACE_BOUND('',#2694,.T.);
#2694 = EDGE_LOOP('',(#2695,#2696,#2719,#2738));
#2695 = ORIENTED_EDGE('',*,*,#317,.T.);
#2696 = ORIENTED_EDGE('',*,*,#2697,.T.);
#2697 = EDGE_CURVE('',#318,#2698,#2700,.T.);
#2698 = VERTEX_POINT('',#2699);
#2699 = CARTESIAN_POINT('',(84.275609635454,-73.13589187683,5.91));
#2700 = SURFACE_CURVE('',#2701,(#2705,#2712),.PCURVE_S1.);
#2701 = LINE('',#2702,#2703);
#2702 = CARTESIAN_POINT('',(84.275609635454,-73.13589187683,-20.));
#2703 = VECTOR('',#2704,1.);
#2704 = DIRECTION('',(0.,0.,1.));
#2705 = PCURVE('',#332,#2706);
#2706 = DEFINITIONAL_REPRESENTATION('',(#2707),#2711);
#2707 = LINE('',#2708,#2709);
#2708 = CARTESIAN_POINT('',(0.,0.));
#2709 = VECTOR('',#2710,1.);
#2710 = DIRECTION('',(0.,-1.));
#2711 = ( GEOMETRIC_REPRESENTATION_CONTEXT(2) 
PARAMETRIC_REPRESENTATION_CONTEXT() REPRESENTATION_CONTEXT('2D SPACE',''
  ) );
#2712 = PCURVE('',#358,#2713);
#2713 = DEFINITIONAL_REPRESENTATION('',(#2714),#2718);
#2714 = LINE('',#2715,#2716);
#2715 = CARTESIAN_POINT('',(17.05,0.));
#2716 = VECTOR('',#2717,1.);
#2717 = DIRECTION('',(0.,-1.));
#2718 = ( GEOMETRIC_REPRESENTATION_CONTEXT(2) 
PARAMETRIC_REPRESENTATION_CONTEXT() REPRESENTATION_CONTEXT('2D SPACE',''
  ) );
#2719 = ORIENTED_EDGE('',*,*,#2720,.F.);
#2720 = EDGE_CURVE('',#2606,#2698,#2721,.T.);
#2721 = SURFACE_CURVE('',#2722,(#2726,#2732),.PCURVE_S1.);
#2722 = LINE('',#2723,#2724);
#2723 = CARTESIAN_POINT('',(83.686399389096,-69.41576479143,5.91));
#2724 = VECTOR('',#2725,1.);
#2725 = DIRECTION('',(-0.15643446504,0.987688340595,0.));
#2726 = PCURVE('',#332,#2727);
#2727 = DEFINITIONAL_REPRESENTATION('',(#2728),#2731);
#2728 = B_SPLINE_CURVE_WITH_KNOTS('',1,(#2729,#2730),.UNSPECIFIED.,.F.,
  .F.,(2,2),(-3.766513138299,-3.766498937472),.PIECEWISE_BEZIER_KNOTS.);
#2729 = CARTESIAN_POINT('',(1.420082771331E-05,-25.91));
#2730 = CARTESIAN_POINT('',(0.,-25.91));
#2731 = ( GEOMETRIC_REPRESENTATION_CONTEXT(2) 
PARAMETRIC_REPRESENTATION_CONTEXT() REPRESENTATION_CONTEXT('2D SPACE',''
  ) );
#2732 = PCURVE('',#1792,#2733);
#2733 = DEFINITIONAL_REPRESENTATION('',(#2734),#2737);
#2734 = B_SPLINE_CURVE_WITH_KNOTS('',1,(#2735,#2736),.UNSPECIFIED.,.F.,
  .F.,(2,2),(-3.766513138299,-3.766498937472),.PIECEWISE_BEZIER_KNOTS.);
#2735 = CARTESIAN_POINT('',(-0.44357718998,-7.697167743834));
#2736 = CARTESIAN_POINT('',(-0.443579411479,-7.697153717842));
#2737 = ( GEOMETRIC_REPRESENTATION_CONTEXT(2) 
PARAMETRIC_REPRESENTATION_CONTEXT() REPRESENTATION_CONTEXT('2D SPACE',''
  ) );
#2738 = ORIENTED_EDGE('',*,*,#2605,.T.);
#2739 = ADVANCED_FACE('',(#2740),#1339,.F.);
#2740 = FACE_BOUND('',#2741,.F.);
#2741 = EDGE_LOOP('',(#2742,#2743,#2766,#2785));
#2742 = ORIENTED_EDGE('',*,*,#1324,.T.);
#2743 = ORIENTED_EDGE('',*,*,#2744,.T.);
#2744 = EDGE_CURVE('',#1299,#2745,#2747,.T.);
#2745 = VERTEX_POINT('',#2746);
#2746 = CARTESIAN_POINT('',(63.301147305234,-63.0136403572,5.91));
#2747 = SURFACE_CURVE('',#2748,(#2752,#2759),.PCURVE_S1.);
#2748 = LINE('',#2749,#2750);
#2749 = CARTESIAN_POINT('',(63.301147305234,-63.0136403572,-20.));
#2750 = VECTOR('',#2751,1.);
#2751 = DIRECTION('',(0.,0.,1.));
#2752 = PCURVE('',#1339,#2753);
#2753 = DEFINITIONAL_REPRESENTATION('',(#2754),#2758);
#2754 = LINE('',#2755,#2756);
#2755 = CARTESIAN_POINT('',(0.,0.));
#2756 = VECTOR('',#2757,1.);
#2757 = DIRECTION('',(0.,-1.));
#2758 = ( GEOMETRIC_REPRESENTATION_CONTEXT(2) 
PARAMETRIC_REPRESENTATION_CONTEXT() REPRESENTATION_CONTEXT('2D SPACE',''
  ) );
#2759 = PCURVE('',#1313,#2760);
#2760 = DEFINITIONAL_REPRESENTATION('',(#2761),#2765);
#2761 = LINE('',#2762,#2763);
#2762 = CARTESIAN_POINT('',(0.188227587437,0.));
#2763 = VECTOR('',#2764,1.);
#2764 = DIRECTION('',(0.,-1.));
#2765 = ( GEOMETRIC_REPRESENTATION_CONTEXT(2) 
PARAMETRIC_REPRESENTATION_CONTEXT() REPRESENTATION_CONTEXT('2D SPACE',''
  ) );
#2766 = ORIENTED_EDGE('',*,*,#2767,.F.);
#2767 = EDGE_CURVE('',#2651,#2745,#2768,.T.);
#2768 = SURFACE_CURVE('',#2769,(#2773,#2779),.PCURVE_S1.);
#2769 = LINE('',#2770,#2771);
#2770 = CARTESIAN_POINT('',(63.985984655111,-60.93058329471,5.91));
#2771 = VECTOR('',#2772,1.);
#2772 = DIRECTION('',(0.312319705173,0.949977053281,-0.));
#2773 = PCURVE('',#1339,#2774);
#2774 = DEFINITIONAL_REPRESENTATION('',(#2775),#2778);
#2775 = B_SPLINE_CURVE_WITH_KNOTS('',1,(#2776,#2777),.UNSPECIFIED.,.F.,
  .F.,(2,2),(-2.380972196677,-2.19274460924),.PIECEWISE_BEZIER_KNOTS.);
#2776 = CARTESIAN_POINT('',(0.188227587437,-25.91));
#2777 = CARTESIAN_POINT('',(0.,-25.91));
#2778 = ( GEOMETRIC_REPRESENTATION_CONTEXT(2) 
PARAMETRIC_REPRESENTATION_CONTEXT() REPRESENTATION_CONTEXT('2D SPACE',''
  ) );
#2779 = PCURVE('',#1792,#2780);
#2780 = DEFINITIONAL_REPRESENTATION('',(#2781),#2784);
#2781 = B_SPLINE_CURVE_WITH_KNOTS('',1,(#2782,#2783),.UNSPECIFIED.,.F.,
  .F.,(2,2),(-2.380972196677,-2.19274460924),.PIECEWISE_BEZIER_KNOTS.);
#2782 = CARTESIAN_POINT('',(-21.47682892631,2.246285912931));
#2783 = CARTESIAN_POINT('',(-21.41804174169,2.425097801791));
#2784 = ( GEOMETRIC_REPRESENTATION_CONTEXT(2) 
PARAMETRIC_REPRESENTATION_CONTEXT() REPRESENTATION_CONTEXT('2D SPACE',''
  ) );
#2785 = ORIENTED_EDGE('',*,*,#2650,.F.);
#2786 = ADVANCED_FACE('',(#2787),#358,.T.);
#2787 = FACE_BOUND('',#2788,.T.);
#2788 = EDGE_LOOP('',(#2789,#2790,#2813,#2832));
#2789 = ORIENTED_EDGE('',*,*,#343,.T.);
#2790 = ORIENTED_EDGE('',*,*,#2791,.T.);
#2791 = EDGE_CURVE('',#344,#2792,#2794,.T.);
#2792 = VERTEX_POINT('',#2793);
#2793 = CARTESIAN_POINT('',(101.1156958426,-70.46868424789,5.91));
#2794 = SURFACE_CURVE('',#2795,(#2799,#2806),.PCURVE_S1.);
#2795 = LINE('',#2796,#2797);
#2796 = CARTESIAN_POINT('',(101.1156958426,-70.46868424789,-20.));
#2797 = VECTOR('',#2798,1.);
#2798 = DIRECTION('',(0.,0.,1.));
#2799 = PCURVE('',#358,#2800);
#2800 = DEFINITIONAL_REPRESENTATION('',(#2801),#2805);
#2801 = LINE('',#2802,#2803);
#2802 = CARTESIAN_POINT('',(0.,0.));
#2803 = VECTOR('',#2804,1.);
#2804 = DIRECTION('',(0.,-1.));
#2805 = ( GEOMETRIC_REPRESENTATION_CONTEXT(2) 
PARAMETRIC_REPRESENTATION_CONTEXT() REPRESENTATION_CONTEXT('2D SPACE',''
  ) );
#2806 = PCURVE('',#384,#2807);
#2807 = DEFINITIONAL_REPRESENTATION('',(#2808),#2812);
#2808 = LINE('',#2809,#2810);
#2809 = CARTESIAN_POINT('',(17.25,0.));
#2810 = VECTOR('',#2811,1.);
#2811 = DIRECTION('',(0.,-1.));
#2812 = ( GEOMETRIC_REPRESENTATION_CONTEXT(2) 
PARAMETRIC_REPRESENTATION_CONTEXT() REPRESENTATION_CONTEXT('2D SPACE',''
  ) );
#2813 = ORIENTED_EDGE('',*,*,#2814,.F.);
#2814 = EDGE_CURVE('',#2698,#2792,#2815,.T.);
#2815 = SURFACE_CURVE('',#2816,(#2820,#2826),.PCURVE_S1.);
#2816 = LINE('',#2817,#2818);
#2817 = CARTESIAN_POINT('',(93.506652691125,-71.67383828885,5.91));
#2818 = VECTOR('',#2819,1.);
#2819 = DIRECTION('',(0.987688340595,0.15643446504,-0.));
#2820 = PCURVE('',#358,#2821);
#2821 = DEFINITIONAL_REPRESENTATION('',(#2822),#2825);
#2822 = B_SPLINE_CURVE_WITH_KNOTS('',1,(#2823,#2824),.UNSPECIFIED.,.F.,
  .F.,(2,2),(-9.346109168514,7.703890831486),.PIECEWISE_BEZIER_KNOTS.);
#2823 = CARTESIAN_POINT('',(17.05,-25.91));
#2824 = CARTESIAN_POINT('',(0.,-25.91));
#2825 = ( GEOMETRIC_REPRESENTATION_CONTEXT(2) 
PARAMETRIC_REPRESENTATION_CONTEXT() REPRESENTATION_CONTEXT('2D SPACE',''
  ) );
#2826 = PCURVE('',#1792,#2827);
#2827 = DEFINITIONAL_REPRESENTATION('',(#2828),#2831);
#2828 = B_SPLINE_CURVE_WITH_KNOTS('',1,(#2829,#2830),.UNSPECIFIED.,.F.,
  .F.,(2,2),(-9.346109168514,7.703890831486),.PIECEWISE_BEZIER_KNOTS.);
#2829 = CARTESIAN_POINT('',(-0.443579411479,-7.697153717842));
#2830 = CARTESIAN_POINT('',(16.396506795668,-5.029946088906));
#2831 = ( GEOMETRIC_REPRESENTATION_CONTEXT(2) 
PARAMETRIC_REPRESENTATION_CONTEXT() REPRESENTATION_CONTEXT('2D SPACE',''
  ) );
#2832 = ORIENTED_EDGE('',*,*,#2697,.F.);
#2833 = ADVANCED_FACE('',(#2834),#1313,.F.);
#2834 = FACE_BOUND('',#2835,.F.);
#2835 = EDGE_LOOP('',(#2836,#2837,#2860,#2879));
#2836 = ORIENTED_EDGE('',*,*,#1298,.T.);
#2837 = ORIENTED_EDGE('',*,*,#2838,.T.);
#2838 = EDGE_CURVE('',#1273,#2839,#2841,.T.);
#2839 = VERTEX_POINT('',#2840);
#2840 = CARTESIAN_POINT('',(63.371515297155,-62.83906094723,5.91));
#2841 = SURFACE_CURVE('',#2842,(#2846,#2853),.PCURVE_S1.);
#2842 = LINE('',#2843,#2844);
#2843 = CARTESIAN_POINT('',(63.371515297155,-62.83906094723,-20.));
#2844 = VECTOR('',#2845,1.);
#2845 = DIRECTION('',(0.,0.,1.));
#2846 = PCURVE('',#1313,#2847);
#2847 = DEFINITIONAL_REPRESENTATION('',(#2848),#2852);
#2848 = LINE('',#2849,#2850);
#2849 = CARTESIAN_POINT('',(0.,0.));
#2850 = VECTOR('',#2851,1.);
#2851 = DIRECTION('',(0.,-1.));
#2852 = ( GEOMETRIC_REPRESENTATION_CONTEXT(2) 
PARAMETRIC_REPRESENTATION_CONTEXT() REPRESENTATION_CONTEXT('2D SPACE',''
  ) );
#2853 = PCURVE('',#1287,#2854);
#2854 = DEFINITIONAL_REPRESENTATION('',(#2855),#2859);
#2855 = LINE('',#2856,#2857);
#2856 = CARTESIAN_POINT('',(0.188227587437,0.));
#2857 = VECTOR('',#2858,1.);
#2858 = DIRECTION('',(0.,-1.));
#2859 = ( GEOMETRIC_REPRESENTATION_CONTEXT(2) 
PARAMETRIC_REPRESENTATION_CONTEXT() REPRESENTATION_CONTEXT('2D SPACE',''
  ) );
#2860 = ORIENTED_EDGE('',*,*,#2861,.F.);
#2861 = EDGE_CURVE('',#2745,#2839,#2862,.T.);
#2862 = SURFACE_CURVE('',#2863,(#2867,#2873),.PCURVE_S1.);
#2863 = LINE('',#2864,#2865);
#2864 = CARTESIAN_POINT('',(64.412590100856,-60.25620729453,5.91));
#2865 = VECTOR('',#2866,1.);
#2866 = DIRECTION('',(0.373845262953,0.927491088565,-0.));
#2867 = PCURVE('',#1313,#2868);
#2868 = DEFINITIONAL_REPRESENTATION('',(#2869),#2872);
#2869 = B_SPLINE_CURVE_WITH_KNOTS('',1,(#2870,#2871),.UNSPECIFIED.,.F.,
  .F.,(2,2),(-2.973002217125,-2.784774629688),.PIECEWISE_BEZIER_KNOTS.);
#2870 = CARTESIAN_POINT('',(0.188227587437,-25.91));
#2871 = CARTESIAN_POINT('',(0.,-25.91));
#2872 = ( GEOMETRIC_REPRESENTATION_CONTEXT(2) 
PARAMETRIC_REPRESENTATION_CONTEXT() REPRESENTATION_CONTEXT('2D SPACE',''
  ) );
#2873 = PCURVE('',#1792,#2874);
#2874 = DEFINITIONAL_REPRESENTATION('',(#2875),#2878);
#2875 = B_SPLINE_CURVE_WITH_KNOTS('',1,(#2876,#2877),.UNSPECIFIED.,.F.,
  .F.,(2,2),(-2.973002217125,-2.784774629688),.PIECEWISE_BEZIER_KNOTS.);
#2876 = CARTESIAN_POINT('',(-21.41804174169,2.425097801791));
#2877 = CARTESIAN_POINT('',(-21.34767374977,2.599677211761));
#2878 = ( GEOMETRIC_REPRESENTATION_CONTEXT(2) 
PARAMETRIC_REPRESENTATION_CONTEXT() REPRESENTATION_CONTEXT('2D SPACE',''
  ) );
#2879 = ORIENTED_EDGE('',*,*,#2744,.F.);
#2880 = ADVANCED_FACE('',(#2881),#384,.T.);
#2881 = FACE_BOUND('',#2882,.T.);
#2882 = EDGE_LOOP('',(#2883,#2884,#2885,#2906));
#2883 = ORIENTED_EDGE('',*,*,#2791,.F.);
#2884 = ORIENTED_EDGE('',*,*,#369,.T.);
#2885 = ORIENTED_EDGE('',*,*,#2886,.T.);
#2886 = EDGE_CURVE('',#370,#2887,#2889,.T.);
#2887 = VERTEX_POINT('',#2888);
#2888 = CARTESIAN_POINT('',(101.28545879467,-71.54052534366,5.91));
#2889 = SURFACE_CURVE('',#2890,(#2894,#2900),.PCURVE_S1.);
#2890 = LINE('',#2891,#2892);
#2891 = CARTESIAN_POINT('',(101.28545879467,-71.54052534366,-7.795));
#2892 = VECTOR('',#2893,1.);
#2893 = DIRECTION('',(0.,0.,1.));
#2894 = PCURVE('',#384,#2895);
#2895 = DEFINITIONAL_REPRESENTATION('',(#2896),#2899);
#2896 = B_SPLINE_CURVE_WITH_KNOTS('',1,(#2897,#2898),.UNSPECIFIED.,.F.,
  .F.,(2,2),(12.205,13.705),.PIECEWISE_BEZIER_KNOTS.);
#2897 = CARTESIAN_POINT('',(16.164798270152,-24.41));
#2898 = CARTESIAN_POINT('',(16.164798270152,-25.91));
#2899 = ( GEOMETRIC_REPRESENTATION_CONTEXT(2) 
PARAMETRIC_REPRESENTATION_CONTEXT() REPRESENTATION_CONTEXT('2D SPACE',''
  ) );
#2900 = PCURVE('',#411,#2901);
#2901 = DEFINITIONAL_REPRESENTATION('',(#2902),#2905);
#2902 = B_SPLINE_CURVE_WITH_KNOTS('',1,(#2903,#2904),.UNSPECIFIED.,.F.,
  .F.,(2,2),(12.205,13.705),.PIECEWISE_BEZIER_KNOTS.);
#2903 = CARTESIAN_POINT('',(34.776038155391,0.));
#2904 = CARTESIAN_POINT('',(34.776038155391,-1.5));
#2905 = ( GEOMETRIC_REPRESENTATION_CONTEXT(2) 
PARAMETRIC_REPRESENTATION_CONTEXT() REPRESENTATION_CONTEXT('2D SPACE',''
  ) );
#2906 = ORIENTED_EDGE('',*,*,#2907,.F.);
#2907 = EDGE_CURVE('',#2792,#2887,#2908,.T.);
#2908 = SURFACE_CURVE('',#2909,(#2913,#2919),.PCURVE_S1.);
#2909 = LINE('',#2910,#2911);
#2910 = CARTESIAN_POINT('',(101.87573285721,-75.26736910012,5.91));
#2911 = VECTOR('',#2912,1.);
#2912 = DIRECTION('',(0.15643446504,-0.987688340595,0.));
#2913 = PCURVE('',#384,#2914);
#2914 = DEFINITIONAL_REPRESENTATION('',(#2915),#2918);
#2915 = B_SPLINE_CURVE_WITH_KNOTS('',1,(#2916,#2917),.UNSPECIFIED.,.F.,
  .F.,(2,2),(-4.858501062528,2.087228141856),.PIECEWISE_BEZIER_KNOTS.);
#2916 = CARTESIAN_POINT('',(17.25,-25.91));
#2917 = CARTESIAN_POINT('',(10.304270795616,-25.91));
#2918 = ( GEOMETRIC_REPRESENTATION_CONTEXT(2) 
PARAMETRIC_REPRESENTATION_CONTEXT() REPRESENTATION_CONTEXT('2D SPACE',''
  ) );
#2919 = PCURVE('',#1792,#2920);
#2920 = DEFINITIONAL_REPRESENTATION('',(#2921),#2924);
#2921 = B_SPLINE_CURVE_WITH_KNOTS('',1,(#2922,#2923),.UNSPECIFIED.,.F.,
  .F.,(2,2),(-4.858501062528,2.087228141856),.PIECEWISE_BEZIER_KNOTS.);
#2922 = CARTESIAN_POINT('',(16.396506795668,-5.029946088906));
#2923 = CARTESIAN_POINT('',(17.48305822807,-11.890161841));
#2924 = ( GEOMETRIC_REPRESENTATION_CONTEXT(2) 
PARAMETRIC_REPRESENTATION_CONTEXT() REPRESENTATION_CONTEXT('2D SPACE',''
  ) );
#2925 = ADVANCED_FACE('',(#2926),#1287,.F.);
#2926 = FACE_BOUND('',#2927,.F.);
#2927 = EDGE_LOOP('',(#2928,#2929,#2952,#2971));
#2928 = ORIENTED_EDGE('',*,*,#1272,.T.);
#2929 = ORIENTED_EDGE('',*,*,#2930,.T.);
#2930 = EDGE_CURVE('',#1247,#2931,#2933,.T.);
#2931 = VERTEX_POINT('',#2932);
#2932 = CARTESIAN_POINT('',(63.453162146423,-62.66946313864,5.91));
#2933 = SURFACE_CURVE('',#2934,(#2938,#2945),.PCURVE_S1.);
#2934 = LINE('',#2935,#2936);
#2935 = CARTESIAN_POINT('',(63.453162146423,-62.66946313864,-20.));
#2936 = VECTOR('',#2937,1.);
#2937 = DIRECTION('',(0.,0.,1.));
#2938 = PCURVE('',#1287,#2939);
#2939 = DEFINITIONAL_REPRESENTATION('',(#2940),#2944);
#2940 = LINE('',#2941,#2942);
#2941 = CARTESIAN_POINT('',(0.,0.));
#2942 = VECTOR('',#2943,1.);
#2943 = DIRECTION('',(0.,-1.));
#2944 = ( GEOMETRIC_REPRESENTATION_CONTEXT(2) 
PARAMETRIC_REPRESENTATION_CONTEXT() REPRESENTATION_CONTEXT('2D SPACE',''
  ) );
#2945 = PCURVE('',#1261,#2946);
#2946 = DEFINITIONAL_REPRESENTATION('',(#2947),#2951);
#2947 = LINE('',#2948,#2949);
#2948 = CARTESIAN_POINT('',(0.188227587437,0.));
#2949 = VECTOR('',#2950,1.);
#2950 = DIRECTION('',(0.,-1.));
#2951 = ( GEOMETRIC_REPRESENTATION_CONTEXT(2) 
PARAMETRIC_REPRESENTATION_CONTEXT() REPRESENTATION_CONTEXT('2D SPACE',''
  ) );
#2952 = ORIENTED_EDGE('',*,*,#2953,.F.);
#2953 = EDGE_CURVE('',#2839,#2931,#2954,.T.);
#2954 = SURFACE_CURVE('',#2955,(#2959,#2965),.PCURVE_S1.);
#2955 = LINE('',#2956,#2957);
#2956 = CARTESIAN_POINT('',(64.912636490278,-59.63782563368,5.91));
#2957 = VECTOR('',#2958,1.);
#2958 = DIRECTION('',(0.4337666459,0.901025247651,-0.));
#2959 = PCURVE('',#1287,#2960);
#2960 = DEFINITIONAL_REPRESENTATION('',(#2961),#2964);
#2961 = B_SPLINE_CURVE_WITH_KNOTS('',1,(#2962,#2963),.UNSPECIFIED.,.F.,
  .F.,(2,2),(-3.552880812049,-3.364653224611),.PIECEWISE_BEZIER_KNOTS.);
#2962 = CARTESIAN_POINT('',(0.188227587437,-25.91));
#2963 = CARTESIAN_POINT('',(0.,-25.91));
#2964 = ( GEOMETRIC_REPRESENTATION_CONTEXT(2) 
PARAMETRIC_REPRESENTATION_CONTEXT() REPRESENTATION_CONTEXT('2D SPACE',''
  ) );
#2965 = PCURVE('',#1792,#2966);
#2966 = DEFINITIONAL_REPRESENTATION('',(#2967),#2970);
#2967 = B_SPLINE_CURVE_WITH_KNOTS('',1,(#2968,#2969),.UNSPECIFIED.,.F.,
  .F.,(2,2),(-3.552880812049,-3.364653224611),.PIECEWISE_BEZIER_KNOTS.);
#2968 = CARTESIAN_POINT('',(-21.34767374977,2.599677211761));
#2969 = CARTESIAN_POINT('',(-21.26602690051,2.769275020347));
#2970 = ( GEOMETRIC_REPRESENTATION_CONTEXT(2) 
PARAMETRIC_REPRESENTATION_CONTEXT() REPRESENTATION_CONTEXT('2D SPACE',''
  ) );
#2971 = ORIENTED_EDGE('',*,*,#2838,.F.);
#2972 = ADVANCED_FACE('',(#2973),#411,.F.);
#2973 = FACE_BOUND('',#2974,.F.);
#2974 = EDGE_LOOP('',(#2975,#2976,#2977,#3000));
#2975 = ORIENTED_EDGE('',*,*,#395,.F.);
#2976 = ORIENTED_EDGE('',*,*,#2886,.T.);
#2977 = ORIENTED_EDGE('',*,*,#2978,.T.);
#2978 = EDGE_CURVE('',#2887,#2979,#2981,.T.);
#2979 = VERTEX_POINT('',#2980);
#2980 = CARTESIAN_POINT('',(103.82023772328,-71.11885767483,5.91));
#2981 = SURFACE_CURVE('',#2982,(#2986,#2993),.PCURVE_S1.);
#2982 = LINE('',#2983,#2984);
#2983 = CARTESIAN_POINT('',(66.980841862427,-77.24719573165,5.91));
#2984 = VECTOR('',#2985,1.);
#2985 = DIRECTION('',(0.98644407908,0.164097772222,0.));
#2986 = PCURVE('',#411,#2987);
#2987 = DEFINITIONAL_REPRESENTATION('',(#2988),#2992);
#2988 = LINE('',#2989,#2990);
#2989 = CARTESIAN_POINT('',(0.,-1.5));
#2990 = VECTOR('',#2991,1.);
#2991 = DIRECTION('',(1.,0.));
#2992 = ( GEOMETRIC_REPRESENTATION_CONTEXT(2) 
PARAMETRIC_REPRESENTATION_CONTEXT() REPRESENTATION_CONTEXT('2D SPACE',''
  ) );
#2993 = PCURVE('',#1792,#2994);
#2994 = DEFINITIONAL_REPRESENTATION('',(#2995),#2999);
#2995 = LINE('',#2996,#2997);
#2996 = CARTESIAN_POINT('',(-17.7383471845,-11.80845757266));
#2997 = VECTOR('',#2998,1.);
#2998 = DIRECTION('',(0.98644407908,0.164097772222));
#2999 = ( GEOMETRIC_REPRESENTATION_CONTEXT(2) 
PARAMETRIC_REPRESENTATION_CONTEXT() REPRESENTATION_CONTEXT('2D SPACE',''
  ) );
#3000 = ORIENTED_EDGE('',*,*,#3001,.F.);
#3001 = EDGE_CURVE('',#396,#2979,#3002,.T.);
#3002 = SURFACE_CURVE('',#3003,(#3007,#3014),.PCURVE_S1.);
#3003 = LINE('',#3004,#3005);
#3004 = CARTESIAN_POINT('',(103.82023772328,-71.11885767483,4.41));
#3005 = VECTOR('',#3006,1.);
#3006 = DIRECTION('',(0.,0.,1.));
#3007 = PCURVE('',#411,#3008);
#3008 = DEFINITIONAL_REPRESENTATION('',(#3009),#3013);
#3009 = LINE('',#3010,#3011);
#3010 = CARTESIAN_POINT('',(37.345650546372,0.));
#3011 = VECTOR('',#3012,1.);
#3012 = DIRECTION('',(0.,-1.));
#3013 = ( GEOMETRIC_REPRESENTATION_CONTEXT(2) 
PARAMETRIC_REPRESENTATION_CONTEXT() REPRESENTATION_CONTEXT('2D SPACE',''
  ) );
#3014 = PCURVE('',#444,#3015);
#3015 = DEFINITIONAL_REPRESENTATION('',(#3016),#3020);
#3016 = LINE('',#3017,#3018);
#3017 = CARTESIAN_POINT('',(2.768179589759,0.));
#3018 = VECTOR('',#3019,1.);
#3019 = DIRECTION('',(0.,-1.));
#3020 = ( GEOMETRIC_REPRESENTATION_CONTEXT(2) 
PARAMETRIC_REPRESENTATION_CONTEXT() REPRESENTATION_CONTEXT('2D SPACE',''
  ) );
#3021 = ADVANCED_FACE('',(#3022),#1261,.F.);
#3022 = FACE_BOUND('',#3023,.F.);
#3023 = EDGE_LOOP('',(#3024,#3025,#3048,#3067));
#3024 = ORIENTED_EDGE('',*,*,#1246,.T.);
#3025 = ORIENTED_EDGE('',*,*,#3026,.T.);
#3026 = EDGE_CURVE('',#1221,#3027,#3029,.T.);
#3027 = VERTEX_POINT('',#3028);
#3028 = CARTESIAN_POINT('',(63.545737505358,-62.50557467782,5.91));
#3029 = SURFACE_CURVE('',#3030,(#3034,#3041),.PCURVE_S1.);
#3030 = LINE('',#3031,#3032);
#3031 = CARTESIAN_POINT('',(63.545737505358,-62.50557467782,-20.));
#3032 = VECTOR('',#3033,1.);
#3033 = DIRECTION('',(0.,0.,1.));
#3034 = PCURVE('',#1261,#3035);
#3035 = DEFINITIONAL_REPRESENTATION('',(#3036),#3040);
#3036 = LINE('',#3037,#3038);
#3037 = CARTESIAN_POINT('',(0.,0.));
#3038 = VECTOR('',#3039,1.);
#3039 = DIRECTION('',(0.,-1.));
#3040 = ( GEOMETRIC_REPRESENTATION_CONTEXT(2) 
PARAMETRIC_REPRESENTATION_CONTEXT() REPRESENTATION_CONTEXT('2D SPACE',''
  ) );
#3041 = PCURVE('',#1235,#3042);
#3042 = DEFINITIONAL_REPRESENTATION('',(#3043),#3047);
#3043 = LINE('',#3044,#3045);
#3044 = CARTESIAN_POINT('',(0.188227587437,0.));
#3045 = VECTOR('',#3046,1.);
#3046 = DIRECTION('',(0.,-1.));
#3047 = ( GEOMETRIC_REPRESENTATION_CONTEXT(2) 
PARAMETRIC_REPRESENTATION_CONTEXT() REPRESENTATION_CONTEXT('2D SPACE',''
  ) );
#3048 = ORIENTED_EDGE('',*,*,#3049,.F.);
#3049 = EDGE_CURVE('',#2931,#3027,#3050,.T.);
#3050 = SURFACE_CURVE('',#3051,(#3055,#3061),.PCURVE_S1.);
#3051 = LINE('',#3052,#3053);
#3052 = CARTESIAN_POINT('',(65.47856350198,-59.08384473515,5.91));
#3053 = VECTOR('',#3054,1.);
#3054 = DIRECTION('',(0.491826730586,0.870693095804,-0.));
#3055 = PCURVE('',#1261,#3056);
#3056 = DEFINITIONAL_REPRESENTATION('',(#3057),#3060);
#3057 = B_SPLINE_CURVE_WITH_KNOTS('',1,(#3058,#3059),.UNSPECIFIED.,.F.,
  .F.,(2,2),(-4.118119714934,-3.929892127496),.PIECEWISE_BEZIER_KNOTS.);
#3058 = CARTESIAN_POINT('',(0.188227587437,-25.91));
#3059 = CARTESIAN_POINT('',(0.,-25.91));
#3060 = ( GEOMETRIC_REPRESENTATION_CONTEXT(2) 
PARAMETRIC_REPRESENTATION_CONTEXT() REPRESENTATION_CONTEXT('2D SPACE',''
  ) );
#3061 = PCURVE('',#1792,#3062);
#3062 = DEFINITIONAL_REPRESENTATION('',(#3063),#3066);
#3063 = B_SPLINE_CURVE_WITH_KNOTS('',1,(#3064,#3065),.UNSPECIFIED.,.F.,
  .F.,(2,2),(-4.118119714934,-3.929892127496),.PIECEWISE_BEZIER_KNOTS.);
#3064 = CARTESIAN_POINT('',(-21.26602690051,2.769275020347));
#3065 = CARTESIAN_POINT('',(-21.17345154157,2.933163481169));
#3066 = ( GEOMETRIC_REPRESENTATION_CONTEXT(2) 
PARAMETRIC_REPRESENTATION_CONTEXT() REPRESENTATION_CONTEXT('2D SPACE',''
  ) );
#3067 = ORIENTED_EDGE('',*,*,#2930,.F.);
#3068 = ADVANCED_FACE('',(#3069),#444,.T.);
#3069 = FACE_BOUND('',#3070,.T.);
#3070 = EDGE_LOOP('',(#3071,#3094,#3120,#3121));
#3071 = ORIENTED_EDGE('',*,*,#3072,.T.);
#3072 = EDGE_CURVE('',#424,#3073,#3075,.T.);
#3073 = VERTEX_POINT('',#3074);
#3074 = CARTESIAN_POINT('',(104.6344680154,-70.33947445279,5.91));
#3075 = SURFACE_CURVE('',#3076,(#3080,#3087),.PCURVE_S1.);
#3076 = LINE('',#3077,#3078);
#3077 = CARTESIAN_POINT('',(104.6344680154,-70.33947445279,4.41));
#3078 = VECTOR('',#3079,1.);
#3079 = DIRECTION('',(0.,0.,1.));
#3080 = PCURVE('',#444,#3081);
#3081 = DEFINITIONAL_REPRESENTATION('',(#3082),#3086);
#3082 = LINE('',#3083,#3084);
#3083 = CARTESIAN_POINT('',(1.570796326795,0.));
#3084 = VECTOR('',#3085,1.);
#3085 = DIRECTION('',(0.,-1.));
#3086 = ( GEOMETRIC_REPRESENTATION_CONTEXT(2) 
PARAMETRIC_REPRESENTATION_CONTEXT() REPRESENTATION_CONTEXT('2D SPACE',''
  ) );
#3087 = PCURVE('',#472,#3088);
#3088 = DEFINITIONAL_REPRESENTATION('',(#3089),#3093);
#3089 = LINE('',#3090,#3091);
#3090 = CARTESIAN_POINT('',(0.,0.));
#3091 = VECTOR('',#3092,1.);
#3092 = DIRECTION('',(0.,-1.));
#3093 = ( GEOMETRIC_REPRESENTATION_CONTEXT(2) 
PARAMETRIC_REPRESENTATION_CONTEXT() REPRESENTATION_CONTEXT('2D SPACE',''
  ) );
#3094 = ORIENTED_EDGE('',*,*,#3095,.T.);
#3095 = EDGE_CURVE('',#3073,#2979,#3096,.T.);
#3096 = SURFACE_CURVE('',#3097,(#3102,#3109),.PCURVE_S1.);
#3097 = CIRCLE('',#3098,1.);
#3098 = AXIS2_PLACEMENT_3D('',#3099,#3100,#3101);
#3099 = CARTESIAN_POINT('',(103.65613995106,-70.13241359575,5.91));
#3100 = DIRECTION('',(0.,0.,-1.));
#3101 = DIRECTION('',(0.207060857044,0.978328064343,0.));
#3102 = PCURVE('',#444,#3103);
#3103 = DEFINITIONAL_REPRESENTATION('',(#3104),#3108);
#3104 = LINE('',#3105,#3106);
#3105 = CARTESIAN_POINT('',(0.,-1.5));
#3106 = VECTOR('',#3107,1.);
#3107 = DIRECTION('',(1.,0.));
#3108 = ( GEOMETRIC_REPRESENTATION_CONTEXT(2) 
PARAMETRIC_REPRESENTATION_CONTEXT() REPRESENTATION_CONTEXT('2D SPACE',''
  ) );
#3109 = PCURVE('',#1792,#3110);
#3110 = DEFINITIONAL_REPRESENTATION('',(#3111),#3119);
#3111 = ( BOUNDED_CURVE() B_SPLINE_CURVE(2,(#3112,#3113,#3114,#3115,
#3116,#3117,#3118),.UNSPECIFIED.,.T.,.F.) B_SPLINE_CURVE_WITH_KNOTS((1,2
    ,2,2,2,1),(-2.094395102393,0.,2.094395102393,4.188790204786,
6.28318530718,8.377580409573),.UNSPECIFIED.) CURVE() 
GEOMETRIC_REPRESENTATION_ITEM() RATIONAL_B_SPLINE_CURVE((1.,0.5,1.,0.5,
1.,0.5,1.)) REPRESENTATION_ITEM('') );
#3112 = CARTESIAN_POINT('',(19.144011761174,-3.715347372415));
#3113 = CARTESIAN_POINT('',(20.838525675085,-4.073987297074));
#3114 = CARTESIAN_POINT('',(19.680677432564,-5.362159431258));
#3115 = CARTESIAN_POINT('',(18.522829190042,-6.650331565443));
#3116 = CARTESIAN_POINT('',(17.986163518652,-5.0035195066));
#3117 = CARTESIAN_POINT('',(17.449497847262,-3.356707447757));
#3118 = CARTESIAN_POINT('',(19.144011761174,-3.715347372415));
#3119 = ( GEOMETRIC_REPRESENTATION_CONTEXT(2) 
PARAMETRIC_REPRESENTATION_CONTEXT() REPRESENTATION_CONTEXT('2D SPACE',''
  ) );
#3120 = ORIENTED_EDGE('',*,*,#3001,.F.);
#3121 = ORIENTED_EDGE('',*,*,#423,.F.);
#3122 = ADVANCED_FACE('',(#3123),#1235,.F.);
#3123 = FACE_BOUND('',#3124,.F.);
#3124 = EDGE_LOOP('',(#3125,#3126,#3149,#3168));
#3125 = ORIENTED_EDGE('',*,*,#1220,.T.);
#3126 = ORIENTED_EDGE('',*,*,#3127,.T.);
#3127 = EDGE_CURVE('',#1195,#3128,#3130,.T.);
#3128 = VERTEX_POINT('',#3129);
#3129 = CARTESIAN_POINT('',(63.648844131904,-62.34809881226,5.91));
#3130 = SURFACE_CURVE('',#3131,(#3135,#3142),.PCURVE_S1.);
#3131 = LINE('',#3132,#3133);
#3132 = CARTESIAN_POINT('',(63.648844131904,-62.34809881226,-20.));
#3133 = VECTOR('',#3134,1.);
#3134 = DIRECTION('',(0.,0.,1.));
#3135 = PCURVE('',#1235,#3136);
#3136 = DEFINITIONAL_REPRESENTATION('',(#3137),#3141);
#3137 = LINE('',#3138,#3139);
#3138 = CARTESIAN_POINT('',(0.,0.));
#3139 = VECTOR('',#3140,1.);
#3140 = DIRECTION('',(0.,-1.));
#3141 = ( GEOMETRIC_REPRESENTATION_CONTEXT(2) 
PARAMETRIC_REPRESENTATION_CONTEXT() REPRESENTATION_CONTEXT('2D SPACE',''
  ) );
#3142 = PCURVE('',#1209,#3143);
#3143 = DEFINITIONAL_REPRESENTATION('',(#3144),#3148);
#3144 = LINE('',#3145,#3146);
#3145 = CARTESIAN_POINT('',(0.188227587437,0.));
#3146 = VECTOR('',#3147,1.);
#3147 = DIRECTION('',(0.,-1.));
#3148 = ( GEOMETRIC_REPRESENTATION_CONTEXT(2) 
PARAMETRIC_REPRESENTATION_CONTEXT() REPRESENTATION_CONTEXT('2D SPACE',''
  ) );
#3149 = ORIENTED_EDGE('',*,*,#3150,.F.);
#3150 = EDGE_CURVE('',#3027,#3128,#3151,.T.);
#3151 = SURFACE_CURVE('',#3152,(#3156,#3162),.PCURVE_S1.);
#3152 = LINE('',#3153,#3154);
#3153 = CARTESIAN_POINT('',(66.101822857021,-58.60163788257,5.91));
#3154 = VECTOR('',#3155,1.);
#3155 = DIRECTION('',(0.547776380442,0.836624788678,-0.));
#3156 = PCURVE('',#1235,#3157);
#3157 = DEFINITIONAL_REPRESENTATION('',(#3158),#3161);
#3158 = B_SPLINE_CURVE_WITH_KNOTS('',1,(#3159,#3160),.UNSPECIFIED.,.F.,
  .F.,(2,2),(-4.666293478374,-4.478065890937),.PIECEWISE_BEZIER_KNOTS.);
#3159 = CARTESIAN_POINT('',(0.188227587437,-25.91));
#3160 = CARTESIAN_POINT('',(0.,-25.91));
#3161 = ( GEOMETRIC_REPRESENTATION_CONTEXT(2) 
PARAMETRIC_REPRESENTATION_CONTEXT() REPRESENTATION_CONTEXT('2D SPACE',''
  ) );
#3162 = PCURVE('',#1792,#3163);
#3163 = DEFINITIONAL_REPRESENTATION('',(#3164),#3167);
#3164 = B_SPLINE_CURVE_WITH_KNOTS('',1,(#3165,#3166),.UNSPECIFIED.,.F.,
  .F.,(2,2),(-4.666293478374,-4.478065890937),.PIECEWISE_BEZIER_KNOTS.);
#3165 = CARTESIAN_POINT('',(-21.17345154157,2.933163481169));
#3166 = CARTESIAN_POINT('',(-21.07034491502,3.090639346732));
#3167 = ( GEOMETRIC_REPRESENTATION_CONTEXT(2) 
PARAMETRIC_REPRESENTATION_CONTEXT() REPRESENTATION_CONTEXT('2D SPACE',''
  ) );
#3168 = ORIENTED_EDGE('',*,*,#3026,.F.);
#3169 = ADVANCED_FACE('',(#3170),#472,.F.);
#3170 = FACE_BOUND('',#3171,.F.);
#3171 = EDGE_LOOP('',(#3172,#3173,#3174,#3197));
#3172 = ORIENTED_EDGE('',*,*,#456,.F.);
#3173 = ORIENTED_EDGE('',*,*,#3072,.T.);
#3174 = ORIENTED_EDGE('',*,*,#3175,.T.);
#3175 = EDGE_CURVE('',#3073,#3176,#3178,.T.);
#3176 = VERTEX_POINT('',#3177);
#3177 = CARTESIAN_POINT('',(105.21418435323,-67.60041130608,5.91));
#3178 = SURFACE_CURVE('',#3179,(#3183,#3190),.PCURVE_S1.);
#3179 = LINE('',#3180,#3181);
#3180 = CARTESIAN_POINT('',(104.6344680154,-70.33947445279,5.91));
#3181 = VECTOR('',#3182,1.);
#3182 = DIRECTION('',(0.207060857044,0.978328064343,0.));
#3183 = PCURVE('',#472,#3184);
#3184 = DEFINITIONAL_REPRESENTATION('',(#3185),#3189);
#3185 = LINE('',#3186,#3187);
#3186 = CARTESIAN_POINT('',(0.,-1.5));
#3187 = VECTOR('',#3188,1.);
#3188 = DIRECTION('',(1.,0.));
#3189 = ( GEOMETRIC_REPRESENTATION_CONTEXT(2) 
PARAMETRIC_REPRESENTATION_CONTEXT() REPRESENTATION_CONTEXT('2D SPACE',''
  ) );
#3190 = PCURVE('',#1792,#3191);
#3191 = DEFINITIONAL_REPRESENTATION('',(#3192),#3196);
#3192 = LINE('',#3193,#3194);
#3193 = CARTESIAN_POINT('',(19.915278968472,-4.900736293802));
#3194 = VECTOR('',#3195,1.);
#3195 = DIRECTION('',(0.207060857044,0.978328064343));
#3196 = ( GEOMETRIC_REPRESENTATION_CONTEXT(2) 
PARAMETRIC_REPRESENTATION_CONTEXT() REPRESENTATION_CONTEXT('2D SPACE',''
  ) );
#3197 = ORIENTED_EDGE('',*,*,#3198,.T.);
#3198 = EDGE_CURVE('',#3176,#457,#3199,.T.);
#3199 = SURFACE_CURVE('',#3200,(#3204,#3210),.PCURVE_S1.);
#3200 = LINE('',#3201,#3202);
#3201 = CARTESIAN_POINT('',(105.21418435323,-67.60041130608,-7.795));
#3202 = VECTOR('',#3203,1.);
#3203 = DIRECTION('',(-0.,0.,-1.));
#3204 = PCURVE('',#472,#3205);
#3205 = DEFINITIONAL_REPRESENTATION('',(#3206),#3209);
#3206 = B_SPLINE_CURVE_WITH_KNOTS('',1,(#3207,#3208),.UNSPECIFIED.,.F.,
  .F.,(2,2),(-13.705,-12.205),.PIECEWISE_BEZIER_KNOTS.);
#3207 = CARTESIAN_POINT('',(2.79973890819,-1.5));
#3208 = CARTESIAN_POINT('',(2.79973890819,0.));
#3209 = ( GEOMETRIC_REPRESENTATION_CONTEXT(2) 
PARAMETRIC_REPRESENTATION_CONTEXT() REPRESENTATION_CONTEXT('2D SPACE',''
  ) );
#3210 = PCURVE('',#499,#3211);
#3211 = DEFINITIONAL_REPRESENTATION('',(#3212),#3215);
#3212 = B_SPLINE_CURVE_WITH_KNOTS('',1,(#3213,#3214),.UNSPECIFIED.,.F.,
  .F.,(2,2),(-13.705,-12.205),.PIECEWISE_BEZIER_KNOTS.);
#3213 = CARTESIAN_POINT('',(9.306196728405,-25.91));
#3214 = CARTESIAN_POINT('',(9.306196728405,-24.41));
#3215 = ( GEOMETRIC_REPRESENTATION_CONTEXT(2) 
PARAMETRIC_REPRESENTATION_CONTEXT() REPRESENTATION_CONTEXT('2D SPACE',''
  ) );
#3216 = ADVANCED_FACE('',(#3217),#1209,.F.);
#3217 = FACE_BOUND('',#3218,.F.);
#3218 = EDGE_LOOP('',(#3219,#3220,#3243,#3262));
#3219 = ORIENTED_EDGE('',*,*,#1194,.T.);
#3220 = ORIENTED_EDGE('',*,*,#3221,.T.);
#3221 = EDGE_CURVE('',#1169,#3222,#3224,.T.);
#3222 = VERTEX_POINT('',#3223);
#3223 = CARTESIAN_POINT('',(63.762039594199,-62.19771127292,5.91));
#3224 = SURFACE_CURVE('',#3225,(#3229,#3236),.PCURVE_S1.);
#3225 = LINE('',#3226,#3227);
#3226 = CARTESIAN_POINT('',(63.762039594199,-62.19771127292,-20.));
#3227 = VECTOR('',#3228,1.);
#3228 = DIRECTION('',(0.,0.,1.));
#3229 = PCURVE('',#1209,#3230);
#3230 = DEFINITIONAL_REPRESENTATION('',(#3231),#3235);
#3231 = LINE('',#3232,#3233);
#3232 = CARTESIAN_POINT('',(0.,0.));
#3233 = VECTOR('',#3234,1.);
#3234 = DIRECTION('',(0.,-1.));
#3235 = ( GEOMETRIC_REPRESENTATION_CONTEXT(2) 
PARAMETRIC_REPRESENTATION_CONTEXT() REPRESENTATION_CONTEXT('2D SPACE',''
  ) );
#3236 = PCURVE('',#1183,#3237);
#3237 = DEFINITIONAL_REPRESENTATION('',(#3238),#3242);
#3238 = LINE('',#3239,#3240);
#3239 = CARTESIAN_POINT('',(0.188227587437,0.));
#3240 = VECTOR('',#3241,1.);
#3241 = DIRECTION('',(0.,-1.));
#3242 = ( GEOMETRIC_REPRESENTATION_CONTEXT(2) 
PARAMETRIC_REPRESENTATION_CONTEXT() REPRESENTATION_CONTEXT('2D SPACE',''
  ) );
#3243 = ORIENTED_EDGE('',*,*,#3244,.F.);
#3244 = EDGE_CURVE('',#3128,#3222,#3245,.T.);
#3245 = SURFACE_CURVE('',#3246,(#3250,#3256),.PCURVE_S1.);
#3246 = LINE('',#3247,#3248);
#3247 = CARTESIAN_POINT('',(66.773019928918,-58.19742791918,5.91));
#3248 = VECTOR('',#3249,1.);
#3249 = DIRECTION('',(0.601375514799,0.798966513816,-0.));
#3250 = PCURVE('',#1209,#3251);
#3251 = DEFINITIONAL_REPRESENTATION('',(#3252),#3255);
#3252 = B_SPLINE_CURVE_WITH_KNOTS('',1,(#3253,#3254),.UNSPECIFIED.,.F.,
  .F.,(2,2),(-5.195049881696,-5.006822294259),.PIECEWISE_BEZIER_KNOTS.);
#3253 = CARTESIAN_POINT('',(0.188227587437,-25.91));
#3254 = CARTESIAN_POINT('',(0.,-25.91));
#3255 = ( GEOMETRIC_REPRESENTATION_CONTEXT(2) 
PARAMETRIC_REPRESENTATION_CONTEXT() REPRESENTATION_CONTEXT('2D SPACE',''
  ) );
#3256 = PCURVE('',#1792,#3257);
#3257 = DEFINITIONAL_REPRESENTATION('',(#3258),#3261);
#3258 = B_SPLINE_CURVE_WITH_KNOTS('',1,(#3259,#3260),.UNSPECIFIED.,.F.,
  .F.,(2,2),(-5.195049881696,-5.006822294259),.PIECEWISE_BEZIER_KNOTS.);
#3259 = CARTESIAN_POINT('',(-21.07034491502,3.090639346732));
#3260 = CARTESIAN_POINT('',(-20.95714945273,3.24102688607));
#3261 = ( GEOMETRIC_REPRESENTATION_CONTEXT(2) 
PARAMETRIC_REPRESENTATION_CONTEXT() REPRESENTATION_CONTEXT('2D SPACE',''
  ) );
#3262 = ORIENTED_EDGE('',*,*,#3127,.F.);
#3263 = ADVANCED_FACE('',(#3264),#499,.T.);
#3264 = FACE_BOUND('',#3265,.T.);
#3265 = EDGE_LOOP('',(#3266,#3267,#3290,#3309));
#3266 = ORIENTED_EDGE('',*,*,#484,.T.);
#3267 = ORIENTED_EDGE('',*,*,#3268,.T.);
#3268 = EDGE_CURVE('',#485,#3269,#3271,.T.);
#3269 = VERTEX_POINT('',#3270);
#3270 = CARTESIAN_POINT('',(104.56501688549,-58.31688400517,5.91));
#3271 = SURFACE_CURVE('',#3272,(#3276,#3283),.PCURVE_S1.);
#3272 = LINE('',#3273,#3274);
#3273 = CARTESIAN_POINT('',(104.56501688549,-58.31688400517,-20.));
#3274 = VECTOR('',#3275,1.);
#3275 = DIRECTION('',(0.,0.,1.));
#3276 = PCURVE('',#499,#3277);
#3277 = DEFINITIONAL_REPRESENTATION('',(#3278),#3282);
#3278 = LINE('',#3279,#3280);
#3279 = CARTESIAN_POINT('',(0.,0.));
#3280 = VECTOR('',#3281,1.);
#3281 = DIRECTION('',(0.,-1.));
#3282 = ( GEOMETRIC_REPRESENTATION_CONTEXT(2) 
PARAMETRIC_REPRESENTATION_CONTEXT() REPRESENTATION_CONTEXT('2D SPACE',''
  ) );
#3283 = PCURVE('',#525,#3284);
#3284 = DEFINITIONAL_REPRESENTATION('',(#3285),#3289);
#3285 = LINE('',#3286,#3287);
#3286 = CARTESIAN_POINT('',(17.05,0.));
#3287 = VECTOR('',#3288,1.);
#3288 = DIRECTION('',(0.,-1.));
#3289 = ( GEOMETRIC_REPRESENTATION_CONTEXT(2) 
PARAMETRIC_REPRESENTATION_CONTEXT() REPRESENTATION_CONTEXT('2D SPACE',''
  ) );
#3290 = ORIENTED_EDGE('',*,*,#3291,.F.);
#3291 = EDGE_CURVE('',#3176,#3269,#3292,.T.);
#3292 = SURFACE_CURVE('',#3293,(#3297,#3303),.PCURVE_S1.);
#3293 = LINE('',#3294,#3295);
#3294 = CARTESIAN_POINT('',(104.76452495921,-61.16998238296,5.91));
#3295 = VECTOR('',#3296,1.);
#3296 = DIRECTION('',(-6.975647374413E-02,0.99756405026,0.));
#3297 = PCURVE('',#499,#3298);
#3298 = DEFINITIONAL_REPRESENTATION('',(#3299),#3302);
#3299 = B_SPLINE_CURVE_WITH_KNOTS('',1,(#3300,#3301),.UNSPECIFIED.,.F.,
  .F.,(2,2),(-14.13994157605,2.860065353244),.PIECEWISE_BEZIER_KNOTS.);
#3300 = CARTESIAN_POINT('',(17.000006929302,-25.91));
#3301 = CARTESIAN_POINT('',(0.,-25.91));
#3302 = ( GEOMETRIC_REPRESENTATION_CONTEXT(2) 
PARAMETRIC_REPRESENTATION_CONTEXT() REPRESENTATION_CONTEXT('2D SPACE',''
  ) );
#3303 = PCURVE('',#1792,#3304);
#3304 = DEFINITIONAL_REPRESENTATION('',(#3305),#3308);
#3305 = B_SPLINE_CURVE_WITH_KNOTS('',1,(#3306,#3307),.UNSPECIFIED.,.F.,
  .F.,(2,2),(-14.13994157605,2.860065353244),.PIECEWISE_BEZIER_KNOTS.);
#3306 = CARTESIAN_POINT('',(21.031688375572,-9.836741613024));
#3307 = CARTESIAN_POINT('',(19.845827838558,7.121854153815));
#3308 = ( GEOMETRIC_REPRESENTATION_CONTEXT(2) 
PARAMETRIC_REPRESENTATION_CONTEXT() REPRESENTATION_CONTEXT('2D SPACE',''
  ) );
#3309 = ORIENTED_EDGE('',*,*,#3198,.T.);
#3310 = ADVANCED_FACE('',(#3311),#1183,.F.);
#3311 = FACE_BOUND('',#3312,.F.);
#3312 = EDGE_LOOP('',(#3313,#3314,#3337,#3356));
#3313 = ORIENTED_EDGE('',*,*,#1168,.T.);
#3314 = ORIENTED_EDGE('',*,*,#3315,.T.);
#3315 = EDGE_CURVE('',#1143,#3316,#3318,.T.);
#3316 = VERTEX_POINT('',#3317);
#3317 = CARTESIAN_POINT('',(63.884838169057,-62.05505737467,5.91));
#3318 = SURFACE_CURVE('',#3319,(#3323,#3330),.PCURVE_S1.);
#3319 = LINE('',#3320,#3321);
#3320 = CARTESIAN_POINT('',(63.884838169057,-62.05505737467,-20.));
#3321 = VECTOR('',#3322,1.);
#3322 = DIRECTION('',(0.,0.,1.));
#3323 = PCURVE('',#1183,#3324);
#3324 = DEFINITIONAL_REPRESENTATION('',(#3325),#3329);
#3325 = LINE('',#3326,#3327);
#3326 = CARTESIAN_POINT('',(0.,0.));
#3327 = VECTOR('',#3328,1.);
#3328 = DIRECTION('',(0.,-1.));
#3329 = ( GEOMETRIC_REPRESENTATION_CONTEXT(2) 
PARAMETRIC_REPRESENTATION_CONTEXT() REPRESENTATION_CONTEXT('2D SPACE',''
  ) );
#3330 = PCURVE('',#1157,#3331);
#3331 = DEFINITIONAL_REPRESENTATION('',(#3332),#3336);
#3332 = LINE('',#3333,#3334);
#3333 = CARTESIAN_POINT('',(0.188227587437,0.));
#3334 = VECTOR('',#3335,1.);
#3335 = DIRECTION('',(0.,-1.));
#3336 = ( GEOMETRIC_REPRESENTATION_CONTEXT(2) 
PARAMETRIC_REPRESENTATION_CONTEXT() REPRESENTATION_CONTEXT('2D SPACE',''
  ) );
#3337 = ORIENTED_EDGE('',*,*,#3338,.F.);
#3338 = EDGE_CURVE('',#3222,#3316,#3339,.T.);
#3339 = SURFACE_CURVE('',#3340,(#3344,#3350),.PCURVE_S1.);
#3340 = LINE('',#3341,#3342);
#3341 = CARTESIAN_POINT('',(67.482069278449,-57.87618932798,5.91));
#3342 = VECTOR('',#3343,1.);
#3343 = DIRECTION('',(0.652394139084,0.757879863362,-0.));
#3344 = PCURVE('',#1183,#3345);
#3345 = DEFINITIONAL_REPRESENTATION('',(#3346),#3349);
#3346 = B_SPLINE_CURVE_WITH_KNOTS('',1,(#3347,#3348),.UNSPECIFIED.,.F.,
  .F.,(2,2),(-5.702120024369,-5.513892436932),.PIECEWISE_BEZIER_KNOTS.);
#3347 = CARTESIAN_POINT('',(0.188227587437,-25.91));
#3348 = CARTESIAN_POINT('',(0.,-25.91));
#3349 = ( GEOMETRIC_REPRESENTATION_CONTEXT(2) 
PARAMETRIC_REPRESENTATION_CONTEXT() REPRESENTATION_CONTEXT('2D SPACE',''
  ) );
#3350 = PCURVE('',#1792,#3351);
#3351 = DEFINITIONAL_REPRESENTATION('',(#3352),#3355);
#3352 = B_SPLINE_CURVE_WITH_KNOTS('',1,(#3353,#3354),.UNSPECIFIED.,.F.,
  .F.,(2,2),(-5.702120024369,-5.513892436932),.PIECEWISE_BEZIER_KNOTS.);
#3353 = CARTESIAN_POINT('',(-20.95714945273,3.24102688607));
#3354 = CARTESIAN_POINT('',(-20.83435087787,3.383680784318));
#3355 = ( GEOMETRIC_REPRESENTATION_CONTEXT(2) 
PARAMETRIC_REPRESENTATION_CONTEXT() REPRESENTATION_CONTEXT('2D SPACE',''
  ) );
#3356 = ORIENTED_EDGE('',*,*,#3221,.F.);
#3357 = ADVANCED_FACE('',(#3358),#525,.T.);
#3358 = FACE_BOUND('',#3359,.T.);
#3359 = EDGE_LOOP('',(#3360,#3361,#3362,#3383));
#3360 = ORIENTED_EDGE('',*,*,#3268,.F.);
#3361 = ORIENTED_EDGE('',*,*,#510,.T.);
#3362 = ORIENTED_EDGE('',*,*,#3363,.T.);
#3363 = EDGE_CURVE('',#511,#3364,#3366,.T.);
#3364 = VERTEX_POINT('',#3365);
#3365 = CARTESIAN_POINT('',(107.21828931816,-58.13134912274,5.91));
#3366 = SURFACE_CURVE('',#3367,(#3371,#3377),.PCURVE_S1.);
#3367 = LINE('',#3368,#3369);
#3368 = CARTESIAN_POINT('',(107.21828931816,-58.13134912274,-7.795));
#3369 = VECTOR('',#3370,1.);
#3370 = DIRECTION('',(0.,0.,1.));
#3371 = PCURVE('',#525,#3372);
#3372 = DEFINITIONAL_REPRESENTATION('',(#3373),#3376);
#3373 = B_SPLINE_CURVE_WITH_KNOTS('',1,(#3374,#3375),.UNSPECIFIED.,.F.,
  .F.,(2,2),(12.205,13.705),.PIECEWISE_BEZIER_KNOTS.);
#3374 = CARTESIAN_POINT('',(14.390248546461,-24.41));
#3375 = CARTESIAN_POINT('',(14.390248546461,-25.91));
#3376 = ( GEOMETRIC_REPRESENTATION_CONTEXT(2) 
PARAMETRIC_REPRESENTATION_CONTEXT() REPRESENTATION_CONTEXT('2D SPACE',''
  ) );
#3377 = PCURVE('',#552,#3378);
#3378 = DEFINITIONAL_REPRESENTATION('',(#3379),#3382);
#3379 = B_SPLINE_CURVE_WITH_KNOTS('',1,(#3380,#3381),.UNSPECIFIED.,.F.,
  .F.,(2,2),(12.205,13.705),.PIECEWISE_BEZIER_KNOTS.);
#3380 = CARTESIAN_POINT('',(12.478559876799,0.));
#3381 = CARTESIAN_POINT('',(12.478559876799,-1.5));
#3382 = ( GEOMETRIC_REPRESENTATION_CONTEXT(2) 
PARAMETRIC_REPRESENTATION_CONTEXT() REPRESENTATION_CONTEXT('2D SPACE',''
  ) );
#3383 = ORIENTED_EDGE('',*,*,#3384,.F.);
#3384 = EDGE_CURVE('',#3269,#3364,#3385,.T.);
#3385 = SURFACE_CURVE('',#3386,(#3390,#3396),.PCURVE_S1.);
#3386 = LINE('',#3387,#3388);
#3387 = CARTESIAN_POINT('',(102.94682842095,-58.43003876562,5.91));
#3388 = VECTOR('',#3389,1.);
#3389 = DIRECTION('',(0.99756405026,6.975647374412E-02,-0.));
#3390 = PCURVE('',#525,#3391);
#3391 = DEFINITIONAL_REPRESENTATION('',(#3392),#3395);
#3392 = B_SPLINE_CURVE_WITH_KNOTS('',1,(#3393,#3394),.UNSPECIFIED.,.F.,
  .F.,(2,2),(1.622139915841,4.564289959984),.PIECEWISE_BEZIER_KNOTS.);
#3393 = CARTESIAN_POINT('',(17.05,-25.91));
#3394 = CARTESIAN_POINT('',(14.107849955856,-25.91));
#3395 = ( GEOMETRIC_REPRESENTATION_CONTEXT(2) 
PARAMETRIC_REPRESENTATION_CONTEXT() REPRESENTATION_CONTEXT('2D SPACE',''
  ) );
#3396 = PCURVE('',#1792,#3397);
#3397 = DEFINITIONAL_REPRESENTATION('',(#3398),#3401);
#3398 = B_SPLINE_CURVE_WITH_KNOTS('',1,(#3399,#3400),.UNSPECIFIED.,.F.,
  .F.,(2,2),(1.622139915841,4.564289959984),.PIECEWISE_BEZIER_KNOTS.);
#3399 = CARTESIAN_POINT('',(19.845827838558,7.121854153815));
#3400 = CARTESIAN_POINT('',(22.780810953067,7.327088166121));
#3401 = ( GEOMETRIC_REPRESENTATION_CONTEXT(2) 
PARAMETRIC_REPRESENTATION_CONTEXT() REPRESENTATION_CONTEXT('2D SPACE',''
  ) );
#3402 = ADVANCED_FACE('',(#3403),#1157,.F.);
#3403 = FACE_BOUND('',#3404,.F.);
#3404 = EDGE_LOOP('',(#3405,#3406,#3429,#3448));
#3405 = ORIENTED_EDGE('',*,*,#1142,.T.);
#3406 = ORIENTED_EDGE('',*,*,#3407,.T.);
#3407 = EDGE_CURVE('',#1117,#3408,#3410,.T.);
#3408 = VERTEX_POINT('',#3409);
#3409 = CARTESIAN_POINT('',(64.016712926213,-61.92074924723,5.91));
#3410 = SURFACE_CURVE('',#3411,(#3415,#3422),.PCURVE_S1.);
#3411 = LINE('',#3412,#3413);
#3412 = CARTESIAN_POINT('',(64.016712926213,-61.92074924723,-20.));
#3413 = VECTOR('',#3414,1.);
#3414 = DIRECTION('',(0.,0.,1.));
#3415 = PCURVE('',#1157,#3416);
#3416 = DEFINITIONAL_REPRESENTATION('',(#3417),#3421);
#3417 = LINE('',#3418,#3419);
#3418 = CARTESIAN_POINT('',(0.,0.));
#3419 = VECTOR('',#3420,1.);
#3420 = DIRECTION('',(0.,-1.));
#3421 = ( GEOMETRIC_REPRESENTATION_CONTEXT(2) 
PARAMETRIC_REPRESENTATION_CONTEXT() REPRESENTATION_CONTEXT('2D SPACE',''
  ) );
#3422 = PCURVE('',#1131,#3423);
#3423 = DEFINITIONAL_REPRESENTATION('',(#3424),#3428);
#3424 = LINE('',#3425,#3426);
#3425 = CARTESIAN_POINT('',(0.188227587437,0.));
#3426 = VECTOR('',#3427,1.);
#3427 = DIRECTION('',(0.,-1.));
#3428 = ( GEOMETRIC_REPRESENTATION_CONTEXT(2) 
PARAMETRIC_REPRESENTATION_CONTEXT() REPRESENTATION_CONTEXT('2D SPACE',''
  ) );
#3429 = ORIENTED_EDGE('',*,*,#3430,.F.);
#3430 = EDGE_CURVE('',#3316,#3408,#3431,.T.);
#3431 = SURFACE_CURVE('',#3432,(#3436,#3442),.PCURVE_S1.);
#3432 = LINE('',#3433,#3434);
#3433 = CARTESIAN_POINT('',(68.218361470283,-57.64157133404,5.91));
#3434 = VECTOR('',#3435,1.);
#3435 = DIRECTION('',(0.700613331721,0.71354114066,-0.));
#3436 = PCURVE('',#1157,#3437);
#3437 = DEFINITIONAL_REPRESENTATION('',(#3438),#3441);
#3438 = B_SPLINE_CURVE_WITH_KNOTS('',1,(#3439,#3440),.UNSPECIFIED.,.F.,
  .F.,(2,2),(-6.185328061884,-5.997100474446),.PIECEWISE_BEZIER_KNOTS.);
#3439 = CARTESIAN_POINT('',(0.188227587437,-25.91));
#3440 = CARTESIAN_POINT('',(0.,-25.91));
#3441 = ( GEOMETRIC_REPRESENTATION_CONTEXT(2) 
PARAMETRIC_REPRESENTATION_CONTEXT() REPRESENTATION_CONTEXT('2D SPACE',''
  ) );
#3442 = PCURVE('',#1792,#3443);
#3443 = DEFINITIONAL_REPRESENTATION('',(#3444),#3447);
#3444 = B_SPLINE_CURVE_WITH_KNOTS('',1,(#3445,#3446),.UNSPECIFIED.,.F.,
  .F.,(2,2),(-6.185328061884,-5.997100474446),.PIECEWISE_BEZIER_KNOTS.);
#3445 = CARTESIAN_POINT('',(-20.83435087787,3.383680784318));
#3446 = CARTESIAN_POINT('',(-20.70247612072,3.517988911762));
#3447 = ( GEOMETRIC_REPRESENTATION_CONTEXT(2) 
PARAMETRIC_REPRESENTATION_CONTEXT() REPRESENTATION_CONTEXT('2D SPACE',''
  ) );
#3448 = ORIENTED_EDGE('',*,*,#3315,.F.);
#3449 = ADVANCED_FACE('',(#3450),#552,.F.);
#3450 = FACE_BOUND('',#3451,.F.);
#3451 = EDGE_LOOP('',(#3452,#3453,#3454,#3477));
#3452 = ORIENTED_EDGE('',*,*,#536,.F.);
#3453 = ORIENTED_EDGE('',*,*,#3363,.T.);
#3454 = ORIENTED_EDGE('',*,*,#3455,.T.);
#3455 = EDGE_CURVE('',#3364,#3456,#3458,.T.);
#3456 = VERTEX_POINT('',#3457);
#3457 = CARTESIAN_POINT('',(107.41017971692,-57.22469894724,5.91));
#3458 = SURFACE_CURVE('',#3459,(#3463,#3470),.PCURVE_S1.);
#3459 = LINE('',#3460,#3461);
#3460 = CARTESIAN_POINT('',(104.6344680154,-70.33947445279,5.91));
#3461 = VECTOR('',#3462,1.);
#3462 = DIRECTION('',(0.207060857044,0.978328064343,0.));
#3463 = PCURVE('',#552,#3464);
#3464 = DEFINITIONAL_REPRESENTATION('',(#3465),#3469);
#3465 = LINE('',#3466,#3467);
#3466 = CARTESIAN_POINT('',(0.,-1.5));
#3467 = VECTOR('',#3468,1.);
#3468 = DIRECTION('',(1.,0.));
#3469 = ( GEOMETRIC_REPRESENTATION_CONTEXT(2) 
PARAMETRIC_REPRESENTATION_CONTEXT() REPRESENTATION_CONTEXT('2D SPACE',''
  ) );
#3470 = PCURVE('',#1792,#3471);
#3471 = DEFINITIONAL_REPRESENTATION('',(#3472),#3476);
#3472 = LINE('',#3473,#3474);
#3473 = CARTESIAN_POINT('',(19.915278968472,-4.900736293802));
#3474 = VECTOR('',#3475,1.);
#3475 = DIRECTION('',(0.207060857044,0.978328064343));
#3476 = ( GEOMETRIC_REPRESENTATION_CONTEXT(2) 
PARAMETRIC_REPRESENTATION_CONTEXT() REPRESENTATION_CONTEXT('2D SPACE',''
  ) );
#3477 = ORIENTED_EDGE('',*,*,#3478,.F.);
#3478 = EDGE_CURVE('',#537,#3456,#3479,.T.);
#3479 = SURFACE_CURVE('',#3480,(#3484,#3491),.PCURVE_S1.);
#3480 = LINE('',#3481,#3482);
#3481 = CARTESIAN_POINT('',(107.41017971692,-57.22469894724,4.41));
#3482 = VECTOR('',#3483,1.);
#3483 = DIRECTION('',(0.,0.,1.));
#3484 = PCURVE('',#552,#3485);
#3485 = DEFINITIONAL_REPRESENTATION('',(#3486),#3490);
#3486 = LINE('',#3487,#3488);
#3487 = CARTESIAN_POINT('',(13.40529417845,0.));
#3488 = VECTOR('',#3489,1.);
#3489 = DIRECTION('',(0.,-1.));
#3490 = ( GEOMETRIC_REPRESENTATION_CONTEXT(2) 
PARAMETRIC_REPRESENTATION_CONTEXT() REPRESENTATION_CONTEXT('2D SPACE',''
  ) );
#3491 = PCURVE('',#585,#3492);
#3492 = DEFINITIONAL_REPRESENTATION('',(#3493),#3497);
#3493 = LINE('',#3494,#3495);
#3494 = CARTESIAN_POINT('',(1.648466381516,0.));
#3495 = VECTOR('',#3496,1.);
#3496 = DIRECTION('',(0.,-1.));
#3497 = ( GEOMETRIC_REPRESENTATION_CONTEXT(2) 
PARAMETRIC_REPRESENTATION_CONTEXT() REPRESENTATION_CONTEXT('2D SPACE',''
  ) );
#3498 = ADVANCED_FACE('',(#3499),#1131,.F.);
#3499 = FACE_BOUND('',#3500,.F.);
#3500 = EDGE_LOOP('',(#3501,#3502,#3525,#3544));
#3501 = ORIENTED_EDGE('',*,*,#1116,.T.);
#3502 = ORIENTED_EDGE('',*,*,#3503,.T.);
#3503 = EDGE_CURVE('',#1091,#3504,#3506,.T.);
#3504 = VERTEX_POINT('',#3505);
#3505 = CARTESIAN_POINT('',(64.157097989388,-61.79536320849,5.91));
#3506 = SURFACE_CURVE('',#3507,(#3511,#3518),.PCURVE_S1.);
#3507 = LINE('',#3508,#3509);
#3508 = CARTESIAN_POINT('',(64.157097989388,-61.79536320849,-20.));
#3509 = VECTOR('',#3510,1.);
#3510 = DIRECTION('',(0.,0.,1.));
#3511 = PCURVE('',#1131,#3512);
#3512 = DEFINITIONAL_REPRESENTATION('',(#3513),#3517);
#3513 = LINE('',#3514,#3515);
#3514 = CARTESIAN_POINT('',(0.,0.));
#3515 = VECTOR('',#3516,1.);
#3516 = DIRECTION('',(0.,-1.));
#3517 = ( GEOMETRIC_REPRESENTATION_CONTEXT(2) 
PARAMETRIC_REPRESENTATION_CONTEXT() REPRESENTATION_CONTEXT('2D SPACE',''
  ) );
#3518 = PCURVE('',#1105,#3519);
#3519 = DEFINITIONAL_REPRESENTATION('',(#3520),#3524);
#3520 = LINE('',#3521,#3522);
#3521 = CARTESIAN_POINT('',(0.188227587437,0.));
#3522 = VECTOR('',#3523,1.);
#3523 = DIRECTION('',(0.,-1.));
#3524 = ( GEOMETRIC_REPRESENTATION_CONTEXT(2) 
PARAMETRIC_REPRESENTATION_CONTEXT() REPRESENTATION_CONTEXT('2D SPACE',''
  ) );
#3525 = ORIENTED_EDGE('',*,*,#3526,.F.);
#3526 = EDGE_CURVE('',#3408,#3504,#3527,.T.);
#3527 = SURFACE_CURVE('',#3528,(#3532,#3538),.PCURVE_S1.);
#3528 = LINE('',#3529,#3530);
#3529 = CARTESIAN_POINT('',(68.970938337456,-57.49584331155,5.91));
#3530 = VECTOR('',#3531,1.);
#3531 = DIRECTION('',(0.745826183536,0.666140603741,-0.));
#3532 = PCURVE('',#1131,#3533);
#3533 = DEFINITIONAL_REPRESENTATION('',(#3534),#3537);
#3534 = B_SPLINE_CURVE_WITH_KNOTS('',1,(#3535,#3536),.UNSPECIFIED.,.F.,
  .F.,(2,2),(-6.642600542333,-6.454372954896),.PIECEWISE_BEZIER_KNOTS.);
#3535 = CARTESIAN_POINT('',(0.188227587437,-25.91));
#3536 = CARTESIAN_POINT('',(0.,-25.91));
#3537 = ( GEOMETRIC_REPRESENTATION_CONTEXT(2) 
PARAMETRIC_REPRESENTATION_CONTEXT() REPRESENTATION_CONTEXT('2D SPACE',''
  ) );
#3538 = PCURVE('',#1792,#3539);
#3539 = DEFINITIONAL_REPRESENTATION('',(#3540),#3543);
#3540 = B_SPLINE_CURVE_WITH_KNOTS('',1,(#3541,#3542),.UNSPECIFIED.,.F.,
  .F.,(2,2),(-6.642600542333,-6.454372954896),.PIECEWISE_BEZIER_KNOTS.);
#3541 = CARTESIAN_POINT('',(-20.70247612072,3.517988911762));
#3542 = CARTESIAN_POINT('',(-20.56209105754,3.643374950498));
#3543 = ( GEOMETRIC_REPRESENTATION_CONTEXT(2) 
PARAMETRIC_REPRESENTATION_CONTEXT() REPRESENTATION_CONTEXT('2D SPACE',''
  ) );
#3544 = ORIENTED_EDGE('',*,*,#3407,.F.);
#3545 = ADVANCED_FACE('',(#3546),#585,.T.);
#3546 = FACE_BOUND('',#3547,.T.);
#3547 = EDGE_LOOP('',(#3548,#3571,#3597,#3598));
#3548 = ORIENTED_EDGE('',*,*,#3549,.T.);
#3549 = EDGE_CURVE('',#565,#3550,#3552,.T.);
#3550 = VERTEX_POINT('',#3551);
#3551 = CARTESIAN_POINT('',(107.42329651395,-57.14816428242,5.91));
#3552 = SURFACE_CURVE('',#3553,(#3557,#3564),.PCURVE_S1.);
#3553 = LINE('',#3554,#3555);
#3554 = CARTESIAN_POINT('',(107.42329651395,-57.14816428242,4.41));
#3555 = VECTOR('',#3556,1.);
#3556 = DIRECTION('',(0.,0.,1.));
#3557 = PCURVE('',#585,#3558);
#3558 = DEFINITIONAL_REPRESENTATION('',(#3559),#3563);
#3559 = LINE('',#3560,#3561);
#3560 = CARTESIAN_POINT('',(1.570796326795,0.));
#3561 = VECTOR('',#3562,1.);
#3562 = DIRECTION('',(0.,-1.));
#3563 = ( GEOMETRIC_REPRESENTATION_CONTEXT(2) 
PARAMETRIC_REPRESENTATION_CONTEXT() REPRESENTATION_CONTEXT('2D SPACE',''
  ) );
#3564 = PCURVE('',#613,#3565);
#3565 = DEFINITIONAL_REPRESENTATION('',(#3566),#3570);
#3566 = LINE('',#3567,#3568);
#3567 = CARTESIAN_POINT('',(0.,0.));
#3568 = VECTOR('',#3569,1.);
#3569 = DIRECTION('',(0.,-1.));
#3570 = ( GEOMETRIC_REPRESENTATION_CONTEXT(2) 
PARAMETRIC_REPRESENTATION_CONTEXT() REPRESENTATION_CONTEXT('2D SPACE',''
  ) );
#3571 = ORIENTED_EDGE('',*,*,#3572,.T.);
#3572 = EDGE_CURVE('',#3550,#3456,#3573,.T.);
#3573 = SURFACE_CURVE('',#3574,(#3579,#3586),.PCURVE_S1.);
#3574 = CIRCLE('',#3575,1.);
#3575 = AXIS2_PLACEMENT_3D('',#3576,#3577,#3578);
#3576 = CARTESIAN_POINT('',(106.43185165257,-57.0176380902,5.91));
#3577 = DIRECTION('',(0.,0.,-1.));
#3578 = DIRECTION('',(0.13052619222,0.991444861374,0.));
#3579 = PCURVE('',#585,#3580);
#3580 = DEFINITIONAL_REPRESENTATION('',(#3581),#3585);
#3581 = LINE('',#3582,#3583);
#3582 = CARTESIAN_POINT('',(0.,-1.5));
#3583 = VECTOR('',#3584,1.);
#3584 = DIRECTION('',(1.,0.));
#3585 = ( GEOMETRIC_REPRESENTATION_CONTEXT(2) 
PARAMETRIC_REPRESENTATION_CONTEXT() REPRESENTATION_CONTEXT('2D SPACE',''
  ) );
#3586 = PCURVE('',#1792,#3587);
#3587 = DEFINITIONAL_REPRESENTATION('',(#3588),#3596);
#3588 = ( BOUNDED_CURVE() B_SPLINE_CURVE(2,(#3589,#3590,#3591,#3592,
#3593,#3594,#3595),.UNSPECIFIED.,.T.,.F.) B_SPLINE_CURVE_WITH_KNOTS((1,2
    ,2,2,2,1),(-2.094395102393,0.,2.094395102393,4.188790204786,
6.28318530718,8.377580409573),.UNSPECIFIED.) CURVE() 
GEOMETRIC_REPRESENTATION_ITEM() RATIONAL_B_SPLINE_CURVE((1.,0.5,1.,0.5,
1.,0.5,1.)) REPRESENTATION_ITEM('') );
#3589 = CARTESIAN_POINT('',(21.843188797865,9.412544930162));
#3590 = CARTESIAN_POINT('',(23.560421670667,9.186466933518));
#3591 = CARTESIAN_POINT('',(22.506015945936,7.812338639779));
#3592 = CARTESIAN_POINT('',(21.451610221205,6.43821034604));
#3593 = CARTESIAN_POINT('',(20.788783073133,8.038416636423));
#3594 = CARTESIAN_POINT('',(20.125955925062,9.638622926805));
#3595 = CARTESIAN_POINT('',(21.843188797865,9.412544930162));
#3596 = ( GEOMETRIC_REPRESENTATION_CONTEXT(2) 
PARAMETRIC_REPRESENTATION_CONTEXT() REPRESENTATION_CONTEXT('2D SPACE',''
  ) );
#3597 = ORIENTED_EDGE('',*,*,#3478,.F.);
#3598 = ORIENTED_EDGE('',*,*,#564,.F.);
#3599 = ADVANCED_FACE('',(#3600),#1105,.F.);
#3600 = FACE_BOUND('',#3601,.F.);
#3601 = EDGE_LOOP('',(#3602,#3603,#3626,#3645));
#3602 = ORIENTED_EDGE('',*,*,#1090,.T.);
#3603 = ORIENTED_EDGE('',*,*,#3604,.T.);
#3604 = EDGE_CURVE('',#1065,#3605,#3607,.T.);
#3605 = VERTEX_POINT('',#3606);
#3606 = CARTESIAN_POINT('',(64.305390964468,-61.67943729157,5.91));
#3607 = SURFACE_CURVE('',#3608,(#3612,#3619),.PCURVE_S1.);
#3608 = LINE('',#3609,#3610);
#3609 = CARTESIAN_POINT('',(64.305390964468,-61.67943729157,-20.));
#3610 = VECTOR('',#3611,1.);
#3611 = DIRECTION('',(0.,0.,1.));
#3612 = PCURVE('',#1105,#3613);
#3613 = DEFINITIONAL_REPRESENTATION('',(#3614),#3618);
#3614 = LINE('',#3615,#3616);
#3615 = CARTESIAN_POINT('',(0.,0.));
#3616 = VECTOR('',#3617,1.);
#3617 = DIRECTION('',(0.,-1.));
#3618 = ( GEOMETRIC_REPRESENTATION_CONTEXT(2) 
PARAMETRIC_REPRESENTATION_CONTEXT() REPRESENTATION_CONTEXT('2D SPACE',''
  ) );
#3619 = PCURVE('',#1079,#3620);
#3620 = DEFINITIONAL_REPRESENTATION('',(#3621),#3625);
#3621 = LINE('',#3622,#3623);
#3622 = CARTESIAN_POINT('',(0.188227587437,0.));
#3623 = VECTOR('',#3624,1.);
#3624 = DIRECTION('',(0.,-1.));
#3625 = ( GEOMETRIC_REPRESENTATION_CONTEXT(2) 
PARAMETRIC_REPRESENTATION_CONTEXT() REPRESENTATION_CONTEXT('2D SPACE',''
  ) );
#3626 = ORIENTED_EDGE('',*,*,#3627,.F.);
#3627 = EDGE_CURVE('',#3504,#3605,#3628,.T.);
#3628 = SURFACE_CURVE('',#3629,(#3633,#3639),.PCURVE_S1.);
#3629 = LINE('',#3630,#3631);
#3630 = CARTESIAN_POINT('',(69.728673717178,-57.43986339739,5.91));
#3631 = VECTOR('',#3632,1.);
#3632 = DIRECTION('',(0.787838685599,0.615881648918,-0.));
#3633 = PCURVE('',#1105,#3634);
#3634 = DEFINITIONAL_REPRESENTATION('',(#3635),#3638);
#3635 = B_SPLINE_CURVE_WITH_KNOTS('',1,(#3636,#3637),.UNSPECIFIED.,.F.,
  .F.,(2,2),(-7.071975303619,-6.883747716182),.PIECEWISE_BEZIER_KNOTS.);
#3636 = CARTESIAN_POINT('',(0.188227587437,-25.91));
#3637 = CARTESIAN_POINT('',(0.,-25.91));
#3638 = ( GEOMETRIC_REPRESENTATION_CONTEXT(2) 
PARAMETRIC_REPRESENTATION_CONTEXT() REPRESENTATION_CONTEXT('2D SPACE',''
  ) );
#3639 = PCURVE('',#1792,#3640);
#3640 = DEFINITIONAL_REPRESENTATION('',(#3641),#3644);
#3641 = B_SPLINE_CURVE_WITH_KNOTS('',1,(#3642,#3643),.UNSPECIFIED.,.F.,
  .F.,(2,2),(-7.071975303619,-6.883747716182),.PIECEWISE_BEZIER_KNOTS.);
#3642 = CARTESIAN_POINT('',(-20.56209105754,3.643374950498));
#3643 = CARTESIAN_POINT('',(-20.41379808246,3.759300867421));
#3644 = ( GEOMETRIC_REPRESENTATION_CONTEXT(2) 
PARAMETRIC_REPRESENTATION_CONTEXT() REPRESENTATION_CONTEXT('2D SPACE',''
  ) );
#3645 = ORIENTED_EDGE('',*,*,#3503,.F.);
#3646 = ADVANCED_FACE('',(#3647),#613,.F.);
#3647 = FACE_BOUND('',#3648,.F.);
#3648 = EDGE_LOOP('',(#3649,#3650,#3673,#3694));
#3649 = ORIENTED_EDGE('',*,*,#3549,.T.);
#3650 = ORIENTED_EDGE('',*,*,#3651,.T.);
#3651 = EDGE_CURVE('',#3550,#3652,#3654,.T.);
#3652 = VERTEX_POINT('',#3653);
#3653 = CARTESIAN_POINT('',(107.49144486137,-56.63052619222,5.91));
#3654 = SURFACE_CURVE('',#3655,(#3659,#3666),.PCURVE_S1.);
#3655 = LINE('',#3656,#3657);
#3656 = CARTESIAN_POINT('',(107.42329651395,-57.14816428242,5.91));
#3657 = VECTOR('',#3658,1.);
#3658 = DIRECTION('',(0.13052619222,0.991444861374,0.));
#3659 = PCURVE('',#613,#3660);
#3660 = DEFINITIONAL_REPRESENTATION('',(#3661),#3665);
#3661 = LINE('',#3662,#3663);
#3662 = CARTESIAN_POINT('',(0.,-1.5));
#3663 = VECTOR('',#3664,1.);
#3664 = DIRECTION('',(1.,0.));
#3665 = ( GEOMETRIC_REPRESENTATION_CONTEXT(2) 
PARAMETRIC_REPRESENTATION_CONTEXT() REPRESENTATION_CONTEXT('2D SPACE',''
  ) );
#3666 = PCURVE('',#1792,#3667);
#3667 = DEFINITIONAL_REPRESENTATION('',(#3668),#3672);
#3668 = LINE('',#3669,#3670);
#3669 = CARTESIAN_POINT('',(22.704107467019,8.290573876568));
#3670 = VECTOR('',#3671,1.);
#3671 = DIRECTION('',(0.13052619222,0.991444861374));
#3672 = ( GEOMETRIC_REPRESENTATION_CONTEXT(2) 
PARAMETRIC_REPRESENTATION_CONTEXT() REPRESENTATION_CONTEXT('2D SPACE',''
  ) );
#3673 = ORIENTED_EDGE('',*,*,#3674,.F.);
#3674 = EDGE_CURVE('',#598,#3652,#3675,.T.);
#3675 = SURFACE_CURVE('',#3676,(#3680,#3687),.PCURVE_S1.);
#3676 = LINE('',#3677,#3678);
#3677 = CARTESIAN_POINT('',(107.49144486137,-56.63052619222,4.41));
#3678 = VECTOR('',#3679,1.);
#3679 = DIRECTION('',(0.,0.,1.));
#3680 = PCURVE('',#613,#3681);
#3681 = DEFINITIONAL_REPRESENTATION('',(#3682),#3686);
#3682 = LINE('',#3683,#3684);
#3683 = CARTESIAN_POINT('',(0.52210476888,0.));
#3684 = VECTOR('',#3685,1.);
#3685 = DIRECTION('',(0.,-1.));
#3686 = ( GEOMETRIC_REPRESENTATION_CONTEXT(2) 
PARAMETRIC_REPRESENTATION_CONTEXT() REPRESENTATION_CONTEXT('2D SPACE',''
  ) );
#3687 = PCURVE('',#646,#3688);
#3688 = DEFINITIONAL_REPRESENTATION('',(#3689),#3693);
#3689 = LINE('',#3690,#3691);
#3690 = CARTESIAN_POINT('',(1.832595714594,0.));
#3691 = VECTOR('',#3692,1.);
#3692 = DIRECTION('',(0.,-1.));
#3693 = ( GEOMETRIC_REPRESENTATION_CONTEXT(2) 
PARAMETRIC_REPRESENTATION_CONTEXT() REPRESENTATION_CONTEXT('2D SPACE',''
  ) );
#3694 = ORIENTED_EDGE('',*,*,#597,.F.);
#3695 = ADVANCED_FACE('',(#3696),#1079,.F.);
#3696 = FACE_BOUND('',#3697,.F.);
#3697 = EDGE_LOOP('',(#3698,#3699,#3722,#3741));
#3698 = ORIENTED_EDGE('',*,*,#1064,.T.);
#3699 = ORIENTED_EDGE('',*,*,#3700,.T.);
#3700 = EDGE_CURVE('',#1039,#3701,#3703,.T.);
#3701 = VERTEX_POINT('',#3702);
#3702 = CARTESIAN_POINT('',(64.460955524389,-61.57346893606,5.91));
#3703 = SURFACE_CURVE('',#3704,(#3708,#3715),.PCURVE_S1.);
#3704 = LINE('',#3705,#3706);
#3705 = CARTESIAN_POINT('',(64.460955524389,-61.57346893606,-20.));
#3706 = VECTOR('',#3707,1.);
#3707 = DIRECTION('',(0.,0.,1.));
#3708 = PCURVE('',#1079,#3709);
#3709 = DEFINITIONAL_REPRESENTATION('',(#3710),#3714);
#3710 = LINE('',#3711,#3712);
#3711 = CARTESIAN_POINT('',(0.,0.));
#3712 = VECTOR('',#3713,1.);
#3713 = DIRECTION('',(0.,-1.));
#3714 = ( GEOMETRIC_REPRESENTATION_CONTEXT(2) 
PARAMETRIC_REPRESENTATION_CONTEXT() REPRESENTATION_CONTEXT('2D SPACE',''
  ) );
#3715 = PCURVE('',#1053,#3716);
#3716 = DEFINITIONAL_REPRESENTATION('',(#3717),#3721);
#3717 = LINE('',#3718,#3719);
#3718 = CARTESIAN_POINT('',(0.188227587437,0.));
#3719 = VECTOR('',#3720,1.);
#3720 = DIRECTION('',(0.,-1.));
#3721 = ( GEOMETRIC_REPRESENTATION_CONTEXT(2) 
PARAMETRIC_REPRESENTATION_CONTEXT() REPRESENTATION_CONTEXT('2D SPACE',''
  ) );
#3722 = ORIENTED_EDGE('',*,*,#3723,.F.);
#3723 = EDGE_CURVE('',#3605,#3701,#3724,.T.);
#3724 = SURFACE_CURVE('',#3725,(#3729,#3735),.PCURVE_S1.);
#3725 = LINE('',#3726,#3727);
#3726 = CARTESIAN_POINT('',(70.480456589803,-57.47307081708,5.91));
#3727 = VECTOR('',#3728,1.);
#3728 = DIRECTION('',(0.826470561723,0.562979938014,-0.));
#3729 = PCURVE('',#1079,#3730);
#3730 = DEFINITIONAL_REPRESENTATION('',(#3731),#3734);
#3731 = B_SPLINE_CURVE_WITH_KNOTS('',1,(#3732,#3733),.UNSPECIFIED.,.F.,
  .F.,(2,2),(-7.471609893115,-7.283382305678),.PIECEWISE_BEZIER_KNOTS.);
#3732 = CARTESIAN_POINT('',(0.188227587437,-25.91));
#3733 = CARTESIAN_POINT('',(0.,-25.91));
#3734 = ( GEOMETRIC_REPRESENTATION_CONTEXT(2) 
PARAMETRIC_REPRESENTATION_CONTEXT() REPRESENTATION_CONTEXT('2D SPACE',''
  ) );
#3735 = PCURVE('',#1792,#3736);
#3736 = DEFINITIONAL_REPRESENTATION('',(#3737),#3740);
#3737 = B_SPLINE_CURVE_WITH_KNOTS('',1,(#3738,#3739),.UNSPECIFIED.,.F.,
  .F.,(2,2),(-7.471609893115,-7.283382305678),.PIECEWISE_BEZIER_KNOTS.);
#3738 = CARTESIAN_POINT('',(-20.41379808246,3.759300867421));
#3739 = CARTESIAN_POINT('',(-20.25823352254,3.865269222929));
#3740 = ( GEOMETRIC_REPRESENTATION_CONTEXT(2) 
PARAMETRIC_REPRESENTATION_CONTEXT() REPRESENTATION_CONTEXT('2D SPACE',''
  ) );
#3741 = ORIENTED_EDGE('',*,*,#3604,.F.);
#3742 = ADVANCED_FACE('',(#3743),#646,.T.);
#3743 = FACE_BOUND('',#3744,.T.);
#3744 = EDGE_LOOP('',(#3745,#3768,#3794,#3795));
#3745 = ORIENTED_EDGE('',*,*,#3746,.T.);
#3746 = EDGE_CURVE('',#626,#3747,#3749,.T.);
#3747 = VERTEX_POINT('',#3748);
#3748 = CARTESIAN_POINT('',(107.49144486137,-56.36947380778,5.91));
#3749 = SURFACE_CURVE('',#3750,(#3754,#3761),.PCURVE_S1.);
#3750 = LINE('',#3751,#3752);
#3751 = CARTESIAN_POINT('',(107.49144486137,-56.36947380778,4.41));
#3752 = VECTOR('',#3753,1.);
#3753 = DIRECTION('',(0.,0.,1.));
#3754 = PCURVE('',#646,#3755);
#3755 = DEFINITIONAL_REPRESENTATION('',(#3756),#3760);
#3756 = LINE('',#3757,#3758);
#3757 = CARTESIAN_POINT('',(1.570796326795,0.));
#3758 = VECTOR('',#3759,1.);
#3759 = DIRECTION('',(0.,-1.));
#3760 = ( GEOMETRIC_REPRESENTATION_CONTEXT(2) 
PARAMETRIC_REPRESENTATION_CONTEXT() REPRESENTATION_CONTEXT('2D SPACE',''
  ) );
#3761 = PCURVE('',#674,#3762);
#3762 = DEFINITIONAL_REPRESENTATION('',(#3763),#3767);
#3763 = LINE('',#3764,#3765);
#3764 = CARTESIAN_POINT('',(0.,0.));
#3765 = VECTOR('',#3766,1.);
#3766 = DIRECTION('',(0.,-1.));
#3767 = ( GEOMETRIC_REPRESENTATION_CONTEXT(2) 
PARAMETRIC_REPRESENTATION_CONTEXT() REPRESENTATION_CONTEXT('2D SPACE',''
  ) );
#3768 = ORIENTED_EDGE('',*,*,#3769,.T.);
#3769 = EDGE_CURVE('',#3747,#3652,#3770,.T.);
#3770 = SURFACE_CURVE('',#3771,(#3776,#3783),.PCURVE_S1.);
#3771 = CIRCLE('',#3772,1.);
#3772 = AXIS2_PLACEMENT_3D('',#3773,#3774,#3775);
#3773 = CARTESIAN_POINT('',(106.5,-56.5,5.91));
#3774 = DIRECTION('',(0.,0.,-1.));
#3775 = DIRECTION('',(-0.13052619222,0.991444861374,0.));
#3776 = PCURVE('',#646,#3777);
#3777 = DEFINITIONAL_REPRESENTATION('',(#3778),#3782);
#3778 = LINE('',#3779,#3780);
#3779 = CARTESIAN_POINT('',(0.,-1.5));
#3780 = VECTOR('',#3781,1.);
#3781 = DIRECTION('',(1.,0.));
#3782 = ( GEOMETRIC_REPRESENTATION_CONTEXT(2) 
PARAMETRIC_REPRESENTATION_CONTEXT() REPRESENTATION_CONTEXT('2D SPACE',''
  ) );
#3783 = PCURVE('',#1792,#3784);
#3784 = DEFINITIONAL_REPRESENTATION('',(#3785),#3793);
#3785 = ( BOUNDED_CURVE() B_SPLINE_CURVE(2,(#3786,#3787,#3788,#3789,
#3790,#3791,#3792),.UNSPECIFIED.,.T.,.F.) B_SPLINE_CURVE_WITH_KNOTS((1,2
    ,2,2,2,1),(-2.094395102393,0.,2.094395102393,4.188790204786,
6.28318530718,8.377580409573),.UNSPECIFIED.) CURVE() 
GEOMETRIC_REPRESENTATION_ITEM() RATIONAL_B_SPLINE_CURVE((1.,0.5,1.,0.5,
1.,0.5,1.)) REPRESENTATION_ITEM('') );
#3786 = CARTESIAN_POINT('',(21.650284760847,9.930183020367));
#3787 = CARTESIAN_POINT('',(23.367517633649,10.15626101701));
#3788 = CARTESIAN_POINT('',(22.704690485578,8.556054726628));
#3789 = CARTESIAN_POINT('',(22.041863337507,6.955848436245));
#3790 = CARTESIAN_POINT('',(20.987457612775,8.329976729984));
#3791 = CARTESIAN_POINT('',(19.933051888044,9.704105023723));
#3792 = CARTESIAN_POINT('',(21.650284760847,9.930183020367));
#3793 = ( GEOMETRIC_REPRESENTATION_CONTEXT(2) 
PARAMETRIC_REPRESENTATION_CONTEXT() REPRESENTATION_CONTEXT('2D SPACE',''
  ) );
#3794 = ORIENTED_EDGE('',*,*,#3674,.F.);
#3795 = ORIENTED_EDGE('',*,*,#625,.F.);
#3796 = ADVANCED_FACE('',(#3797),#1053,.F.);
#3797 = FACE_BOUND('',#3798,.F.);
#3798 = EDGE_LOOP('',(#3799,#3800,#3823,#3842));
#3799 = ORIENTED_EDGE('',*,*,#1038,.T.);
#3800 = ORIENTED_EDGE('',*,*,#3801,.T.);
#3801 = EDGE_CURVE('',#1013,#3802,#3804,.T.);
#3802 = VERTEX_POINT('',#3803);
#3803 = CARTESIAN_POINT('',(64.623124139622,-61.47791285354,5.91));
#3804 = SURFACE_CURVE('',#3805,(#3809,#3816),.PCURVE_S1.);
#3805 = LINE('',#3806,#3807);
#3806 = CARTESIAN_POINT('',(64.623124139622,-61.47791285354,-20.));
#3807 = VECTOR('',#3808,1.);
#3808 = DIRECTION('',(0.,0.,1.));
#3809 = PCURVE('',#1053,#3810);
#3810 = DEFINITIONAL_REPRESENTATION('',(#3811),#3815);
#3811 = LINE('',#3812,#3813);
#3812 = CARTESIAN_POINT('',(0.,0.));
#3813 = VECTOR('',#3814,1.);
#3814 = DIRECTION('',(0.,-1.));
#3815 = ( GEOMETRIC_REPRESENTATION_CONTEXT(2) 
PARAMETRIC_REPRESENTATION_CONTEXT() REPRESENTATION_CONTEXT('2D SPACE',''
  ) );
#3816 = PCURVE('',#1027,#3817);
#3817 = DEFINITIONAL_REPRESENTATION('',(#3818),#3822);
#3818 = LINE('',#3819,#3820);
#3819 = CARTESIAN_POINT('',(0.188227587437,0.));
#3820 = VECTOR('',#3821,1.);
#3821 = DIRECTION('',(0.,-1.));
#3822 = ( GEOMETRIC_REPRESENTATION_CONTEXT(2) 
PARAMETRIC_REPRESENTATION_CONTEXT() REPRESENTATION_CONTEXT('2D SPACE',''
  ) );
#3823 = ORIENTED_EDGE('',*,*,#3824,.F.);
#3824 = EDGE_CURVE('',#3701,#3802,#3825,.T.);
#3825 = SURFACE_CURVE('',#3826,(#3830,#3836),.PCURVE_S1.);
#3826 = LINE('',#3827,#3828);
#3827 = CARTESIAN_POINT('',(71.215373513658,-57.59350202446,5.91));
#3828 = VECTOR('',#3829,1.);
#3829 = DIRECTION('',(0.86155604203,0.50766247295,-0.));
#3830 = PCURVE('',#1053,#3831);
#3831 = DEFINITIONAL_REPRESENTATION('',(#3832),#3835);
#3832 = B_SPLINE_CURVE_WITH_KNOTS('',1,(#3833,#3834),.UNSPECIFIED.,.F.,
  .F.,(2,2),(-7.839789473654,-7.651561886217),.PIECEWISE_BEZIER_KNOTS.);
#3833 = CARTESIAN_POINT('',(0.188227587437,-25.91));
#3834 = CARTESIAN_POINT('',(0.,-25.91));
#3835 = ( GEOMETRIC_REPRESENTATION_CONTEXT(2) 
PARAMETRIC_REPRESENTATION_CONTEXT() REPRESENTATION_CONTEXT('2D SPACE',''
  ) );
#3836 = PCURVE('',#1792,#3837);
#3837 = DEFINITIONAL_REPRESENTATION('',(#3838),#3841);
#3838 = B_SPLINE_CURVE_WITH_KNOTS('',1,(#3839,#3840),.UNSPECIFIED.,.F.,
  .F.,(2,2),(-7.839789473654,-7.651561886217),.PIECEWISE_BEZIER_KNOTS.);
#3839 = CARTESIAN_POINT('',(-20.25823352254,3.865269222929));
#3840 = CARTESIAN_POINT('',(-20.09606490731,3.960825305445));
#3841 = ( GEOMETRIC_REPRESENTATION_CONTEXT(2) 
PARAMETRIC_REPRESENTATION_CONTEXT() REPRESENTATION_CONTEXT('2D SPACE',''
  ) );
#3842 = ORIENTED_EDGE('',*,*,#3700,.F.);
#3843 = ADVANCED_FACE('',(#3844),#674,.F.);
#3844 = FACE_BOUND('',#3845,.F.);
#3845 = EDGE_LOOP('',(#3846,#3847,#3870,#3891));
#3846 = ORIENTED_EDGE('',*,*,#3746,.T.);
#3847 = ORIENTED_EDGE('',*,*,#3848,.T.);
#3848 = EDGE_CURVE('',#3747,#3849,#3851,.T.);
#3849 = VERTEX_POINT('',#3850);
#3850 = CARTESIAN_POINT('',(107.42329651395,-55.85183571757,5.91));
#3851 = SURFACE_CURVE('',#3852,(#3856,#3863),.PCURVE_S1.);
#3852 = LINE('',#3853,#3854);
#3853 = CARTESIAN_POINT('',(107.49144486137,-56.36947380778,5.91));
#3854 = VECTOR('',#3855,1.);
#3855 = DIRECTION('',(-0.13052619222,0.991444861374,0.));
#3856 = PCURVE('',#674,#3857);
#3857 = DEFINITIONAL_REPRESENTATION('',(#3858),#3862);
#3858 = LINE('',#3859,#3860);
#3859 = CARTESIAN_POINT('',(0.,-1.5));
#3860 = VECTOR('',#3861,1.);
#3861 = DIRECTION('',(1.,0.));
#3862 = ( GEOMETRIC_REPRESENTATION_CONTEXT(2) 
PARAMETRIC_REPRESENTATION_CONTEXT() REPRESENTATION_CONTEXT('2D SPACE',''
  ) );
#3863 = PCURVE('',#1792,#3864);
#3864 = DEFINITIONAL_REPRESENTATION('',(#3865),#3869);
#3865 = LINE('',#3866,#3867);
#3866 = CARTESIAN_POINT('',(22.77225581444,9.069264351213));
#3867 = VECTOR('',#3868,1.);
#3868 = DIRECTION('',(-0.13052619222,0.991444861374));
#3869 = ( GEOMETRIC_REPRESENTATION_CONTEXT(2) 
PARAMETRIC_REPRESENTATION_CONTEXT() REPRESENTATION_CONTEXT('2D SPACE',''
  ) );
#3870 = ORIENTED_EDGE('',*,*,#3871,.F.);
#3871 = EDGE_CURVE('',#659,#3849,#3872,.T.);
#3872 = SURFACE_CURVE('',#3873,(#3877,#3884),.PCURVE_S1.);
#3873 = LINE('',#3874,#3875);
#3874 = CARTESIAN_POINT('',(107.42329651395,-55.85183571757,4.41));
#3875 = VECTOR('',#3876,1.);
#3876 = DIRECTION('',(0.,0.,1.));
#3877 = PCURVE('',#674,#3878);
#3878 = DEFINITIONAL_REPRESENTATION('',(#3879),#3883);
#3879 = LINE('',#3880,#3881);
#3880 = CARTESIAN_POINT('',(0.52210476888,0.));
#3881 = VECTOR('',#3882,1.);
#3882 = DIRECTION('',(0.,-1.));
#3883 = ( GEOMETRIC_REPRESENTATION_CONTEXT(2) 
PARAMETRIC_REPRESENTATION_CONTEXT() REPRESENTATION_CONTEXT('2D SPACE',''
  ) );
#3884 = PCURVE('',#707,#3885);
#3885 = DEFINITIONAL_REPRESENTATION('',(#3886),#3890);
#3886 = LINE('',#3887,#3888);
#3887 = CARTESIAN_POINT('',(1.832595714594,0.));
#3888 = VECTOR('',#3889,1.);
#3889 = DIRECTION('',(0.,-1.));
#3890 = ( GEOMETRIC_REPRESENTATION_CONTEXT(2) 
PARAMETRIC_REPRESENTATION_CONTEXT() REPRESENTATION_CONTEXT('2D SPACE',''
  ) );
#3891 = ORIENTED_EDGE('',*,*,#658,.F.);
#3892 = ADVANCED_FACE('',(#3893),#1027,.F.);
#3893 = FACE_BOUND('',#3894,.F.);
#3894 = EDGE_LOOP('',(#3895,#3896,#3919,#3938));
#3895 = ORIENTED_EDGE('',*,*,#1012,.T.);
#3896 = ORIENTED_EDGE('',*,*,#3897,.T.);
#3897 = EDGE_CURVE('',#987,#3898,#3900,.T.);
#3898 = VERTEX_POINT('',#3899);
#3899 = CARTESIAN_POINT('',(64.791200942553,-61.3931790764,5.91));
#3900 = SURFACE_CURVE('',#3901,(#3905,#3912),.PCURVE_S1.);
#3901 = LINE('',#3902,#3903);
#3902 = CARTESIAN_POINT('',(64.791200942553,-61.3931790764,-20.));
#3903 = VECTOR('',#3904,1.);
#3904 = DIRECTION('',(0.,0.,1.));
#3905 = PCURVE('',#1027,#3906);
#3906 = DEFINITIONAL_REPRESENTATION('',(#3907),#3911);
#3907 = LINE('',#3908,#3909);
#3908 = CARTESIAN_POINT('',(0.,0.));
#3909 = VECTOR('',#3910,1.);
#3910 = DIRECTION('',(0.,-1.));
#3911 = ( GEOMETRIC_REPRESENTATION_CONTEXT(2) 
PARAMETRIC_REPRESENTATION_CONTEXT() REPRESENTATION_CONTEXT('2D SPACE',''
  ) );
#3912 = PCURVE('',#1001,#3913);
#3913 = DEFINITIONAL_REPRESENTATION('',(#3914),#3918);
#3914 = LINE('',#3915,#3916);
#3915 = CARTESIAN_POINT('',(0.188227587437,0.));
#3916 = VECTOR('',#3917,1.);
#3917 = DIRECTION('',(0.,-1.));
#3918 = ( GEOMETRIC_REPRESENTATION_CONTEXT(2) 
PARAMETRIC_REPRESENTATION_CONTEXT() REPRESENTATION_CONTEXT('2D SPACE',''
  ) );
#3919 = ORIENTED_EDGE('',*,*,#3920,.F.);
#3920 = EDGE_CURVE('',#3802,#3898,#3921,.T.);
#3921 = SURFACE_CURVE('',#3922,(#3926,#3932),.PCURVE_S1.);
#3922 = LINE('',#3923,#3924);
#3923 = CARTESIAN_POINT('',(71.922887262405,-57.7978303504,5.91));
#3924 = VECTOR('',#3925,1.);
#3925 = DIRECTION('',(0.892944574273,0.450166621682,-0.));
#3926 = PCURVE('',#1027,#3927);
#3927 = DEFINITIONAL_REPRESENTATION('',(#3928),#3931);
#3928 = B_SPLINE_CURVE_WITH_KNOTS('',1,(#3929,#3930),.UNSPECIFIED.,.F.,
  .F.,(2,2),(-8.174934181918,-7.986706594481),.PIECEWISE_BEZIER_KNOTS.);
#3929 = CARTESIAN_POINT('',(0.188227587437,-25.91));
#3930 = CARTESIAN_POINT('',(0.,-25.91));
#3931 = ( GEOMETRIC_REPRESENTATION_CONTEXT(2) 
PARAMETRIC_REPRESENTATION_CONTEXT() REPRESENTATION_CONTEXT('2D SPACE',''
  ) );
#3932 = PCURVE('',#1792,#3933);
#3933 = DEFINITIONAL_REPRESENTATION('',(#3934),#3937);
#3934 = B_SPLINE_CURVE_WITH_KNOTS('',1,(#3935,#3936),.UNSPECIFIED.,.F.,
  .F.,(2,2),(-8.174934181918,-7.986706594481),.PIECEWISE_BEZIER_KNOTS.);
#3935 = CARTESIAN_POINT('',(-20.09606490731,3.960825305445));
#3936 = CARTESIAN_POINT('',(-19.92798810438,4.045559082589));
#3937 = ( GEOMETRIC_REPRESENTATION_CONTEXT(2) 
PARAMETRIC_REPRESENTATION_CONTEXT() REPRESENTATION_CONTEXT('2D SPACE',''
  ) );
#3938 = ORIENTED_EDGE('',*,*,#3801,.F.);
#3939 = ADVANCED_FACE('',(#3940),#707,.T.);
#3940 = FACE_BOUND('',#3941,.T.);
#3941 = EDGE_LOOP('',(#3942,#3965,#3991,#3992));
#3942 = ORIENTED_EDGE('',*,*,#3943,.T.);
#3943 = EDGE_CURVE('',#687,#3944,#3946,.T.);
#3944 = VERTEX_POINT('',#3945);
#3945 = CARTESIAN_POINT('',(107.35573118508,-55.59967847743,5.91));
#3946 = SURFACE_CURVE('',#3947,(#3951,#3958),.PCURVE_S1.);
#3947 = LINE('',#3948,#3949);
#3948 = CARTESIAN_POINT('',(107.35573118508,-55.59967847743,4.41));
#3949 = VECTOR('',#3950,1.);
#3950 = DIRECTION('',(0.,0.,1.));
#3951 = PCURVE('',#707,#3952);
#3952 = DEFINITIONAL_REPRESENTATION('',(#3953),#3957);
#3953 = LINE('',#3954,#3955);
#3954 = CARTESIAN_POINT('',(1.570796326795,0.));
#3955 = VECTOR('',#3956,1.);
#3956 = DIRECTION('',(0.,-1.));
#3957 = ( GEOMETRIC_REPRESENTATION_CONTEXT(2) 
PARAMETRIC_REPRESENTATION_CONTEXT() REPRESENTATION_CONTEXT('2D SPACE',''
  ) );
#3958 = PCURVE('',#735,#3959);
#3959 = DEFINITIONAL_REPRESENTATION('',(#3960),#3964);
#3960 = LINE('',#3961,#3962);
#3961 = CARTESIAN_POINT('',(0.,0.));
#3962 = VECTOR('',#3963,1.);
#3963 = DIRECTION('',(0.,-1.));
#3964 = ( GEOMETRIC_REPRESENTATION_CONTEXT(2) 
PARAMETRIC_REPRESENTATION_CONTEXT() REPRESENTATION_CONTEXT('2D SPACE',''
  ) );
#3965 = ORIENTED_EDGE('',*,*,#3966,.T.);
#3966 = EDGE_CURVE('',#3944,#3849,#3967,.T.);
#3967 = SURFACE_CURVE('',#3968,(#3973,#3980),.PCURVE_S1.);
#3968 = CIRCLE('',#3969,1.);
#3969 = AXIS2_PLACEMENT_3D('',#3970,#3971,#3972);
#3970 = CARTESIAN_POINT('',(106.43185165257,-55.98236190979,5.91));
#3971 = DIRECTION('',(0.,0.,-1.));
#3972 = DIRECTION('',(-0.382683432365,0.923879532511,0.));
#3973 = PCURVE('',#707,#3974);
#3974 = DEFINITIONAL_REPRESENTATION('',(#3975),#3979);
#3975 = LINE('',#3976,#3977);
#3976 = CARTESIAN_POINT('',(0.,-1.5));
#3977 = VECTOR('',#3978,1.);
#3978 = DIRECTION('',(1.,0.));
#3979 = ( GEOMETRIC_REPRESENTATION_CONTEXT(2) 
PARAMETRIC_REPRESENTATION_CONTEXT() REPRESENTATION_CONTEXT('2D SPACE',''
  ) );
#3980 = PCURVE('',#1792,#3981);
#3981 = DEFINITIONAL_REPRESENTATION('',(#3982),#3990);
#3982 = ( BOUNDED_CURVE() B_SPLINE_CURVE(2,(#3983,#3984,#3985,#3986,
#3987,#3988,#3989),.UNSPECIFIED.,.T.,.F.) B_SPLINE_CURVE_WITH_KNOTS((1,2
    ,2,2,2,1),(-2.094395102393,0.,2.094395102393,4.188790204786,
6.28318530718,8.377580409573),.UNSPECIFIED.) CURVE() 
GEOMETRIC_REPRESENTATION_ITEM() RATIONAL_B_SPLINE_CURVE((1.,0.5,1.,0.5,
1.,0.5,1.)) REPRESENTATION_ITEM('') );
#3983 = CARTESIAN_POINT('',(21.32997917328,10.380255781709));
#3984 = CARTESIAN_POINT('',(22.930185463662,11.04308292978));
#3985 = CARTESIAN_POINT('',(22.704107467019,9.325850056978));
#3986 = CARTESIAN_POINT('',(22.478029470375,7.608617184175));
#3987 = CARTESIAN_POINT('',(21.103901176636,8.663022908907));
#3988 = CARTESIAN_POINT('',(19.729772882897,9.717428633638));
#3989 = CARTESIAN_POINT('',(21.32997917328,10.380255781709));
#3990 = ( GEOMETRIC_REPRESENTATION_CONTEXT(2) 
PARAMETRIC_REPRESENTATION_CONTEXT() REPRESENTATION_CONTEXT('2D SPACE',''
  ) );
#3991 = ORIENTED_EDGE('',*,*,#3871,.F.);
#3992 = ORIENTED_EDGE('',*,*,#686,.F.);
#3993 = ADVANCED_FACE('',(#3994),#1001,.F.);
#3994 = FACE_BOUND('',#3995,.F.);
#3995 = EDGE_LOOP('',(#3996,#3997,#4020,#4039));
#3996 = ORIENTED_EDGE('',*,*,#986,.T.);
#3997 = ORIENTED_EDGE('',*,*,#3998,.T.);
#3998 = EDGE_CURVE('',#961,#3999,#4001,.T.);
#3999 = VERTEX_POINT('',#4000);
#4000 = CARTESIAN_POINT('',(64.964464713456,-61.31963119836,5.91));
#4001 = SURFACE_CURVE('',#4002,(#4006,#4013),.PCURVE_S1.);
#4002 = LINE('',#4003,#4004);
#4003 = CARTESIAN_POINT('',(64.964464713456,-61.31963119836,-20.));
#4004 = VECTOR('',#4005,1.);
#4005 = DIRECTION('',(0.,0.,1.));
#4006 = PCURVE('',#1001,#4007);
#4007 = DEFINITIONAL_REPRESENTATION('',(#4008),#4012);
#4008 = LINE('',#4009,#4010);
#4009 = CARTESIAN_POINT('',(0.,0.));
#4010 = VECTOR('',#4011,1.);
#4011 = DIRECTION('',(0.,-1.));
#4012 = ( GEOMETRIC_REPRESENTATION_CONTEXT(2) 
PARAMETRIC_REPRESENTATION_CONTEXT() REPRESENTATION_CONTEXT('2D SPACE',''
  ) );
#4013 = PCURVE('',#975,#4014);
#4014 = DEFINITIONAL_REPRESENTATION('',(#4015),#4019);
#4015 = LINE('',#4016,#4017);
#4016 = CARTESIAN_POINT('',(0.188227587437,0.));
#4017 = VECTOR('',#4018,1.);
#4018 = DIRECTION('',(0.,-1.));
#4019 = ( GEOMETRIC_REPRESENTATION_CONTEXT(2) 
PARAMETRIC_REPRESENTATION_CONTEXT() REPRESENTATION_CONTEXT('2D SPACE',''
  ) );
#4020 = ORIENTED_EDGE('',*,*,#4021,.F.);
#4021 = EDGE_CURVE('',#3898,#3999,#4022,.T.);
#4022 = SURFACE_CURVE('',#4023,(#4027,#4033),.PCURVE_S1.);
#4023 = LINE('',#4024,#4025);
#4024 = CARTESIAN_POINT('',(72.593008638467,-58.08142845509,5.91));
#4025 = VECTOR('',#4026,1.);
#4026 = DIRECTION('',(0.920501469856,0.390739099646,-0.));
#4027 = PCURVE('',#1001,#4028);
#4028 = DEFINITIONAL_REPRESENTATION('',(#4029),#4032);
#4029 = B_SPLINE_CURVE_WITH_KNOTS('',1,(#4030,#4031),.UNSPECIFIED.,.F.,
  .F.,(2,2),(-8.47560590765,-8.287378320213),.PIECEWISE_BEZIER_KNOTS.);
#4030 = CARTESIAN_POINT('',(0.188227587437,-25.91));
#4031 = CARTESIAN_POINT('',(0.,-25.91));
#4032 = ( GEOMETRIC_REPRESENTATION_CONTEXT(2) 
PARAMETRIC_REPRESENTATION_CONTEXT() REPRESENTATION_CONTEXT('2D SPACE',''
  ) );
#4033 = PCURVE('',#1792,#4034);
#4034 = DEFINITIONAL_REPRESENTATION('',(#4035),#4038);
#4035 = B_SPLINE_CURVE_WITH_KNOTS('',1,(#4036,#4037),.UNSPECIFIED.,.F.,
  .F.,(2,2),(-8.47560590765,-8.287378320213),.PIECEWISE_BEZIER_KNOTS.);
#4036 = CARTESIAN_POINT('',(-19.92798810438,4.045559082589));
#4037 = CARTESIAN_POINT('',(-19.75472433347,4.119106960633));
#4038 = ( GEOMETRIC_REPRESENTATION_CONTEXT(2) 
PARAMETRIC_REPRESENTATION_CONTEXT() REPRESENTATION_CONTEXT('2D SPACE',''
  ) );
#4039 = ORIENTED_EDGE('',*,*,#3897,.F.);
#4040 = ADVANCED_FACE('',(#4041),#735,.F.);
#4041 = FACE_BOUND('',#4042,.F.);
#4042 = EDGE_LOOP('',(#4043,#4044,#4067,#4088));
#4043 = ORIENTED_EDGE('',*,*,#3943,.T.);
#4044 = ORIENTED_EDGE('',*,*,#4045,.T.);
#4045 = EDGE_CURVE('',#3944,#4046,#4048,.T.);
#4046 = VERTEX_POINT('',#4047);
#4047 = CARTESIAN_POINT('',(107.15593034008,-55.11731656763,5.91));
#4048 = SURFACE_CURVE('',#4049,(#4053,#4060),.PCURVE_S1.);
#4049 = LINE('',#4050,#4051);
#4050 = CARTESIAN_POINT('',(107.35573118508,-55.59967847743,5.91));
#4051 = VECTOR('',#4052,1.);
#4052 = DIRECTION('',(-0.382683432365,0.923879532511,0.));
#4053 = PCURVE('',#735,#4054);
#4054 = DEFINITIONAL_REPRESENTATION('',(#4055),#4059);
#4055 = LINE('',#4056,#4057);
#4056 = CARTESIAN_POINT('',(0.,-1.5));
#4057 = VECTOR('',#4058,1.);
#4058 = DIRECTION('',(1.,0.));
#4059 = ( GEOMETRIC_REPRESENTATION_CONTEXT(2) 
PARAMETRIC_REPRESENTATION_CONTEXT() REPRESENTATION_CONTEXT('2D SPACE',''
  ) );
#4060 = PCURVE('',#1792,#4061);
#4061 = DEFINITIONAL_REPRESENTATION('',(#4062),#4066);
#4062 = LINE('',#4063,#4064);
#4063 = CARTESIAN_POINT('',(22.636542138156,9.839059681563));
#4064 = VECTOR('',#4065,1.);
#4065 = DIRECTION('',(-0.382683432365,0.923879532511));
#4066 = ( GEOMETRIC_REPRESENTATION_CONTEXT(2) 
PARAMETRIC_REPRESENTATION_CONTEXT() REPRESENTATION_CONTEXT('2D SPACE',''
  ) );
#4067 = ORIENTED_EDGE('',*,*,#4068,.F.);
#4068 = EDGE_CURVE('',#720,#4046,#4069,.T.);
#4069 = SURFACE_CURVE('',#4070,(#4074,#4081),.PCURVE_S1.);
#4070 = LINE('',#4071,#4072);
#4071 = CARTESIAN_POINT('',(107.15593034008,-55.11731656763,4.41));
#4072 = VECTOR('',#4073,1.);
#4073 = DIRECTION('',(0.,0.,1.));
#4074 = PCURVE('',#735,#4075);
#4075 = DEFINITIONAL_REPRESENTATION('',(#4076),#4080);
#4076 = LINE('',#4077,#4078);
#4077 = CARTESIAN_POINT('',(0.52210476888,0.));
#4078 = VECTOR('',#4079,1.);
#4079 = DIRECTION('',(0.,-1.));
#4080 = ( GEOMETRIC_REPRESENTATION_CONTEXT(2) 
PARAMETRIC_REPRESENTATION_CONTEXT() REPRESENTATION_CONTEXT('2D SPACE',''
  ) );
#4081 = PCURVE('',#768,#4082);
#4082 = DEFINITIONAL_REPRESENTATION('',(#4083),#4087);
#4083 = LINE('',#4084,#4085);
#4084 = CARTESIAN_POINT('',(1.832595714594,0.));
#4085 = VECTOR('',#4086,1.);
#4086 = DIRECTION('',(0.,-1.));
#4087 = ( GEOMETRIC_REPRESENTATION_CONTEXT(2) 
PARAMETRIC_REPRESENTATION_CONTEXT() REPRESENTATION_CONTEXT('2D SPACE',''
  ) );
#4088 = ORIENTED_EDGE('',*,*,#719,.F.);
#4089 = ADVANCED_FACE('',(#4090),#975,.F.);
#4090 = FACE_BOUND('',#4091,.F.);
#4091 = EDGE_LOOP('',(#4092,#4093,#4116,#4135));
#4092 = ORIENTED_EDGE('',*,*,#960,.T.);
#4093 = ORIENTED_EDGE('',*,*,#4094,.T.);
#4094 = EDGE_CURVE('',#935,#4095,#4097,.T.);
#4095 = VERTEX_POINT('',#4096);
#4096 = CARTESIAN_POINT('',(65.142171975262,-61.2575848143,5.91));
#4097 = SURFACE_CURVE('',#4098,(#4102,#4109),.PCURVE_S1.);
#4098 = LINE('',#4099,#4100);
#4099 = CARTESIAN_POINT('',(65.142171975262,-61.2575848143,-20.));
#4100 = VECTOR('',#4101,1.);
#4101 = DIRECTION('',(0.,0.,1.));
#4102 = PCURVE('',#975,#4103);
#4103 = DEFINITIONAL_REPRESENTATION('',(#4104),#4108);
#4104 = LINE('',#4105,#4106);
#4105 = CARTESIAN_POINT('',(0.,0.));
#4106 = VECTOR('',#4107,1.);
#4107 = DIRECTION('',(0.,-1.));
#4108 = ( GEOMETRIC_REPRESENTATION_CONTEXT(2) 
PARAMETRIC_REPRESENTATION_CONTEXT() REPRESENTATION_CONTEXT('2D SPACE',''
  ) );
#4109 = PCURVE('',#949,#4110);
#4110 = DEFINITIONAL_REPRESENTATION('',(#4111),#4115);
#4111 = LINE('',#4112,#4113);
#4112 = CARTESIAN_POINT('',(0.188227587437,0.));
#4113 = VECTOR('',#4114,1.);
#4114 = DIRECTION('',(0.,-1.));
#4115 = ( GEOMETRIC_REPRESENTATION_CONTEXT(2) 
PARAMETRIC_REPRESENTATION_CONTEXT() REPRESENTATION_CONTEXT('2D SPACE',''
  ) );
#4116 = ORIENTED_EDGE('',*,*,#4117,.F.);
#4117 = EDGE_CURVE('',#3999,#4095,#4118,.T.);
#4118 = SURFACE_CURVE('',#4119,(#4123,#4129),.PCURVE_S1.);
#4119 = LINE('',#4120,#4121);
#4120 = CARTESIAN_POINT('',(73.216458554664,-58.4384524898,5.91));
#4121 = VECTOR('',#4122,1.);
#4122 = DIRECTION('',(0.944108481786,0.329634911106,-0.));
#4123 = PCURVE('',#975,#4124);
#4124 = DEFINITIONAL_REPRESENTATION('',(#4125),#4128);
#4125 = B_SPLINE_CURVE_WITH_KNOTS('',1,(#4126,#4127),.UNSPECIFIED.,.F.,
  .F.,(2,2),(-8.740514464607,-8.552286877169),.PIECEWISE_BEZIER_KNOTS.);
#4126 = CARTESIAN_POINT('',(0.188227587437,-25.91));
#4127 = CARTESIAN_POINT('',(0.,-25.91));
#4128 = ( GEOMETRIC_REPRESENTATION_CONTEXT(2) 
PARAMETRIC_REPRESENTATION_CONTEXT() REPRESENTATION_CONTEXT('2D SPACE',''
  ) );
#4129 = PCURVE('',#1792,#4130);
#4130 = DEFINITIONAL_REPRESENTATION('',(#4131),#4134);
#4131 = B_SPLINE_CURVE_WITH_KNOTS('',1,(#4132,#4133),.UNSPECIFIED.,.F.,
  .F.,(2,2),(-8.740514464607,-8.552286877169),.PIECEWISE_BEZIER_KNOTS.);
#4132 = CARTESIAN_POINT('',(-19.75472433347,4.119106960633));
#4133 = CARTESIAN_POINT('',(-19.57701707167,4.181153344685));
#4134 = ( GEOMETRIC_REPRESENTATION_CONTEXT(2) 
PARAMETRIC_REPRESENTATION_CONTEXT() REPRESENTATION_CONTEXT('2D SPACE',''
  ) );
#4135 = ORIENTED_EDGE('',*,*,#3998,.F.);
#4136 = ADVANCED_FACE('',(#4137),#768,.T.);
#4137 = FACE_BOUND('',#4138,.T.);
#4138 = EDGE_LOOP('',(#4139,#4162,#4188,#4189));
#4139 = ORIENTED_EDGE('',*,*,#4140,.T.);
#4140 = EDGE_CURVE('',#748,#4141,#4143,.T.);
#4141 = VERTEX_POINT('',#4142);
#4142 = CARTESIAN_POINT('',(107.02540414786,-54.89123857099,5.91));
#4143 = SURFACE_CURVE('',#4144,(#4148,#4155),.PCURVE_S1.);
#4144 = LINE('',#4145,#4146);
#4145 = CARTESIAN_POINT('',(107.02540414786,-54.89123857099,4.41));
#4146 = VECTOR('',#4147,1.);
#4147 = DIRECTION('',(0.,0.,1.));
#4148 = PCURVE('',#768,#4149);
#4149 = DEFINITIONAL_REPRESENTATION('',(#4150),#4154);
#4150 = LINE('',#4151,#4152);
#4151 = CARTESIAN_POINT('',(1.570796326795,0.));
#4152 = VECTOR('',#4153,1.);
#4153 = DIRECTION('',(0.,-1.));
#4154 = ( GEOMETRIC_REPRESENTATION_CONTEXT(2) 
PARAMETRIC_REPRESENTATION_CONTEXT() REPRESENTATION_CONTEXT('2D SPACE',''
  ) );
#4155 = PCURVE('',#796,#4156);
#4156 = DEFINITIONAL_REPRESENTATION('',(#4157),#4161);
#4157 = LINE('',#4158,#4159);
#4158 = CARTESIAN_POINT('',(0.,0.));
#4159 = VECTOR('',#4160,1.);
#4160 = DIRECTION('',(0.,-1.));
#4161 = ( GEOMETRIC_REPRESENTATION_CONTEXT(2) 
PARAMETRIC_REPRESENTATION_CONTEXT() REPRESENTATION_CONTEXT('2D SPACE',''
  ) );
#4162 = ORIENTED_EDGE('',*,*,#4163,.T.);
#4163 = EDGE_CURVE('',#4141,#4046,#4164,.T.);
#4164 = SURFACE_CURVE('',#4165,(#4170,#4177),.PCURVE_S1.);
#4165 = CIRCLE('',#4166,1.);
#4166 = AXIS2_PLACEMENT_3D('',#4167,#4168,#4169);
#4167 = CARTESIAN_POINT('',(106.23205080756,-55.5,5.91));
#4168 = DIRECTION('',(0.,0.,-1.));
#4169 = DIRECTION('',(-0.608761429009,0.793353340291,0.));
#4170 = PCURVE('',#768,#4171);
#4171 = DEFINITIONAL_REPRESENTATION('',(#4172),#4176);
#4172 = LINE('',#4173,#4174);
#4173 = CARTESIAN_POINT('',(0.,-1.5));
#4174 = VECTOR('',#4175,1.);
#4175 = DIRECTION('',(1.,0.));
#4176 = ( GEOMETRIC_REPRESENTATION_CONTEXT(2) 
PARAMETRIC_REPRESENTATION_CONTEXT() REPRESENTATION_CONTEXT('2D SPACE',''
  ) );
#4177 = PCURVE('',#1792,#4178);
#4178 = DEFINITIONAL_REPRESENTATION('',(#4179),#4187);
#4179 = ( BOUNDED_CURVE() B_SPLINE_CURVE(2,(#4180,#4181,#4182,#4183,
#4184,#4185,#4186),.UNSPECIFIED.,.T.,.F.) B_SPLINE_CURVE_WITH_KNOTS((1,2
    ,2,2,2,1),(-2.094395102393,0.,2.094395102393,4.188790204786,
6.28318530718,8.377580409573),.UNSPECIFIED.) CURVE() 
GEOMETRIC_REPRESENTATION_ITEM() RATIONAL_B_SPLINE_CURVE((1.,0.5,1.,0.5,
1.,0.5,1.)) REPRESENTATION_ITEM('') );
#4180 = CARTESIAN_POINT('',(20.904100331627,10.732091499284));
#4181 = CARTESIAN_POINT('',(22.278228625366,11.786497224015));
#4182 = CARTESIAN_POINT('',(22.504306622009,10.069264351213));
#4183 = CARTESIAN_POINT('',(22.730384618653,8.35203147841));
#4184 = CARTESIAN_POINT('',(21.13017832827,9.014858626482));
#4185 = CARTESIAN_POINT('',(19.529972037888,9.677685774553));
#4186 = CARTESIAN_POINT('',(20.904100331627,10.732091499284));
#4187 = ( GEOMETRIC_REPRESENTATION_CONTEXT(2) 
PARAMETRIC_REPRESENTATION_CONTEXT() REPRESENTATION_CONTEXT('2D SPACE',''
  ) );
#4188 = ORIENTED_EDGE('',*,*,#4068,.F.);
#4189 = ORIENTED_EDGE('',*,*,#747,.F.);
#4190 = ADVANCED_FACE('',(#4191),#949,.F.);
#4191 = FACE_BOUND('',#4192,.F.);
#4192 = EDGE_LOOP('',(#4193,#4194,#4217,#4236));
#4193 = ORIENTED_EDGE('',*,*,#934,.T.);
#4194 = ORIENTED_EDGE('',*,*,#4195,.T.);
#4195 = EDGE_CURVE('',#909,#4196,#4198,.T.);
#4196 = VERTEX_POINT('',#4197);
#4197 = CARTESIAN_POINT('',(65.323560183822,-61.20730616607,5.91));
#4198 = SURFACE_CURVE('',#4199,(#4203,#4210),.PCURVE_S1.);
#4199 = LINE('',#4200,#4201);
#4200 = CARTESIAN_POINT('',(65.323560183822,-61.20730616607,-20.));
#4201 = VECTOR('',#4202,1.);
#4202 = DIRECTION('',(0.,0.,1.));
#4203 = PCURVE('',#949,#4204);
#4204 = DEFINITIONAL_REPRESENTATION('',(#4205),#4209);
#4205 = LINE('',#4206,#4207);
#4206 = CARTESIAN_POINT('',(0.,0.));
#4207 = VECTOR('',#4208,1.);
#4208 = DIRECTION('',(0.,-1.));
#4209 = ( GEOMETRIC_REPRESENTATION_CONTEXT(2) 
PARAMETRIC_REPRESENTATION_CONTEXT() REPRESENTATION_CONTEXT('2D SPACE',''
  ) );
#4210 = PCURVE('',#923,#4211);
#4211 = DEFINITIONAL_REPRESENTATION('',(#4212),#4216);
#4212 = LINE('',#4213,#4214);
#4213 = CARTESIAN_POINT('',(0.188227587437,0.));
#4214 = VECTOR('',#4215,1.);
#4215 = DIRECTION('',(0.,-1.));
#4216 = ( GEOMETRIC_REPRESENTATION_CONTEXT(2) 
PARAMETRIC_REPRESENTATION_CONTEXT() REPRESENTATION_CONTEXT('2D SPACE',''
  ) );
#4217 = ORIENTED_EDGE('',*,*,#4218,.F.);
#4218 = EDGE_CURVE('',#4095,#4196,#4219,.T.);
#4219 = SURFACE_CURVE('',#4220,(#4224,#4230),.PCURVE_S1.);
#4220 = LINE('',#4221,#4222);
#4221 = CARTESIAN_POINT('',(73.784817644497,-58.86194650452,5.91));
#4222 = VECTOR('',#4223,1.);
#4223 = DIRECTION('',(0.96366431207,0.26711625492,-0.));
#4224 = PCURVE('',#949,#4225);
#4225 = DEFINITIONAL_REPRESENTATION('',(#4226),#4229);
#4226 = B_SPLINE_CURVE_WITH_KNOTS('',1,(#4227,#4228),.UNSPECIFIED.,.F.,
  .F.,(2,2),(-8.96852312676,-8.780295539323),.PIECEWISE_BEZIER_KNOTS.);
#4227 = CARTESIAN_POINT('',(0.188227587437,-25.91));
#4228 = CARTESIAN_POINT('',(0.,-25.91));
#4229 = ( GEOMETRIC_REPRESENTATION_CONTEXT(2) 
PARAMETRIC_REPRESENTATION_CONTEXT() REPRESENTATION_CONTEXT('2D SPACE',''
  ) );
#4230 = PCURVE('',#1792,#4231);
#4231 = DEFINITIONAL_REPRESENTATION('',(#4232),#4235);
#4232 = B_SPLINE_CURVE_WITH_KNOTS('',1,(#4233,#4234),.UNSPECIFIED.,.F.,
  .F.,(2,2),(-8.96852312676,-8.780295539323),.PIECEWISE_BEZIER_KNOTS.);
#4233 = CARTESIAN_POINT('',(-19.57701707167,4.181153344685));
#4234 = CARTESIAN_POINT('',(-19.39562886311,4.231431992914));
#4235 = ( GEOMETRIC_REPRESENTATION_CONTEXT(2) 
PARAMETRIC_REPRESENTATION_CONTEXT() REPRESENTATION_CONTEXT('2D SPACE',''
  ) );
#4236 = ORIENTED_EDGE('',*,*,#4094,.F.);
#4237 = ADVANCED_FACE('',(#4238),#796,.F.);
#4238 = FACE_BOUND('',#4239,.F.);
#4239 = EDGE_LOOP('',(#4240,#4241,#4242,#4265));
#4240 = ORIENTED_EDGE('',*,*,#780,.F.);
#4241 = ORIENTED_EDGE('',*,*,#4140,.T.);
#4242 = ORIENTED_EDGE('',*,*,#4243,.T.);
#4243 = EDGE_CURVE('',#4141,#4244,#4246,.T.);
#4244 = VERTEX_POINT('',#4245);
#4245 = CARTESIAN_POINT('',(106.81305807433,-54.61450378014,5.91));
#4246 = SURFACE_CURVE('',#4247,(#4251,#4258),.PCURVE_S1.);
#4247 = LINE('',#4248,#4249);
#4248 = CARTESIAN_POINT('',(107.02540414786,-54.89123857099,5.91));
#4249 = VECTOR('',#4250,1.);
#4250 = DIRECTION('',(-0.608761429009,0.793353340291,0.));
#4251 = PCURVE('',#796,#4252);
#4252 = DEFINITIONAL_REPRESENTATION('',(#4253),#4257);
#4253 = LINE('',#4254,#4255);
#4254 = CARTESIAN_POINT('',(0.,-1.5));
#4255 = VECTOR('',#4256,1.);
#4256 = DIRECTION('',(1.,0.));
#4257 = ( GEOMETRIC_REPRESENTATION_CONTEXT(2) 
PARAMETRIC_REPRESENTATION_CONTEXT() REPRESENTATION_CONTEXT('2D SPACE',''
  ) );
#4258 = PCURVE('',#1792,#4259);
#4259 = DEFINITIONAL_REPRESENTATION('',(#4260),#4264);
#4260 = LINE('',#4261,#4262);
#4261 = CARTESIAN_POINT('',(22.306215100927,10.547499588002));
#4262 = VECTOR('',#4263,1.);
#4263 = DIRECTION('',(-0.608761429009,0.793353340291));
#4264 = ( GEOMETRIC_REPRESENTATION_CONTEXT(2) 
PARAMETRIC_REPRESENTATION_CONTEXT() REPRESENTATION_CONTEXT('2D SPACE',''
  ) );
#4265 = ORIENTED_EDGE('',*,*,#4266,.F.);
#4266 = EDGE_CURVE('',#781,#4244,#4267,.T.);
#4267 = SURFACE_CURVE('',#4268,(#4272,#4278),.PCURVE_S1.);
#4268 = LINE('',#4269,#4270);
#4269 = CARTESIAN_POINT('',(106.81305807433,-54.61450378014,-7.795));
#4270 = VECTOR('',#4271,1.);
#4271 = DIRECTION('',(0.,0.,1.));
#4272 = PCURVE('',#796,#4273);
#4273 = DEFINITIONAL_REPRESENTATION('',(#4274),#4277);
#4274 = B_SPLINE_CURVE_WITH_KNOTS('',1,(#4275,#4276),.UNSPECIFIED.,.F.,
  .F.,(2,2),(12.205,13.705),.PIECEWISE_BEZIER_KNOTS.);
#4275 = CARTESIAN_POINT('',(0.348816569856,0.));
#4276 = CARTESIAN_POINT('',(0.348816569856,-1.5));
#4277 = ( GEOMETRIC_REPRESENTATION_CONTEXT(2) 
PARAMETRIC_REPRESENTATION_CONTEXT() REPRESENTATION_CONTEXT('2D SPACE',''
  ) );
#4278 = PCURVE('',#823,#4279);
#4279 = DEFINITIONAL_REPRESENTATION('',(#4280),#4283);
#4280 = B_SPLINE_CURVE_WITH_KNOTS('',1,(#4281,#4282),.UNSPECIFIED.,.F.,
  .F.,(2,2),(12.205,13.705),.PIECEWISE_BEZIER_KNOTS.);
#4281 = CARTESIAN_POINT('',(7.243728529925,-24.41));
#4282 = CARTESIAN_POINT('',(7.243728529925,-25.91));
#4283 = ( GEOMETRIC_REPRESENTATION_CONTEXT(2) 
PARAMETRIC_REPRESENTATION_CONTEXT() REPRESENTATION_CONTEXT('2D SPACE',''
  ) );
#4284 = ADVANCED_FACE('',(#4285),#923,.F.);
#4285 = FACE_BOUND('',#4286,.F.);
#4286 = EDGE_LOOP('',(#4287,#4288,#4311,#4330));
#4287 = ORIENTED_EDGE('',*,*,#908,.T.);
#4288 = ORIENTED_EDGE('',*,*,#4289,.T.);
#4289 = EDGE_CURVE('',#888,#4290,#4292,.T.);
#4290 = VERTEX_POINT('',#4291);
#4291 = CARTESIAN_POINT('',(65.507851,-61.169011,5.91));
#4292 = SURFACE_CURVE('',#4293,(#4297,#4304),.PCURVE_S1.);
#4293 = LINE('',#4294,#4295);
#4294 = CARTESIAN_POINT('',(65.507851,-61.169011,-20.));
#4295 = VECTOR('',#4296,1.);
#4296 = DIRECTION('',(0.,0.,1.));
#4297 = PCURVE('',#923,#4298);
#4298 = DEFINITIONAL_REPRESENTATION('',(#4299),#4303);
#4299 = LINE('',#4300,#4301);
#4300 = CARTESIAN_POINT('',(0.,0.));
#4301 = VECTOR('',#4302,1.);
#4302 = DIRECTION('',(0.,-1.));
#4303 = ( GEOMETRIC_REPRESENTATION_CONTEXT(2) 
PARAMETRIC_REPRESENTATION_CONTEXT() REPRESENTATION_CONTEXT('2D SPACE',''
  ) );
#4304 = PCURVE('',#823,#4305);
#4305 = DEFINITIONAL_REPRESENTATION('',(#4306),#4310);
#4306 = LINE('',#4307,#4308);
#4307 = CARTESIAN_POINT('',(49.065752588412,0.));
#4308 = VECTOR('',#4309,1.);
#4309 = DIRECTION('',(0.,-1.));
#4310 = ( GEOMETRIC_REPRESENTATION_CONTEXT(2) 
PARAMETRIC_REPRESENTATION_CONTEXT() REPRESENTATION_CONTEXT('2D SPACE',''
  ) );
#4311 = ORIENTED_EDGE('',*,*,#4312,.F.);
#4312 = EDGE_CURVE('',#4196,#4290,#4313,.T.);
#4313 = SURFACE_CURVE('',#4314,(#4318,#4324),.PCURVE_S1.);
#4314 = LINE('',#4315,#4316);
#4315 = CARTESIAN_POINT('',(74.290660876616,-59.34396529324,5.91));
#4316 = VECTOR('',#4317,1.);
#4317 = DIRECTION('',(0.97908504639,0.203451399446,-0.));
#4318 = PCURVE('',#923,#4319);
#4319 = DEFINITIONAL_REPRESENTATION('',(#4320),#4323);
#4320 = B_SPLINE_CURVE_WITH_KNOTS('',1,(#4321,#4322),.UNSPECIFIED.,.F.,
  .F.,(2,2),(-9.158653506006,-8.970425918569),.PIECEWISE_BEZIER_KNOTS.);
#4321 = CARTESIAN_POINT('',(0.188227587437,-25.91));
#4322 = CARTESIAN_POINT('',(0.,-25.91));
#4323 = ( GEOMETRIC_REPRESENTATION_CONTEXT(2) 
PARAMETRIC_REPRESENTATION_CONTEXT() REPRESENTATION_CONTEXT('2D SPACE',''
  ) );
#4324 = PCURVE('',#1792,#4325);
#4325 = DEFINITIONAL_REPRESENTATION('',(#4326),#4329);
#4326 = B_SPLINE_CURVE_WITH_KNOTS('',1,(#4327,#4328),.UNSPECIFIED.,.F.,
  .F.,(2,2),(-9.158653506006,-8.970425918569),.PIECEWISE_BEZIER_KNOTS.);
#4327 = CARTESIAN_POINT('',(-19.39562886311,4.231431992914));
#4328 = CARTESIAN_POINT('',(-19.21133804693,4.269727158992));
#4329 = ( GEOMETRIC_REPRESENTATION_CONTEXT(2) 
PARAMETRIC_REPRESENTATION_CONTEXT() REPRESENTATION_CONTEXT('2D SPACE',''
  ) );
#4330 = ORIENTED_EDGE('',*,*,#4195,.F.);
#4331 = ADVANCED_FACE('',(#4332),#823,.F.);
#4332 = FACE_BOUND('',#4333,.F.);
#4333 = EDGE_LOOP('',(#4334,#4335,#4336,#4357,#4383,#4402,#4403,#4404));
#4334 = ORIENTED_EDGE('',*,*,#4289,.F.);
#4335 = ORIENTED_EDGE('',*,*,#887,.T.);
#4336 = ORIENTED_EDGE('',*,*,#4337,.T.);
#4337 = EDGE_CURVE('',#864,#4338,#4340,.T.);
#4338 = VERTEX_POINT('',#4339);
#4339 = CARTESIAN_POINT('',(104.23459714771,-55.02366625521,4.42));
#4340 = SURFACE_CURVE('',#4341,(#4345,#4351),.PCURVE_S1.);
#4341 = LINE('',#4342,#4343);
#4342 = CARTESIAN_POINT('',(104.23459714771,-55.02366625521,0.91));
#4343 = VECTOR('',#4344,1.);
#4344 = DIRECTION('',(0.,0.,1.));
#4345 = PCURVE('',#823,#4346);
#4346 = DEFINITIONAL_REPRESENTATION('',(#4347),#4350);
#4347 = B_SPLINE_CURVE_WITH_KNOTS('',1,(#4348,#4349),.UNSPECIFIED.,.F.,
  .F.,(2,2),(3.35,3.5100024),.PIECEWISE_BEZIER_KNOTS.);
#4348 = CARTESIAN_POINT('',(9.854451548769,-24.26));
#4349 = CARTESIAN_POINT('',(9.854451548769,-24.4200024));
#4350 = ( GEOMETRIC_REPRESENTATION_CONTEXT(2) 
PARAMETRIC_REPRESENTATION_CONTEXT() REPRESENTATION_CONTEXT('2D SPACE',''
  ) );
#4351 = PCURVE('',#851,#4352);
#4352 = DEFINITIONAL_REPRESENTATION('',(#4353),#4356);
#4353 = B_SPLINE_CURVE_WITH_KNOTS('',1,(#4354,#4355),.UNSPECIFIED.,.F.,
  .F.,(2,2),(3.35,3.5100024),.PIECEWISE_BEZIER_KNOTS.);
#4354 = CARTESIAN_POINT('',(1.748668006328,3.35));
#4355 = CARTESIAN_POINT('',(1.748668006328,3.5100024));
#4356 = ( GEOMETRIC_REPRESENTATION_CONTEXT(2) 
PARAMETRIC_REPRESENTATION_CONTEXT() REPRESENTATION_CONTEXT('2D SPACE',''
  ) );
#4357 = ORIENTED_EDGE('',*,*,#4358,.F.);
#4358 = EDGE_CURVE('',#4359,#4338,#4361,.T.);
#4359 = VERTEX_POINT('',#4360);
#4360 = CARTESIAN_POINT('',(104.29533018556,-55.01402884716,4.42));
#4361 = SURFACE_CURVE('',#4362,(#4366,#4372),.PCURVE_S1.);
#4362 = LINE('',#4363,#4364);
#4363 = CARTESIAN_POINT('',(109.11611783332,-54.24904327559,4.42));
#4364 = VECTOR('',#4365,1.);
#4365 = DIRECTION('',(-0.987642468393,-0.156723816396,0.));
#4366 = PCURVE('',#823,#4367);
#4367 = DEFINITIONAL_REPRESENTATION('',(#4368),#4371);
#4368 = B_SPLINE_CURVE_WITH_KNOTS('',1,(#4369,#4370),.UNSPECIFIED.,.F.,
  .F.,(2,2),(4.791592890439,6.192643622615),.PIECEWISE_BEZIER_KNOTS.);
#4369 = CARTESIAN_POINT('',(9.703445430125,-24.42));
#4370 = CARTESIAN_POINT('',(11.104496162301,-24.42));
#4371 = ( GEOMETRIC_REPRESENTATION_CONTEXT(2) 
PARAMETRIC_REPRESENTATION_CONTEXT() REPRESENTATION_CONTEXT('2D SPACE',''
  ) );
#4372 = PCURVE('',#4373,#4378);
#4373 = PLANE('',#4374);
#4374 = AXIS2_PLACEMENT_3D('',#4375,#4376,#4377);
#4375 = CARTESIAN_POINT('',(104.5,-56.5,4.42));
#4376 = DIRECTION('',(0.,0.,1.));
#4377 = DIRECTION('',(1.,0.,-0.));
#4378 = DEFINITIONAL_REPRESENTATION('',(#4379),#4382);
#4379 = B_SPLINE_CURVE_WITH_KNOTS('',1,(#4380,#4381),.UNSPECIFIED.,.F.,
  .F.,(2,2),(4.791592890439,6.192643622615),.PIECEWISE_BEZIER_KNOTS.);
#4380 = CARTESIAN_POINT('',(-0.116262796529,1.5));
#4381 = CARTESIAN_POINT('',(-1.5,1.280421982289));
#4382 = ( GEOMETRIC_REPRESENTATION_CONTEXT(2) 
PARAMETRIC_REPRESENTATION_CONTEXT() REPRESENTATION_CONTEXT('2D SPACE',''
  ) );
#4383 = ORIENTED_EDGE('',*,*,#4384,.F.);
#4384 = EDGE_CURVE('',#809,#4359,#4385,.T.);
#4385 = SURFACE_CURVE('',#4386,(#4390,#4396),.PCURVE_S1.);
#4386 = LINE('',#4387,#4388);
#4387 = CARTESIAN_POINT('',(104.29533018556,-55.01402884716,0.91));
#4388 = VECTOR('',#4389,1.);
#4389 = DIRECTION('',(0.,0.,1.));
#4390 = PCURVE('',#823,#4391);
#4391 = DEFINITIONAL_REPRESENTATION('',(#4392),#4395);
#4392 = B_SPLINE_CURVE_WITH_KNOTS('',1,(#4393,#4394),.UNSPECIFIED.,.F.,
  .F.,(2,2),(3.35,3.5100024),.PIECEWISE_BEZIER_KNOTS.);
#4393 = CARTESIAN_POINT('',(9.792958609976,-24.26));
#4394 = CARTESIAN_POINT('',(9.792958609976,-24.4200024));
#4395 = ( GEOMETRIC_REPRESENTATION_CONTEXT(2) 
PARAMETRIC_REPRESENTATION_CONTEXT() REPRESENTATION_CONTEXT('2D SPACE',''
  ) );
#4396 = PCURVE('',#851,#4397);
#4397 = DEFINITIONAL_REPRESENTATION('',(#4398),#4401);
#4398 = B_SPLINE_CURVE_WITH_KNOTS('',1,(#4399,#4400),.UNSPECIFIED.,.F.,
  .F.,(2,2),(3.35,3.5100024),.PIECEWISE_BEZIER_KNOTS.);
#4399 = CARTESIAN_POINT('',(1.707669842537,3.35));
#4400 = CARTESIAN_POINT('',(1.707669842537,3.5100024));
#4401 = ( GEOMETRIC_REPRESENTATION_CONTEXT(2) 
PARAMETRIC_REPRESENTATION_CONTEXT() REPRESENTATION_CONTEXT('2D SPACE',''
  ) );
#4402 = ORIENTED_EDGE('',*,*,#808,.T.);
#4403 = ORIENTED_EDGE('',*,*,#4266,.T.);
#4404 = ORIENTED_EDGE('',*,*,#4405,.F.);
#4405 = EDGE_CURVE('',#4290,#4244,#4406,.T.);
#4406 = SURFACE_CURVE('',#4407,(#4411,#4417),.PCURVE_S1.);
#4407 = LINE('',#4408,#4409);
#4408 = CARTESIAN_POINT('',(98.776843338787,-55.88972865457,5.91));
#4409 = VECTOR('',#4410,1.);
#4410 = DIRECTION('',(0.987642468393,0.156723816396,-0.));
#4411 = PCURVE('',#823,#4412);
#4412 = DEFINITIONAL_REPRESENTATION('',(#4413),#4416);
#4413 = B_SPLINE_CURVE_WITH_KNOTS('',1,(#4414,#4415),.UNSPECIFIED.,.F.,
  .F.,(2,2),(-33.68525899144,8.832302113743),.PIECEWISE_BEZIER_KNOTS.);
#4414 = CARTESIAN_POINT('',(49.065752588412,-25.91));
#4415 = CARTESIAN_POINT('',(6.54819148322,-25.91));
#4416 = ( GEOMETRIC_REPRESENTATION_CONTEXT(2) 
PARAMETRIC_REPRESENTATION_CONTEXT() REPRESENTATION_CONTEXT('2D SPACE',''
  ) );
#4417 = PCURVE('',#1792,#4418);
#4418 = DEFINITIONAL_REPRESENTATION('',(#4419),#4422);
#4419 = B_SPLINE_CURVE_WITH_KNOTS('',1,(#4420,#4421),.UNSPECIFIED.,.F.,
  .F.,(2,2),(-33.68525899144,8.832302113743),.PIECEWISE_BEZIER_KNOTS.);
#4420 = CARTESIAN_POINT('',(-19.21133804693,4.269727158992));
#4421 = CARTESIAN_POINT('',(22.780810953067,10.93324159925));
#4422 = ( GEOMETRIC_REPRESENTATION_CONTEXT(2) 
PARAMETRIC_REPRESENTATION_CONTEXT() REPRESENTATION_CONTEXT('2D SPACE',''
  ) );
#4423 = ADVANCED_FACE('',(#4424),#851,.T.);
#4424 = FACE_BOUND('',#4425,.T.);
#4425 = EDGE_LOOP('',(#4426,#4448,#4449,#4450,#4473,#4500,#4501,#4502));
#4426 = ORIENTED_EDGE('',*,*,#4427,.F.);
#4427 = EDGE_CURVE('',#4359,#4338,#4428,.T.);
#4428 = SURFACE_CURVE('',#4429,(#4434,#4441),.PCURVE_S1.);
#4429 = CIRCLE('',#4430,1.5);
#4430 = AXIS2_PLACEMENT_3D('',#4431,#4432,#4433);
#4431 = CARTESIAN_POINT('',(104.5,-56.5,4.42));
#4432 = DIRECTION('',(0.,0.,1.));
#4433 = DIRECTION('',(1.,0.,-0.));
#4434 = PCURVE('',#851,#4435);
#4435 = DEFINITIONAL_REPRESENTATION('',(#4436),#4440);
#4436 = LINE('',#4437,#4438);
#4437 = CARTESIAN_POINT('',(0.,3.51));
#4438 = VECTOR('',#4439,1.);
#4439 = DIRECTION('',(1.,0.));
#4440 = ( GEOMETRIC_REPRESENTATION_CONTEXT(2) 
PARAMETRIC_REPRESENTATION_CONTEXT() REPRESENTATION_CONTEXT('2D SPACE',''
  ) );
#4441 = PCURVE('',#4373,#4442);
#4442 = DEFINITIONAL_REPRESENTATION('',(#4443),#4447);
#4443 = CIRCLE('',#4444,1.5);
#4444 = AXIS2_PLACEMENT_2D('',#4445,#4446);
#4445 = CARTESIAN_POINT('',(0.,0.));
#4446 = DIRECTION('',(1.,0.));
#4447 = ( GEOMETRIC_REPRESENTATION_CONTEXT(2) 
PARAMETRIC_REPRESENTATION_CONTEXT() REPRESENTATION_CONTEXT('2D SPACE',''
  ) );
#4448 = ORIENTED_EDGE('',*,*,#4384,.F.);
#4449 = ORIENTED_EDGE('',*,*,#834,.F.);
#4450 = ORIENTED_EDGE('',*,*,#4451,.F.);
#4451 = EDGE_CURVE('',#4452,#835,#4454,.T.);
#4452 = VERTEX_POINT('',#4453);
#4453 = CARTESIAN_POINT('',(106.,-56.5,0.91));
#4454 = SEAM_CURVE('',#4455,(#4459,#4466),.PCURVE_S1.);
#4455 = LINE('',#4456,#4457);
#4456 = CARTESIAN_POINT('',(106.,-56.5,0.91));
#4457 = VECTOR('',#4458,1.);
#4458 = DIRECTION('',(0.,0.,1.));
#4459 = PCURVE('',#851,#4460);
#4460 = DEFINITIONAL_REPRESENTATION('',(#4461),#4465);
#4461 = LINE('',#4462,#4463);
#4462 = CARTESIAN_POINT('',(6.28318530718,-0.));
#4463 = VECTOR('',#4464,1.);
#4464 = DIRECTION('',(0.,1.));
#4465 = ( GEOMETRIC_REPRESENTATION_CONTEXT(2) 
PARAMETRIC_REPRESENTATION_CONTEXT() REPRESENTATION_CONTEXT('2D SPACE',''
  ) );
#4466 = PCURVE('',#851,#4467);
#4467 = DEFINITIONAL_REPRESENTATION('',(#4468),#4472);
#4468 = LINE('',#4469,#4470);
#4469 = CARTESIAN_POINT('',(0.,-0.));
#4470 = VECTOR('',#4471,1.);
#4471 = DIRECTION('',(0.,1.));
#4472 = ( GEOMETRIC_REPRESENTATION_CONTEXT(2) 
PARAMETRIC_REPRESENTATION_CONTEXT() REPRESENTATION_CONTEXT('2D SPACE',''
  ) );
#4473 = ORIENTED_EDGE('',*,*,#4474,.T.);
#4474 = EDGE_CURVE('',#4452,#4452,#4475,.T.);
#4475 = SURFACE_CURVE('',#4476,(#4481,#4488),.PCURVE_S1.);
#4476 = CIRCLE('',#4477,1.5);
#4477 = AXIS2_PLACEMENT_3D('',#4478,#4479,#4480);
#4478 = CARTESIAN_POINT('',(104.5,-56.5,0.91));
#4479 = DIRECTION('',(0.,0.,1.));
#4480 = DIRECTION('',(1.,0.,-0.));
#4481 = PCURVE('',#851,#4482);
#4482 = DEFINITIONAL_REPRESENTATION('',(#4483),#4487);
#4483 = LINE('',#4484,#4485);
#4484 = CARTESIAN_POINT('',(0.,0.));
#4485 = VECTOR('',#4486,1.);
#4486 = DIRECTION('',(1.,0.));
#4487 = ( GEOMETRIC_REPRESENTATION_CONTEXT(2) 
PARAMETRIC_REPRESENTATION_CONTEXT() REPRESENTATION_CONTEXT('2D SPACE',''
  ) );
#4488 = PCURVE('',#4489,#4494);
#4489 = PLANE('',#4490);
#4490 = AXIS2_PLACEMENT_3D('',#4491,#4492,#4493);
#4491 = CARTESIAN_POINT('',(104.5,-56.5,0.91));
#4492 = DIRECTION('',(0.,0.,1.));
#4493 = DIRECTION('',(1.,0.,-0.));
#4494 = DEFINITIONAL_REPRESENTATION('',(#4495),#4499);
#4495 = CIRCLE('',#4496,1.5);
#4496 = AXIS2_PLACEMENT_2D('',#4497,#4498);
#4497 = CARTESIAN_POINT('',(0.,0.));
#4498 = DIRECTION('',(1.,0.));
#4499 = ( GEOMETRIC_REPRESENTATION_CONTEXT(2) 
PARAMETRIC_REPRESENTATION_CONTEXT() REPRESENTATION_CONTEXT('2D SPACE',''
  ) );
#4500 = ORIENTED_EDGE('',*,*,#4451,.T.);
#4501 = ORIENTED_EDGE('',*,*,#863,.F.);
#4502 = ORIENTED_EDGE('',*,*,#4337,.T.);
#4503 = ADVANCED_FACE('',(#4504),#1601,.T.);
#4504 = FACE_BOUND('',#4505,.T.);
#4505 = EDGE_LOOP('',(#4506,#4507,#4530,#4557));
#4506 = ORIENTED_EDGE('',*,*,#1584,.F.);
#4507 = ORIENTED_EDGE('',*,*,#4508,.F.);
#4508 = EDGE_CURVE('',#4509,#1585,#4511,.T.);
#4509 = VERTEX_POINT('',#4510);
#4510 = CARTESIAN_POINT('',(67.799106,-74.3289,0.91));
#4511 = SEAM_CURVE('',#4512,(#4516,#4523),.PCURVE_S1.);
#4512 = LINE('',#4513,#4514);
#4513 = CARTESIAN_POINT('',(67.799106,-74.3289,0.91));
#4514 = VECTOR('',#4515,1.);
#4515 = DIRECTION('',(0.,0.,1.));
#4516 = PCURVE('',#1601,#4517);
#4517 = DEFINITIONAL_REPRESENTATION('',(#4518),#4522);
#4518 = LINE('',#4519,#4520);
#4519 = CARTESIAN_POINT('',(6.28318530718,-0.));
#4520 = VECTOR('',#4521,1.);
#4521 = DIRECTION('',(0.,1.));
#4522 = ( GEOMETRIC_REPRESENTATION_CONTEXT(2) 
PARAMETRIC_REPRESENTATION_CONTEXT() REPRESENTATION_CONTEXT('2D SPACE',''
  ) );
#4523 = PCURVE('',#1601,#4524);
#4524 = DEFINITIONAL_REPRESENTATION('',(#4525),#4529);
#4525 = LINE('',#4526,#4527);
#4526 = CARTESIAN_POINT('',(0.,-0.));
#4527 = VECTOR('',#4528,1.);
#4528 = DIRECTION('',(0.,1.));
#4529 = ( GEOMETRIC_REPRESENTATION_CONTEXT(2) 
PARAMETRIC_REPRESENTATION_CONTEXT() REPRESENTATION_CONTEXT('2D SPACE',''
  ) );
#4530 = ORIENTED_EDGE('',*,*,#4531,.T.);
#4531 = EDGE_CURVE('',#4509,#4509,#4532,.T.);
#4532 = SURFACE_CURVE('',#4533,(#4538,#4545),.PCURVE_S1.);
#4533 = CIRCLE('',#4534,1.5);
#4534 = AXIS2_PLACEMENT_3D('',#4535,#4536,#4537);
#4535 = CARTESIAN_POINT('',(66.299106,-74.3289,0.91));
#4536 = DIRECTION('',(0.,0.,1.));
#4537 = DIRECTION('',(1.,0.,-0.));
#4538 = PCURVE('',#1601,#4539);
#4539 = DEFINITIONAL_REPRESENTATION('',(#4540),#4544);
#4540 = LINE('',#4541,#4542);
#4541 = CARTESIAN_POINT('',(0.,0.));
#4542 = VECTOR('',#4543,1.);
#4543 = DIRECTION('',(1.,0.));
#4544 = ( GEOMETRIC_REPRESENTATION_CONTEXT(2) 
PARAMETRIC_REPRESENTATION_CONTEXT() REPRESENTATION_CONTEXT('2D SPACE',''
  ) );
#4545 = PCURVE('',#4546,#4551);
#4546 = PLANE('',#4547);
#4547 = AXIS2_PLACEMENT_3D('',#4548,#4549,#4550);
#4548 = CARTESIAN_POINT('',(66.299106,-74.3289,0.91));
#4549 = DIRECTION('',(0.,0.,1.));
#4550 = DIRECTION('',(1.,0.,-0.));
#4551 = DEFINITIONAL_REPRESENTATION('',(#4552),#4556);
#4552 = CIRCLE('',#4553,1.5);
#4553 = AXIS2_PLACEMENT_2D('',#4554,#4555);
#4554 = CARTESIAN_POINT('',(0.,0.));
#4555 = DIRECTION('',(1.,0.));
#4556 = ( GEOMETRIC_REPRESENTATION_CONTEXT(2) 
PARAMETRIC_REPRESENTATION_CONTEXT() REPRESENTATION_CONTEXT('2D SPACE',''
  ) );
#4557 = ORIENTED_EDGE('',*,*,#4508,.T.);
#4558 = ADVANCED_FACE('',(#4559),#1632,.T.);
#4559 = FACE_BOUND('',#4560,.T.);
#4560 = EDGE_LOOP('',(#4561,#4562,#4585,#4612));
#4561 = ORIENTED_EDGE('',*,*,#1615,.F.);
#4562 = ORIENTED_EDGE('',*,*,#4563,.F.);
#4563 = EDGE_CURVE('',#4564,#1616,#4566,.T.);
#4564 = VERTEX_POINT('',#4565);
#4565 = CARTESIAN_POINT('',(66.16975,-63.839924,0.91));
#4566 = SEAM_CURVE('',#4567,(#4571,#4578),.PCURVE_S1.);
#4567 = LINE('',#4568,#4569);
#4568 = CARTESIAN_POINT('',(66.16975,-63.839924,0.91));
#4569 = VECTOR('',#4570,1.);
#4570 = DIRECTION('',(0.,0.,1.));
#4571 = PCURVE('',#1632,#4572);
#4572 = DEFINITIONAL_REPRESENTATION('',(#4573),#4577);
#4573 = LINE('',#4574,#4575);
#4574 = CARTESIAN_POINT('',(6.28318530718,-0.));
#4575 = VECTOR('',#4576,1.);
#4576 = DIRECTION('',(0.,1.));
#4577 = ( GEOMETRIC_REPRESENTATION_CONTEXT(2) 
PARAMETRIC_REPRESENTATION_CONTEXT() REPRESENTATION_CONTEXT('2D SPACE',''
  ) );
#4578 = PCURVE('',#1632,#4579);
#4579 = DEFINITIONAL_REPRESENTATION('',(#4580),#4584);
#4580 = LINE('',#4581,#4582);
#4581 = CARTESIAN_POINT('',(0.,-0.));
#4582 = VECTOR('',#4583,1.);
#4583 = DIRECTION('',(0.,1.));
#4584 = ( GEOMETRIC_REPRESENTATION_CONTEXT(2) 
PARAMETRIC_REPRESENTATION_CONTEXT() REPRESENTATION_CONTEXT('2D SPACE',''
  ) );
#4585 = ORIENTED_EDGE('',*,*,#4586,.T.);
#4586 = EDGE_CURVE('',#4564,#4564,#4587,.T.);
#4587 = SURFACE_CURVE('',#4588,(#4593,#4600),.PCURVE_S1.);
#4588 = CIRCLE('',#4589,1.5);
#4589 = AXIS2_PLACEMENT_3D('',#4590,#4591,#4592);
#4590 = CARTESIAN_POINT('',(64.66975,-63.839924,0.91));
#4591 = DIRECTION('',(0.,0.,1.));
#4592 = DIRECTION('',(1.,0.,-0.));
#4593 = PCURVE('',#1632,#4594);
#4594 = DEFINITIONAL_REPRESENTATION('',(#4595),#4599);
#4595 = LINE('',#4596,#4597);
#4596 = CARTESIAN_POINT('',(0.,0.));
#4597 = VECTOR('',#4598,1.);
#4598 = DIRECTION('',(1.,0.));
#4599 = ( GEOMETRIC_REPRESENTATION_CONTEXT(2) 
PARAMETRIC_REPRESENTATION_CONTEXT() REPRESENTATION_CONTEXT('2D SPACE',''
  ) );
#4600 = PCURVE('',#4601,#4606);
#4601 = PLANE('',#4602);
#4602 = AXIS2_PLACEMENT_3D('',#4603,#4604,#4605);
#4603 = CARTESIAN_POINT('',(64.66975,-63.839924,0.91));
#4604 = DIRECTION('',(0.,0.,1.));
#4605 = DIRECTION('',(1.,0.,-0.));
#4606 = DEFINITIONAL_REPRESENTATION('',(#4607),#4611);
#4607 = CIRCLE('',#4608,1.5);
#4608 = AXIS2_PLACEMENT_2D('',#4609,#4610);
#4609 = CARTESIAN_POINT('',(0.,0.));
#4610 = DIRECTION('',(1.,0.));
#4611 = ( GEOMETRIC_REPRESENTATION_CONTEXT(2) 
PARAMETRIC_REPRESENTATION_CONTEXT() REPRESENTATION_CONTEXT('2D SPACE',''
  ) );
#4612 = ORIENTED_EDGE('',*,*,#4563,.T.);
#4613 = ADVANCED_FACE('',(#4614),#1663,.T.);
#4614 = FACE_BOUND('',#4615,.T.);
#4615 = EDGE_LOOP('',(#4616,#4639,#4640,#4663));
#4616 = ORIENTED_EDGE('',*,*,#4617,.F.);
#4617 = EDGE_CURVE('',#1647,#4618,#4620,.T.);
#4618 = VERTEX_POINT('',#4619);
#4619 = CARTESIAN_POINT('',(72.254407219339,-62.04515933702,5.21));
#4620 = SURFACE_CURVE('',#4621,(#4625,#4632),.PCURVE_S1.);
#4621 = LINE('',#4622,#4623);
#4622 = CARTESIAN_POINT('',(72.254407219339,-62.04515933702,3.41));
#4623 = VECTOR('',#4624,1.);
#4624 = DIRECTION('',(0.,0.,1.));
#4625 = PCURVE('',#1663,#4626);
#4626 = DEFINITIONAL_REPRESENTATION('',(#4627),#4631);
#4627 = LINE('',#4628,#4629);
#4628 = CARTESIAN_POINT('',(26.6,0.));
#4629 = VECTOR('',#4630,1.);
#4630 = DIRECTION('',(0.,-1.));
#4631 = ( GEOMETRIC_REPRESENTATION_CONTEXT(2) 
PARAMETRIC_REPRESENTATION_CONTEXT() REPRESENTATION_CONTEXT('2D SPACE',''
  ) );
#4632 = PCURVE('',#1739,#4633);
#4633 = DEFINITIONAL_REPRESENTATION('',(#4634),#4638);
#4634 = LINE('',#4635,#4636);
#4635 = CARTESIAN_POINT('',(0.,0.));
#4636 = VECTOR('',#4637,1.);
#4637 = DIRECTION('',(0.,-1.));
#4638 = ( GEOMETRIC_REPRESENTATION_CONTEXT(2) 
PARAMETRIC_REPRESENTATION_CONTEXT() REPRESENTATION_CONTEXT('2D SPACE',''
  ) );
#4639 = ORIENTED_EDGE('',*,*,#1646,.T.);
#4640 = ORIENTED_EDGE('',*,*,#4641,.T.);
#4641 = EDGE_CURVE('',#1649,#4642,#4644,.T.);
#4642 = VERTEX_POINT('',#4643);
#4643 = CARTESIAN_POINT('',(98.52691707917,-57.88400256695,5.21));
#4644 = SURFACE_CURVE('',#4645,(#4649,#4656),.PCURVE_S1.);
#4645 = LINE('',#4646,#4647);
#4646 = CARTESIAN_POINT('',(98.52691707917,-57.88400256695,3.41));
#4647 = VECTOR('',#4648,1.);
#4648 = DIRECTION('',(0.,0.,1.));
#4649 = PCURVE('',#1663,#4650);
#4650 = DEFINITIONAL_REPRESENTATION('',(#4651),#4655);
#4651 = LINE('',#4652,#4653);
#4652 = CARTESIAN_POINT('',(0.,0.));
#4653 = VECTOR('',#4654,1.);
#4654 = DIRECTION('',(0.,-1.));
#4655 = ( GEOMETRIC_REPRESENTATION_CONTEXT(2) 
PARAMETRIC_REPRESENTATION_CONTEXT() REPRESENTATION_CONTEXT('2D SPACE',''
  ) );
#4656 = PCURVE('',#1689,#4657);
#4657 = DEFINITIONAL_REPRESENTATION('',(#4658),#4662);
#4658 = LINE('',#4659,#4660);
#4659 = CARTESIAN_POINT('',(11.8,0.));
#4660 = VECTOR('',#4661,1.);
#4661 = DIRECTION('',(0.,-1.));
#4662 = ( GEOMETRIC_REPRESENTATION_CONTEXT(2) 
PARAMETRIC_REPRESENTATION_CONTEXT() REPRESENTATION_CONTEXT('2D SPACE',''
  ) );
#4663 = ORIENTED_EDGE('',*,*,#4664,.T.);
#4664 = EDGE_CURVE('',#4642,#4618,#4665,.T.);
#4665 = SURFACE_CURVE('',#4666,(#4670,#4676),.PCURVE_S1.);
#4666 = LINE('',#4667,#4668);
#4667 = CARTESIAN_POINT('',(91.958789614212,-58.92429175946,5.21));
#4668 = VECTOR('',#4669,1.);
#4669 = DIRECTION('',(-0.987688340595,-0.15643446504,0.));
#4670 = PCURVE('',#1663,#4671);
#4671 = DEFINITIONAL_REPRESENTATION('',(#4672),#4675);
#4672 = B_SPLINE_CURVE_WITH_KNOTS('',1,(#4673,#4674),.UNSPECIFIED.,.F.,
  .F.,(2,2),(-6.65,19.95),.PIECEWISE_BEZIER_KNOTS.);
#4673 = CARTESIAN_POINT('',(0.,-1.8));
#4674 = CARTESIAN_POINT('',(26.6,-1.8));
#4675 = ( GEOMETRIC_REPRESENTATION_CONTEXT(2) 
PARAMETRIC_REPRESENTATION_CONTEXT() REPRESENTATION_CONTEXT('2D SPACE',''
  ) );
#4676 = PCURVE('',#4677,#4682);
#4677 = PLANE('',#4678);
#4678 = AXIS2_PLACEMENT_3D('',#4679,#4680,#4681);
#4679 = CARTESIAN_POINT('',(86.313625492992,-65.79194216149,5.21));
#4680 = DIRECTION('',(0.,0.,1.));
#4681 = DIRECTION('',(1.,0.,-0.));
#4682 = DEFINITIONAL_REPRESENTATION('',(#4683),#4686);
#4683 = B_SPLINE_CURVE_WITH_KNOTS('',1,(#4684,#4685),.UNSPECIFIED.,.F.,
  .F.,(2,2),(-6.65,19.95),.PIECEWISE_BEZIER_KNOTS.);
#4684 = CARTESIAN_POINT('',(12.213291586178,7.907939594546));
#4685 = CARTESIAN_POINT('',(-14.05921827365,3.746782824476));
#4686 = ( GEOMETRIC_REPRESENTATION_CONTEXT(2) 
PARAMETRIC_REPRESENTATION_CONTEXT() REPRESENTATION_CONTEXT('2D SPACE',''
  ) );
#4687 = ADVANCED_FACE('',(#4688),#1739,.T.);
#4688 = FACE_BOUND('',#4689,.T.);
#4689 = EDGE_LOOP('',(#4690,#4713,#4714,#4715));
#4690 = ORIENTED_EDGE('',*,*,#4691,.F.);
#4691 = EDGE_CURVE('',#1701,#4692,#4694,.T.);
#4692 = VERTEX_POINT('',#4693);
#4693 = CARTESIAN_POINT('',(74.100333906814,-73.69988175604,5.21));
#4694 = SURFACE_CURVE('',#4695,(#4699,#4706),.PCURVE_S1.);
#4695 = LINE('',#4696,#4697);
#4696 = CARTESIAN_POINT('',(74.100333906814,-73.69988175604,3.41));
#4697 = VECTOR('',#4698,1.);
#4698 = DIRECTION('',(0.,0.,1.));
#4699 = PCURVE('',#1739,#4700);
#4700 = DEFINITIONAL_REPRESENTATION('',(#4701),#4705);
#4701 = LINE('',#4702,#4703);
#4702 = CARTESIAN_POINT('',(11.8,0.));
#4703 = VECTOR('',#4704,1.);
#4704 = DIRECTION('',(0.,-1.));
#4705 = ( GEOMETRIC_REPRESENTATION_CONTEXT(2) 
PARAMETRIC_REPRESENTATION_CONTEXT() REPRESENTATION_CONTEXT('2D SPACE',''
  ) );
#4706 = PCURVE('',#1715,#4707);
#4707 = DEFINITIONAL_REPRESENTATION('',(#4708),#4712);
#4708 = LINE('',#4709,#4710);
#4709 = CARTESIAN_POINT('',(0.,0.));
#4710 = VECTOR('',#4711,1.);
#4711 = DIRECTION('',(0.,-1.));
#4712 = ( GEOMETRIC_REPRESENTATION_CONTEXT(2) 
PARAMETRIC_REPRESENTATION_CONTEXT() REPRESENTATION_CONTEXT('2D SPACE',''
  ) );
#4713 = ORIENTED_EDGE('',*,*,#1726,.T.);
#4714 = ORIENTED_EDGE('',*,*,#4617,.T.);
#4715 = ORIENTED_EDGE('',*,*,#4716,.T.);
#4716 = EDGE_CURVE('',#4618,#4692,#4717,.T.);
#4717 = SURFACE_CURVE('',#4718,(#4722,#4728),.PCURVE_S1.);
#4718 = LINE('',#4719,#4720);
#4719 = CARTESIAN_POINT('',(72.715888891208,-64.95883994177,5.21));
#4720 = VECTOR('',#4721,1.);
#4721 = DIRECTION('',(0.15643446504,-0.987688340595,0.));
#4722 = PCURVE('',#1739,#4723);
#4723 = DEFINITIONAL_REPRESENTATION('',(#4724),#4727);
#4724 = B_SPLINE_CURVE_WITH_KNOTS('',1,(#4725,#4726),.UNSPECIFIED.,.F.,
  .F.,(2,2),(-2.95,8.85),.PIECEWISE_BEZIER_KNOTS.);
#4725 = CARTESIAN_POINT('',(0.,-1.8));
#4726 = CARTESIAN_POINT('',(11.8,-1.8));
#4727 = ( GEOMETRIC_REPRESENTATION_CONTEXT(2) 
PARAMETRIC_REPRESENTATION_CONTEXT() REPRESENTATION_CONTEXT('2D SPACE',''
  ) );
#4728 = PCURVE('',#4677,#4729);
#4729 = DEFINITIONAL_REPRESENTATION('',(#4730),#4733);
#4730 = B_SPLINE_CURVE_WITH_KNOTS('',1,(#4731,#4732),.UNSPECIFIED.,.F.,
  .F.,(2,2),(-2.95,8.85),.PIECEWISE_BEZIER_KNOTS.);
#4731 = CARTESIAN_POINT('',(-14.05921827365,3.746782824476));
#4732 = CARTESIAN_POINT('',(-12.21329158617,-7.907939594546));
#4733 = ( GEOMETRIC_REPRESENTATION_CONTEXT(2) 
PARAMETRIC_REPRESENTATION_CONTEXT() REPRESENTATION_CONTEXT('2D SPACE',''
  ) );
#4734 = ADVANCED_FACE('',(#4735),#1715,.T.);
#4735 = FACE_BOUND('',#4736,.T.);
#4736 = EDGE_LOOP('',(#4737,#4760,#4761,#4762));
#4737 = ORIENTED_EDGE('',*,*,#4738,.F.);
#4738 = EDGE_CURVE('',#1675,#4739,#4741,.T.);
#4739 = VERTEX_POINT('',#4740);
#4740 = CARTESIAN_POINT('',(100.37284376664,-69.53872498597,5.21));
#4741 = SURFACE_CURVE('',#4742,(#4746,#4753),.PCURVE_S1.);
#4742 = LINE('',#4743,#4744);
#4743 = CARTESIAN_POINT('',(100.37284376664,-69.53872498597,3.41));
#4744 = VECTOR('',#4745,1.);
#4745 = DIRECTION('',(0.,0.,1.));
#4746 = PCURVE('',#1715,#4747);
#4747 = DEFINITIONAL_REPRESENTATION('',(#4748),#4752);
#4748 = LINE('',#4749,#4750);
#4749 = CARTESIAN_POINT('',(26.6,0.));
#4750 = VECTOR('',#4751,1.);
#4751 = DIRECTION('',(0.,-1.));
#4752 = ( GEOMETRIC_REPRESENTATION_CONTEXT(2) 
PARAMETRIC_REPRESENTATION_CONTEXT() REPRESENTATION_CONTEXT('2D SPACE',''
  ) );
#4753 = PCURVE('',#1689,#4754);
#4754 = DEFINITIONAL_REPRESENTATION('',(#4755),#4759);
#4755 = LINE('',#4756,#4757);
#4756 = CARTESIAN_POINT('',(0.,0.));
#4757 = VECTOR('',#4758,1.);
#4758 = DIRECTION('',(0.,-1.));
#4759 = ( GEOMETRIC_REPRESENTATION_CONTEXT(2) 
PARAMETRIC_REPRESENTATION_CONTEXT() REPRESENTATION_CONTEXT('2D SPACE',''
  ) );
#4760 = ORIENTED_EDGE('',*,*,#1700,.T.);
#4761 = ORIENTED_EDGE('',*,*,#4691,.T.);
#4762 = ORIENTED_EDGE('',*,*,#4763,.T.);
#4763 = EDGE_CURVE('',#4692,#4739,#4764,.T.);
#4764 = SURFACE_CURVE('',#4765,(#4769,#4775),.PCURVE_S1.);
#4765 = LINE('',#4766,#4767);
#4766 = CARTESIAN_POINT('',(80.668461371771,-72.65959256352,5.21));
#4767 = VECTOR('',#4768,1.);
#4768 = DIRECTION('',(0.987688340595,0.15643446504,-0.));
#4769 = PCURVE('',#1715,#4770);
#4770 = DEFINITIONAL_REPRESENTATION('',(#4771),#4774);
#4771 = B_SPLINE_CURVE_WITH_KNOTS('',1,(#4772,#4773),.UNSPECIFIED.,.F.,
  .F.,(2,2),(-6.65,19.95),.PIECEWISE_BEZIER_KNOTS.);
#4772 = CARTESIAN_POINT('',(0.,-1.8));
#4773 = CARTESIAN_POINT('',(26.6,-1.8));
#4774 = ( GEOMETRIC_REPRESENTATION_CONTEXT(2) 
PARAMETRIC_REPRESENTATION_CONTEXT() REPRESENTATION_CONTEXT('2D SPACE',''
  ) );
#4775 = PCURVE('',#4677,#4776);
#4776 = DEFINITIONAL_REPRESENTATION('',(#4777),#4780);
#4777 = B_SPLINE_CURVE_WITH_KNOTS('',1,(#4778,#4779),.UNSPECIFIED.,.F.,
  .F.,(2,2),(-6.65,19.95),.PIECEWISE_BEZIER_KNOTS.);
#4778 = CARTESIAN_POINT('',(-12.21329158617,-7.907939594546));
#4779 = CARTESIAN_POINT('',(14.059218273653,-3.746782824476));
#4780 = ( GEOMETRIC_REPRESENTATION_CONTEXT(2) 
PARAMETRIC_REPRESENTATION_CONTEXT() REPRESENTATION_CONTEXT('2D SPACE',''
  ) );
#4781 = ADVANCED_FACE('',(#4782),#1689,.T.);
#4782 = FACE_BOUND('',#4783,.T.);
#4783 = EDGE_LOOP('',(#4784,#4785,#4786,#4787));
#4784 = ORIENTED_EDGE('',*,*,#4641,.F.);
#4785 = ORIENTED_EDGE('',*,*,#1674,.T.);
#4786 = ORIENTED_EDGE('',*,*,#4738,.T.);
#4787 = ORIENTED_EDGE('',*,*,#4788,.T.);
#4788 = EDGE_CURVE('',#4739,#4642,#4789,.T.);
#4789 = SURFACE_CURVE('',#4790,(#4794,#4800),.PCURVE_S1.);
#4790 = LINE('',#4791,#4792);
#4791 = CARTESIAN_POINT('',(99.911362094776,-66.62504438121,5.21));
#4792 = VECTOR('',#4793,1.);
#4793 = DIRECTION('',(-0.15643446504,0.987688340595,0.));
#4794 = PCURVE('',#1689,#4795);
#4795 = DEFINITIONAL_REPRESENTATION('',(#4796),#4799);
#4796 = B_SPLINE_CURVE_WITH_KNOTS('',1,(#4797,#4798),.UNSPECIFIED.,.F.,
  .F.,(2,2),(-2.95,8.85),.PIECEWISE_BEZIER_KNOTS.);
#4797 = CARTESIAN_POINT('',(0.,-1.8));
#4798 = CARTESIAN_POINT('',(11.8,-1.8));
#4799 = ( GEOMETRIC_REPRESENTATION_CONTEXT(2) 
PARAMETRIC_REPRESENTATION_CONTEXT() REPRESENTATION_CONTEXT('2D SPACE',''
  ) );
#4800 = PCURVE('',#4677,#4801);
#4801 = DEFINITIONAL_REPRESENTATION('',(#4802),#4805);
#4802 = B_SPLINE_CURVE_WITH_KNOTS('',1,(#4803,#4804),.UNSPECIFIED.,.F.,
  .F.,(2,2),(-2.95,8.85),.PIECEWISE_BEZIER_KNOTS.);
#4803 = CARTESIAN_POINT('',(14.059218273653,-3.746782824476));
#4804 = CARTESIAN_POINT('',(12.213291586178,7.907939594546));
#4805 = ( GEOMETRIC_REPRESENTATION_CONTEXT(2) 
PARAMETRIC_REPRESENTATION_CONTEXT() REPRESENTATION_CONTEXT('2D SPACE',''
  ) );
#4806 = ADVANCED_FACE('',(#4807,#4863),#1792,.T.);
#4807 = FACE_BOUND('',#4808,.T.);
#4808 = EDGE_LOOP('',(#4809,#4810,#4811,#4812,#4813,#4814,#4815,#4816,
    #4817,#4818,#4819,#4820,#4821,#4822,#4823,#4824,#4825,#4826,#4827,
    #4828,#4829,#4830,#4831,#4832,#4833,#4834,#4835,#4836,#4837,#4838,
    #4839,#4840,#4841,#4842,#4843,#4844,#4845,#4846,#4847,#4848,#4849,
    #4850,#4851,#4852,#4853,#4854,#4855,#4856,#4857,#4858,#4859,#4860,
    #4861,#4862));
#4809 = ORIENTED_EDGE('',*,*,#1777,.F.);
#4810 = ORIENTED_EDGE('',*,*,#1827,.T.);
#4811 = ORIENTED_EDGE('',*,*,#1944,.F.);
#4812 = ORIENTED_EDGE('',*,*,#2023,.T.);
#4813 = ORIENTED_EDGE('',*,*,#2141,.F.);
#4814 = ORIENTED_EDGE('',*,*,#2220,.T.);
#4815 = ORIENTED_EDGE('',*,*,#2338,.F.);
#4816 = ORIENTED_EDGE('',*,*,#2418,.T.);
#4817 = ORIENTED_EDGE('',*,*,#2534,.T.);
#4818 = ORIENTED_EDGE('',*,*,#2626,.T.);
#4819 = ORIENTED_EDGE('',*,*,#2720,.T.);
#4820 = ORIENTED_EDGE('',*,*,#2814,.T.);
#4821 = ORIENTED_EDGE('',*,*,#2907,.T.);
#4822 = ORIENTED_EDGE('',*,*,#2978,.T.);
#4823 = ORIENTED_EDGE('',*,*,#3095,.F.);
#4824 = ORIENTED_EDGE('',*,*,#3175,.T.);
#4825 = ORIENTED_EDGE('',*,*,#3291,.T.);
#4826 = ORIENTED_EDGE('',*,*,#3384,.T.);
#4827 = ORIENTED_EDGE('',*,*,#3455,.T.);
#4828 = ORIENTED_EDGE('',*,*,#3572,.F.);
#4829 = ORIENTED_EDGE('',*,*,#3651,.T.);
#4830 = ORIENTED_EDGE('',*,*,#3769,.F.);
#4831 = ORIENTED_EDGE('',*,*,#3848,.T.);
#4832 = ORIENTED_EDGE('',*,*,#3966,.F.);
#4833 = ORIENTED_EDGE('',*,*,#4045,.T.);
#4834 = ORIENTED_EDGE('',*,*,#4163,.F.);
#4835 = ORIENTED_EDGE('',*,*,#4243,.T.);
#4836 = ORIENTED_EDGE('',*,*,#4405,.F.);
#4837 = ORIENTED_EDGE('',*,*,#4312,.F.);
#4838 = ORIENTED_EDGE('',*,*,#4218,.F.);
#4839 = ORIENTED_EDGE('',*,*,#4117,.F.);
#4840 = ORIENTED_EDGE('',*,*,#4021,.F.);
#4841 = ORIENTED_EDGE('',*,*,#3920,.F.);
#4842 = ORIENTED_EDGE('',*,*,#3824,.F.);
#4843 = ORIENTED_EDGE('',*,*,#3723,.F.);
#4844 = ORIENTED_EDGE('',*,*,#3627,.F.);
#4845 = ORIENTED_EDGE('',*,*,#3526,.F.);
#4846 = ORIENTED_EDGE('',*,*,#3430,.F.);
#4847 = ORIENTED_EDGE('',*,*,#3338,.F.);
#4848 = ORIENTED_EDGE('',*,*,#3244,.F.);
#4849 = ORIENTED_EDGE('',*,*,#3150,.F.);
#4850 = ORIENTED_EDGE('',*,*,#3049,.F.);
#4851 = ORIENTED_EDGE('',*,*,#2953,.F.);
#4852 = ORIENTED_EDGE('',*,*,#2861,.F.);
#4853 = ORIENTED_EDGE('',*,*,#2767,.F.);
#4854 = ORIENTED_EDGE('',*,*,#2673,.F.);
#4855 = ORIENTED_EDGE('',*,*,#2581,.F.);
#4856 = ORIENTED_EDGE('',*,*,#2487,.F.);
#4857 = ORIENTED_EDGE('',*,*,#2393,.F.);
#4858 = ORIENTED_EDGE('',*,*,#2292,.F.);
#4859 = ORIENTED_EDGE('',*,*,#2196,.F.);
#4860 = ORIENTED_EDGE('',*,*,#2095,.F.);
#4861 = ORIENTED_EDGE('',*,*,#1999,.F.);
#4862 = ORIENTED_EDGE('',*,*,#1898,.F.);
#4863 = FACE_BOUND('',#4864,.T.);
#4864 = EDGE_LOOP('',(#4865,#4893,#4919,#4945));
#4865 = ORIENTED_EDGE('',*,*,#4866,.T.);
#4866 = EDGE_CURVE('',#4867,#4869,#4871,.T.);
#4867 = VERTEX_POINT('',#4868);
#4868 = CARTESIAN_POINT('',(71.453521255394,-61.46328162413,5.91));
#4869 = VERTEX_POINT('',#4870);
#4870 = CARTESIAN_POINT('',(99.108794792058,-57.083116603,5.91));
#4871 = SURFACE_CURVE('',#4872,(#4876,#4882),.PCURVE_S1.);
#4872 = LINE('',#4873,#4874);
#4873 = CARTESIAN_POINT('',(91.444554013231,-58.29701308927,5.91));
#4874 = VECTOR('',#4875,1.);
#4875 = DIRECTION('',(0.987688340595,0.15643446504,-0.));
#4876 = PCURVE('',#1792,#4877);
#4877 = DEFINITIONAL_REPRESENTATION('',(#4878),#4881);
#4878 = B_SPLINE_CURVE_WITH_KNOTS('',1,(#4879,#4880),.UNSPECIFIED.,.F.,
  .F.,(2,2),(-20.24022349579,7.759776504205),.PIECEWISE_BEZIER_KNOTS.);
#4879 = CARTESIAN_POINT('',(-13.26566779153,3.975456534861));
#4880 = CARTESIAN_POINT('',(14.389605745125,8.355621555987));
#4881 = ( GEOMETRIC_REPRESENTATION_CONTEXT(2) 
PARAMETRIC_REPRESENTATION_CONTEXT() REPRESENTATION_CONTEXT('2D SPACE',''
  ) );
#4882 = PCURVE('',#4883,#4888);
#4883 = PLANE('',#4884);
#4884 = AXIS2_PLACEMENT_3D('',#4885,#4886,#4887);
#4885 = CARTESIAN_POINT('',(99.108794792058,-57.083116603,5.21));
#4886 = DIRECTION('',(0.15643446504,-0.987688340595,0.));
#4887 = DIRECTION('',(-0.987688340595,-0.15643446504,0.));
#4888 = DEFINITIONAL_REPRESENTATION('',(#4889),#4892);
#4889 = B_SPLINE_CURVE_WITH_KNOTS('',1,(#4890,#4891),.UNSPECIFIED.,.F.,
  .F.,(2,2),(-20.24022349579,7.759776504205),.PIECEWISE_BEZIER_KNOTS.);
#4890 = CARTESIAN_POINT('',(28.,-0.7));
#4891 = CARTESIAN_POINT('',(0.,-0.7));
#4892 = ( GEOMETRIC_REPRESENTATION_CONTEXT(2) 
PARAMETRIC_REPRESENTATION_CONTEXT() REPRESENTATION_CONTEXT('2D SPACE',''
  ) );
#4893 = ORIENTED_EDGE('',*,*,#4894,.T.);
#4894 = EDGE_CURVE('',#4869,#4895,#4897,.T.);
#4895 = VERTEX_POINT('',#4896);
#4896 = CARTESIAN_POINT('',(101.17372973058,-70.12060269886,5.91));
#4897 = SURFACE_CURVE('',#4898,(#4902,#4908),.PCURVE_S1.);
#4898 = LINE('',#4899,#4900);
#4899 = CARTESIAN_POINT('',(100.61070016758,-66.56577394266,5.91));
#4900 = VECTOR('',#4901,1.);
#4901 = DIRECTION('',(0.15643446504,-0.987688340595,0.));
#4902 = PCURVE('',#1792,#4903);
#4903 = DEFINITIONAL_REPRESENTATION('',(#4904),#4907);
#4904 = B_SPLINE_CURVE_WITH_KNOTS('',1,(#4905,#4906),.UNSPECIFIED.,.F.,
  .F.,(2,2),(-9.600859856198,3.599140143802),.PIECEWISE_BEZIER_KNOTS.);
#4905 = CARTESIAN_POINT('',(14.389605745124,8.355621555987));
#4906 = CARTESIAN_POINT('',(16.454540683656,-4.681864539868));
#4907 = ( GEOMETRIC_REPRESENTATION_CONTEXT(2) 
PARAMETRIC_REPRESENTATION_CONTEXT() REPRESENTATION_CONTEXT('2D SPACE',''
  ) );
#4908 = PCURVE('',#4909,#4914);
#4909 = PLANE('',#4910);
#4910 = AXIS2_PLACEMENT_3D('',#4911,#4912,#4913);
#4911 = CARTESIAN_POINT('',(101.17372973058,-70.12060269886,5.21));
#4912 = DIRECTION('',(-0.987688340595,-0.15643446504,0.));
#4913 = DIRECTION('',(-0.15643446504,0.987688340595,0.));
#4914 = DEFINITIONAL_REPRESENTATION('',(#4915),#4918);
#4915 = B_SPLINE_CURVE_WITH_KNOTS('',1,(#4916,#4917),.UNSPECIFIED.,.F.,
  .F.,(2,2),(-9.600859856198,3.599140143802),.PIECEWISE_BEZIER_KNOTS.);
#4916 = CARTESIAN_POINT('',(13.2,-0.7));
#4917 = CARTESIAN_POINT('',(0.,-0.7));
#4918 = ( GEOMETRIC_REPRESENTATION_CONTEXT(2) 
PARAMETRIC_REPRESENTATION_CONTEXT() REPRESENTATION_CONTEXT('2D SPACE',''
  ) );
#4919 = ORIENTED_EDGE('',*,*,#4920,.T.);
#4920 = EDGE_CURVE('',#4895,#4921,#4923,.T.);
#4921 = VERTEX_POINT('',#4922);
#4922 = CARTESIAN_POINT('',(73.518456193925,-74.50076771998,5.91));
#4923 = SURFACE_CURVE('',#4924,(#4928,#4934),.PCURVE_S1.);
#4924 = LINE('',#4925,#4926);
#4925 = CARTESIAN_POINT('',(79.68185218343,-73.52458169569,5.91));
#4926 = VECTOR('',#4927,1.);
#4927 = DIRECTION('',(-0.987688340595,-0.15643446504,0.));
#4928 = PCURVE('',#1792,#4929);
#4929 = DEFINITIONAL_REPRESENTATION('',(#4930),#4933);
#4930 = B_SPLINE_CURVE_WITH_KNOTS('',1,(#4931,#4932),.UNSPECIFIED.,.F.,
  .F.,(2,2),(-21.7597765042,6.240223495795),.PIECEWISE_BEZIER_KNOTS.);
#4931 = CARTESIAN_POINT('',(16.454540683656,-4.681864539868));
#4932 = CARTESIAN_POINT('',(-11.200732853,-9.062029560995));
#4933 = ( GEOMETRIC_REPRESENTATION_CONTEXT(2) 
PARAMETRIC_REPRESENTATION_CONTEXT() REPRESENTATION_CONTEXT('2D SPACE',''
  ) );
#4934 = PCURVE('',#4935,#4940);
#4935 = PLANE('',#4936);
#4936 = AXIS2_PLACEMENT_3D('',#4937,#4938,#4939);
#4937 = CARTESIAN_POINT('',(73.518456193925,-74.50076771998,5.21));
#4938 = DIRECTION('',(-0.15643446504,0.987688340595,0.));
#4939 = DIRECTION('',(0.987688340595,0.15643446504,0.));
#4940 = DEFINITIONAL_REPRESENTATION('',(#4941),#4944);
#4941 = B_SPLINE_CURVE_WITH_KNOTS('',1,(#4942,#4943),.UNSPECIFIED.,.F.,
  .F.,(2,2),(-21.7597765042,6.240223495795),.PIECEWISE_BEZIER_KNOTS.);
#4942 = CARTESIAN_POINT('',(28.,-0.7));
#4943 = CARTESIAN_POINT('',(0.,-0.7));
#4944 = ( GEOMETRIC_REPRESENTATION_CONTEXT(2) 
PARAMETRIC_REPRESENTATION_CONTEXT() REPRESENTATION_CONTEXT('2D SPACE',''
  ) );
#4945 = ORIENTED_EDGE('',*,*,#4946,.T.);
#4946 = EDGE_CURVE('',#4921,#4867,#4947,.T.);
#4947 = SURFACE_CURVE('',#4948,(#4952,#4958),.PCURVE_S1.);
#4948 = LINE('',#4949,#4950);
#4949 = CARTESIAN_POINT('',(71.922959161659,-64.42719591585,5.91));
#4950 = VECTOR('',#4951,1.);
#4951 = DIRECTION('',(-0.15643446504,0.987688340595,0.));
#4952 = PCURVE('',#1792,#4953);
#4953 = DEFINITIONAL_REPRESENTATION('',(#4954),#4957);
#4954 = B_SPLINE_CURVE_WITH_KNOTS('',1,(#4955,#4956),.UNSPECIFIED.,.F.,
  .F.,(2,2),(-10.1991401438,3.000859856198),.PIECEWISE_BEZIER_KNOTS.);
#4955 = CARTESIAN_POINT('',(-11.200732853,-9.062029560995));
#4956 = CARTESIAN_POINT('',(-13.26566779153,3.975456534861));
#4957 = ( GEOMETRIC_REPRESENTATION_CONTEXT(2) 
PARAMETRIC_REPRESENTATION_CONTEXT() REPRESENTATION_CONTEXT('2D SPACE',''
  ) );
#4958 = PCURVE('',#4959,#4964);
#4959 = PLANE('',#4960);
#4960 = AXIS2_PLACEMENT_3D('',#4961,#4962,#4963);
#4961 = CARTESIAN_POINT('',(71.453521255394,-61.46328162413,5.21));
#4962 = DIRECTION('',(0.987688340595,0.15643446504,-0.));
#4963 = DIRECTION('',(0.15643446504,-0.987688340595,0.));
#4964 = DEFINITIONAL_REPRESENTATION('',(#4965),#4968);
#4965 = B_SPLINE_CURVE_WITH_KNOTS('',1,(#4966,#4967),.UNSPECIFIED.,.F.,
  .F.,(2,2),(-10.1991401438,3.000859856198),.PIECEWISE_BEZIER_KNOTS.);
#4966 = CARTESIAN_POINT('',(13.2,-0.7));
#4967 = CARTESIAN_POINT('',(0.,-0.7));
#4968 = ( GEOMETRIC_REPRESENTATION_CONTEXT(2) 
PARAMETRIC_REPRESENTATION_CONTEXT() REPRESENTATION_CONTEXT('2D SPACE',''
  ) );
#4969 = ADVANCED_FACE('',(#4970),#4373,.T.);
#4970 = FACE_BOUND('',#4971,.T.);
#4971 = EDGE_LOOP('',(#4972,#4973));
#4972 = ORIENTED_EDGE('',*,*,#4358,.F.);
#4973 = ORIENTED_EDGE('',*,*,#4427,.T.);
#4974 = ADVANCED_FACE('',(#4975,#4978),#4489,.F.);
#4975 = FACE_BOUND('',#4976,.F.);
#4976 = EDGE_LOOP('',(#4977));
#4977 = ORIENTED_EDGE('',*,*,#4474,.T.);
#4978 = FACE_BOUND('',#4979,.F.);
#4979 = EDGE_LOOP('',(#4980));
#4980 = ORIENTED_EDGE('',*,*,#4981,.F.);
#4981 = EDGE_CURVE('',#4982,#4982,#4984,.T.);
#4982 = VERTEX_POINT('',#4983);
#4983 = CARTESIAN_POINT('',(104.9,-56.5,0.91));
#4984 = SURFACE_CURVE('',#4985,(#4990,#4997),.PCURVE_S1.);
#4985 = CIRCLE('',#4986,0.4);
#4986 = AXIS2_PLACEMENT_3D('',#4987,#4988,#4989);
#4987 = CARTESIAN_POINT('',(104.5,-56.5,0.91));
#4988 = DIRECTION('',(0.,0.,1.));
#4989 = DIRECTION('',(1.,0.,-0.));
#4990 = PCURVE('',#4489,#4991);
#4991 = DEFINITIONAL_REPRESENTATION('',(#4992),#4996);
#4992 = CIRCLE('',#4993,0.4);
#4993 = AXIS2_PLACEMENT_2D('',#4994,#4995);
#4994 = CARTESIAN_POINT('',(0.,0.));
#4995 = DIRECTION('',(1.,0.));
#4996 = ( GEOMETRIC_REPRESENTATION_CONTEXT(2) 
PARAMETRIC_REPRESENTATION_CONTEXT() REPRESENTATION_CONTEXT('2D SPACE',''
  ) );
#4997 = PCURVE('',#4998,#5003);
#4998 = CYLINDRICAL_SURFACE('',#4999,0.4);
#4999 = AXIS2_PLACEMENT_3D('',#5000,#5001,#5002);
#5000 = CARTESIAN_POINT('',(104.5,-56.5,0.9));
#5001 = DIRECTION('',(0.,0.,1.));
#5002 = DIRECTION('',(1.,0.,-0.));
#5003 = DEFINITIONAL_REPRESENTATION('',(#5004),#5008);
#5004 = LINE('',#5005,#5006);
#5005 = CARTESIAN_POINT('',(0.,1.E-02));
#5006 = VECTOR('',#5007,1.);
#5007 = DIRECTION('',(1.,0.));
#5008 = ( GEOMETRIC_REPRESENTATION_CONTEXT(2) 
PARAMETRIC_REPRESENTATION_CONTEXT() REPRESENTATION_CONTEXT('2D SPACE',''
  ) );
#5009 = ADVANCED_FACE('',(#5010,#5013),#4546,.F.);
#5010 = FACE_BOUND('',#5011,.F.);
#5011 = EDGE_LOOP('',(#5012));
#5012 = ORIENTED_EDGE('',*,*,#4531,.T.);
#5013 = FACE_BOUND('',#5014,.F.);
#5014 = EDGE_LOOP('',(#5015));
#5015 = ORIENTED_EDGE('',*,*,#5016,.F.);
#5016 = EDGE_CURVE('',#5017,#5017,#5019,.T.);
#5017 = VERTEX_POINT('',#5018);
#5018 = CARTESIAN_POINT('',(66.699106,-74.3289,0.91));
#5019 = SURFACE_CURVE('',#5020,(#5025,#5032),.PCURVE_S1.);
#5020 = CIRCLE('',#5021,0.4);
#5021 = AXIS2_PLACEMENT_3D('',#5022,#5023,#5024);
#5022 = CARTESIAN_POINT('',(66.299106,-74.3289,0.91));
#5023 = DIRECTION('',(0.,0.,1.));
#5024 = DIRECTION('',(1.,0.,-0.));
#5025 = PCURVE('',#4546,#5026);
#5026 = DEFINITIONAL_REPRESENTATION('',(#5027),#5031);
#5027 = CIRCLE('',#5028,0.4);
#5028 = AXIS2_PLACEMENT_2D('',#5029,#5030);
#5029 = CARTESIAN_POINT('',(0.,0.));
#5030 = DIRECTION('',(1.,0.));
#5031 = ( GEOMETRIC_REPRESENTATION_CONTEXT(2) 
PARAMETRIC_REPRESENTATION_CONTEXT() REPRESENTATION_CONTEXT('2D SPACE',''
  ) );
#5032 = PCURVE('',#5033,#5038);
#5033 = CYLINDRICAL_SURFACE('',#5034,0.4);
#5034 = AXIS2_PLACEMENT_3D('',#5035,#5036,#5037);
#5035 = CARTESIAN_POINT('',(66.299106,-74.3289,0.9));
#5036 = DIRECTION('',(0.,0.,1.));
#5037 = DIRECTION('',(1.,0.,-0.));
#5038 = DEFINITIONAL_REPRESENTATION('',(#5039),#5043);
#5039 = LINE('',#5040,#5041);
#5040 = CARTESIAN_POINT('',(0.,1.E-02));
#5041 = VECTOR('',#5042,1.);
#5042 = DIRECTION('',(1.,0.));
#5043 = ( GEOMETRIC_REPRESENTATION_CONTEXT(2) 
PARAMETRIC_REPRESENTATION_CONTEXT() REPRESENTATION_CONTEXT('2D SPACE',''
  ) );
#5044 = ADVANCED_FACE('',(#5045,#5048),#4601,.F.);
#5045 = FACE_BOUND('',#5046,.F.);
#5046 = EDGE_LOOP('',(#5047));
#5047 = ORIENTED_EDGE('',*,*,#4586,.T.);
#5048 = FACE_BOUND('',#5049,.F.);
#5049 = EDGE_LOOP('',(#5050));
#5050 = ORIENTED_EDGE('',*,*,#5051,.F.);
#5051 = EDGE_CURVE('',#5052,#5052,#5054,.T.);
#5052 = VERTEX_POINT('',#5053);
#5053 = CARTESIAN_POINT('',(65.06975,-63.839924,0.91));
#5054 = SURFACE_CURVE('',#5055,(#5060,#5067),.PCURVE_S1.);
#5055 = CIRCLE('',#5056,0.4);
#5056 = AXIS2_PLACEMENT_3D('',#5057,#5058,#5059);
#5057 = CARTESIAN_POINT('',(64.66975,-63.839924,0.91));
#5058 = DIRECTION('',(0.,0.,1.));
#5059 = DIRECTION('',(1.,0.,-0.));
#5060 = PCURVE('',#4601,#5061);
#5061 = DEFINITIONAL_REPRESENTATION('',(#5062),#5066);
#5062 = CIRCLE('',#5063,0.4);
#5063 = AXIS2_PLACEMENT_2D('',#5064,#5065);
#5064 = CARTESIAN_POINT('',(0.,0.));
#5065 = DIRECTION('',(1.,0.));
#5066 = ( GEOMETRIC_REPRESENTATION_CONTEXT(2) 
PARAMETRIC_REPRESENTATION_CONTEXT() REPRESENTATION_CONTEXT('2D SPACE',''
  ) );
#5067 = PCURVE('',#5068,#5073);
#5068 = CYLINDRICAL_SURFACE('',#5069,0.4);
#5069 = AXIS2_PLACEMENT_3D('',#5070,#5071,#5072);
#5070 = CARTESIAN_POINT('',(64.66975,-63.839924,0.9));
#5071 = DIRECTION('',(0.,0.,1.));
#5072 = DIRECTION('',(1.,0.,-0.));
#5073 = DEFINITIONAL_REPRESENTATION('',(#5074),#5078);
#5074 = LINE('',#5075,#5076);
#5075 = CARTESIAN_POINT('',(0.,1.E-02));
#5076 = VECTOR('',#5077,1.);
#5077 = DIRECTION('',(1.,0.));
#5078 = ( GEOMETRIC_REPRESENTATION_CONTEXT(2) 
PARAMETRIC_REPRESENTATION_CONTEXT() REPRESENTATION_CONTEXT('2D SPACE',''
  ) );
#5079 = ADVANCED_FACE('',(#5080,#5174),#4677,.T.);
#5080 = FACE_BOUND('',#5081,.T.);
#5081 = EDGE_LOOP('',(#5082,#5107,#5130,#5153));
#5082 = ORIENTED_EDGE('',*,*,#5083,.T.);
#5083 = EDGE_CURVE('',#5084,#5086,#5088,.T.);
#5084 = VERTEX_POINT('',#5085);
#5085 = CARTESIAN_POINT('',(101.17372973058,-70.12060269886,5.21));
#5086 = VERTEX_POINT('',#5087);
#5087 = CARTESIAN_POINT('',(99.108794792058,-57.083116603,5.21));
#5088 = SURFACE_CURVE('',#5089,(#5093,#5100),.PCURVE_S1.);
#5089 = LINE('',#5090,#5091);
#5090 = CARTESIAN_POINT('',(101.17372973058,-70.12060269886,5.21));
#5091 = VECTOR('',#5092,1.);
#5092 = DIRECTION('',(-0.15643446504,0.987688340595,0.));
#5093 = PCURVE('',#4677,#5094);
#5094 = DEFINITIONAL_REPRESENTATION('',(#5095),#5099);
#5095 = LINE('',#5096,#5097);
#5096 = CARTESIAN_POINT('',(14.860104237597,-4.328660537365));
#5097 = VECTOR('',#5098,1.);
#5098 = DIRECTION('',(-0.15643446504,0.987688340595));
#5099 = ( GEOMETRIC_REPRESENTATION_CONTEXT(2) 
PARAMETRIC_REPRESENTATION_CONTEXT() REPRESENTATION_CONTEXT('2D SPACE',''
  ) );
#5100 = PCURVE('',#4909,#5101);
#5101 = DEFINITIONAL_REPRESENTATION('',(#5102),#5106);
#5102 = LINE('',#5103,#5104);
#5103 = CARTESIAN_POINT('',(0.,0.));
#5104 = VECTOR('',#5105,1.);
#5105 = DIRECTION('',(1.,0.));
#5106 = ( GEOMETRIC_REPRESENTATION_CONTEXT(2) 
PARAMETRIC_REPRESENTATION_CONTEXT() REPRESENTATION_CONTEXT('2D SPACE',''
  ) );
#5107 = ORIENTED_EDGE('',*,*,#5108,.T.);
#5108 = EDGE_CURVE('',#5086,#5109,#5111,.T.);
#5109 = VERTEX_POINT('',#5110);
#5110 = CARTESIAN_POINT('',(71.453521255394,-61.46328162413,5.21));
#5111 = SURFACE_CURVE('',#5112,(#5116,#5123),.PCURVE_S1.);
#5112 = LINE('',#5113,#5114);
#5113 = CARTESIAN_POINT('',(99.108794792058,-57.083116603,5.21));
#5114 = VECTOR('',#5115,1.);
#5115 = DIRECTION('',(-0.987688340595,-0.15643446504,0.));
#5116 = PCURVE('',#4677,#5117);
#5117 = DEFINITIONAL_REPRESENTATION('',(#5118),#5122);
#5118 = LINE('',#5119,#5120);
#5119 = CARTESIAN_POINT('',(12.795169299066,8.708825558491));
#5120 = VECTOR('',#5121,1.);
#5121 = DIRECTION('',(-0.987688340595,-0.15643446504));
#5122 = ( GEOMETRIC_REPRESENTATION_CONTEXT(2) 
PARAMETRIC_REPRESENTATION_CONTEXT() REPRESENTATION_CONTEXT('2D SPACE',''
  ) );
#5123 = PCURVE('',#4883,#5124);
#5124 = DEFINITIONAL_REPRESENTATION('',(#5125),#5129);
#5125 = LINE('',#5126,#5127);
#5126 = CARTESIAN_POINT('',(0.,0.));
#5127 = VECTOR('',#5128,1.);
#5128 = DIRECTION('',(1.,0.));
#5129 = ( GEOMETRIC_REPRESENTATION_CONTEXT(2) 
PARAMETRIC_REPRESENTATION_CONTEXT() REPRESENTATION_CONTEXT('2D SPACE',''
  ) );
#5130 = ORIENTED_EDGE('',*,*,#5131,.T.);
#5131 = EDGE_CURVE('',#5109,#5132,#5134,.T.);
#5132 = VERTEX_POINT('',#5133);
#5133 = CARTESIAN_POINT('',(73.518456193925,-74.50076771998,5.21));
#5134 = SURFACE_CURVE('',#5135,(#5139,#5146),.PCURVE_S1.);
#5135 = LINE('',#5136,#5137);
#5136 = CARTESIAN_POINT('',(71.453521255394,-61.46328162413,5.21));
#5137 = VECTOR('',#5138,1.);
#5138 = DIRECTION('',(0.15643446504,-0.987688340595,0.));
#5139 = PCURVE('',#4677,#5140);
#5140 = DEFINITIONAL_REPRESENTATION('',(#5141),#5145);
#5141 = LINE('',#5142,#5143);
#5142 = CARTESIAN_POINT('',(-14.86010423759,4.328660537365));
#5143 = VECTOR('',#5144,1.);
#5144 = DIRECTION('',(0.15643446504,-0.987688340595));
#5145 = ( GEOMETRIC_REPRESENTATION_CONTEXT(2) 
PARAMETRIC_REPRESENTATION_CONTEXT() REPRESENTATION_CONTEXT('2D SPACE',''
  ) );
#5146 = PCURVE('',#4959,#5147);
#5147 = DEFINITIONAL_REPRESENTATION('',(#5148),#5152);
#5148 = LINE('',#5149,#5150);
#5149 = CARTESIAN_POINT('',(0.,0.));
#5150 = VECTOR('',#5151,1.);
#5151 = DIRECTION('',(1.,0.));
#5152 = ( GEOMETRIC_REPRESENTATION_CONTEXT(2) 
PARAMETRIC_REPRESENTATION_CONTEXT() REPRESENTATION_CONTEXT('2D SPACE',''
  ) );
#5153 = ORIENTED_EDGE('',*,*,#5154,.T.);
#5154 = EDGE_CURVE('',#5132,#5084,#5155,.T.);
#5155 = SURFACE_CURVE('',#5156,(#5160,#5167),.PCURVE_S1.);
#5156 = LINE('',#5157,#5158);
#5157 = CARTESIAN_POINT('',(73.518456193925,-74.50076771998,5.21));
#5158 = VECTOR('',#5159,1.);
#5159 = DIRECTION('',(0.987688340595,0.15643446504,0.));
#5160 = PCURVE('',#4677,#5161);
#5161 = DEFINITIONAL_REPRESENTATION('',(#5162),#5166);
#5162 = LINE('',#5163,#5164);
#5163 = CARTESIAN_POINT('',(-12.79516929906,-8.708825558491));
#5164 = VECTOR('',#5165,1.);
#5165 = DIRECTION('',(0.987688340595,0.15643446504));
#5166 = ( GEOMETRIC_REPRESENTATION_CONTEXT(2) 
PARAMETRIC_REPRESENTATION_CONTEXT() REPRESENTATION_CONTEXT('2D SPACE',''
  ) );
#5167 = PCURVE('',#4935,#5168);
#5168 = DEFINITIONAL_REPRESENTATION('',(#5169),#5173);
#5169 = LINE('',#5170,#5171);
#5170 = CARTESIAN_POINT('',(0.,0.));
#5171 = VECTOR('',#5172,1.);
#5172 = DIRECTION('',(1.,0.));
#5173 = ( GEOMETRIC_REPRESENTATION_CONTEXT(2) 
PARAMETRIC_REPRESENTATION_CONTEXT() REPRESENTATION_CONTEXT('2D SPACE',''
  ) );
#5174 = FACE_BOUND('',#5175,.T.);
#5175 = EDGE_LOOP('',(#5176,#5177,#5178,#5179));
#5176 = ORIENTED_EDGE('',*,*,#4664,.F.);
#5177 = ORIENTED_EDGE('',*,*,#4788,.F.);
#5178 = ORIENTED_EDGE('',*,*,#4763,.F.);
#5179 = ORIENTED_EDGE('',*,*,#4716,.F.);
#5180 = ADVANCED_FACE('',(#5181),#4883,.T.);
#5181 = FACE_BOUND('',#5182,.T.);
#5182 = EDGE_LOOP('',(#5183,#5184,#5205,#5206));
#5183 = ORIENTED_EDGE('',*,*,#5108,.F.);
#5184 = ORIENTED_EDGE('',*,*,#5185,.T.);
#5185 = EDGE_CURVE('',#5086,#4869,#5186,.T.);
#5186 = SURFACE_CURVE('',#5187,(#5191,#5198),.PCURVE_S1.);
#5187 = LINE('',#5188,#5189);
#5188 = CARTESIAN_POINT('',(99.108794792058,-57.083116603,5.21));
#5189 = VECTOR('',#5190,1.);
#5190 = DIRECTION('',(0.,0.,1.));
#5191 = PCURVE('',#4883,#5192);
#5192 = DEFINITIONAL_REPRESENTATION('',(#5193),#5197);
#5193 = LINE('',#5194,#5195);
#5194 = CARTESIAN_POINT('',(0.,0.));
#5195 = VECTOR('',#5196,1.);
#5196 = DIRECTION('',(0.,-1.));
#5197 = ( GEOMETRIC_REPRESENTATION_CONTEXT(2) 
PARAMETRIC_REPRESENTATION_CONTEXT() REPRESENTATION_CONTEXT('2D SPACE',''
  ) );
#5198 = PCURVE('',#4909,#5199);
#5199 = DEFINITIONAL_REPRESENTATION('',(#5200),#5204);
#5200 = LINE('',#5201,#5202);
#5201 = CARTESIAN_POINT('',(13.2,0.));
#5202 = VECTOR('',#5203,1.);
#5203 = DIRECTION('',(0.,-1.));
#5204 = ( GEOMETRIC_REPRESENTATION_CONTEXT(2) 
PARAMETRIC_REPRESENTATION_CONTEXT() REPRESENTATION_CONTEXT('2D SPACE',''
  ) );
#5205 = ORIENTED_EDGE('',*,*,#4866,.F.);
#5206 = ORIENTED_EDGE('',*,*,#5207,.F.);
#5207 = EDGE_CURVE('',#5109,#4867,#5208,.T.);
#5208 = SURFACE_CURVE('',#5209,(#5213,#5220),.PCURVE_S1.);
#5209 = LINE('',#5210,#5211);
#5210 = CARTESIAN_POINT('',(71.453521255394,-61.46328162413,5.21));
#5211 = VECTOR('',#5212,1.);
#5212 = DIRECTION('',(0.,0.,1.));
#5213 = PCURVE('',#4883,#5214);
#5214 = DEFINITIONAL_REPRESENTATION('',(#5215),#5219);
#5215 = LINE('',#5216,#5217);
#5216 = CARTESIAN_POINT('',(28.,0.));
#5217 = VECTOR('',#5218,1.);
#5218 = DIRECTION('',(0.,-1.));
#5219 = ( GEOMETRIC_REPRESENTATION_CONTEXT(2) 
PARAMETRIC_REPRESENTATION_CONTEXT() REPRESENTATION_CONTEXT('2D SPACE',''
  ) );
#5220 = PCURVE('',#4959,#5221);
#5221 = DEFINITIONAL_REPRESENTATION('',(#5222),#5226);
#5222 = LINE('',#5223,#5224);
#5223 = CARTESIAN_POINT('',(0.,0.));
#5224 = VECTOR('',#5225,1.);
#5225 = DIRECTION('',(0.,-1.));
#5226 = ( GEOMETRIC_REPRESENTATION_CONTEXT(2) 
PARAMETRIC_REPRESENTATION_CONTEXT() REPRESENTATION_CONTEXT('2D SPACE',''
  ) );
#5227 = ADVANCED_FACE('',(#5228),#4959,.T.);
#5228 = FACE_BOUND('',#5229,.T.);
#5229 = EDGE_LOOP('',(#5230,#5231,#5232,#5233));
#5230 = ORIENTED_EDGE('',*,*,#5131,.F.);
#5231 = ORIENTED_EDGE('',*,*,#5207,.T.);
#5232 = ORIENTED_EDGE('',*,*,#4946,.F.);
#5233 = ORIENTED_EDGE('',*,*,#5234,.F.);
#5234 = EDGE_CURVE('',#5132,#4921,#5235,.T.);
#5235 = SURFACE_CURVE('',#5236,(#5240,#5247),.PCURVE_S1.);
#5236 = LINE('',#5237,#5238);
#5237 = CARTESIAN_POINT('',(73.518456193925,-74.50076771998,5.21));
#5238 = VECTOR('',#5239,1.);
#5239 = DIRECTION('',(0.,0.,1.));
#5240 = PCURVE('',#4959,#5241);
#5241 = DEFINITIONAL_REPRESENTATION('',(#5242),#5246);
#5242 = LINE('',#5243,#5244);
#5243 = CARTESIAN_POINT('',(13.2,0.));
#5244 = VECTOR('',#5245,1.);
#5245 = DIRECTION('',(0.,-1.));
#5246 = ( GEOMETRIC_REPRESENTATION_CONTEXT(2) 
PARAMETRIC_REPRESENTATION_CONTEXT() REPRESENTATION_CONTEXT('2D SPACE',''
  ) );
#5247 = PCURVE('',#4935,#5248);
#5248 = DEFINITIONAL_REPRESENTATION('',(#5249),#5253);
#5249 = LINE('',#5250,#5251);
#5250 = CARTESIAN_POINT('',(0.,0.));
#5251 = VECTOR('',#5252,1.);
#5252 = DIRECTION('',(0.,-1.));
#5253 = ( GEOMETRIC_REPRESENTATION_CONTEXT(2) 
PARAMETRIC_REPRESENTATION_CONTEXT() REPRESENTATION_CONTEXT('2D SPACE',''
  ) );
#5254 = ADVANCED_FACE('',(#5255),#4935,.T.);
#5255 = FACE_BOUND('',#5256,.T.);
#5256 = EDGE_LOOP('',(#5257,#5258,#5259,#5260));
#5257 = ORIENTED_EDGE('',*,*,#5154,.F.);
#5258 = ORIENTED_EDGE('',*,*,#5234,.T.);
#5259 = ORIENTED_EDGE('',*,*,#4920,.F.);
#5260 = ORIENTED_EDGE('',*,*,#5261,.F.);
#5261 = EDGE_CURVE('',#5084,#4895,#5262,.T.);
#5262 = SURFACE_CURVE('',#5263,(#5267,#5274),.PCURVE_S1.);
#5263 = LINE('',#5264,#5265);
#5264 = CARTESIAN_POINT('',(101.17372973058,-70.12060269886,5.21));
#5265 = VECTOR('',#5266,1.);
#5266 = DIRECTION('',(0.,0.,1.));
#5267 = PCURVE('',#4935,#5268);
#5268 = DEFINITIONAL_REPRESENTATION('',(#5269),#5273);
#5269 = LINE('',#5270,#5271);
#5270 = CARTESIAN_POINT('',(28.,0.));
#5271 = VECTOR('',#5272,1.);
#5272 = DIRECTION('',(0.,-1.));
#5273 = ( GEOMETRIC_REPRESENTATION_CONTEXT(2) 
PARAMETRIC_REPRESENTATION_CONTEXT() REPRESENTATION_CONTEXT('2D SPACE',''
  ) );
#5274 = PCURVE('',#4909,#5275);
#5275 = DEFINITIONAL_REPRESENTATION('',(#5276),#5280);
#5276 = LINE('',#5277,#5278);
#5277 = CARTESIAN_POINT('',(0.,0.));
#5278 = VECTOR('',#5279,1.);
#5279 = DIRECTION('',(0.,-1.));
#5280 = ( GEOMETRIC_REPRESENTATION_CONTEXT(2) 
PARAMETRIC_REPRESENTATION_CONTEXT() REPRESENTATION_CONTEXT('2D SPACE',''
  ) );
#5281 = ADVANCED_FACE('',(#5282),#4909,.T.);
#5282 = FACE_BOUND('',#5283,.T.);
#5283 = EDGE_LOOP('',(#5284,#5285,#5286,#5287));
#5284 = ORIENTED_EDGE('',*,*,#5083,.F.);
#5285 = ORIENTED_EDGE('',*,*,#5261,.T.);
#5286 = ORIENTED_EDGE('',*,*,#4894,.F.);
#5287 = ORIENTED_EDGE('',*,*,#5185,.F.);
#5288 = ADVANCED_FACE('',(#5289),#4998,.F.);
#5289 = FACE_BOUND('',#5290,.F.);
#5290 = EDGE_LOOP('',(#5291,#5314,#5341,#5342));
#5291 = ORIENTED_EDGE('',*,*,#5292,.T.);
#5292 = EDGE_CURVE('',#4982,#5293,#5295,.T.);
#5293 = VERTEX_POINT('',#5294);
#5294 = CARTESIAN_POINT('',(104.9,-56.5,5.3));
#5295 = SEAM_CURVE('',#5296,(#5300,#5307),.PCURVE_S1.);
#5296 = LINE('',#5297,#5298);
#5297 = CARTESIAN_POINT('',(104.9,-56.5,0.9));
#5298 = VECTOR('',#5299,1.);
#5299 = DIRECTION('',(0.,0.,1.));
#5300 = PCURVE('',#4998,#5301);
#5301 = DEFINITIONAL_REPRESENTATION('',(#5302),#5306);
#5302 = LINE('',#5303,#5304);
#5303 = CARTESIAN_POINT('',(6.28318530718,-0.));
#5304 = VECTOR('',#5305,1.);
#5305 = DIRECTION('',(0.,1.));
#5306 = ( GEOMETRIC_REPRESENTATION_CONTEXT(2) 
PARAMETRIC_REPRESENTATION_CONTEXT() REPRESENTATION_CONTEXT('2D SPACE',''
  ) );
#5307 = PCURVE('',#4998,#5308);
#5308 = DEFINITIONAL_REPRESENTATION('',(#5309),#5313);
#5309 = LINE('',#5310,#5311);
#5310 = CARTESIAN_POINT('',(0.,-0.));
#5311 = VECTOR('',#5312,1.);
#5312 = DIRECTION('',(0.,1.));
#5313 = ( GEOMETRIC_REPRESENTATION_CONTEXT(2) 
PARAMETRIC_REPRESENTATION_CONTEXT() REPRESENTATION_CONTEXT('2D SPACE',''
  ) );
#5314 = ORIENTED_EDGE('',*,*,#5315,.F.);
#5315 = EDGE_CURVE('',#5293,#5293,#5316,.T.);
#5316 = SURFACE_CURVE('',#5317,(#5322,#5329),.PCURVE_S1.);
#5317 = CIRCLE('',#5318,0.4);
#5318 = AXIS2_PLACEMENT_3D('',#5319,#5320,#5321);
#5319 = CARTESIAN_POINT('',(104.5,-56.5,5.3));
#5320 = DIRECTION('',(0.,0.,1.));
#5321 = DIRECTION('',(1.,0.,-0.));
#5322 = PCURVE('',#4998,#5323);
#5323 = DEFINITIONAL_REPRESENTATION('',(#5324),#5328);
#5324 = LINE('',#5325,#5326);
#5325 = CARTESIAN_POINT('',(0.,4.4));
#5326 = VECTOR('',#5327,1.);
#5327 = DIRECTION('',(1.,0.));
#5328 = ( GEOMETRIC_REPRESENTATION_CONTEXT(2) 
PARAMETRIC_REPRESENTATION_CONTEXT() REPRESENTATION_CONTEXT('2D SPACE',''
  ) );
#5329 = PCURVE('',#5330,#5335);
#5330 = PLANE('',#5331);
#5331 = AXIS2_PLACEMENT_3D('',#5332,#5333,#5334);
#5332 = CARTESIAN_POINT('',(104.5,-56.5,5.3));
#5333 = DIRECTION('',(0.,0.,1.));
#5334 = DIRECTION('',(1.,0.,-0.));
#5335 = DEFINITIONAL_REPRESENTATION('',(#5336),#5340);
#5336 = CIRCLE('',#5337,0.4);
#5337 = AXIS2_PLACEMENT_2D('',#5338,#5339);
#5338 = CARTESIAN_POINT('',(0.,0.));
#5339 = DIRECTION('',(1.,0.));
#5340 = ( GEOMETRIC_REPRESENTATION_CONTEXT(2) 
PARAMETRIC_REPRESENTATION_CONTEXT() REPRESENTATION_CONTEXT('2D SPACE',''
  ) );
#5341 = ORIENTED_EDGE('',*,*,#5292,.F.);
#5342 = ORIENTED_EDGE('',*,*,#4981,.T.);
#5343 = ADVANCED_FACE('',(#5344),#5033,.F.);
#5344 = FACE_BOUND('',#5345,.F.);
#5345 = EDGE_LOOP('',(#5346,#5369,#5396,#5397));
#5346 = ORIENTED_EDGE('',*,*,#5347,.T.);
#5347 = EDGE_CURVE('',#5017,#5348,#5350,.T.);
#5348 = VERTEX_POINT('',#5349);
#5349 = CARTESIAN_POINT('',(66.699106,-74.3289,5.3));
#5350 = SEAM_CURVE('',#5351,(#5355,#5362),.PCURVE_S1.);
#5351 = LINE('',#5352,#5353);
#5352 = CARTESIAN_POINT('',(66.699106,-74.3289,0.9));
#5353 = VECTOR('',#5354,1.);
#5354 = DIRECTION('',(0.,0.,1.));
#5355 = PCURVE('',#5033,#5356);
#5356 = DEFINITIONAL_REPRESENTATION('',(#5357),#5361);
#5357 = LINE('',#5358,#5359);
#5358 = CARTESIAN_POINT('',(6.28318530718,-0.));
#5359 = VECTOR('',#5360,1.);
#5360 = DIRECTION('',(0.,1.));
#5361 = ( GEOMETRIC_REPRESENTATION_CONTEXT(2) 
PARAMETRIC_REPRESENTATION_CONTEXT() REPRESENTATION_CONTEXT('2D SPACE',''
  ) );
#5362 = PCURVE('',#5033,#5363);
#5363 = DEFINITIONAL_REPRESENTATION('',(#5364),#5368);
#5364 = LINE('',#5365,#5366);
#5365 = CARTESIAN_POINT('',(0.,-0.));
#5366 = VECTOR('',#5367,1.);
#5367 = DIRECTION('',(0.,1.));
#5368 = ( GEOMETRIC_REPRESENTATION_CONTEXT(2) 
PARAMETRIC_REPRESENTATION_CONTEXT() REPRESENTATION_CONTEXT('2D SPACE',''
  ) );
#5369 = ORIENTED_EDGE('',*,*,#5370,.F.);
#5370 = EDGE_CURVE('',#5348,#5348,#5371,.T.);
#5371 = SURFACE_CURVE('',#5372,(#5377,#5384),.PCURVE_S1.);
#5372 = CIRCLE('',#5373,0.4);
#5373 = AXIS2_PLACEMENT_3D('',#5374,#5375,#5376);
#5374 = CARTESIAN_POINT('',(66.299106,-74.3289,5.3));
#5375 = DIRECTION('',(0.,0.,1.));
#5376 = DIRECTION('',(1.,0.,-0.));
#5377 = PCURVE('',#5033,#5378);
#5378 = DEFINITIONAL_REPRESENTATION('',(#5379),#5383);
#5379 = LINE('',#5380,#5381);
#5380 = CARTESIAN_POINT('',(0.,4.4));
#5381 = VECTOR('',#5382,1.);
#5382 = DIRECTION('',(1.,0.));
#5383 = ( GEOMETRIC_REPRESENTATION_CONTEXT(2) 
PARAMETRIC_REPRESENTATION_CONTEXT() REPRESENTATION_CONTEXT('2D SPACE',''
  ) );
#5384 = PCURVE('',#5385,#5390);
#5385 = PLANE('',#5386);
#5386 = AXIS2_PLACEMENT_3D('',#5387,#5388,#5389);
#5387 = CARTESIAN_POINT('',(66.299106,-74.3289,5.3));
#5388 = DIRECTION('',(0.,0.,1.));
#5389 = DIRECTION('',(1.,0.,-0.));
#5390 = DEFINITIONAL_REPRESENTATION('',(#5391),#5395);
#5391 = CIRCLE('',#5392,0.4);
#5392 = AXIS2_PLACEMENT_2D('',#5393,#5394);
#5393 = CARTESIAN_POINT('',(0.,0.));
#5394 = DIRECTION('',(1.,0.));
#5395 = ( GEOMETRIC_REPRESENTATION_CONTEXT(2) 
PARAMETRIC_REPRESENTATION_CONTEXT() REPRESENTATION_CONTEXT('2D SPACE',''
  ) );
#5396 = ORIENTED_EDGE('',*,*,#5347,.F.);
#5397 = ORIENTED_EDGE('',*,*,#5016,.T.);
#5398 = ADVANCED_FACE('',(#5399),#5068,.F.);
#5399 = FACE_BOUND('',#5400,.F.);
#5400 = EDGE_LOOP('',(#5401,#5424,#5451,#5452));
#5401 = ORIENTED_EDGE('',*,*,#5402,.T.);
#5402 = EDGE_CURVE('',#5052,#5403,#5405,.T.);
#5403 = VERTEX_POINT('',#5404);
#5404 = CARTESIAN_POINT('',(65.06975,-63.839924,5.3));
#5405 = SEAM_CURVE('',#5406,(#5410,#5417),.PCURVE_S1.);
#5406 = LINE('',#5407,#5408);
#5407 = CARTESIAN_POINT('',(65.06975,-63.839924,0.9));
#5408 = VECTOR('',#5409,1.);
#5409 = DIRECTION('',(0.,0.,1.));
#5410 = PCURVE('',#5068,#5411);
#5411 = DEFINITIONAL_REPRESENTATION('',(#5412),#5416);
#5412 = LINE('',#5413,#5414);
#5413 = CARTESIAN_POINT('',(6.28318530718,-0.));
#5414 = VECTOR('',#5415,1.);
#5415 = DIRECTION('',(0.,1.));
#5416 = ( GEOMETRIC_REPRESENTATION_CONTEXT(2) 
PARAMETRIC_REPRESENTATION_CONTEXT() REPRESENTATION_CONTEXT('2D SPACE',''
  ) );
#5417 = PCURVE('',#5068,#5418);
#5418 = DEFINITIONAL_REPRESENTATION('',(#5419),#5423);
#5419 = LINE('',#5420,#5421);
#5420 = CARTESIAN_POINT('',(0.,-0.));
#5421 = VECTOR('',#5422,1.);
#5422 = DIRECTION('',(0.,1.));
#5423 = ( GEOMETRIC_REPRESENTATION_CONTEXT(2) 
PARAMETRIC_REPRESENTATION_CONTEXT() REPRESENTATION_CONTEXT('2D SPACE',''
  ) );
#5424 = ORIENTED_EDGE('',*,*,#5425,.F.);
#5425 = EDGE_CURVE('',#5403,#5403,#5426,.T.);
#5426 = SURFACE_CURVE('',#5427,(#5432,#5439),.PCURVE_S1.);
#5427 = CIRCLE('',#5428,0.4);
#5428 = AXIS2_PLACEMENT_3D('',#5429,#5430,#5431);
#5429 = CARTESIAN_POINT('',(64.66975,-63.839924,5.3));
#5430 = DIRECTION('',(0.,0.,1.));
#5431 = DIRECTION('',(1.,0.,-0.));
#5432 = PCURVE('',#5068,#5433);
#5433 = DEFINITIONAL_REPRESENTATION('',(#5434),#5438);
#5434 = LINE('',#5435,#5436);
#5435 = CARTESIAN_POINT('',(0.,4.4));
#5436 = VECTOR('',#5437,1.);
#5437 = DIRECTION('',(1.,0.));
#5438 = ( GEOMETRIC_REPRESENTATION_CONTEXT(2) 
PARAMETRIC_REPRESENTATION_CONTEXT() REPRESENTATION_CONTEXT('2D SPACE',''
  ) );
#5439 = PCURVE('',#5440,#5445);
#5440 = PLANE('',#5441);
#5441 = AXIS2_PLACEMENT_3D('',#5442,#5443,#5444);
#5442 = CARTESIAN_POINT('',(64.66975,-63.839924,5.3));
#5443 = DIRECTION('',(0.,0.,1.));
#5444 = DIRECTION('',(1.,0.,-0.));
#5445 = DEFINITIONAL_REPRESENTATION('',(#5446),#5450);
#5446 = CIRCLE('',#5447,0.4);
#5447 = AXIS2_PLACEMENT_2D('',#5448,#5449);
#5448 = CARTESIAN_POINT('',(0.,0.));
#5449 = DIRECTION('',(1.,0.));
#5450 = ( GEOMETRIC_REPRESENTATION_CONTEXT(2) 
PARAMETRIC_REPRESENTATION_CONTEXT() REPRESENTATION_CONTEXT('2D SPACE',''
  ) );
#5451 = ORIENTED_EDGE('',*,*,#5402,.F.);
#5452 = ORIENTED_EDGE('',*,*,#5051,.T.);
#5453 = ADVANCED_FACE('',(#5454),#5330,.F.);
#5454 = FACE_BOUND('',#5455,.F.);
#5455 = EDGE_LOOP('',(#5456));
#5456 = ORIENTED_EDGE('',*,*,#5315,.T.);
#5457 = ADVANCED_FACE('',(#5458),#5385,.F.);
#5458 = FACE_BOUND('',#5459,.F.);
#5459 = EDGE_LOOP('',(#5460));
#5460 = ORIENTED_EDGE('',*,*,#5370,.T.);
#5461 = ADVANCED_FACE('',(#5462),#5440,.F.);
#5462 = FACE_BOUND('',#5463,.F.);
#5463 = EDGE_LOOP('',(#5464));
#5464 = ORIENTED_EDGE('',*,*,#5425,.T.);
#5465 = ( GEOMETRIC_REPRESENTATION_CONTEXT(3) 
GLOBAL_UNCERTAINTY_ASSIGNED_CONTEXT((#5469)) 
GLOBAL_UNIT_ASSIGNED_CONTEXT((#5466,#5467,#5468)) REPRESENTATION_CONTEXT
('Context #1','3D Context with UNIT and UNCERTAINTY') );
#5466 = ( LENGTH_UNIT() NAMED_UNIT(*) SI_UNIT(.MILLI.,.METRE.) );
#5467 = ( NAMED_UNIT(*) PLANE_ANGLE_UNIT() SI_UNIT($,.RADIAN.) );
#5468 = ( NAMED_UNIT(*) SI_UNIT($,.STERADIAN.) SOLID_ANGLE_UNIT() );
#5469 = UNCERTAINTY_MEASURE_WITH_UNIT(LENGTH_MEASURE(2.E-07),#5466,
  'distance_accuracy_value','confusion accuracy');
#5470 = PRODUCT_RELATED_PRODUCT_CATEGORY('part',$,(#7));
ENDSEC;
END-ISO-10303-21;
