ISO-10303-21;
HEADER;
FILE_DESCRIPTION(('KiCad electronic assembly'),'2;1');
FILE_NAME('sucralose-pcb.step','2026-10-04T16:35:46',('Pcbnew'),('Kicad'
    ),'Open CASCADE STEP processor 7.9','KiCad to STEP converter',
  'Unknown');
FILE_SCHEMA(('AUTOMOTIVE_DESIGN { 1 0 10303 214 1 1 1 1 }'));
ENDSEC;
DATA;
#1 = APPLICATION_PROTOCOL_DEFINITION('international standard',
  'automotive_design',2000,#2);
#2 = APPLICATION_CONTEXT(
  'core data for automotive mechanical design processes');
#3 = SHAPE_DEFINITION_REPRESENTATION(#4,#10);
#4 = PRODUCT_DEFINITION_SHAPE('','',#5);
#5 = PRODUCT_DEFINITION('design','',#6,#9);
#6 = PRODUCT_DEFINITION_FORMATION('','',#7);
#7 = PRODUCT('sucralose-pcb 1','sucralose-pcb 1','',(#8));
#8 = PRODUCT_CONTEXT('',#2,'mechanical');
#9 = PRODUCT_DEFINITION_CONTEXT('part definition',#2,'design');
#10 = SHAPE_REPRESENTATION('',(#11,#15),#19);
#11 = AXIS2_PLACEMENT_3D('',#12,#13,#14);
#12 = CARTESIAN_POINT('',(0.,0.,0.));
#13 = DIRECTION('',(0.,0.,1.));
#14 = DIRECTION('',(1.,0.,-0.));
#15 = AXIS2_PLACEMENT_3D('',#16,#17,#18);
#16 = CARTESIAN_POINT('',(0.,0.,0.));
#17 = DIRECTION('',(0.,0.,1.));
#18 = DIRECTION('',(1.,0.,-0.));
#19 = ( GEOMETRIC_REPRESENTATION_CONTEXT(3) 
GLOBAL_UNCERTAINTY_ASSIGNED_CONTEXT((#23)) GLOBAL_UNIT_ASSIGNED_CONTEXT(
(#20,#21,#22)) REPRESENTATION_CONTEXT('Context #1',
  '3D Context with UNIT and UNCERTAINTY') );
#20 = ( LENGTH_UNIT() NAMED_UNIT(*) SI_UNIT(.MILLI.,.METRE.) );
#21 = ( NAMED_UNIT(*) PLANE_ANGLE_UNIT() SI_UNIT($,.RADIAN.) );
#22 = ( NAMED_UNIT(*) SI_UNIT($,.STERADIAN.) SOLID_ANGLE_UNIT() );
#23 = UNCERTAINTY_MEASURE_WITH_UNIT(LENGTH_MEASURE(1.E-07),#20,
  'distance_accuracy_value','confusion accuracy');
#24 = PRODUCT_RELATED_PRODUCT_CATEGORY('part',$,(#7));
#25 = SHAPE_DEFINITION_REPRESENTATION(#26,#32);
#26 = PRODUCT_DEFINITION_SHAPE('','',#27);
#27 = PRODUCT_DEFINITION('design','',#28,#31);
#28 = PRODUCT_DEFINITION_FORMATION('','',#29);
#29 = PRODUCT('sucralose_PCB','sucralose_PCB','',(#30));
#30 = PRODUCT_CONTEXT('',#2,'mechanical');
#31 = PRODUCT_DEFINITION_CONTEXT('part definition',#2,'design');
#32 = ADVANCED_BREP_SHAPE_REPRESENTATION('',(#11,#33),#11672);
#33 = MANIFOLD_SOLID_BREP('',#34);
#34 = CLOSED_SHELL('',(#35,#75,#106,#137,#3170,#6203,#6220,#6237,#6254,
    #6271,#6288,#6305,#6322,#6339,#6356,#6373,#6390,#6407,#6424,#6441,
    #6458,#6475,#6492,#6509,#6526,#6543,#6560,#6577,#6594,#6611,#6628,
    #6645,#6662,#6679,#6696,#6713,#6730,#6747,#6764,#6781,#6798,#6815,
    #6832,#6849,#6866,#6883,#6900,#6917,#6934,#6951,#6968,#6985,#7002,
    #7019,#7036,#7053,#7070,#7087,#7104,#7121,#7138,#7155,#7172,#7189,
    #7206,#7223,#7240,#7257,#7274,#7291,#7308,#7325,#7342,#7359,#7376,
    #7393,#7410,#7427,#7444,#7461,#7478,#7495,#7512,#7529,#7546,#7563,
    #7580,#7597,#7614,#7631,#7648,#7665,#7682,#7699,#7716,#7733,#7750,
    #7767,#7784,#7801,#7818,#7835,#7852,#7869,#7886,#7903,#7920,#7937,
    #7954,#7971,#7988,#8005,#8022,#8039,#8056,#8073,#8090,#8107,#8124,
    #8141,#8158,#8175,#8192,#8209,#8226,#8243,#8260,#8277,#8294,#8311,
    #8328,#8345,#8357,#8374,#8391,#8408,#8425,#8442,#8459,#8476,#8493,
    #8510,#8527,#8544,#8561,#8578,#8595,#8612,#8629,#8646,#8663,#8680,
    #8697,#8714,#8731,#8748,#8765,#8782,#8799,#8816,#8833,#8850,#8867,
    #8884,#8901,#8918,#8935,#8952,#8969,#8986,#9003,#9020,#9037,#9054,
    #9071,#9088,#9105,#9122,#9139,#9156,#9173,#9190,#9207,#9224,#9241,
    #9258,#9275,#9292,#9309,#9326,#9343,#9360,#9377,#9394,#9411,#9428,
    #9445,#9462,#9479,#9496,#9513,#9530,#9547,#9564,#9581,#9598,#9615,
    #9632,#9649,#9666,#9683,#9700,#9717,#9734,#9751,#9768,#9785,#9802,
    #9819,#9836,#9853,#9870,#9887,#9904,#9921,#9938,#9955,#9972,#9989,
    #10006,#10023,#10040,#10057,#10074,#10091,#10108,#10125,#10142,
    #10159,#10176,#10193,#10210,#10227,#10244,#10261,#10278,#10295,
    #10312,#10329,#10346,#10363,#10380,#10397,#10414,#10431,#10448,
    #10465,#10482,#10499,#10516,#10533,#10550,#10572,#10589,#10606,
    #10623,#10640,#10657,#10674,#10691,#10708,#10725,#10742,#10759,
    #10776,#10793,#10810,#10827,#10844,#10861,#10878,#10895,#10912,
    #10929,#10946,#10963,#10980,#10997,#11014,#11031,#11048,#11065,
    #11082,#11099,#11116,#11133,#11150,#11167,#11184,#11201,#11218,
    #11235,#11252,#11269,#11286,#11303,#11320,#11337,#11354,#11366,
    #11383,#11400,#11417,#11434,#11451,#11468,#11485,#11502,#11519,
    #11536,#11553,#11570,#11587,#11604,#11621,#11638,#11655));
#35 = ADVANCED_FACE('',(#36),#70,.T.);
#36 = FACE_BOUND('',#37,.T.);
#37 = EDGE_LOOP('',(#38,#48,#56,#64));
#38 = ORIENTED_EDGE('',*,*,#39,.T.);
#39 = EDGE_CURVE('',#40,#42,#44,.T.);
#40 = VERTEX_POINT('',#41);
#41 = CARTESIAN_POINT('',(164.285544,-49.016219,0.));
#42 = VERTEX_POINT('',#43);
#43 = CARTESIAN_POINT('',(164.285544,-49.016219,0.91));
#44 = LINE('',#45,#46);
#45 = CARTESIAN_POINT('',(164.285544,-49.016219,0.));
#46 = VECTOR('',#47,1.);
#47 = DIRECTION('',(0.,0.,1.));
#48 = ORIENTED_EDGE('',*,*,#49,.T.);
#49 = EDGE_CURVE('',#42,#50,#52,.T.);
#50 = VERTEX_POINT('',#51);
#51 = CARTESIAN_POINT('',(164.445037,-49.039743,0.91));
#52 = LINE('',#53,#54);
#53 = CARTESIAN_POINT('',(164.285544,-49.016219,0.91));
#54 = VECTOR('',#55,1.);
#55 = DIRECTION('',(0.989297307526,-0.145913800996,0.));
#56 = ORIENTED_EDGE('',*,*,#57,.F.);
#57 = EDGE_CURVE('',#58,#50,#60,.T.);
#58 = VERTEX_POINT('',#59);
#59 = CARTESIAN_POINT('',(164.445037,-49.039743,0.));
#60 = LINE('',#61,#62);
#61 = CARTESIAN_POINT('',(164.445037,-49.039743,0.));
#62 = VECTOR('',#63,1.);
#63 = DIRECTION('',(0.,0.,1.));
#64 = ORIENTED_EDGE('',*,*,#65,.F.);
#65 = EDGE_CURVE('',#40,#58,#66,.T.);
#66 = LINE('',#67,#68);
#67 = CARTESIAN_POINT('',(164.285544,-49.016219,0.));
#68 = VECTOR('',#69,1.);
#69 = DIRECTION('',(0.989297307526,-0.145913800996,0.));
#70 = PLANE('',#71);
#71 = AXIS2_PLACEMENT_3D('',#72,#73,#74);
#72 = CARTESIAN_POINT('',(164.285544,-49.016219,0.));
#73 = DIRECTION('',(0.145913800996,0.989297307526,-0.));
#74 = DIRECTION('',(0.989297307526,-0.145913800996,0.));
#75 = ADVANCED_FACE('',(#76),#101,.T.);
#76 = FACE_BOUND('',#77,.T.);
#77 = EDGE_LOOP('',(#78,#88,#94,#95));
#78 = ORIENTED_EDGE('',*,*,#79,.T.);
#79 = EDGE_CURVE('',#80,#82,#84,.T.);
#80 = VERTEX_POINT('',#81);
#81 = CARTESIAN_POINT('',(164.,-49.,0.));
#82 = VERTEX_POINT('',#83);
#83 = CARTESIAN_POINT('',(164.,-49.,0.91));
#84 = LINE('',#85,#86);
#85 = CARTESIAN_POINT('',(164.,-49.,0.));
#86 = VECTOR('',#87,1.);
#87 = DIRECTION('',(0.,0.,1.));
#88 = ORIENTED_EDGE('',*,*,#89,.T.);
#89 = EDGE_CURVE('',#82,#42,#90,.T.);
#90 = LINE('',#91,#92);
#91 = CARTESIAN_POINT('',(164.,-49.,0.91));
#92 = VECTOR('',#93,1.);
#93 = DIRECTION('',(0.998390752815,-5.670894720223E-02,0.));
#94 = ORIENTED_EDGE('',*,*,#39,.F.);
#95 = ORIENTED_EDGE('',*,*,#96,.F.);
#96 = EDGE_CURVE('',#80,#40,#97,.T.);
#97 = LINE('',#98,#99);
#98 = CARTESIAN_POINT('',(164.,-49.,0.));
#99 = VECTOR('',#100,1.);
#100 = DIRECTION('',(0.998390752815,-5.670894720223E-02,0.));
#101 = PLANE('',#102);
#102 = AXIS2_PLACEMENT_3D('',#103,#104,#105);
#103 = CARTESIAN_POINT('',(164.,-49.,0.));
#104 = DIRECTION('',(5.670894720223E-02,0.998390752815,-0.));
#105 = DIRECTION('',(0.998390752815,-5.670894720223E-02,0.));
#106 = ADVANCED_FACE('',(#107),#132,.T.);
#107 = FACE_BOUND('',#108,.T.);
#108 = EDGE_LOOP('',(#109,#110,#118,#126));
#109 = ORIENTED_EDGE('',*,*,#57,.T.);
#110 = ORIENTED_EDGE('',*,*,#111,.T.);
#111 = EDGE_CURVE('',#50,#112,#114,.T.);
#112 = VERTEX_POINT('',#113);
#113 = CARTESIAN_POINT('',(164.600697,-49.073064,0.91));
#114 = LINE('',#115,#116);
#115 = CARTESIAN_POINT('',(164.445037,-49.039743,0.91));
#116 = VECTOR('',#117,1.);
#117 = DIRECTION('',(0.977847070244,-0.209320584785,0.));
#118 = ORIENTED_EDGE('',*,*,#119,.F.);
#119 = EDGE_CURVE('',#120,#112,#122,.T.);
#120 = VERTEX_POINT('',#121);
#121 = CARTESIAN_POINT('',(164.600697,-49.073064,0.));
#122 = LINE('',#123,#124);
#123 = CARTESIAN_POINT('',(164.600697,-49.073064,0.));
#124 = VECTOR('',#125,1.);
#125 = DIRECTION('',(0.,0.,1.));
#126 = ORIENTED_EDGE('',*,*,#127,.F.);
#127 = EDGE_CURVE('',#58,#120,#128,.T.);
#128 = LINE('',#129,#130);
#129 = CARTESIAN_POINT('',(164.445037,-49.039743,0.));
#130 = VECTOR('',#131,1.);
#131 = DIRECTION('',(0.977847070244,-0.209320584785,0.));
#132 = PLANE('',#133);
#133 = AXIS2_PLACEMENT_3D('',#134,#135,#136);
#134 = CARTESIAN_POINT('',(164.445037,-49.039743,0.));
#135 = DIRECTION('',(0.209320584785,0.977847070244,-0.));
#136 = DIRECTION('',(0.977847070244,-0.209320584785,0.));
#137 = ADVANCED_FACE('',(#138,#1162,#1173,#1184,#1195,#1206,#1217,#1228,
    #1239,#1250,#1261,#1272,#1283,#1294,#1305,#1316,#1327,#1338,#1349,
    #1360,#1371,#1382,#1393,#1404,#1415,#1426,#1437,#1448,#1459,#1470,
    #1481,#1492,#1503,#1514,#1525,#1536,#1547,#1558,#1569,#1580,#1591,
    #1602,#1613,#1624,#1635,#1646,#1657,#1668,#1679,#1690,#1701,#1712,
    #1723,#1734,#1745,#1756,#1767,#1778,#1789,#1800,#1811,#1822,#1833,
    #1844,#1855,#1866,#1877,#1888,#1899,#1910,#1921,#1932,#1943,#1954,
    #1965,#1976,#1987,#1998,#2009,#2020,#2031,#2042,#2053,#2064,#2075,
    #2086,#2097,#2108,#2119,#2130,#2141,#2152,#2163,#2174,#2185,#2196,
    #2207,#2218,#2229,#2240,#2251,#2262,#2273,#2284,#2295,#2306,#2317,
    #2328,#2339,#2350,#2361,#2372,#2383,#2394,#2405,#2416,#2427,#2438,
    #2449,#2460,#2471,#2482,#2493,#2504,#2515,#2526,#2537,#2548,#2559,
    #2570,#2581,#2967,#2978,#2989,#3000,#3011,#3022,#3033,#3044,#3055,
    #3066,#3077,#3088,#3099,#3110,#3121,#3132,#3143,#3154),#3165,.F.);
#138 = FACE_BOUND('',#139,.F.);
#139 = EDGE_LOOP('',(#140,#141,#142,#150,#158,#166,#174,#182,#190,#198,
    #206,#214,#222,#230,#238,#246,#254,#262,#270,#278,#286,#294,#302,
    #310,#318,#326,#335,#343,#351,#359,#367,#375,#383,#391,#399,#407,
    #415,#423,#431,#440,#449,#458,#466,#475,#483,#491,#499,#507,#515,
    #523,#531,#539,#547,#555,#563,#571,#579,#587,#595,#603,#611,#619,
    #627,#635,#643,#651,#659,#667,#675,#683,#691,#699,#707,#715,#723,
    #731,#739,#747,#755,#763,#771,#779,#787,#795,#803,#811,#819,#827,
    #835,#843,#851,#859,#867,#875,#883,#891,#899,#907,#915,#923,#931,
    #939,#947,#955,#963,#971,#979,#987,#995,#1003,#1011,#1019,#1027,
    #1035,#1043,#1051,#1059,#1067,#1075,#1083,#1091,#1099,#1107,#1115,
    #1123,#1131,#1139,#1147,#1155,#1161));
#140 = ORIENTED_EDGE('',*,*,#65,.F.);
#141 = ORIENTED_EDGE('',*,*,#96,.F.);
#142 = ORIENTED_EDGE('',*,*,#143,.F.);
#143 = EDGE_CURVE('',#144,#80,#146,.T.);
#144 = VERTEX_POINT('',#145);
#145 = CARTESIAN_POINT('',(124.5,-49.,0.));
#146 = LINE('',#147,#148);
#147 = CARTESIAN_POINT('',(124.5,-49.,0.));
#148 = VECTOR('',#149,1.);
#149 = DIRECTION('',(1.,0.,0.));
#150 = ORIENTED_EDGE('',*,*,#151,.F.);
#151 = EDGE_CURVE('',#152,#144,#154,.T.);
#152 = VERTEX_POINT('',#153);
#153 = CARTESIAN_POINT('',(124.111764,-49.012016,0.));
#154 = LINE('',#155,#156);
#155 = CARTESIAN_POINT('',(124.111764,-49.012016,0.));
#156 = VECTOR('',#157,1.);
#157 = DIRECTION('',(0.999521384941,3.093543350295E-02,0.));
#158 = ORIENTED_EDGE('',*,*,#159,.F.);
#159 = EDGE_CURVE('',#160,#152,#162,.T.);
#160 = VERTEX_POINT('',#161);
#161 = CARTESIAN_POINT('',(123.734275,-49.047089,0.));
#162 = LINE('',#163,#164);
#163 = CARTESIAN_POINT('',(123.734275,-49.047089,0.));
#164 = VECTOR('',#165,1.);
#165 = DIRECTION('',(0.995711489202,9.251286543655E-02,0.));
#166 = ORIENTED_EDGE('',*,*,#167,.F.);
#167 = EDGE_CURVE('',#168,#160,#170,.T.);
#168 = VERTEX_POINT('',#169);
#169 = CARTESIAN_POINT('',(123.366704,-49.103755,0.));
#170 = LINE('',#171,#172);
#171 = CARTESIAN_POINT('',(123.366704,-49.103755,0.));
#172 = VECTOR('',#173,1.);
#173 = DIRECTION('',(0.988324526265,0.152363482444,0.));
#174 = ORIENTED_EDGE('',*,*,#175,.F.);
#175 = EDGE_CURVE('',#176,#168,#178,.T.);
#176 = VERTEX_POINT('',#177);
#177 = CARTESIAN_POINT('',(123.008222,-49.180548,0.));
#178 = LINE('',#179,#180);
#179 = CARTESIAN_POINT('',(123.008222,-49.180548,0.));
#180 = VECTOR('',#181,1.);
#181 = DIRECTION('',(0.977816143405,0.209465008286,0.));
#182 = ORIENTED_EDGE('',*,*,#183,.F.);
#183 = EDGE_CURVE('',#184,#176,#186,.T.);
#184 = VERTEX_POINT('',#185);
#185 = CARTESIAN_POINT('',(122.658002,-49.276006,0.));
#186 = LINE('',#187,#188);
#187 = CARTESIAN_POINT('',(122.658002,-49.276006,0.));
#188 = VECTOR('',#189,1.);
#189 = DIRECTION('',(0.964803353027,0.262972412978,0.));
#190 = ORIENTED_EDGE('',*,*,#191,.F.);
#191 = EDGE_CURVE('',#192,#184,#194,.T.);
#192 = VERTEX_POINT('',#193);
#193 = CARTESIAN_POINT('',(122.315214,-49.388664,0.));
#194 = LINE('',#195,#196);
#195 = CARTESIAN_POINT('',(122.315214,-49.388664,0.));
#196 = VECTOR('',#197,1.);
#197 = DIRECTION('',(0.950009015683,0.312222468957,0.));
#198 = ORIENTED_EDGE('',*,*,#199,.F.);
#199 = EDGE_CURVE('',#200,#192,#202,.T.);
#200 = VERTEX_POINT('',#201);
#201 = CARTESIAN_POINT('',(121.979031,-49.517057,0.));
#202 = LINE('',#203,#204);
#203 = CARTESIAN_POINT('',(121.979031,-49.517057,0.));
#204 = VECTOR('',#205,1.);
#205 = DIRECTION('',(0.934188548791,0.356779701368,0.));
#206 = ORIENTED_EDGE('',*,*,#207,.F.);
#207 = EDGE_CURVE('',#208,#200,#210,.T.);
#208 = VERTEX_POINT('',#209);
#209 = CARTESIAN_POINT('',(121.648623,-49.659722,0.));
#210 = LINE('',#211,#212);
#211 = CARTESIAN_POINT('',(121.648623,-49.659722,0.));
#212 = VECTOR('',#213,1.);
#213 = DIRECTION('',(0.918073661134,0.396409829258,0.));
#214 = ORIENTED_EDGE('',*,*,#215,.F.);
#215 = EDGE_CURVE('',#216,#208,#218,.T.);
#216 = VERTEX_POINT('',#217);
#217 = CARTESIAN_POINT('',(121.323163,-49.815195,0.));
#218 = LINE('',#219,#220);
#219 = CARTESIAN_POINT('',(121.323163,-49.815195,0.));
#220 = VECTOR('',#221,1.);
#221 = DIRECTION('',(0.902330296053,0.431045283962,0.));
#222 = ORIENTED_EDGE('',*,*,#223,.F.);
#223 = EDGE_CURVE('',#224,#216,#226,.T.);
#224 = VERTEX_POINT('',#225);
#225 = CARTESIAN_POINT('',(121.001821,-49.98201,0.));
#226 = LINE('',#227,#228);
#227 = CARTESIAN_POINT('',(121.001821,-49.98201,0.));
#228 = VECTOR('',#229,1.);
#229 = DIRECTION('',(0.887536346817,0.460737705293,0.));
#230 = ORIENTED_EDGE('',*,*,#231,.F.);
#231 = EDGE_CURVE('',#232,#224,#234,.T.);
#232 = VERTEX_POINT('',#233);
#233 = CARTESIAN_POINT('',(120.36818,-50.343816,0.));
#234 = LINE('',#235,#236);
#235 = CARTESIAN_POINT('',(120.36818,-50.343816,0.));
#236 = VECTOR('',#237,1.);
#237 = DIRECTION('',(0.868405194345,0.495855239394,0.));
#238 = ORIENTED_EDGE('',*,*,#239,.F.);
#239 = EDGE_CURVE('',#240,#232,#242,.T.);
#240 = VERTEX_POINT('',#241);
#241 = CARTESIAN_POINT('',(119.741072,-50.733424,0.));
#242 = LINE('',#243,#244);
#243 = CARTESIAN_POINT('',(119.741072,-50.733424,0.));
#244 = VECTOR('',#245,1.);
#245 = DIRECTION('',(0.849416412773,0.527723182845,0.));
#246 = ORIENTED_EDGE('',*,*,#247,.F.);
#247 = EDGE_CURVE('',#248,#240,#250,.T.);
#248 = VERTEX_POINT('',#249);
#249 = CARTESIAN_POINT('',(119.11387,-51.139123,0.));
#250 = LINE('',#251,#252);
#251 = CARTESIAN_POINT('',(119.11387,-51.139123,0.));
#252 = VECTOR('',#253,1.);
#253 = DIRECTION('',(0.839654157321,0.543121437704,0.));
#254 = ORIENTED_EDGE('',*,*,#255,.F.);
#255 = EDGE_CURVE('',#256,#248,#258,.T.);
#256 = VERTEX_POINT('',#257);
#257 = CARTESIAN_POINT('',(118.155782,-51.753843,0.));
#258 = LINE('',#259,#260);
#259 = CARTESIAN_POINT('',(118.155782,-51.753843,0.));
#260 = VECTOR('',#261,1.);
#261 = DIRECTION('',(0.841655149844,0.540015378245,0.));
#262 = ORIENTED_EDGE('',*,*,#263,.F.);
#263 = EDGE_CURVE('',#264,#256,#266,.T.);
#264 = VERTEX_POINT('',#265);
#265 = CARTESIAN_POINT('',(117.445966,-52.179009,0.));
#266 = LINE('',#267,#268);
#267 = CARTESIAN_POINT('',(117.445966,-52.179009,0.));
#268 = VECTOR('',#269,1.);
#269 = DIRECTION('',(0.85787851008,0.513852568295,0.));
#270 = ORIENTED_EDGE('',*,*,#271,.F.);
#271 = EDGE_CURVE('',#272,#264,#274,.T.);
#272 = VERTEX_POINT('',#273);
#273 = CARTESIAN_POINT('',(116.81351,-52.521106,0.));
#274 = LINE('',#275,#276);
#275 = CARTESIAN_POINT('',(116.81351,-52.521106,0.));
#276 = VECTOR('',#277,1.);
#277 = DIRECTION('',(0.879573318397,0.475763362991,0.));
#278 = ORIENTED_EDGE('',*,*,#279,.F.);
#279 = EDGE_CURVE('',#280,#272,#282,.T.);
#280 = VERTEX_POINT('',#281);
#281 = CARTESIAN_POINT('',(116.220823,-52.802808,0.));
#282 = LINE('',#283,#284);
#283 = CARTESIAN_POINT('',(116.220823,-52.802808,0.));
#284 = VECTOR('',#285,1.);
#285 = DIRECTION('',(0.90317372705,0.429275224963,0.));
#286 = ORIENTED_EDGE('',*,*,#287,.F.);
#287 = EDGE_CURVE('',#288,#280,#290,.T.);
#288 = VERTEX_POINT('',#289);
#289 = CARTESIAN_POINT('',(115.649446,-53.034785,0.));
#290 = LINE('',#291,#292);
#291 = CARTESIAN_POINT('',(115.649446,-53.034785,0.));
#292 = VECTOR('',#293,1.);
#293 = DIRECTION('',(0.926548493176,0.376175344478,0.));
#294 = ORIENTED_EDGE('',*,*,#295,.F.);
#295 = EDGE_CURVE('',#296,#288,#298,.T.);
#296 = VERTEX_POINT('',#297);
#297 = CARTESIAN_POINT('',(115.088241,-53.222876,0.));
#298 = LINE('',#299,#300);
#299 = CARTESIAN_POINT('',(115.088241,-53.222876,0.));
#300 = VECTOR('',#301,1.);
#301 = DIRECTION('',(0.948163680709,0.317782369844,0.));
#302 = ORIENTED_EDGE('',*,*,#303,.F.);
#303 = EDGE_CURVE('',#304,#296,#306,.T.);
#304 = VERTEX_POINT('',#305);
#305 = CARTESIAN_POINT('',(114.529491,-53.370426,0.));
#306 = LINE('',#307,#308);
#307 = CARTESIAN_POINT('',(114.529491,-53.370426,0.));
#308 = VECTOR('',#309,1.);
#309 = DIRECTION('',(0.96685676457,0.255319401543,0.));
#310 = ORIENTED_EDGE('',*,*,#311,.F.);
#311 = EDGE_CURVE('',#312,#304,#314,.T.);
#312 = VERTEX_POINT('',#313);
#313 = CARTESIAN_POINT('',(113.967272,-53.479239,0.));
#314 = LINE('',#315,#316);
#315 = CARTESIAN_POINT('',(113.967272,-53.479239,0.));
#316 = VECTOR('',#317,1.);
#317 = DIRECTION('',(0.981781017081,0.190015879598,0.));
#318 = ORIENTED_EDGE('',*,*,#319,.F.);
#319 = EDGE_CURVE('',#320,#312,#322,.T.);
#320 = VERTEX_POINT('',#321);
#321 = CARTESIAN_POINT('',(65.507851,-61.169011,0.));
#322 = LINE('',#323,#324);
#323 = CARTESIAN_POINT('',(65.507851,-61.169011,0.));
#324 = VECTOR('',#325,1.);
#325 = DIRECTION('',(0.987642468393,0.156723816396,0.));
#326 = ORIENTED_EDGE('',*,*,#327,.F.);
#327 = EDGE_CURVE('',#328,#320,#330,.T.);
#328 = VERTEX_POINT('',#329);
#329 = CARTESIAN_POINT('',(63.169814,-64.496746,0.));
#330 = CIRCLE('',#331,2.873448165714);
#331 = AXIS2_PLACEMENT_3D('',#332,#333,#334);
#332 = CARTESIAN_POINT('',(65.999998988772,-63.99999929354,0.));
#333 = DIRECTION('',(0.,0.,-1.));
#334 = DIRECTION('',(-0.9849438116,-0.172874775464,-0.));
#335 = ORIENTED_EDGE('',*,*,#336,.F.);
#336 = EDGE_CURVE('',#337,#328,#339,.T.);
#337 = VERTEX_POINT('',#338);
#338 = CARTESIAN_POINT('',(65.084,-76.5887,0.));
#339 = LINE('',#340,#341);
#340 = CARTESIAN_POINT('',(65.084,-76.5887,0.));
#341 = VECTOR('',#342,1.);
#342 = DIRECTION('',(-0.156355468898,0.987700849117,0.));
#343 = ORIENTED_EDGE('',*,*,#344,.F.);
#344 = EDGE_CURVE('',#345,#337,#347,.T.);
#345 = VERTEX_POINT('',#346);
#346 = CARTESIAN_POINT('',(72.9466,-126.2569,0.));
#347 = LINE('',#348,#349);
#348 = CARTESIAN_POINT('',(72.9466,-126.2569,0.));
#349 = VECTOR('',#350,1.);
#350 = DIRECTION('',(-0.156355508101,0.987700842911,0.));
#351 = ORIENTED_EDGE('',*,*,#352,.F.);
#352 = EDGE_CURVE('',#353,#345,#355,.T.);
#353 = VERTEX_POINT('',#354);
#354 = CARTESIAN_POINT('',(73.0847,-126.8094,0.));
#355 = LINE('',#356,#357);
#356 = CARTESIAN_POINT('',(73.0847,-126.8094,0.));
#357 = VECTOR('',#358,1.);
#358 = DIRECTION('',(-0.242494308752,0.970152828282,0.));
#359 = ORIENTED_EDGE('',*,*,#360,.F.);
#360 = EDGE_CURVE('',#361,#353,#363,.T.);
#361 = VERTEX_POINT('',#362);
#362 = CARTESIAN_POINT('',(73.3278,-127.3435,0.));
#363 = LINE('',#364,#365);
#364 = CARTESIAN_POINT('',(73.3278,-127.3435,0.));
#365 = VECTOR('',#366,1.);
#366 = DIRECTION('',(-0.414265097113,0.910156266426,0.));
#367 = ORIENTED_EDGE('',*,*,#368,.F.);
#368 = EDGE_CURVE('',#369,#361,#371,.T.);
#369 = VERTEX_POINT('',#370);
#370 = CARTESIAN_POINT('',(73.6704,-127.8199,0.));
#371 = LINE('',#372,#373);
#372 = CARTESIAN_POINT('',(73.6704,-127.8199,0.));
#373 = VECTOR('',#374,1.);
#374 = DIRECTION('',(-0.583846717214,0.811863911502,0.));
#375 = ORIENTED_EDGE('',*,*,#376,.F.);
#376 = EDGE_CURVE('',#377,#369,#379,.T.);
#377 = VERTEX_POINT('',#378);
#378 = CARTESIAN_POINT('',(73.9848,-128.1282,0.));
#379 = LINE('',#380,#381);
#380 = CARTESIAN_POINT('',(73.9848,-128.1282,0.));
#381 = VECTOR('',#382,1.);
#382 = DIRECTION('',(-0.713999376399,0.700146335063,0.));
#383 = ORIENTED_EDGE('',*,*,#384,.F.);
#384 = EDGE_CURVE('',#385,#377,#387,.T.);
#385 = VERTEX_POINT('',#386);
#386 = CARTESIAN_POINT('',(74.4679,-128.4614,0.));
#387 = LINE('',#388,#389);
#388 = CARTESIAN_POINT('',(74.4679,-128.4614,0.));
#389 = VECTOR('',#390,1.);
#390 = DIRECTION('',(-0.823190816229,0.567764810531,0.));
#391 = ORIENTED_EDGE('',*,*,#392,.F.);
#392 = EDGE_CURVE('',#393,#385,#395,.T.);
#393 = VERTEX_POINT('',#394);
#394 = CARTESIAN_POINT('',(75.0067,-128.6939,0.));
#395 = LINE('',#396,#397);
#396 = CARTESIAN_POINT('',(75.0067,-128.6939,0.));
#397 = VECTOR('',#398,1.);
#398 = DIRECTION('',(-0.918163812152,0.396200976847,0.));
#399 = ORIENTED_EDGE('',*,*,#400,.F.);
#400 = EDGE_CURVE('',#401,#393,#403,.T.);
#401 = VERTEX_POINT('',#402);
#402 = CARTESIAN_POINT('',(75.5806,-128.8169,0.));
#403 = LINE('',#404,#405);
#404 = CARTESIAN_POINT('',(75.5806,-128.8169,0.));
#405 = VECTOR('',#406,1.);
#406 = DIRECTION('',(-0.977794933478,0.209563995152,0.));
#407 = ORIENTED_EDGE('',*,*,#408,.F.);
#408 = EDGE_CURVE('',#409,#401,#411,.T.);
#409 = VERTEX_POINT('',#410);
#410 = CARTESIAN_POINT('',(76.2956,-128.8152,0.));
#411 = LINE('',#412,#413);
#412 = CARTESIAN_POINT('',(76.2956,-128.8152,0.));
#413 = VECTOR('',#414,1.);
#414 = DIRECTION('',(-0.999997173468,-2.377615657196E-03,0.));
#415 = ORIENTED_EDGE('',*,*,#416,.F.);
#416 = EDGE_CURVE('',#417,#409,#419,.T.);
#417 = VERTEX_POINT('',#418);
#418 = CARTESIAN_POINT('',(107.9333,-123.809,0.));
#419 = LINE('',#420,#421);
#420 = CARTESIAN_POINT('',(107.9333,-123.809,0.));
#421 = VECTOR('',#422,1.);
#422 = DIRECTION('',(-0.987711094992,-0.156290731746,0.));
#423 = ORIENTED_EDGE('',*,*,#424,.F.);
#424 = EDGE_CURVE('',#425,#417,#427,.T.);
#425 = VERTEX_POINT('',#426);
#426 = CARTESIAN_POINT('',(108.4335,-123.7507,0.));
#427 = LINE('',#428,#429);
#428 = CARTESIAN_POINT('',(108.4335,-123.7507,0.));
#429 = VECTOR('',#430,1.);
#430 = DIRECTION('',(-0.993276084661,-0.115769683598,0.));
#431 = ORIENTED_EDGE('',*,*,#432,.F.);
#432 = EDGE_CURVE('',#433,#425,#435,.T.);
#433 = VERTEX_POINT('',#434);
#434 = CARTESIAN_POINT('',(111.005461,-123.978155,0.));
#435 = CIRCLE('',#436,8.268744829512);
#436 = AXIS2_PLACEMENT_3D('',#437,#438,#439);
#437 = CARTESIAN_POINT('',(108.99999821784,-132.0000163852,0.));
#438 = DIRECTION('',(0.,0.,1.));
#439 = DIRECTION('',(0.242535333174,0.970142573111,-0.));
#440 = ORIENTED_EDGE('',*,*,#441,.F.);
#441 = EDGE_CURVE('',#442,#433,#444,.T.);
#442 = VERTEX_POINT('',#443);
#443 = CARTESIAN_POINT('',(112.674765,-124.737852,0.));
#444 = CIRCLE('',#445,5.7233731987);
#445 = AXIS2_PLACEMENT_3D('',#446,#447,#448);
#446 = CARTESIAN_POINT('',(109.50000711524,-129.4999852556,0.));
#447 = DIRECTION('',(0.,0.,1.));
#448 = DIRECTION('',(0.554700484231,0.832050102334,-0.));
#449 = ORIENTED_EDGE('',*,*,#450,.F.);
#450 = EDGE_CURVE('',#451,#442,#453,.T.);
#451 = VERTEX_POINT('',#452);
#452 = CARTESIAN_POINT('',(114.156928,-127.468614,0.));
#453 = CIRCLE('',#454,5.2590606445);
#454 = AXIS2_PLACEMENT_3D('',#455,#456,#457);
#455 = CARTESIAN_POINT('',(108.99999542348,-128.5000039669,0.));
#456 = DIRECTION('',(0.,0.,1.));
#457 = DIRECTION('',(0.980580549476,0.19611676621,-0.));
#458 = ORIENTED_EDGE('',*,*,#459,.F.);
#459 = EDGE_CURVE('',#460,#451,#462,.T.);
#460 = VERTEX_POINT('',#461);
#461 = CARTESIAN_POINT('',(114.540818,-129.493197,0.));
#462 = LINE('',#463,#464);
#463 = CARTESIAN_POINT('',(114.540818,-129.493197,0.));
#464 = VECTOR('',#465,1.);
#465 = DIRECTION('',(-0.186294940685,0.982493865159,0.));
#466 = ORIENTED_EDGE('',*,*,#467,.F.);
#467 = EDGE_CURVE('',#468,#460,#470,.T.);
#468 = VERTEX_POINT('',#469);
#469 = CARTESIAN_POINT('',(117.5,-132.,0.));
#470 = CIRCLE('',#471,2.999999711072);
#471 = AXIS2_PLACEMENT_3D('',#472,#473,#474);
#472 = CARTESIAN_POINT('',(117.49999952039,-129.0000002889,0.));
#473 = DIRECTION('',(0.,0.,-1.));
#474 = DIRECTION('',(1.598698903649E-07,-1.,0.));
#475 = ORIENTED_EDGE('',*,*,#476,.F.);
#476 = EDGE_CURVE('',#477,#468,#479,.T.);
#477 = VERTEX_POINT('',#478);
#478 = CARTESIAN_POINT('',(138.5,-132.,0.));
#479 = LINE('',#480,#481);
#480 = CARTESIAN_POINT('',(138.5,-132.,0.));
#481 = VECTOR('',#482,1.);
#482 = DIRECTION('',(-1.,0.,0.));
#483 = ORIENTED_EDGE('',*,*,#484,.F.);
#484 = EDGE_CURVE('',#485,#477,#487,.T.);
#485 = VERTEX_POINT('',#486);
#486 = CARTESIAN_POINT('',(165.5,-132.,0.));
#487 = LINE('',#488,#489);
#488 = CARTESIAN_POINT('',(165.5,-132.,0.));
#489 = VECTOR('',#490,1.);
#490 = DIRECTION('',(-1.,0.,0.));
#491 = ORIENTED_EDGE('',*,*,#492,.F.);
#492 = EDGE_CURVE('',#493,#485,#495,.T.);
#493 = VERTEX_POINT('',#494);
#494 = CARTESIAN_POINT('',(175.3125,-132.8634,0.));
#495 = LINE('',#496,#497);
#496 = CARTESIAN_POINT('',(175.3125,-132.8634,0.));
#497 = VECTOR('',#498,1.);
#498 = DIRECTION('',(-0.996151230874,8.765115645723E-02,0.));
#499 = ORIENTED_EDGE('',*,*,#500,.F.);
#500 = EDGE_CURVE('',#501,#493,#503,.T.);
#501 = VERTEX_POINT('',#502);
#502 = CARTESIAN_POINT('',(176.0906,-132.9794,0.));
#503 = LINE('',#504,#505);
#504 = CARTESIAN_POINT('',(176.0906,-132.9794,0.));
#505 = VECTOR('',#506,1.);
#506 = DIRECTION('',(-0.989069282615,0.147451531658,0.));
#507 = ORIENTED_EDGE('',*,*,#508,.F.);
#508 = EDGE_CURVE('',#509,#501,#511,.T.);
#509 = VERTEX_POINT('',#510);
#510 = CARTESIAN_POINT('',(176.9829,-133.2378,0.));
#511 = LINE('',#512,#513);
#512 = CARTESIAN_POINT('',(176.9829,-133.2378,0.));
#513 = VECTOR('',#514,1.);
#514 = DIRECTION('',(-0.960534750641,0.278160012962,0.));
#515 = ORIENTED_EDGE('',*,*,#516,.F.);
#516 = EDGE_CURVE('',#517,#509,#519,.T.);
#517 = VERTEX_POINT('',#518);
#518 = CARTESIAN_POINT('',(192.2085,-138.7782,0.));
#519 = LINE('',#520,#521);
#520 = CARTESIAN_POINT('',(192.2085,-138.7782,0.));
#521 = VECTOR('',#522,1.);
#522 = DIRECTION('',(-0.93971771511,0.341951189365,0.));
#523 = ORIENTED_EDGE('',*,*,#524,.F.);
#524 = EDGE_CURVE('',#525,#517,#527,.T.);
#525 = VERTEX_POINT('',#526);
#526 = CARTESIAN_POINT('',(192.654,-138.89,0.));
#527 = LINE('',#528,#529);
#528 = CARTESIAN_POINT('',(192.654,-138.89,0.));
#529 = VECTOR('',#530,1.);
#530 = DIRECTION('',(-0.96992439336,0.243406390971,0.));
#531 = ORIENTED_EDGE('',*,*,#532,.F.);
#532 = EDGE_CURVE('',#533,#525,#535,.T.);
#533 = VERTEX_POINT('',#534);
#534 = CARTESIAN_POINT('',(193.0919,-138.9356,0.));
#535 = LINE('',#536,#537);
#536 = CARTESIAN_POINT('',(193.0919,-138.9356,0.));
#537 = VECTOR('',#538,1.);
#538 = DIRECTION('',(-0.994621821707,0.103573315985,0.));
#539 = ORIENTED_EDGE('',*,*,#540,.F.);
#540 = EDGE_CURVE('',#541,#533,#543,.T.);
#541 = VERTEX_POINT('',#542);
#542 = CARTESIAN_POINT('',(193.5321,-138.9163,0.));
#543 = LINE('',#544,#545);
#544 = CARTESIAN_POINT('',(193.5321,-138.9163,0.));
#545 = VECTOR('',#546,1.);
#546 = DIRECTION('',(-0.999040248116,-4.380162832492E-02,0.));
#547 = ORIENTED_EDGE('',*,*,#548,.F.);
#548 = EDGE_CURVE('',#549,#541,#551,.T.);
#549 = VERTEX_POINT('',#550);
#550 = CARTESIAN_POINT('',(193.9644,-138.8328,0.));
#551 = LINE('',#552,#553);
#552 = CARTESIAN_POINT('',(193.9644,-138.8328,0.));
#553 = VECTOR('',#554,1.);
#554 = DIRECTION('',(-0.981852221649,-0.189647607004,0.));
#555 = ORIENTED_EDGE('',*,*,#556,.F.);
#556 = EDGE_CURVE('',#557,#549,#559,.T.);
#557 = VERTEX_POINT('',#558);
#558 = CARTESIAN_POINT('',(194.3801,-138.6866,0.));
#559 = LINE('',#560,#561);
#560 = CARTESIAN_POINT('',(194.3801,-138.6866,0.));
#561 = VECTOR('',#562,1.);
#562 = DIRECTION('',(-0.94335843306,-0.331775325748,0.));
#563 = ORIENTED_EDGE('',*,*,#564,.F.);
#564 = EDGE_CURVE('',#565,#557,#567,.T.);
#565 = VERTEX_POINT('',#566);
#566 = CARTESIAN_POINT('',(194.6432,-138.5559,0.));
#567 = LINE('',#568,#569);
#568 = CARTESIAN_POINT('',(194.6432,-138.5559,0.));
#569 = VECTOR('',#570,1.);
#570 = DIRECTION('',(-0.895581541863,-0.444897406011,0.));
#571 = ORIENTED_EDGE('',*,*,#572,.F.);
#572 = EDGE_CURVE('',#573,#565,#575,.T.);
#573 = VERTEX_POINT('',#574);
#574 = CARTESIAN_POINT('',(195.1248,-138.2206,0.));
#575 = LINE('',#576,#577);
#576 = CARTESIAN_POINT('',(195.1248,-138.2206,0.));
#577 = VECTOR('',#578,1.);
#578 = DIRECTION('',(-0.820686324253,-0.5713789961,0.));
#579 = ORIENTED_EDGE('',*,*,#580,.F.);
#580 = EDGE_CURVE('',#581,#573,#583,.T.);
#581 = VERTEX_POINT('',#582);
#582 = CARTESIAN_POINT('',(195.4378,-137.911,0.));
#583 = LINE('',#584,#585);
#584 = CARTESIAN_POINT('',(195.4378,-137.911,0.));
#585 = VECTOR('',#586,1.);
#586 = DIRECTION('',(-0.710957669114,-0.703234806255,0.));
#587 = ORIENTED_EDGE('',*,*,#588,.F.);
#588 = EDGE_CURVE('',#589,#581,#591,.T.);
#589 = VERTEX_POINT('',#590);
#590 = CARTESIAN_POINT('',(195.6198,-137.6803,0.));
#591 = LINE('',#592,#593);
#592 = CARTESIAN_POINT('',(195.6198,-137.6803,0.));
#593 = VECTOR('',#594,1.);
#594 = DIRECTION('',(-0.61936839989,-0.785100493706,0.));
#595 = ORIENTED_EDGE('',*,*,#596,.F.);
#596 = EDGE_CURVE('',#597,#589,#599,.T.);
#597 = VERTEX_POINT('',#598);
#598 = CARTESIAN_POINT('',(195.9651,-137.0541,0.));
#599 = LINE('',#600,#601);
#600 = CARTESIAN_POINT('',(195.9651,-137.0541,0.));
#601 = VECTOR('',#602,1.);
#602 = DIRECTION('',(-0.48287400464,-0.875689839865,0.));
#603 = ORIENTED_EDGE('',*,*,#604,.F.);
#604 = EDGE_CURVE('',#605,#597,#607,.T.);
#605 = VERTEX_POINT('',#606);
#606 = CARTESIAN_POINT('',(204.6908,-113.0936,0.));
#607 = LINE('',#608,#609);
#608 = CARTESIAN_POINT('',(204.6908,-113.0936,0.));
#609 = VECTOR('',#610,1.);
#610 = DIRECTION('',(-0.34218605012,-0.939632219064,0.));
#611 = ORIENTED_EDGE('',*,*,#612,.F.);
#612 = EDGE_CURVE('',#613,#605,#615,.T.);
#613 = VERTEX_POINT('',#614);
#614 = CARTESIAN_POINT('',(204.8723,-112.3637,0.));
#615 = LINE('',#616,#617);
#616 = CARTESIAN_POINT('',(204.8723,-112.3637,0.));
#617 = VECTOR('',#618,1.);
#618 = DIRECTION('',(-0.241315365276,-0.970446749946,0.));
#619 = ORIENTED_EDGE('',*,*,#620,.F.);
#620 = EDGE_CURVE('',#621,#613,#623,.T.);
#621 = VERTEX_POINT('',#622);
#622 = CARTESIAN_POINT('',(204.8963,-111.9238,0.));
#623 = LINE('',#624,#625);
#624 = CARTESIAN_POINT('',(204.8963,-111.9238,0.));
#625 = VECTOR('',#626,1.);
#626 = DIRECTION('',(-5.447683752809E-02,-0.998515034525,0.));
#627 = ORIENTED_EDGE('',*,*,#628,.F.);
#628 = EDGE_CURVE('',#629,#621,#631,.T.);
#629 = VERTEX_POINT('',#630);
#630 = CARTESIAN_POINT('',(204.8555,-111.4854,0.));
#631 = LINE('',#632,#633);
#632 = CARTESIAN_POINT('',(204.8555,-111.4854,0.));
#633 = VECTOR('',#634,1.);
#634 = DIRECTION('',(9.266526135907E-02,-0.995697318133,0.));
#635 = ORIENTED_EDGE('',*,*,#636,.F.);
#636 = EDGE_CURVE('',#637,#629,#639,.T.);
#637 = VERTEX_POINT('',#638);
#638 = CARTESIAN_POINT('',(204.7508,-111.0574,0.));
#639 = LINE('',#640,#641);
#640 = CARTESIAN_POINT('',(204.7508,-111.0574,0.));
#641 = VECTOR('',#642,1.);
#642 = DIRECTION('',(0.237619653047,-0.971358276068,0.));
#643 = ORIENTED_EDGE('',*,*,#644,.F.);
#644 = EDGE_CURVE('',#645,#637,#647,.T.);
#645 = VERTEX_POINT('',#646);
#646 = CARTESIAN_POINT('',(204.5845,-110.6497,0.));
#647 = LINE('',#648,#649);
#648 = CARTESIAN_POINT('',(204.5845,-110.6497,0.));
#649 = VECTOR('',#650,1.);
#650 = DIRECTION('',(0.377686416945,-0.925933566977,0.));
#651 = ORIENTED_EDGE('',*,*,#652,.F.);
#652 = EDGE_CURVE('',#653,#645,#655,.T.);
#653 = VERTEX_POINT('',#654);
#654 = CARTESIAN_POINT('',(204.36,-110.2705,0.));
#655 = LINE('',#656,#657);
#656 = CARTESIAN_POINT('',(204.36,-110.2705,0.));
#657 = VECTOR('',#658,1.);
#658 = DIRECTION('',(0.509447790281,-0.86050156826,0.));
#659 = ORIENTED_EDGE('',*,*,#660,.F.);
#660 = EDGE_CURVE('',#661,#653,#663,.T.);
#661 = VERTEX_POINT('',#662);
#662 = CARTESIAN_POINT('',(204.0826,-109.9287,0.));
#663 = LINE('',#664,#665);
#664 = CARTESIAN_POINT('',(204.0826,-109.9287,0.));
#665 = VECTOR('',#666,1.);
#666 = DIRECTION('',(0.630164918428,-0.776461316218,0.));
#667 = ORIENTED_EDGE('',*,*,#668,.F.);
#668 = EDGE_CURVE('',#669,#661,#671,.T.);
#669 = VERTEX_POINT('',#670);
#670 = CARTESIAN_POINT('',(203.980105,-109.772094,0.));
#671 = LINE('',#672,#673);
#672 = CARTESIAN_POINT('',(203.980105,-109.772094,0.));
#673 = VECTOR('',#674,1.);
#674 = DIRECTION('',(0.547618981868,-0.836727823547,0.));
#675 = ORIENTED_EDGE('',*,*,#676,.F.);
#676 = EDGE_CURVE('',#677,#669,#679,.T.);
#677 = VERTEX_POINT('',#678);
#678 = CARTESIAN_POINT('',(203.876016,-109.540249,0.));
#679 = LINE('',#680,#681);
#680 = CARTESIAN_POINT('',(203.876016,-109.540249,0.));
#681 = VECTOR('',#682,1.);
#682 = DIRECTION('',(0.409575098442,-0.91227640479,0.));
#683 = ORIENTED_EDGE('',*,*,#684,.F.);
#684 = EDGE_CURVE('',#685,#677,#687,.T.);
#685 = VERTEX_POINT('',#686);
#686 = CARTESIAN_POINT('',(203.77303,-109.215231,0.));
#687 = LINE('',#688,#689);
#688 = CARTESIAN_POINT('',(203.77303,-109.215231,0.));
#689 = VECTOR('',#690,1.);
#690 = DIRECTION('',(0.302061328591,-0.953288494513,0.));
#691 = ORIENTED_EDGE('',*,*,#692,.F.);
#692 = EDGE_CURVE('',#693,#685,#695,.T.);
#693 = VERTEX_POINT('',#694);
#694 = CARTESIAN_POINT('',(203.675763,-108.782035,0.));
#695 = LINE('',#696,#697);
#696 = CARTESIAN_POINT('',(203.675763,-108.782035,0.));
#697 = VECTOR('',#698,1.);
#698 = DIRECTION('',(0.219078908453,-0.975707144522,0.));
#699 = ORIENTED_EDGE('',*,*,#700,.F.);
#700 = EDGE_CURVE('',#701,#693,#703,.T.);
#701 = VERTEX_POINT('',#702);
#702 = CARTESIAN_POINT('',(203.590931,-108.237347,0.));
#703 = LINE('',#704,#705);
#704 = CARTESIAN_POINT('',(203.590931,-108.237347,0.));
#705 = VECTOR('',#706,1.);
#706 = DIRECTION('',(0.153889002869,-0.988088141208,0.));
#707 = ORIENTED_EDGE('',*,*,#708,.F.);
#708 = EDGE_CURVE('',#709,#701,#711,.T.);
#709 = VERTEX_POINT('',#710);
#710 = CARTESIAN_POINT('',(203.528048,-107.612869,0.));
#711 = LINE('',#712,#713);
#712 = CARTESIAN_POINT('',(203.528048,-107.612869,0.));
#713 = VECTOR('',#714,1.);
#714 = DIRECTION('',(0.100190225487,-0.994968300358,0.));
#715 = ORIENTED_EDGE('',*,*,#716,.F.);
#716 = EDGE_CURVE('',#717,#709,#719,.T.);
#717 = VERTEX_POINT('',#718);
#718 = CARTESIAN_POINT('',(203.500298,-107.045672,0.));
#719 = LINE('',#720,#721);
#720 = CARTESIAN_POINT('',(203.500298,-107.045672,0.));
#721 = VECTOR('',#722,1.);
#722 = DIRECTION('',(4.886635120269E-02,-0.998805326237,0.));
#723 = ORIENTED_EDGE('',*,*,#724,.F.);
#724 = EDGE_CURVE('',#725,#717,#727,.T.);
#725 = VERTEX_POINT('',#726);
#726 = CARTESIAN_POINT('',(203.5,-107.,0.));
#727 = LINE('',#728,#729);
#728 = CARTESIAN_POINT('',(203.5,-107.,0.));
#729 = VECTOR('',#730,1.);
#730 = DIRECTION('',(6.524646541387E-03,-0.999978714267,0.));
#731 = ORIENTED_EDGE('',*,*,#732,.F.);
#732 = EDGE_CURVE('',#733,#725,#735,.T.);
#733 = VERTEX_POINT('',#734);
#734 = CARTESIAN_POINT('',(203.5,-59.,0.));
#735 = LINE('',#736,#737);
#736 = CARTESIAN_POINT('',(203.5,-59.,0.));
#737 = VECTOR('',#738,1.);
#738 = DIRECTION('',(0.,-1.,0.));
#739 = ORIENTED_EDGE('',*,*,#740,.F.);
#740 = EDGE_CURVE('',#741,#733,#743,.T.);
#741 = VERTEX_POINT('',#742);
#742 = CARTESIAN_POINT('',(203.480444,-58.706815,0.));
#743 = LINE('',#744,#745);
#744 = CARTESIAN_POINT('',(203.480444,-58.706815,0.));
#745 = VECTOR('',#746,1.);
#746 = DIRECTION('',(6.655402182775E-02,-0.997782823153,0.));
#747 = ORIENTED_EDGE('',*,*,#748,.F.);
#748 = EDGE_CURVE('',#749,#741,#751,.T.);
#749 = VERTEX_POINT('',#750);
#750 = CARTESIAN_POINT('',(203.422505,-58.424045,0.));
#751 = LINE('',#752,#753);
#752 = CARTESIAN_POINT('',(203.422505,-58.424045,0.));
#753 = VECTOR('',#754,1.);
#754 = DIRECTION('',(0.200727700396,-0.979647074356,0.));
#755 = ORIENTED_EDGE('',*,*,#756,.F.);
#756 = EDGE_CURVE('',#757,#749,#759,.T.);
#757 = VERTEX_POINT('',#758);
#758 = CARTESIAN_POINT('',(203.326772,-58.151714,0.));
#759 = LINE('',#760,#761);
#760 = CARTESIAN_POINT('',(203.326772,-58.151714,0.));
#761 = VECTOR('',#762,1.);
#762 = DIRECTION('',(0.331637500715,-0.94340689425,0.));
#763 = ORIENTED_EDGE('',*,*,#764,.F.);
#764 = EDGE_CURVE('',#765,#757,#767,.T.);
#765 = VERTEX_POINT('',#766);
#766 = CARTESIAN_POINT('',(203.193322,-57.890414,0.));
#767 = LINE('',#768,#769);
#768 = CARTESIAN_POINT('',(203.193322,-57.890414,0.));
#769 = VECTOR('',#770,1.);
#770 = DIRECTION('',(0.454831797934,-0.89057736081,0.));
#771 = ORIENTED_EDGE('',*,*,#772,.F.);
#772 = EDGE_CURVE('',#773,#765,#775,.T.);
#773 = VERTEX_POINT('',#774);
#774 = CARTESIAN_POINT('',(203.022006,-57.641496,0.));
#775 = LINE('',#776,#777);
#776 = CARTESIAN_POINT('',(203.022006,-57.641496,0.));
#777 = VECTOR('',#778,1.);
#778 = DIRECTION('',(0.566944201299,-0.823756197314,0.));
#779 = ORIENTED_EDGE('',*,*,#780,.F.);
#780 = EDGE_CURVE('',#781,#773,#783,.T.);
#781 = VERTEX_POINT('',#782);
#782 = CARTESIAN_POINT('',(202.812853,-57.407192,0.));
#783 = LINE('',#784,#785);
#784 = CARTESIAN_POINT('',(202.812853,-57.407192,0.));
#785 = VECTOR('',#786,1.);
#786 = DIRECTION('',(0.665932498903,-0.74601200185,0.));
#787 = ORIENTED_EDGE('',*,*,#788,.F.);
#788 = EDGE_CURVE('',#789,#781,#791,.T.);
#789 = VERTEX_POINT('',#790);
#790 = CARTESIAN_POINT('',(202.566553,-57.190658,0.));
#791 = LINE('',#792,#793);
#792 = CARTESIAN_POINT('',(202.566553,-57.190658,0.));
#793 = VECTOR('',#794,1.);
#794 = DIRECTION('',(0.751031003417,-0.660266939886,0.));
#795 = ORIENTED_EDGE('',*,*,#796,.F.);
#796 = EDGE_CURVE('',#797,#789,#799,.T.);
#797 = VERTEX_POINT('',#798);
#798 = CARTESIAN_POINT('',(202.284964,-56.995875,0.));
#799 = LINE('',#800,#801);
#800 = CARTESIAN_POINT('',(202.284964,-56.995875,0.));
#801 = VECTOR('',#802,1.);
#802 = DIRECTION('',(0.822415240697,-0.568887661907,0.));
#803 = ORIENTED_EDGE('',*,*,#804,.F.);
#804 = EDGE_CURVE('',#805,#797,#807,.T.);
#805 = VERTEX_POINT('',#806);
#806 = CARTESIAN_POINT('',(201.971556,-56.827388,0.));
#807 = LINE('',#808,#809);
#808 = CARTESIAN_POINT('',(201.971556,-56.827388,0.));
#809 = VECTOR('',#810,1.);
#810 = DIRECTION('',(0.880789000861,-0.473508960805,0.));
#811 = ORIENTED_EDGE('',*,*,#812,.F.);
#812 = EDGE_CURVE('',#813,#805,#815,.T.);
#813 = VERTEX_POINT('',#814);
#814 = CARTESIAN_POINT('',(201.631639,-56.689866,0.));
#815 = LINE('',#816,#817);
#816 = CARTESIAN_POINT('',(201.631639,-56.689866,0.));
#817 = VECTOR('',#818,1.);
#818 = DIRECTION('',(0.927006983394,-0.375044067729,0.));
#819 = ORIENTED_EDGE('',*,*,#820,.F.);
#820 = EDGE_CURVE('',#821,#813,#823,.T.);
#821 = VERTEX_POINT('',#822);
#822 = CARTESIAN_POINT('',(201.272256,-56.587545,0.));
#823 = LINE('',#824,#825);
#824 = CARTESIAN_POINT('',(201.272256,-56.587545,0.));
#825 = VECTOR('',#826,1.);
#826 = DIRECTION('',(0.961777925132,-0.273830646072,0.));
#827 = ORIENTED_EDGE('',*,*,#828,.F.);
#828 = EDGE_CURVE('',#829,#821,#831,.T.);
#829 = VERTEX_POINT('',#830);
#830 = CARTESIAN_POINT('',(201.088009,-56.550683,0.));
#831 = LINE('',#832,#833);
#832 = CARTESIAN_POINT('',(201.088009,-56.550683,0.));
#833 = VECTOR('',#834,1.);
#834 = DIRECTION('',(0.980567777887,-0.196180613136,0.));
#835 = ORIENTED_EDGE('',*,*,#836,.F.);
#836 = EDGE_CURVE('',#837,#829,#839,.T.);
#837 = VERTEX_POINT('',#838);
#838 = CARTESIAN_POINT('',(200.901682,-56.523673,0.));
#839 = LINE('',#840,#841);
#840 = CARTESIAN_POINT('',(200.901682,-56.523673,0.));
#841 = VECTOR('',#842,1.);
#842 = DIRECTION('',(0.989656009345,-0.143460737372,0.));
#843 = ORIENTED_EDGE('',*,*,#844,.F.);
#844 = EDGE_CURVE('',#845,#837,#847,.T.);
#845 = VERTEX_POINT('',#846);
#846 = CARTESIAN_POINT('',(200.71552,-56.506837,0.));
#847 = LINE('',#848,#849);
#848 = CARTESIAN_POINT('',(200.71552,-56.506837,0.));
#849 = VECTOR('',#850,1.);
#850 = DIRECTION('',(0.995935457606,-9.006977452041E-02,0.));
#851 = ORIENTED_EDGE('',*,*,#852,.F.);
#852 = EDGE_CURVE('',#853,#845,#855,.T.);
#853 = VERTEX_POINT('',#854);
#854 = CARTESIAN_POINT('',(200.528612,-56.500121,0.));
#855 = LINE('',#856,#857);
#856 = CARTESIAN_POINT('',(200.528612,-56.500121,0.));
#857 = VECTOR('',#858,1.);
#858 = DIRECTION('',(0.999355065955,-3.590894249015E-02,0.));
#859 = ORIENTED_EDGE('',*,*,#860,.F.);
#860 = EDGE_CURVE('',#861,#853,#863,.T.);
#861 = VERTEX_POINT('',#862);
#862 = CARTESIAN_POINT('',(200.5,-56.5,0.));
#863 = LINE('',#864,#865);
#864 = CARTESIAN_POINT('',(200.5,-56.5,0.));
#865 = VECTOR('',#866,1.);
#866 = DIRECTION('',(0.999991057921,-4.228957011341E-03,0.));
#867 = ORIENTED_EDGE('',*,*,#868,.F.);
#868 = EDGE_CURVE('',#869,#861,#871,.T.);
#869 = VERTEX_POINT('',#870);
#870 = CARTESIAN_POINT('',(197.,-56.5,0.));
#871 = LINE('',#872,#873);
#872 = CARTESIAN_POINT('',(197.,-56.5,0.));
#873 = VECTOR('',#874,1.);
#874 = DIRECTION('',(1.,0.,0.));
#875 = ORIENTED_EDGE('',*,*,#876,.F.);
#876 = EDGE_CURVE('',#877,#869,#879,.T.);
#877 = VERTEX_POINT('',#878);
#878 = CARTESIAN_POINT('',(177.,-56.5,0.));
#879 = LINE('',#880,#881);
#880 = CARTESIAN_POINT('',(177.,-56.5,0.));
#881 = VECTOR('',#882,1.);
#882 = DIRECTION('',(1.,0.,0.));
#883 = ORIENTED_EDGE('',*,*,#884,.F.);
#884 = EDGE_CURVE('',#885,#877,#887,.T.);
#885 = VERTEX_POINT('',#886);
#886 = CARTESIAN_POINT('',(172.5,-56.5,0.));
#887 = LINE('',#888,#889);
#888 = CARTESIAN_POINT('',(172.5,-56.5,0.));
#889 = VECTOR('',#890,1.);
#890 = DIRECTION('',(1.,0.,0.));
#891 = ORIENTED_EDGE('',*,*,#892,.F.);
#892 = EDGE_CURVE('',#893,#885,#895,.T.);
#893 = VERTEX_POINT('',#894);
#894 = CARTESIAN_POINT('',(171.784668,-56.496094,0.));
#895 = LINE('',#896,#897);
#896 = CARTESIAN_POINT('',(171.784668,-56.496094,0.));
#897 = VECTOR('',#898,1.);
#898 = DIRECTION('',(0.999985092341,-5.460320201924E-03,0.));
#899 = ORIENTED_EDGE('',*,*,#900,.F.);
#900 = EDGE_CURVE('',#901,#893,#903,.T.);
#901 = VERTEX_POINT('',#902);
#902 = CARTESIAN_POINT('',(171.452454,-56.486816,0.));
#903 = LINE('',#904,#905);
#904 = CARTESIAN_POINT('',(171.452454,-56.486816,0.));
#905 = VECTOR('',#906,1.);
#906 = DIRECTION('',(0.99961024749,-2.79168965673E-02,0.));
#907 = ORIENTED_EDGE('',*,*,#908,.F.);
#908 = EDGE_CURVE('',#909,#901,#911,.T.);
#909 = VERTEX_POINT('',#910);
#910 = CARTESIAN_POINT('',(171.136719,-56.46875,0.));
#911 = LINE('',#912,#913);
#912 = CARTESIAN_POINT('',(171.136719,-56.46875,0.));
#913 = VECTOR('',#914,1.);
#914 = DIRECTION('',(0.998367009159,-5.712543236406E-02,0.));
#915 = ORIENTED_EDGE('',*,*,#916,.F.);
#916 = EDGE_CURVE('',#917,#909,#919,.T.);
#917 = VERTEX_POINT('',#918);
#918 = CARTESIAN_POINT('',(170.837097,-56.438965,0.));
#919 = LINE('',#920,#921);
#920 = CARTESIAN_POINT('',(170.837097,-56.438965,0.));
#921 = VECTOR('',#922,1.);
#922 = DIRECTION('',(0.995095288033,-9.892101766241E-02,0.));
#923 = ORIENTED_EDGE('',*,*,#924,.F.);
#924 = EDGE_CURVE('',#925,#917,#927,.T.);
#925 = VERTEX_POINT('',#926);
#926 = CARTESIAN_POINT('',(170.553223,-56.394531,0.));
#927 = LINE('',#928,#929);
#928 = CARTESIAN_POINT('',(170.553223,-56.394531,0.));
#929 = VECTOR('',#930,1.);
#930 = DIRECTION('',(0.987970227199,-0.154644205089,0.));
#931 = ORIENTED_EDGE('',*,*,#932,.F.);
#932 = EDGE_CURVE('',#933,#925,#935,.T.);
#933 = VERTEX_POINT('',#934);
#934 = CARTESIAN_POINT('',(170.284729,-56.33252,0.));
#935 = LINE('',#936,#937);
#936 = CARTESIAN_POINT('',(170.284729,-56.33252,0.));
#937 = VECTOR('',#938,1.);
#938 = DIRECTION('',(0.974350751835,-0.225034691546,0.));
#939 = ORIENTED_EDGE('',*,*,#940,.F.);
#940 = EDGE_CURVE('',#941,#933,#943,.T.);
#941 = VERTEX_POINT('',#942);
#942 = CARTESIAN_POINT('',(170.03125,-56.25,0.));
#943 = LINE('',#944,#945);
#944 = CARTESIAN_POINT('',(170.03125,-56.25,0.));
#945 = VECTOR('',#946,1.);
#946 = DIRECTION('',(0.950880316857,-0.309558755349,0.));
#947 = ORIENTED_EDGE('',*,*,#948,.F.);
#948 = EDGE_CURVE('',#949,#941,#951,.T.);
#949 = VERTEX_POINT('',#950);
#950 = CARTESIAN_POINT('',(169.792419,-56.144043,0.));
#951 = LINE('',#952,#953);
#952 = CARTESIAN_POINT('',(169.792419,-56.144043,0.));
#953 = VECTOR('',#954,1.);
#954 = DIRECTION('',(0.914081389321,-0.40553078021,0.));
#955 = ORIENTED_EDGE('',*,*,#956,.F.);
#956 = EDGE_CURVE('',#957,#949,#959,.T.);
#957 = VERTEX_POINT('',#958);
#958 = CARTESIAN_POINT('',(169.567871,-56.011719,0.));
#959 = LINE('',#960,#961);
#960 = CARTESIAN_POINT('',(169.567871,-56.011719,0.));
#961 = VECTOR('',#962,1.);
#962 = DIRECTION('',(0.861536663478,-0.507695358935,0.));
#963 = ORIENTED_EDGE('',*,*,#964,.F.);
#964 = EDGE_CURVE('',#965,#957,#967,.T.);
#965 = VERTEX_POINT('',#966);
#966 = CARTESIAN_POINT('',(169.357239,-55.850098,0.));
#967 = LINE('',#968,#969);
#968 = CARTESIAN_POINT('',(169.357239,-55.850098,0.));
#969 = VECTOR('',#970,1.);
#970 = DIRECTION('',(0.793358102934,-0.608755222161,0.));
#971 = ORIENTED_EDGE('',*,*,#972,.F.);
#972 = EDGE_CURVE('',#973,#965,#975,.T.);
#973 = VERTEX_POINT('',#974);
#974 = CARTESIAN_POINT('',(169.160156,-55.65625,0.));
#975 = LINE('',#976,#977);
#976 = CARTESIAN_POINT('',(169.160156,-55.65625,0.));
#977 = VECTOR('',#978,1.);
#978 = DIRECTION('',(0.712933763391,-0.701231380514,0.));
#979 = ORIENTED_EDGE('',*,*,#980,.F.);
#980 = EDGE_CURVE('',#981,#973,#983,.T.);
#981 = VERTEX_POINT('',#982);
#982 = CARTESIAN_POINT('',(168.976257,-55.427246,0.));
#983 = LINE('',#984,#985);
#984 = CARTESIAN_POINT('',(168.976257,-55.427246,0.));
#985 = VECTOR('',#986,1.);
#986 = DIRECTION('',(0.626138525495,-0.779711835803,0.));
#987 = ORIENTED_EDGE('',*,*,#988,.F.);
#988 = EDGE_CURVE('',#989,#981,#991,.T.);
#989 = VERTEX_POINT('',#990);
#990 = CARTESIAN_POINT('',(168.805176,-55.160156,0.));
#991 = LINE('',#992,#993);
#992 = CARTESIAN_POINT('',(168.805176,-55.160156,0.));
#993 = VECTOR('',#994,1.);
#994 = DIRECTION('',(0.539374388978,-0.842066071347,0.));
#995 = ORIENTED_EDGE('',*,*,#996,.F.);
#996 = EDGE_CURVE('',#997,#989,#999,.T.);
#997 = VERTEX_POINT('',#998);
#998 = CARTESIAN_POINT('',(168.646545,-54.852051,0.));
#999 = LINE('',#1000,#1001);
#1000 = CARTESIAN_POINT('',(168.646545,-54.852051,0.));
#1001 = VECTOR('',#1002,1.);
#1002 = DIRECTION('',(0.457751889781,-0.889079978068,0.));
#1003 = ORIENTED_EDGE('',*,*,#1004,.F.);
#1004 = EDGE_CURVE('',#1005,#997,#1007,.T.);
#1005 = VERTEX_POINT('',#1006);
#1006 = CARTESIAN_POINT('',(168.5,-54.5,0.));
#1007 = LINE('',#1008,#1009);
#1008 = CARTESIAN_POINT('',(168.5,-54.5,0.));
#1009 = VECTOR('',#1010,1.);
#1010 = DIRECTION('',(0.384296021432,-0.923209926242,0.));
#1011 = ORIENTED_EDGE('',*,*,#1012,.F.);
#1012 = EDGE_CURVE('',#1013,#1005,#1015,.T.);
#1013 = VERTEX_POINT('',#1014);
#1014 = CARTESIAN_POINT('',(167.,-51.5,0.));
#1015 = LINE('',#1016,#1017);
#1016 = CARTESIAN_POINT('',(167.,-51.5,0.));
#1017 = VECTOR('',#1018,1.);
#1018 = DIRECTION('',(0.4472135955,-0.894427191,0.));
#1019 = ORIENTED_EDGE('',*,*,#1020,.F.);
#1020 = EDGE_CURVE('',#1021,#1013,#1023,.T.);
#1021 = VERTEX_POINT('',#1022);
#1022 = CARTESIAN_POINT('',(166.919703,-51.300293,0.));
#1023 = LINE('',#1024,#1025);
#1024 = CARTESIAN_POINT('',(166.919703,-51.300293,0.));
#1025 = VECTOR('',#1026,1.);
#1026 = DIRECTION('',(0.373048977582,-0.92781165132,0.));
#1027 = ORIENTED_EDGE('',*,*,#1028,.F.);
#1028 = EDGE_CURVE('',#1029,#1021,#1031,.T.);
#1029 = VERTEX_POINT('',#1030);
#1030 = CARTESIAN_POINT('',(166.827871,-51.099372,0.));
#1031 = LINE('',#1032,#1033);
#1032 = CARTESIAN_POINT('',(166.827871,-51.099372,0.));
#1033 = VECTOR('',#1034,1.);
#1034 = DIRECTION('',(0.41569386102,-0.90950459807,0.));
#1035 = ORIENTED_EDGE('',*,*,#1036,.F.);
#1036 = EDGE_CURVE('',#1037,#1029,#1039,.T.);
#1037 = VERTEX_POINT('',#1038);
#1038 = CARTESIAN_POINT('',(166.726618,-50.902353,0.));
#1039 = LINE('',#1040,#1041);
#1040 = CARTESIAN_POINT('',(166.726618,-50.902353,0.));
#1041 = VECTOR('',#1042,1.);
#1042 = DIRECTION('',(0.457094311617,-0.889418231366,0.));
#1043 = ORIENTED_EDGE('',*,*,#1044,.F.);
#1044 = EDGE_CURVE('',#1045,#1037,#1047,.T.);
#1045 = VERTEX_POINT('',#1046);
#1046 = CARTESIAN_POINT('',(166.614596,-50.707164,0.));
#1047 = LINE('',#1048,#1049);
#1048 = CARTESIAN_POINT('',(166.614596,-50.707164,0.));
#1049 = VECTOR('',#1050,1.);
#1050 = DIRECTION('',(0.497764097366,-0.867312460059,0.));
#1051 = ORIENTED_EDGE('',*,*,#1052,.F.);
#1052 = EDGE_CURVE('',#1053,#1045,#1055,.T.);
#1053 = VERTEX_POINT('',#1054);
#1054 = CARTESIAN_POINT('',(166.496683,-50.522285,0.));
#1055 = LINE('',#1056,#1057);
#1056 = CARTESIAN_POINT('',(166.496683,-50.522285,0.));
#1057 = VECTOR('',#1058,1.);
#1058 = DIRECTION('',(0.53772800885,-0.843118371581,0.));
#1059 = ORIENTED_EDGE('',*,*,#1060,.F.);
#1060 = EDGE_CURVE('',#1061,#1053,#1063,.T.);
#1061 = VERTEX_POINT('',#1062);
#1062 = CARTESIAN_POINT('',(166.369104,-50.341814,0.));
#1063 = LINE('',#1064,#1065);
#1064 = CARTESIAN_POINT('',(166.369104,-50.341814,0.));
#1065 = VECTOR('',#1066,1.);
#1066 = DIRECTION('',(0.577249914475,-0.816567533177,0.));
#1067 = ORIENTED_EDGE('',*,*,#1068,.F.);
#1068 = EDGE_CURVE('',#1069,#1061,#1071,.T.);
#1069 = VERTEX_POINT('',#1070);
#1070 = CARTESIAN_POINT('',(166.238927,-50.175458,0.));
#1071 = LINE('',#1072,#1073);
#1072 = CARTESIAN_POINT('',(166.238927,-50.175458,0.));
#1073 = VECTOR('',#1074,1.);
#1074 = DIRECTION('',(0.61626524354,-0.787538665466,0.));
#1075 = ORIENTED_EDGE('',*,*,#1076,.F.);
#1076 = EDGE_CURVE('',#1077,#1069,#1079,.T.);
#1077 = VERTEX_POINT('',#1078);
#1078 = CARTESIAN_POINT('',(166.100286,-50.015437,0.));
#1079 = LINE('',#1080,#1081);
#1080 = CARTESIAN_POINT('',(166.100286,-50.015437,0.));
#1081 = VECTOR('',#1082,1.);
#1082 = DIRECTION('',(0.654812213698,-0.755791614661,0.));
#1083 = ORIENTED_EDGE('',*,*,#1084,.F.);
#1084 = EDGE_CURVE('',#1085,#1077,#1087,.T.);
#1085 = VERTEX_POINT('',#1086);
#1086 = CARTESIAN_POINT('',(165.961585,-49.871043,0.));
#1087 = LINE('',#1088,#1089);
#1088 = CARTESIAN_POINT('',(165.961585,-49.871043,0.));
#1089 = VECTOR('',#1090,1.);
#1090 = DIRECTION('',(0.692746903386,-0.721180787215,0.));
#1091 = ORIENTED_EDGE('',*,*,#1092,.F.);
#1092 = EDGE_CURVE('',#1093,#1085,#1095,.T.);
#1093 = VERTEX_POINT('',#1094);
#1094 = CARTESIAN_POINT('',(165.81556,-49.734298,0.));
#1095 = LINE('',#1096,#1097);
#1096 = CARTESIAN_POINT('',(165.81556,-49.734298,0.));
#1097 = VECTOR('',#1098,1.);
#1098 = DIRECTION('',(0.729919778601,-0.683532820577,0.));
#1099 = ORIENTED_EDGE('',*,*,#1100,.F.);
#1100 = EDGE_CURVE('',#1101,#1093,#1103,.T.);
#1101 = VERTEX_POINT('',#1102);
#1102 = CARTESIAN_POINT('',(165.67114,-49.613134,0.));
#1103 = LINE('',#1104,#1105);
#1104 = CARTESIAN_POINT('',(165.67114,-49.613134,0.));
#1105 = VECTOR('',#1106,1.);
#1106 = DIRECTION('',(0.766093465131,-0.642729183002,0.));
#1107 = ORIENTED_EDGE('',*,*,#1108,.F.);
#1108 = EDGE_CURVE('',#1109,#1101,#1111,.T.);
#1109 = VERTEX_POINT('',#1110);
#1110 = CARTESIAN_POINT('',(165.520397,-49.500454,0.));
#1111 = LINE('',#1112,#1113);
#1112 = CARTESIAN_POINT('',(165.520397,-49.500454,0.));
#1113 = VECTOR('',#1114,1.);
#1114 = DIRECTION('',(0.800961125798,-0.598716356016,0.));
#1115 = ORIENTED_EDGE('',*,*,#1116,.F.);
#1116 = EDGE_CURVE('',#1117,#1109,#1119,.T.);
#1117 = VERTEX_POINT('',#1118);
#1118 = CARTESIAN_POINT('',(165.37214,-49.402449,0.));
#1119 = LINE('',#1120,#1121);
#1120 = CARTESIAN_POINT('',(165.37214,-49.402449,0.));
#1121 = VECTOR('',#1122,1.);
#1122 = DIRECTION('',(0.83420724148,-0.551451066063,0.));
#1123 = ORIENTED_EDGE('',*,*,#1124,.F.);
#1124 = EDGE_CURVE('',#1125,#1117,#1127,.T.);
#1125 = VERTEX_POINT('',#1126);
#1126 = CARTESIAN_POINT('',(165.218399,-49.313443,0.));
#1127 = LINE('',#1128,#1129);
#1128 = CARTESIAN_POINT('',(165.218399,-49.313443,0.));
#1129 = VECTOR('',#1130,1.);
#1130 = DIRECTION('',(0.865431038686,-0.50102806037,0.));
#1131 = ORIENTED_EDGE('',*,*,#1132,.F.);
#1132 = EDGE_CURVE('',#1133,#1125,#1135,.T.);
#1133 = VERTEX_POINT('',#1134);
#1134 = CARTESIAN_POINT('',(165.06739,-49.237868,0.));
#1135 = LINE('',#1136,#1137);
#1136 = CARTESIAN_POINT('',(165.06739,-49.237868,0.));
#1137 = VECTOR('',#1138,1.);
#1138 = DIRECTION('',(0.894260131072,-0.447547559455,0.));
#1139 = ORIENTED_EDGE('',*,*,#1140,.F.);
#1140 = EDGE_CURVE('',#1141,#1133,#1143,.T.);
#1141 = VERTEX_POINT('',#1142);
#1142 = CARTESIAN_POINT('',(164.911581,-49.171617,0.));
#1143 = LINE('',#1144,#1145);
#1144 = CARTESIAN_POINT('',(164.911581,-49.171617,0.));
#1145 = VECTOR('',#1146,1.);
#1146 = DIRECTION('',(0.920262495154,-0.391301597253,0.));
#1147 = ORIENTED_EDGE('',*,*,#1148,.F.);
#1148 = EDGE_CURVE('',#1149,#1141,#1151,.T.);
#1149 = VERTEX_POINT('',#1150);
#1150 = CARTESIAN_POINT('',(164.758268,-49.117559,0.));
#1151 = LINE('',#1152,#1153);
#1152 = CARTESIAN_POINT('',(164.758268,-49.117559,0.));
#1153 = VECTOR('',#1154,1.);
#1154 = DIRECTION('',(0.943091589481,-0.33253308685,0.));
#1155 = ORIENTED_EDGE('',*,*,#1156,.F.);
#1156 = EDGE_CURVE('',#120,#1149,#1157,.T.);
#1157 = LINE('',#1158,#1159);
#1158 = CARTESIAN_POINT('',(164.600697,-49.073064,0.));
#1159 = VECTOR('',#1160,1.);
#1160 = DIRECTION('',(0.962366818989,-0.271753759327,0.));
#1161 = ORIENTED_EDGE('',*,*,#127,.F.);
#1162 = FACE_BOUND('',#1163,.F.);
#1163 = EDGE_LOOP('',(#1164));
#1164 = ORIENTED_EDGE('',*,*,#1165,.T.);
#1165 = EDGE_CURVE('',#1166,#1166,#1168,.T.);
#1166 = VERTEX_POINT('',#1167);
#1167 = CARTESIAN_POINT('',(77.274602,-120.685363,0.));
#1168 = CIRCLE('',#1169,0.5);
#1169 = AXIS2_PLACEMENT_3D('',#1170,#1171,#1172);
#1170 = CARTESIAN_POINT('',(77.274602,-120.185363,0.));
#1171 = DIRECTION('',(-0.,0.,-1.));
#1172 = DIRECTION('',(-0.,-1.,0.));
#1173 = FACE_BOUND('',#1174,.F.);
#1174 = EDGE_LOOP('',(#1175));
#1175 = ORIENTED_EDGE('',*,*,#1176,.T.);
#1176 = EDGE_CURVE('',#1177,#1177,#1179,.T.);
#1177 = VERTEX_POINT('',#1178);
#1178 = CARTESIAN_POINT('',(80.51833,-120.07036,0.));
#1179 = CIRCLE('',#1180,0.5);
#1180 = AXIS2_PLACEMENT_3D('',#1181,#1182,#1183);
#1181 = CARTESIAN_POINT('',(80.51833,-119.57036,0.));
#1182 = DIRECTION('',(-0.,0.,-1.));
#1183 = DIRECTION('',(-0.,-1.,0.));
#1184 = FACE_BOUND('',#1185,.F.);
#1185 = EDGE_LOOP('',(#1186));
#1186 = ORIENTED_EDGE('',*,*,#1187,.T.);
#1187 = EDGE_CURVE('',#1188,#1188,#1190,.T.);
#1188 = VERTEX_POINT('',#1189);
#1189 = CARTESIAN_POINT('',(76.414213,-115.353077,0.));
#1190 = CIRCLE('',#1191,0.6);
#1191 = AXIS2_PLACEMENT_3D('',#1192,#1193,#1194);
#1192 = CARTESIAN_POINT('',(76.414213,-114.753077,0.));
#1193 = DIRECTION('',(-0.,0.,-1.));
#1194 = DIRECTION('',(2.368475785867E-14,-1.,-0.));
#1195 = FACE_BOUND('',#1196,.F.);
#1196 = EDGE_LOOP('',(#1197));
#1197 = ORIENTED_EDGE('',*,*,#1198,.T.);
#1198 = EDGE_CURVE('',#1199,#1199,#1201,.T.);
#1199 = VERTEX_POINT('',#1200);
#1200 = CARTESIAN_POINT('',(85.456772,-119.288188,0.));
#1201 = CIRCLE('',#1202,0.5);
#1202 = AXIS2_PLACEMENT_3D('',#1203,#1204,#1205);
#1203 = CARTESIAN_POINT('',(85.456772,-118.788188,0.));
#1204 = DIRECTION('',(-0.,0.,-1.));
#1205 = DIRECTION('',(-0.,-1.,0.));
#1206 = FACE_BOUND('',#1207,.F.);
#1207 = EDGE_LOOP('',(#1208));
#1208 = ORIENTED_EDGE('',*,*,#1209,.T.);
#1209 = EDGE_CURVE('',#1210,#1210,#1212,.T.);
#1210 = VERTEX_POINT('',#1211);
#1211 = CARTESIAN_POINT('',(88.731787,-118.870723,0.));
#1212 = CIRCLE('',#1213,0.5);
#1213 = AXIS2_PLACEMENT_3D('',#1214,#1215,#1216);
#1214 = CARTESIAN_POINT('',(88.731787,-118.370723,0.));
#1215 = DIRECTION('',(-0.,0.,-1.));
#1216 = DIRECTION('',(-0.,-1.,0.));
#1217 = FACE_BOUND('',#1218,.F.);
#1218 = EDGE_LOOP('',(#1219));
#1219 = ORIENTED_EDGE('',*,*,#1220,.T.);
#1220 = EDGE_CURVE('',#1221,#1221,#1223,.T.);
#1221 = VERTEX_POINT('',#1222);
#1222 = CARTESIAN_POINT('',(94.065302,-118.026063,0.));
#1223 = CIRCLE('',#1224,0.5);
#1224 = AXIS2_PLACEMENT_3D('',#1225,#1226,#1227);
#1225 = CARTESIAN_POINT('',(94.065302,-117.526063,0.));
#1226 = DIRECTION('',(-0.,0.,-1.));
#1227 = DIRECTION('',(-0.,-1.,0.));
#1228 = FACE_BOUND('',#1229,.F.);
#1229 = EDGE_LOOP('',(#1230));
#1230 = ORIENTED_EDGE('',*,*,#1231,.T.);
#1231 = EDGE_CURVE('',#1232,#1232,#1234,.T.);
#1232 = VERTEX_POINT('',#1233);
#1233 = CARTESIAN_POINT('',(97.30903,-117.41106,0.));
#1234 = CIRCLE('',#1235,0.5);
#1235 = AXIS2_PLACEMENT_3D('',#1236,#1237,#1238);
#1236 = CARTESIAN_POINT('',(97.30903,-116.91106,0.));
#1237 = DIRECTION('',(-0.,0.,-1.));
#1238 = DIRECTION('',(-0.,-1.,0.));
#1239 = FACE_BOUND('',#1240,.F.);
#1240 = EDGE_LOOP('',(#1241));
#1241 = ORIENTED_EDGE('',*,*,#1242,.T.);
#1242 = EDGE_CURVE('',#1243,#1243,#1245,.T.);
#1243 = VERTEX_POINT('',#1244);
#1244 = CARTESIAN_POINT('',(87.871398,-113.538437,0.));
#1245 = CIRCLE('',#1246,0.6);
#1246 = AXIS2_PLACEMENT_3D('',#1247,#1248,#1249);
#1247 = CARTESIAN_POINT('',(87.871398,-112.938437,0.));
#1248 = DIRECTION('',(-0.,0.,-1.));
#1249 = DIRECTION('',(-0.,-1.,0.));
#1250 = FACE_BOUND('',#1251,.F.);
#1251 = EDGE_LOOP('',(#1252));
#1252 = ORIENTED_EDGE('',*,*,#1253,.T.);
#1253 = EDGE_CURVE('',#1254,#1254,#1256,.T.);
#1254 = VERTEX_POINT('',#1255);
#1255 = CARTESIAN_POINT('',(116.616507,-130.877058,0.));
#1256 = CIRCLE('',#1257,0.6);
#1257 = AXIS2_PLACEMENT_3D('',#1258,#1259,#1260);
#1258 = CARTESIAN_POINT('',(116.616507,-130.277058,0.));
#1259 = DIRECTION('',(-0.,0.,-1.));
#1260 = DIRECTION('',(-0.,-1.,0.));
#1261 = FACE_BOUND('',#1262,.F.);
#1262 = EDGE_LOOP('',(#1263));
#1263 = ORIENTED_EDGE('',*,*,#1264,.T.);
#1264 = EDGE_CURVE('',#1265,#1265,#1267,.T.);
#1265 = VERTEX_POINT('',#1266);
#1266 = CARTESIAN_POINT('',(126.217976,-127.9325,0.));
#1267 = CIRCLE('',#1268,0.4);
#1268 = AXIS2_PLACEMENT_3D('',#1269,#1270,#1271);
#1269 = CARTESIAN_POINT('',(126.217976,-127.5325,0.));
#1270 = DIRECTION('',(-0.,0.,-1.));
#1271 = DIRECTION('',(-0.,-1.,0.));
#1272 = FACE_BOUND('',#1273,.F.);
#1273 = EDGE_LOOP('',(#1274));
#1274 = ORIENTED_EDGE('',*,*,#1275,.T.);
#1275 = EDGE_CURVE('',#1276,#1276,#1278,.T.);
#1276 = VERTEX_POINT('',#1277);
#1277 = CARTESIAN_POINT('',(128.77,-127.9325,0.));
#1278 = CIRCLE('',#1279,0.4);
#1279 = AXIS2_PLACEMENT_3D('',#1280,#1281,#1282);
#1280 = CARTESIAN_POINT('',(128.77,-127.5325,0.));
#1281 = DIRECTION('',(-0.,0.,-1.));
#1282 = DIRECTION('',(7.105427357601E-14,-1.,-0.));
#1283 = FACE_BOUND('',#1284,.F.);
#1284 = EDGE_LOOP('',(#1285));
#1285 = ORIENTED_EDGE('',*,*,#1286,.T.);
#1286 = EDGE_CURVE('',#1287,#1287,#1289,.T.);
#1287 = VERTEX_POINT('',#1288);
#1288 = CARTESIAN_POINT('',(102.247472,-116.628888,0.));
#1289 = CIRCLE('',#1290,0.5);
#1290 = AXIS2_PLACEMENT_3D('',#1291,#1292,#1293);
#1291 = CARTESIAN_POINT('',(102.247472,-116.128888,0.));
#1292 = DIRECTION('',(-0.,0.,-1.));
#1293 = DIRECTION('',(-0.,-1.,0.));
#1294 = FACE_BOUND('',#1295,.F.);
#1295 = EDGE_LOOP('',(#1296));
#1296 = ORIENTED_EDGE('',*,*,#1297,.T.);
#1297 = EDGE_CURVE('',#1298,#1298,#1300,.T.);
#1298 = VERTEX_POINT('',#1299);
#1299 = CARTESIAN_POINT('',(105.522487,-116.211423,0.));
#1300 = CIRCLE('',#1301,0.5);
#1301 = AXIS2_PLACEMENT_3D('',#1302,#1303,#1304);
#1302 = CARTESIAN_POINT('',(105.522487,-115.711423,0.));
#1303 = DIRECTION('',(-0.,0.,-1.));
#1304 = DIRECTION('',(-0.,-1.,0.));
#1305 = FACE_BOUND('',#1306,.F.);
#1306 = EDGE_LOOP('',(#1307));
#1307 = ORIENTED_EDGE('',*,*,#1308,.T.);
#1308 = EDGE_CURVE('',#1309,#1309,#1311,.T.);
#1309 = VERTEX_POINT('',#1310);
#1310 = CARTESIAN_POINT('',(126.493988,-116.382177,0.));
#1311 = CIRCLE('',#1312,0.4);
#1312 = AXIS2_PLACEMENT_3D('',#1313,#1314,#1315);
#1313 = CARTESIAN_POINT('',(126.493988,-115.982177,0.));
#1314 = DIRECTION('',(-0.,0.,-1.));
#1315 = DIRECTION('',(-0.,-1.,0.));
#1316 = FACE_BOUND('',#1317,.F.);
#1317 = EDGE_LOOP('',(#1318));
#1318 = ORIENTED_EDGE('',*,*,#1319,.T.);
#1319 = EDGE_CURVE('',#1320,#1320,#1322,.T.);
#1320 = VERTEX_POINT('',#1321);
#1321 = CARTESIAN_POINT('',(128.493988,-116.382177,0.));
#1322 = CIRCLE('',#1323,0.4);
#1323 = AXIS2_PLACEMENT_3D('',#1324,#1325,#1326);
#1324 = CARTESIAN_POINT('',(128.493988,-115.982177,0.));
#1325 = DIRECTION('',(-0.,0.,-1.));
#1326 = DIRECTION('',(-0.,-1.,0.));
#1327 = FACE_BOUND('',#1328,.F.);
#1328 = EDGE_LOOP('',(#1329));
#1329 = ORIENTED_EDGE('',*,*,#1330,.T.);
#1330 = EDGE_CURVE('',#1331,#1331,#1333,.T.);
#1331 = VERTEX_POINT('',#1332);
#1332 = CARTESIAN_POINT('',(74.615202,-103.894663,0.));
#1333 = CIRCLE('',#1334,0.5);
#1334 = AXIS2_PLACEMENT_3D('',#1335,#1336,#1337);
#1335 = CARTESIAN_POINT('',(74.615202,-103.394663,0.));
#1336 = DIRECTION('',(-0.,0.,-1.));
#1337 = DIRECTION('',(-0.,-1.,0.));
#1338 = FACE_BOUND('',#1339,.F.);
#1339 = EDGE_LOOP('',(#1340));
#1340 = ORIENTED_EDGE('',*,*,#1341,.T.);
#1341 = EDGE_CURVE('',#1342,#1342,#1344,.T.);
#1342 = VERTEX_POINT('',#1343);
#1343 = CARTESIAN_POINT('',(93.204913,-112.693777,0.));
#1344 = CIRCLE('',#1345,0.6);
#1345 = AXIS2_PLACEMENT_3D('',#1346,#1347,#1348);
#1346 = CARTESIAN_POINT('',(93.204913,-112.093777,0.));
#1347 = DIRECTION('',(-0.,0.,-1.));
#1348 = DIRECTION('',(-0.,-1.,0.));
#1349 = FACE_BOUND('',#1350,.F.);
#1350 = EDGE_LOOP('',(#1351));
#1351 = ORIENTED_EDGE('',*,*,#1352,.T.);
#1352 = EDGE_CURVE('',#1353,#1353,#1355,.T.);
#1353 = VERTEX_POINT('',#1354);
#1354 = CARTESIAN_POINT('',(77.85893,-103.27966,0.));
#1355 = CIRCLE('',#1356,0.5);
#1356 = AXIS2_PLACEMENT_3D('',#1357,#1358,#1359);
#1357 = CARTESIAN_POINT('',(77.85893,-102.77966,0.));
#1358 = DIRECTION('',(-0.,0.,-1.));
#1359 = DIRECTION('',(-0.,-1.,0.));
#1360 = FACE_BOUND('',#1361,.F.);
#1361 = EDGE_LOOP('',(#1362));
#1362 = ORIENTED_EDGE('',*,*,#1363,.T.);
#1363 = EDGE_CURVE('',#1364,#1364,#1366,.T.);
#1364 = VERTEX_POINT('',#1365);
#1365 = CARTESIAN_POINT('',(73.754813,-98.562377,0.));
#1366 = CIRCLE('',#1367,0.6);
#1367 = AXIS2_PLACEMENT_3D('',#1368,#1369,#1370);
#1368 = CARTESIAN_POINT('',(73.754813,-97.962377,0.));
#1369 = DIRECTION('',(-0.,0.,-1.));
#1370 = DIRECTION('',(-0.,-1.,0.));
#1371 = FACE_BOUND('',#1372,.F.);
#1372 = EDGE_LOOP('',(#1373));
#1373 = ORIENTED_EDGE('',*,*,#1374,.T.);
#1374 = EDGE_CURVE('',#1375,#1375,#1377,.T.);
#1375 = VERTEX_POINT('',#1376);
#1376 = CARTESIAN_POINT('',(82.797372,-102.497488,0.));
#1377 = CIRCLE('',#1378,0.5);
#1378 = AXIS2_PLACEMENT_3D('',#1379,#1380,#1381);
#1379 = CARTESIAN_POINT('',(82.797372,-101.997488,0.));
#1380 = DIRECTION('',(-0.,0.,-1.));
#1381 = DIRECTION('',(-0.,-1.,0.));
#1382 = FACE_BOUND('',#1383,.F.);
#1383 = EDGE_LOOP('',(#1384));
#1384 = ORIENTED_EDGE('',*,*,#1385,.T.);
#1385 = EDGE_CURVE('',#1386,#1386,#1388,.T.);
#1386 = VERTEX_POINT('',#1387);
#1387 = CARTESIAN_POINT('',(86.072387,-102.080023,0.));
#1388 = CIRCLE('',#1389,0.5);
#1389 = AXIS2_PLACEMENT_3D('',#1390,#1391,#1392);
#1390 = CARTESIAN_POINT('',(86.072387,-101.580023,0.));
#1391 = DIRECTION('',(-0.,0.,-1.));
#1392 = DIRECTION('',(-0.,-1.,0.));
#1393 = FACE_BOUND('',#1394,.F.);
#1394 = EDGE_LOOP('',(#1395));
#1395 = ORIENTED_EDGE('',*,*,#1396,.T.);
#1396 = EDGE_CURVE('',#1397,#1397,#1399,.T.);
#1397 = VERTEX_POINT('',#1398);
#1398 = CARTESIAN_POINT('',(91.405902,-101.235263,0.));
#1399 = CIRCLE('',#1400,0.5);
#1400 = AXIS2_PLACEMENT_3D('',#1401,#1402,#1403);
#1401 = CARTESIAN_POINT('',(91.405902,-100.735263,0.));
#1402 = DIRECTION('',(-0.,0.,-1.));
#1403 = DIRECTION('',(-0.,-1.,0.));
#1404 = FACE_BOUND('',#1405,.F.);
#1405 = EDGE_LOOP('',(#1406));
#1406 = ORIENTED_EDGE('',*,*,#1407,.T.);
#1407 = EDGE_CURVE('',#1408,#1408,#1410,.T.);
#1408 = VERTEX_POINT('',#1409);
#1409 = CARTESIAN_POINT('',(94.64963,-100.62026,0.));
#1410 = CIRCLE('',#1411,0.5);
#1411 = AXIS2_PLACEMENT_3D('',#1412,#1413,#1414);
#1412 = CARTESIAN_POINT('',(94.64963,-100.12026,0.));
#1413 = DIRECTION('',(-0.,0.,-1.));
#1414 = DIRECTION('',(-0.,-1.,0.));
#1415 = FACE_BOUND('',#1416,.F.);
#1416 = EDGE_LOOP('',(#1417));
#1417 = ORIENTED_EDGE('',*,*,#1418,.T.);
#1418 = EDGE_CURVE('',#1419,#1419,#1421,.T.);
#1419 = VERTEX_POINT('',#1420);
#1420 = CARTESIAN_POINT('',(85.211998,-96.747737,0.));
#1421 = CIRCLE('',#1422,0.6);
#1422 = AXIS2_PLACEMENT_3D('',#1423,#1424,#1425);
#1423 = CARTESIAN_POINT('',(85.211998,-96.147737,0.));
#1424 = DIRECTION('',(-0.,0.,-1.));
#1425 = DIRECTION('',(-0.,-1.,0.));
#1426 = FACE_BOUND('',#1427,.F.);
#1427 = EDGE_LOOP('',(#1428));
#1428 = ORIENTED_EDGE('',*,*,#1429,.T.);
#1429 = EDGE_CURVE('',#1430,#1430,#1432,.T.);
#1430 = VERTEX_POINT('',#1431);
#1431 = CARTESIAN_POINT('',(90.545513,-95.902977,0.));
#1432 = CIRCLE('',#1433,0.6);
#1433 = AXIS2_PLACEMENT_3D('',#1434,#1435,#1436);
#1434 = CARTESIAN_POINT('',(90.545513,-95.302977,0.));
#1435 = DIRECTION('',(-0.,0.,-1.));
#1436 = DIRECTION('',(-0.,-1.,0.));
#1437 = FACE_BOUND('',#1438,.F.);
#1438 = EDGE_LOOP('',(#1439));
#1439 = ORIENTED_EDGE('',*,*,#1440,.T.);
#1440 = EDGE_CURVE('',#1441,#1441,#1443,.T.);
#1441 = VERTEX_POINT('',#1442);
#1442 = CARTESIAN_POINT('',(104.662098,-110.879137,0.));
#1443 = CIRCLE('',#1444,0.6);
#1444 = AXIS2_PLACEMENT_3D('',#1445,#1446,#1447);
#1445 = CARTESIAN_POINT('',(104.662098,-110.279137,0.));
#1446 = DIRECTION('',(-0.,0.,-1.));
#1447 = DIRECTION('',(-0.,-1.,0.));
#1448 = FACE_BOUND('',#1449,.F.);
#1449 = EDGE_LOOP('',(#1450));
#1450 = ORIENTED_EDGE('',*,*,#1451,.T.);
#1451 = EDGE_CURVE('',#1452,#1452,#1454,.T.);
#1452 = VERTEX_POINT('',#1453);
#1453 = CARTESIAN_POINT('',(110.448559,-103.891289,0.));
#1454 = CIRCLE('',#1455,0.5);
#1455 = AXIS2_PLACEMENT_3D('',#1456,#1457,#1458);
#1456 = CARTESIAN_POINT('',(110.448559,-103.391289,0.));
#1457 = DIRECTION('',(-0.,0.,-1.));
#1458 = DIRECTION('',(-0.,-1.,0.));
#1459 = FACE_BOUND('',#1460,.F.);
#1460 = EDGE_LOOP('',(#1461));
#1461 = ORIENTED_EDGE('',*,*,#1462,.T.);
#1462 = EDGE_CURVE('',#1463,#1463,#1465,.T.);
#1463 = VERTEX_POINT('',#1464);
#1464 = CARTESIAN_POINT('',(113.733545,-103.561336,0.));
#1465 = CIRCLE('',#1466,0.5);
#1466 = AXIS2_PLACEMENT_3D('',#1467,#1468,#1469);
#1467 = CARTESIAN_POINT('',(113.733545,-103.061336,0.));
#1468 = DIRECTION('',(-0.,0.,-1.));
#1469 = DIRECTION('',(-0.,-1.,0.));
#1470 = FACE_BOUND('',#1471,.F.);
#1471 = EDGE_LOOP('',(#1472));
#1472 = ORIENTED_EDGE('',*,*,#1473,.T.);
#1473 = EDGE_CURVE('',#1474,#1474,#1476,.T.);
#1474 = VERTEX_POINT('',#1475);
#1475 = CARTESIAN_POINT('',(99.588072,-99.838088,0.));
#1476 = CIRCLE('',#1477,0.5);
#1477 = AXIS2_PLACEMENT_3D('',#1478,#1479,#1480);
#1478 = CARTESIAN_POINT('',(99.588072,-99.338088,0.));
#1479 = DIRECTION('',(-0.,0.,-1.));
#1480 = DIRECTION('',(-0.,-1.,0.));
#1481 = FACE_BOUND('',#1482,.F.);
#1482 = EDGE_LOOP('',(#1483));
#1483 = ORIENTED_EDGE('',*,*,#1484,.T.);
#1484 = EDGE_CURVE('',#1485,#1485,#1487,.T.);
#1485 = VERTEX_POINT('',#1486);
#1486 = CARTESIAN_POINT('',(102.863087,-99.420623,0.));
#1487 = CIRCLE('',#1488,0.5);
#1488 = AXIS2_PLACEMENT_3D('',#1489,#1490,#1491);
#1489 = CARTESIAN_POINT('',(102.863087,-98.920623,0.));
#1490 = DIRECTION('',(-0.,0.,-1.));
#1491 = DIRECTION('',(-0.,-1.,0.));
#1492 = FACE_BOUND('',#1493,.F.);
#1493 = EDGE_LOOP('',(#1494));
#1494 = ORIENTED_EDGE('',*,*,#1495,.T.);
#1495 = EDGE_CURVE('',#1496,#1496,#1498,.T.);
#1496 = VERTEX_POINT('',#1497);
#1497 = CARTESIAN_POINT('',(102.002698,-94.088337,0.));
#1498 = CIRCLE('',#1499,0.6);
#1499 = AXIS2_PLACEMENT_3D('',#1500,#1501,#1502);
#1500 = CARTESIAN_POINT('',(102.002698,-93.488337,0.));
#1501 = DIRECTION('',(-0.,0.,-1.));
#1502 = DIRECTION('',(-2.368475785867E-14,-1.,0.));
#1503 = FACE_BOUND('',#1504,.F.);
#1504 = EDGE_LOOP('',(#1505));
#1505 = ORIENTED_EDGE('',*,*,#1506,.T.);
#1506 = EDGE_CURVE('',#1507,#1507,#1509,.T.);
#1507 = VERTEX_POINT('',#1508);
#1508 = CARTESIAN_POINT('',(110.064898,-98.504686,0.));
#1509 = CIRCLE('',#1510,0.6);
#1510 = AXIS2_PLACEMENT_3D('',#1511,#1512,#1513);
#1511 = CARTESIAN_POINT('',(110.064898,-97.904686,0.));
#1512 = DIRECTION('',(-0.,0.,-1.));
#1513 = DIRECTION('',(-0.,-1.,0.));
#1514 = FACE_BOUND('',#1515,.F.);
#1515 = EDGE_LOOP('',(#1516));
#1516 = ORIENTED_EDGE('',*,*,#1517,.T.);
#1517 = EDGE_CURVE('',#1518,#1518,#1520,.T.);
#1518 = VERTEX_POINT('',#1519);
#1519 = CARTESIAN_POINT('',(118.721365,-103.212554,0.));
#1520 = CIRCLE('',#1521,0.5);
#1521 = AXIS2_PLACEMENT_3D('',#1522,#1523,#1524);
#1522 = CARTESIAN_POINT('',(118.721365,-102.712554,0.));
#1523 = DIRECTION('',(-0.,0.,-1.));
#1524 = DIRECTION('',(-0.,-1.,0.));
#1525 = FACE_BOUND('',#1526,.F.);
#1526 = EDGE_LOOP('',(#1527));
#1527 = ORIENTED_EDGE('',*,*,#1528,.T.);
#1528 = EDGE_CURVE('',#1529,#1529,#1531,.T.);
#1529 = VERTEX_POINT('',#1530);
#1530 = CARTESIAN_POINT('',(122.020302,-103.082114,0.));
#1531 = CIRCLE('',#1532,0.5);
#1532 = AXIS2_PLACEMENT_3D('',#1533,#1534,#1535);
#1533 = CARTESIAN_POINT('',(122.020302,-102.582114,0.));
#1534 = DIRECTION('',(-0.,0.,-1.));
#1535 = DIRECTION('',(-0.,-1.,0.));
#1536 = FACE_BOUND('',#1537,.F.);
#1537 = EDGE_LOOP('',(#1538));
#1538 = ORIENTED_EDGE('',*,*,#1539,.T.);
#1539 = EDGE_CURVE('',#1540,#1540,#1542,.T.);
#1540 = VERTEX_POINT('',#1541);
#1541 = CARTESIAN_POINT('',(121.636641,-97.695511,0.));
#1542 = CIRCLE('',#1543,0.6);
#1543 = AXIS2_PLACEMENT_3D('',#1544,#1545,#1546);
#1544 = CARTESIAN_POINT('',(121.636641,-97.095511,0.));
#1545 = DIRECTION('',(-0.,0.,-1.));
#1546 = DIRECTION('',(-0.,-1.,0.));
#1547 = FACE_BOUND('',#1548,.F.);
#1548 = EDGE_LOOP('',(#1549));
#1549 = ORIENTED_EDGE('',*,*,#1550,.T.);
#1550 = EDGE_CURVE('',#1551,#1551,#1553,.T.);
#1551 = VERTEX_POINT('',#1552);
#1552 = CARTESIAN_POINT('',(127.85,-97.25,0.));
#1553 = CIRCLE('',#1554,0.5);
#1554 = AXIS2_PLACEMENT_3D('',#1555,#1556,#1557);
#1555 = CARTESIAN_POINT('',(127.85,-96.75,0.));
#1556 = DIRECTION('',(-0.,0.,-1.));
#1557 = DIRECTION('',(-0.,-1.,0.));
#1558 = FACE_BOUND('',#1559,.F.);
#1559 = EDGE_LOOP('',(#1560));
#1560 = ORIENTED_EDGE('',*,*,#1561,.T.);
#1561 = EDGE_CURVE('',#1562,#1562,#1564,.T.);
#1562 = VERTEX_POINT('',#1563);
#1563 = CARTESIAN_POINT('',(131.15,-97.15,0.));
#1564 = CIRCLE('',#1565,0.5);
#1565 = AXIS2_PLACEMENT_3D('',#1566,#1567,#1568);
#1566 = CARTESIAN_POINT('',(131.15,-96.65,0.));
#1567 = DIRECTION('',(-0.,0.,-1.));
#1568 = DIRECTION('',(-0.,-1.,0.));
#1569 = FACE_BOUND('',#1570,.F.);
#1570 = EDGE_LOOP('',(#1571));
#1571 = ORIENTED_EDGE('',*,*,#1572,.T.);
#1572 = EDGE_CURVE('',#1573,#1573,#1575,.T.);
#1573 = VERTEX_POINT('',#1574);
#1574 = CARTESIAN_POINT('',(138.612806,-130.978892,0.));
#1575 = CIRCLE('',#1576,0.6);
#1576 = AXIS2_PLACEMENT_3D('',#1577,#1578,#1579);
#1577 = CARTESIAN_POINT('',(138.612806,-130.378892,0.));
#1578 = DIRECTION('',(-0.,0.,-1.));
#1579 = DIRECTION('',(-0.,-1.,0.));
#1580 = FACE_BOUND('',#1581,.F.);
#1581 = EDGE_LOOP('',(#1582));
#1582 = ORIENTED_EDGE('',*,*,#1583,.T.);
#1583 = EDGE_CURVE('',#1584,#1584,#1586,.T.);
#1584 = VERTEX_POINT('',#1585);
#1585 = CARTESIAN_POINT('',(143.85,-123.25,0.));
#1586 = CIRCLE('',#1587,0.5);
#1587 = AXIS2_PLACEMENT_3D('',#1588,#1589,#1590);
#1588 = CARTESIAN_POINT('',(143.85,-122.75,0.));
#1589 = DIRECTION('',(-0.,0.,-1.));
#1590 = DIRECTION('',(-0.,-1.,0.));
#1591 = FACE_BOUND('',#1592,.F.);
#1592 = EDGE_LOOP('',(#1593));
#1593 = ORIENTED_EDGE('',*,*,#1594,.T.);
#1594 = EDGE_CURVE('',#1595,#1595,#1597,.T.);
#1595 = VERTEX_POINT('',#1596);
#1596 = CARTESIAN_POINT('',(147.15,-123.15,0.));
#1597 = CIRCLE('',#1598,0.5);
#1598 = AXIS2_PLACEMENT_3D('',#1599,#1600,#1601);
#1599 = CARTESIAN_POINT('',(147.15,-122.65,0.));
#1600 = DIRECTION('',(-0.,0.,-1.));
#1601 = DIRECTION('',(-0.,-1.,0.));
#1602 = FACE_BOUND('',#1603,.F.);
#1603 = EDGE_LOOP('',(#1604));
#1604 = ORIENTED_EDGE('',*,*,#1605,.T.);
#1605 = EDGE_CURVE('',#1606,#1606,#1608,.T.);
#1606 = VERTEX_POINT('',#1607);
#1607 = CARTESIAN_POINT('',(152.15,-123.15,0.));
#1608 = CIRCLE('',#1609,0.5);
#1609 = AXIS2_PLACEMENT_3D('',#1610,#1611,#1612);
#1610 = CARTESIAN_POINT('',(152.15,-122.65,0.));
#1611 = DIRECTION('',(-0.,0.,-1.));
#1612 = DIRECTION('',(-0.,-1.,0.));
#1613 = FACE_BOUND('',#1614,.F.);
#1614 = EDGE_LOOP('',(#1615));
#1615 = ORIENTED_EDGE('',*,*,#1616,.T.);
#1616 = EDGE_CURVE('',#1617,#1617,#1619,.T.);
#1617 = VERTEX_POINT('',#1618);
#1618 = CARTESIAN_POINT('',(155.45,-123.25,0.));
#1619 = CIRCLE('',#1620,0.5);
#1620 = AXIS2_PLACEMENT_3D('',#1621,#1622,#1623);
#1621 = CARTESIAN_POINT('',(155.45,-122.75,0.));
#1622 = DIRECTION('',(-0.,0.,-1.));
#1623 = DIRECTION('',(-0.,-1.,0.));
#1624 = FACE_BOUND('',#1625,.F.);
#1625 = EDGE_LOOP('',(#1626));
#1626 = ORIENTED_EDGE('',*,*,#1627,.T.);
#1627 = EDGE_CURVE('',#1628,#1628,#1630,.T.);
#1628 = VERTEX_POINT('',#1629);
#1629 = CARTESIAN_POINT('',(163.368492,-123.911432,0.));
#1630 = CIRCLE('',#1631,0.5);
#1631 = AXIS2_PLACEMENT_3D('',#1632,#1633,#1634);
#1632 = CARTESIAN_POINT('',(163.368492,-123.411432,0.));
#1633 = DIRECTION('',(-0.,0.,-1.));
#1634 = DIRECTION('',(-0.,-1.,0.));
#1635 = FACE_BOUND('',#1636,.F.);
#1636 = EDGE_LOOP('',(#1637));
#1637 = ORIENTED_EDGE('',*,*,#1638,.T.);
#1638 = EDGE_CURVE('',#1639,#1639,#1641,.T.);
#1639 = VERTEX_POINT('',#1640);
#1640 = CARTESIAN_POINT('',(166.664651,-124.099427,0.));
#1641 = CIRCLE('',#1642,0.5);
#1642 = AXIS2_PLACEMENT_3D('',#1643,#1644,#1645);
#1643 = CARTESIAN_POINT('',(166.664651,-123.599427,0.));
#1644 = DIRECTION('',(-0.,0.,-1.));
#1645 = DIRECTION('',(-0.,-1.,0.));
#1646 = FACE_BOUND('',#1647,.F.);
#1647 = EDGE_LOOP('',(#1648));
#1648 = ORIENTED_EDGE('',*,*,#1649,.T.);
#1649 = EDGE_CURVE('',#1650,#1650,#1652,.T.);
#1650 = VERTEX_POINT('',#1651);
#1651 = CARTESIAN_POINT('',(143.85,-117.85,0.));
#1652 = CIRCLE('',#1653,0.6);
#1653 = AXIS2_PLACEMENT_3D('',#1654,#1655,#1656);
#1654 = CARTESIAN_POINT('',(143.85,-117.25,0.));
#1655 = DIRECTION('',(-0.,0.,-1.));
#1656 = DIRECTION('',(-0.,-1.,0.));
#1657 = FACE_BOUND('',#1658,.F.);
#1658 = EDGE_LOOP('',(#1659));
#1659 = ORIENTED_EDGE('',*,*,#1660,.T.);
#1660 = EDGE_CURVE('',#1661,#1661,#1663,.T.);
#1661 = VERTEX_POINT('',#1662);
#1662 = CARTESIAN_POINT('',(155.45,-117.85,0.));
#1663 = CIRCLE('',#1664,0.6);
#1664 = AXIS2_PLACEMENT_3D('',#1665,#1666,#1667);
#1665 = CARTESIAN_POINT('',(155.45,-117.25,0.));
#1666 = DIRECTION('',(-0.,0.,-1.));
#1667 = DIRECTION('',(-0.,-1.,0.));
#1668 = FACE_BOUND('',#1669,.F.);
#1669 = EDGE_LOOP('',(#1670));
#1670 = ORIENTED_EDGE('',*,*,#1671,.T.);
#1671 = EDGE_CURVE('',#1672,#1672,#1674,.T.);
#1672 = VERTEX_POINT('',#1673);
#1673 = CARTESIAN_POINT('',(163.847849,-118.532361,0.));
#1674 = CIRCLE('',#1675,0.6);
#1675 = AXIS2_PLACEMENT_3D('',#1676,#1677,#1678);
#1676 = CARTESIAN_POINT('',(163.847849,-117.932361,0.));
#1677 = DIRECTION('',(-0.,0.,-1.));
#1678 = DIRECTION('',(-0.,-1.,0.));
#1679 = FACE_BOUND('',#1680,.F.);
#1680 = EDGE_LOOP('',(#1681));
#1681 = ORIENTED_EDGE('',*,*,#1682,.T.);
#1682 = EDGE_CURVE('',#1683,#1683,#1685,.T.);
#1683 = VERTEX_POINT('',#1684);
#1684 = CARTESIAN_POINT('',(171.645624,-124.535205,0.));
#1685 = CIRCLE('',#1686,0.5);
#1686 = AXIS2_PLACEMENT_3D('',#1687,#1688,#1689);
#1687 = CARTESIAN_POINT('',(171.645624,-124.035205,0.));
#1688 = DIRECTION('',(-0.,0.,-1.));
#1689 = DIRECTION('',(-0.,-1.,0.));
#1690 = FACE_BOUND('',#1691,.F.);
#1691 = EDGE_LOOP('',(#1692));
#1692 = ORIENTED_EDGE('',*,*,#1693,.T.);
#1693 = EDGE_CURVE('',#1694,#1694,#1696,.T.);
#1694 = VERTEX_POINT('',#1695);
#1695 = CARTESIAN_POINT('',(174.924351,-124.922439,0.));
#1696 = CIRCLE('',#1697,0.5);
#1697 = AXIS2_PLACEMENT_3D('',#1698,#1699,#1700);
#1698 = CARTESIAN_POINT('',(174.924351,-124.422439,0.));
#1699 = DIRECTION('',(-0.,0.,-1.));
#1700 = DIRECTION('',(-0.,-1.,0.));
#1701 = FACE_BOUND('',#1702,.F.);
#1702 = EDGE_LOOP('',(#1703));
#1703 = ORIENTED_EDGE('',*,*,#1704,.T.);
#1704 = EDGE_CURVE('',#1705,#1705,#1707,.T.);
#1705 = VERTEX_POINT('',#1706);
#1706 = CARTESIAN_POINT('',(190.625338,-128.116773,0.));
#1707 = CIRCLE('',#1708,0.5);
#1708 = AXIS2_PLACEMENT_3D('',#1709,#1710,#1711);
#1709 = CARTESIAN_POINT('',(190.625338,-127.616773,0.));
#1710 = DIRECTION('',(-0.,0.,-1.));
#1711 = DIRECTION('',(-0.,-1.,0.));
#1712 = FACE_BOUND('',#1713,.F.);
#1713 = EDGE_LOOP('',(#1714));
#1714 = ORIENTED_EDGE('',*,*,#1715,.T.);
#1715 = EDGE_CURVE('',#1716,#1716,#1718,.T.);
#1716 = VERTEX_POINT('',#1717);
#1717 = CARTESIAN_POINT('',(185.457028,-126.335662,0.));
#1718 = CIRCLE('',#1719,0.6);
#1719 = AXIS2_PLACEMENT_3D('',#1720,#1721,#1722);
#1720 = CARTESIAN_POINT('',(185.457028,-125.735662,0.));
#1721 = DIRECTION('',(-0.,0.,-1.));
#1722 = DIRECTION('',(-0.,-1.,0.));
#1723 = FACE_BOUND('',#1724,.F.);
#1724 = EDGE_LOOP('',(#1725));
#1725 = ORIENTED_EDGE('',*,*,#1726,.T.);
#1726 = EDGE_CURVE('',#1727,#1727,#1729,.T.);
#1727 = VERTEX_POINT('',#1728);
#1728 = CARTESIAN_POINT('',(191.660035,-124.981585,0.));
#1729 = CIRCLE('',#1730,0.5);
#1730 = AXIS2_PLACEMENT_3D('',#1731,#1732,#1733);
#1731 = CARTESIAN_POINT('',(191.660035,-124.481585,0.));
#1732 = DIRECTION('',(-0.,0.,-1.));
#1733 = DIRECTION('',(-0.,-1.,0.));
#1734 = FACE_BOUND('',#1735,.F.);
#1735 = EDGE_LOOP('',(#1736));
#1736 = ORIENTED_EDGE('',*,*,#1737,.T.);
#1737 = EDGE_CURVE('',#1738,#1738,#1740,.T.);
#1738 = VERTEX_POINT('',#1739);
#1739 = CARTESIAN_POINT('',(175.403708,-119.543368,0.));
#1740 = CIRCLE('',#1741,0.6);
#1741 = AXIS2_PLACEMENT_3D('',#1742,#1743,#1744);
#1742 = CARTESIAN_POINT('',(175.403708,-118.943368,0.));
#1743 = DIRECTION('',(-0.,0.,-1.));
#1744 = DIRECTION('',(-0.,-1.,0.));
#1745 = FACE_BOUND('',#1746,.F.);
#1746 = EDGE_LOOP('',(#1747));
#1747 = ORIENTED_EDGE('',*,*,#1748,.T.);
#1748 = EDGE_CURVE('',#1749,#1749,#1751,.T.);
#1749 = VERTEX_POINT('',#1750);
#1750 = CARTESIAN_POINT('',(193.370136,-120.283122,0.));
#1751 = CIRCLE('',#1752,0.5);
#1752 = AXIS2_PLACEMENT_3D('',#1753,#1754,#1755);
#1753 = CARTESIAN_POINT('',(193.370136,-119.783122,0.));
#1754 = DIRECTION('',(-0.,0.,-1.));
#1755 = DIRECTION('',(-0.,-1.,0.));
#1756 = FACE_BOUND('',#1757,.F.);
#1757 = EDGE_LOOP('',(#1758));
#1758 = ORIENTED_EDGE('',*,*,#1759,.T.);
#1759 = EDGE_CURVE('',#1760,#1760,#1762,.T.);
#1760 = VERTEX_POINT('',#1761);
#1761 = CARTESIAN_POINT('',(189.424462,-115.435227,0.));
#1762 = CIRCLE('',#1763,0.6);
#1763 = AXIS2_PLACEMENT_3D('',#1764,#1765,#1766);
#1764 = CARTESIAN_POINT('',(189.424462,-114.835227,0.));
#1765 = DIRECTION('',(-0.,0.,-1.));
#1766 = DIRECTION('',(-0.,-1.,0.));
#1767 = FACE_BOUND('',#1768,.F.);
#1768 = EDGE_LOOP('',(#1769));
#1769 = ORIENTED_EDGE('',*,*,#1770,.T.);
#1770 = EDGE_CURVE('',#1771,#1771,#1773,.T.);
#1771 = VERTEX_POINT('',#1772);
#1772 = CARTESIAN_POINT('',(194.592772,-117.216338,0.));
#1773 = CIRCLE('',#1774,0.5);
#1774 = AXIS2_PLACEMENT_3D('',#1775,#1776,#1777);
#1775 = CARTESIAN_POINT('',(194.592772,-116.716338,0.));
#1776 = DIRECTION('',(-0.,0.,-1.));
#1777 = DIRECTION('',(-0.,-1.,0.));
#1778 = FACE_BOUND('',#1779,.F.);
#1779 = EDGE_LOOP('',(#1780));
#1780 = ORIENTED_EDGE('',*,*,#1781,.T.);
#1781 = EDGE_CURVE('',#1782,#1782,#1784,.T.);
#1782 = VERTEX_POINT('',#1783);
#1783 = CARTESIAN_POINT('',(134.5,-110.1,0.));
#1784 = CIRCLE('',#1785,0.6);
#1785 = AXIS2_PLACEMENT_3D('',#1786,#1787,#1788);
#1786 = CARTESIAN_POINT('',(134.5,-109.5,0.));
#1787 = DIRECTION('',(-0.,0.,-1.));
#1788 = DIRECTION('',(-0.,-1.,0.));
#1789 = FACE_BOUND('',#1790,.F.);
#1790 = EDGE_LOOP('',(#1791));
#1791 = ORIENTED_EDGE('',*,*,#1792,.T.);
#1792 = EDGE_CURVE('',#1793,#1793,#1795,.T.);
#1793 = VERTEX_POINT('',#1794);
#1794 = CARTESIAN_POINT('',(161.85,-105.25,0.));
#1795 = CIRCLE('',#1796,0.5);
#1796 = AXIS2_PLACEMENT_3D('',#1797,#1798,#1799);
#1797 = CARTESIAN_POINT('',(161.85,-104.75,0.));
#1798 = DIRECTION('',(-0.,0.,-1.));
#1799 = DIRECTION('',(-0.,-1.,0.));
#1800 = FACE_BOUND('',#1801,.F.);
#1801 = EDGE_LOOP('',(#1802));
#1802 = ORIENTED_EDGE('',*,*,#1803,.T.);
#1803 = EDGE_CURVE('',#1804,#1804,#1806,.T.);
#1804 = VERTEX_POINT('',#1805);
#1805 = CARTESIAN_POINT('',(165.15,-105.15,0.));
#1806 = CIRCLE('',#1807,0.5);
#1807 = AXIS2_PLACEMENT_3D('',#1808,#1809,#1810);
#1808 = CARTESIAN_POINT('',(165.15,-104.65,0.));
#1809 = DIRECTION('',(-0.,0.,-1.));
#1810 = DIRECTION('',(-0.,-1.,0.));
#1811 = FACE_BOUND('',#1812,.F.);
#1812 = EDGE_LOOP('',(#1813));
#1813 = ORIENTED_EDGE('',*,*,#1814,.T.);
#1814 = EDGE_CURVE('',#1815,#1815,#1817,.T.);
#1815 = VERTEX_POINT('',#1816);
#1816 = CARTESIAN_POINT('',(144.85,-103.25,0.));
#1817 = CIRCLE('',#1818,0.5);
#1818 = AXIS2_PLACEMENT_3D('',#1819,#1820,#1821);
#1819 = CARTESIAN_POINT('',(144.85,-102.75,0.));
#1820 = DIRECTION('',(-0.,0.,-1.));
#1821 = DIRECTION('',(-0.,-1.,0.));
#1822 = FACE_BOUND('',#1823,.F.);
#1823 = EDGE_LOOP('',(#1824));
#1824 = ORIENTED_EDGE('',*,*,#1825,.T.);
#1825 = EDGE_CURVE('',#1826,#1826,#1828,.T.);
#1826 = VERTEX_POINT('',#1827);
#1827 = CARTESIAN_POINT('',(148.15,-103.15,0.));
#1828 = CIRCLE('',#1829,0.5);
#1829 = AXIS2_PLACEMENT_3D('',#1830,#1831,#1832);
#1830 = CARTESIAN_POINT('',(148.15,-102.65,0.));
#1831 = DIRECTION('',(-0.,0.,-1.));
#1832 = DIRECTION('',(-0.,-1.,0.));
#1833 = FACE_BOUND('',#1834,.F.);
#1834 = EDGE_LOOP('',(#1835));
#1835 = ORIENTED_EDGE('',*,*,#1836,.T.);
#1836 = EDGE_CURVE('',#1837,#1837,#1839,.T.);
#1837 = VERTEX_POINT('',#1838);
#1838 = CARTESIAN_POINT('',(136.15,-97.15,0.));
#1839 = CIRCLE('',#1840,0.5);
#1840 = AXIS2_PLACEMENT_3D('',#1841,#1842,#1843);
#1841 = CARTESIAN_POINT('',(136.15,-96.65,0.));
#1842 = DIRECTION('',(-0.,0.,-1.));
#1843 = DIRECTION('',(-0.,-1.,0.));
#1844 = FACE_BOUND('',#1845,.F.);
#1845 = EDGE_LOOP('',(#1846));
#1846 = ORIENTED_EDGE('',*,*,#1847,.T.);
#1847 = EDGE_CURVE('',#1848,#1848,#1850,.T.);
#1848 = VERTEX_POINT('',#1849);
#1849 = CARTESIAN_POINT('',(139.45,-97.25,0.));
#1850 = CIRCLE('',#1851,0.5);
#1851 = AXIS2_PLACEMENT_3D('',#1852,#1853,#1854);
#1852 = CARTESIAN_POINT('',(139.45,-96.75,0.));
#1853 = DIRECTION('',(-0.,0.,-1.));
#1854 = DIRECTION('',(-0.,-1.,0.));
#1855 = FACE_BOUND('',#1856,.F.);
#1856 = EDGE_LOOP('',(#1857));
#1857 = ORIENTED_EDGE('',*,*,#1858,.T.);
#1858 = EDGE_CURVE('',#1859,#1859,#1861,.T.);
#1859 = VERTEX_POINT('',#1860);
#1860 = CARTESIAN_POINT('',(144.85,-97.85,0.));
#1861 = CIRCLE('',#1862,0.6);
#1862 = AXIS2_PLACEMENT_3D('',#1863,#1864,#1865);
#1863 = CARTESIAN_POINT('',(144.85,-97.25,0.));
#1864 = DIRECTION('',(-0.,0.,-1.));
#1865 = DIRECTION('',(-0.,-1.,0.));
#1866 = FACE_BOUND('',#1867,.F.);
#1867 = EDGE_LOOP('',(#1868));
#1868 = ORIENTED_EDGE('',*,*,#1869,.T.);
#1869 = EDGE_CURVE('',#1870,#1870,#1872,.T.);
#1870 = VERTEX_POINT('',#1871);
#1871 = CARTESIAN_POINT('',(153.15,-103.15,0.));
#1872 = CIRCLE('',#1873,0.5);
#1873 = AXIS2_PLACEMENT_3D('',#1874,#1875,#1876);
#1874 = CARTESIAN_POINT('',(153.15,-102.65,0.));
#1875 = DIRECTION('',(-0.,0.,-1.));
#1876 = DIRECTION('',(-0.,-1.,0.));
#1877 = FACE_BOUND('',#1878,.F.);
#1878 = EDGE_LOOP('',(#1879));
#1879 = ORIENTED_EDGE('',*,*,#1880,.T.);
#1880 = EDGE_CURVE('',#1881,#1881,#1883,.T.);
#1881 = VERTEX_POINT('',#1882);
#1882 = CARTESIAN_POINT('',(156.45,-103.25,0.));
#1883 = CIRCLE('',#1884,0.5);
#1884 = AXIS2_PLACEMENT_3D('',#1885,#1886,#1887);
#1885 = CARTESIAN_POINT('',(156.45,-102.75,0.));
#1886 = DIRECTION('',(-0.,0.,-1.));
#1887 = DIRECTION('',(-0.,-1.,0.));
#1888 = FACE_BOUND('',#1889,.F.);
#1889 = EDGE_LOOP('',(#1890));
#1890 = ORIENTED_EDGE('',*,*,#1891,.T.);
#1891 = EDGE_CURVE('',#1892,#1892,#1894,.T.);
#1892 = VERTEX_POINT('',#1893);
#1893 = CARTESIAN_POINT('',(161.85,-99.85,0.));
#1894 = CIRCLE('',#1895,0.6);
#1895 = AXIS2_PLACEMENT_3D('',#1896,#1897,#1898);
#1896 = CARTESIAN_POINT('',(161.85,-99.25,0.));
#1897 = DIRECTION('',(-0.,0.,-1.));
#1898 = DIRECTION('',(-0.,-1.,0.));
#1899 = FACE_BOUND('',#1900,.F.);
#1900 = EDGE_LOOP('',(#1901));
#1901 = ORIENTED_EDGE('',*,*,#1902,.T.);
#1902 = EDGE_CURVE('',#1903,#1903,#1905,.T.);
#1903 = VERTEX_POINT('',#1904);
#1904 = CARTESIAN_POINT('',(156.45,-97.85,0.));
#1905 = CIRCLE('',#1906,0.6);
#1906 = AXIS2_PLACEMENT_3D('',#1907,#1908,#1909);
#1907 = CARTESIAN_POINT('',(156.45,-97.25,0.));
#1908 = DIRECTION('',(-0.,0.,-1.));
#1909 = DIRECTION('',(-0.,-1.,0.));
#1910 = FACE_BOUND('',#1911,.F.);
#1911 = EDGE_LOOP('',(#1912));
#1912 = ORIENTED_EDGE('',*,*,#1913,.T.);
#1913 = EDGE_CURVE('',#1914,#1914,#1916,.T.);
#1914 = VERTEX_POINT('',#1915);
#1915 = CARTESIAN_POINT('',(170.15,-105.15,0.));
#1916 = CIRCLE('',#1917,0.5);
#1917 = AXIS2_PLACEMENT_3D('',#1918,#1919,#1920);
#1918 = CARTESIAN_POINT('',(170.15,-104.65,0.));
#1919 = DIRECTION('',(-0.,0.,-1.));
#1920 = DIRECTION('',(-0.,-1.,0.));
#1921 = FACE_BOUND('',#1922,.F.);
#1922 = EDGE_LOOP('',(#1923));
#1923 = ORIENTED_EDGE('',*,*,#1924,.T.);
#1924 = EDGE_CURVE('',#1925,#1925,#1927,.T.);
#1925 = VERTEX_POINT('',#1926);
#1926 = CARTESIAN_POINT('',(173.45,-105.25,0.));
#1927 = CIRCLE('',#1928,0.5);
#1928 = AXIS2_PLACEMENT_3D('',#1929,#1930,#1931);
#1929 = CARTESIAN_POINT('',(173.45,-104.75,0.));
#1930 = DIRECTION('',(-0.,0.,-1.));
#1931 = DIRECTION('',(-0.,-1.,0.));
#1932 = FACE_BOUND('',#1933,.F.);
#1933 = EDGE_LOOP('',(#1934));
#1934 = ORIENTED_EDGE('',*,*,#1935,.T.);
#1935 = EDGE_CURVE('',#1936,#1936,#1938,.T.);
#1936 = VERTEX_POINT('',#1937);
#1937 = CARTESIAN_POINT('',(201.475,-107.45,0.));
#1938 = CIRCLE('',#1939,0.45);
#1939 = AXIS2_PLACEMENT_3D('',#1940,#1941,#1942);
#1940 = CARTESIAN_POINT('',(201.475,-107.,0.));
#1941 = DIRECTION('',(-0.,0.,-1.));
#1942 = DIRECTION('',(-6.315935428979E-14,-1.,0.));
#1943 = FACE_BOUND('',#1944,.F.);
#1944 = EDGE_LOOP('',(#1945));
#1945 = ORIENTED_EDGE('',*,*,#1946,.T.);
#1946 = EDGE_CURVE('',#1947,#1947,#1949,.T.);
#1947 = VERTEX_POINT('',#1948);
#1948 = CARTESIAN_POINT('',(201.475,-104.45,0.));
#1949 = CIRCLE('',#1950,0.45);
#1950 = AXIS2_PLACEMENT_3D('',#1951,#1952,#1953);
#1951 = CARTESIAN_POINT('',(201.475,-104.,0.));
#1952 = DIRECTION('',(-0.,0.,-1.));
#1953 = DIRECTION('',(-6.315935428979E-14,-1.,0.));
#1954 = FACE_BOUND('',#1955,.F.);
#1955 = EDGE_LOOP('',(#1956));
#1956 = ORIENTED_EDGE('',*,*,#1957,.T.);
#1957 = EDGE_CURVE('',#1958,#1958,#1960,.T.);
#1958 = VERTEX_POINT('',#1959);
#1959 = CARTESIAN_POINT('',(173.45,-99.85,0.));
#1960 = CIRCLE('',#1961,0.6);
#1961 = AXIS2_PLACEMENT_3D('',#1962,#1963,#1964);
#1962 = CARTESIAN_POINT('',(173.45,-99.25,0.));
#1963 = DIRECTION('',(-0.,0.,-1.));
#1964 = DIRECTION('',(-0.,-1.,0.));
#1965 = FACE_BOUND('',#1966,.F.);
#1966 = EDGE_LOOP('',(#1967));
#1967 = ORIENTED_EDGE('',*,*,#1968,.T.);
#1968 = EDGE_CURVE('',#1969,#1969,#1971,.T.);
#1969 = VERTEX_POINT('',#1970);
#1970 = CARTESIAN_POINT('',(180.,-100.1,0.));
#1971 = CIRCLE('',#1972,0.6);
#1972 = AXIS2_PLACEMENT_3D('',#1973,#1974,#1975);
#1973 = CARTESIAN_POINT('',(180.,-99.5,0.));
#1974 = DIRECTION('',(-0.,0.,-1.));
#1975 = DIRECTION('',(-0.,-1.,0.));
#1976 = FACE_BOUND('',#1977,.F.);
#1977 = EDGE_LOOP('',(#1978));
#1978 = ORIENTED_EDGE('',*,*,#1979,.T.);
#1979 = EDGE_CURVE('',#1980,#1980,#1982,.T.);
#1980 = VERTEX_POINT('',#1981);
#1981 = CARTESIAN_POINT('',(199.,-100.1,0.));
#1982 = CIRCLE('',#1983,0.6);
#1983 = AXIS2_PLACEMENT_3D('',#1984,#1985,#1986);
#1984 = CARTESIAN_POINT('',(199.,-99.5,0.));
#1985 = DIRECTION('',(-0.,0.,-1.));
#1986 = DIRECTION('',(-0.,-1.,0.));
#1987 = FACE_BOUND('',#1988,.F.);
#1988 = EDGE_LOOP('',(#1989));
#1989 = ORIENTED_EDGE('',*,*,#1990,.T.);
#1990 = EDGE_CURVE('',#1991,#1991,#1993,.T.);
#1991 = VERTEX_POINT('',#1992);
#1992 = CARTESIAN_POINT('',(71.955802,-87.103963,0.));
#1993 = CIRCLE('',#1994,0.5);
#1994 = AXIS2_PLACEMENT_3D('',#1995,#1996,#1997);
#1995 = CARTESIAN_POINT('',(71.955802,-86.603963,0.));
#1996 = DIRECTION('',(-0.,0.,-1.));
#1997 = DIRECTION('',(-0.,-1.,0.));
#1998 = FACE_BOUND('',#1999,.F.);
#1999 = EDGE_LOOP('',(#2000));
#2000 = ORIENTED_EDGE('',*,*,#2001,.T.);
#2001 = EDGE_CURVE('',#2002,#2002,#2004,.T.);
#2002 = VERTEX_POINT('',#2003);
#2003 = CARTESIAN_POINT('',(75.19953,-86.48896,0.));
#2004 = CIRCLE('',#2005,0.5);
#2005 = AXIS2_PLACEMENT_3D('',#2006,#2007,#2008);
#2006 = CARTESIAN_POINT('',(75.19953,-85.98896,0.));
#2007 = DIRECTION('',(-0.,0.,-1.));
#2008 = DIRECTION('',(-0.,-1.,0.));
#2009 = FACE_BOUND('',#2010,.F.);
#2010 = EDGE_LOOP('',(#2011));
#2011 = ORIENTED_EDGE('',*,*,#2012,.T.);
#2012 = EDGE_CURVE('',#2013,#2013,#2015,.T.);
#2013 = VERTEX_POINT('',#2014);
#2014 = CARTESIAN_POINT('',(80.137972,-85.706788,0.));
#2015 = CIRCLE('',#2016,0.5);
#2016 = AXIS2_PLACEMENT_3D('',#2017,#2018,#2019);
#2017 = CARTESIAN_POINT('',(80.137972,-85.206788,0.));
#2018 = DIRECTION('',(-0.,0.,-1.));
#2019 = DIRECTION('',(-0.,-1.,0.));
#2020 = FACE_BOUND('',#2021,.F.);
#2021 = EDGE_LOOP('',(#2022));
#2022 = ORIENTED_EDGE('',*,*,#2023,.T.);
#2023 = EDGE_CURVE('',#2024,#2024,#2026,.T.);
#2024 = VERTEX_POINT('',#2025);
#2025 = CARTESIAN_POINT('',(83.412987,-85.289323,0.));
#2026 = CIRCLE('',#2027,0.5);
#2027 = AXIS2_PLACEMENT_3D('',#2028,#2029,#2030);
#2028 = CARTESIAN_POINT('',(83.412987,-84.789323,0.));
#2029 = DIRECTION('',(-0.,0.,-1.));
#2030 = DIRECTION('',(-0.,-1.,0.));
#2031 = FACE_BOUND('',#2032,.F.);
#2032 = EDGE_LOOP('',(#2033));
#2033 = ORIENTED_EDGE('',*,*,#2034,.T.);
#2034 = EDGE_CURVE('',#2035,#2035,#2037,.T.);
#2035 = VERTEX_POINT('',#2036);
#2036 = CARTESIAN_POINT('',(71.095413,-81.771677,0.));
#2037 = CIRCLE('',#2038,0.6);
#2038 = AXIS2_PLACEMENT_3D('',#2039,#2040,#2041);
#2039 = CARTESIAN_POINT('',(71.095413,-81.171677,0.));
#2040 = DIRECTION('',(-0.,0.,-1.));
#2041 = DIRECTION('',(-2.368475785867E-14,-1.,0.));
#2042 = FACE_BOUND('',#2043,.F.);
#2043 = EDGE_LOOP('',(#2044));
#2044 = ORIENTED_EDGE('',*,*,#2045,.T.);
#2045 = EDGE_CURVE('',#2046,#2046,#2048,.T.);
#2046 = VERTEX_POINT('',#2047);
#2047 = CARTESIAN_POINT('',(88.746502,-84.444563,0.));
#2048 = CIRCLE('',#2049,0.5);
#2049 = AXIS2_PLACEMENT_3D('',#2050,#2051,#2052);
#2050 = CARTESIAN_POINT('',(88.746502,-83.944563,0.));
#2051 = DIRECTION('',(-0.,0.,-1.));
#2052 = DIRECTION('',(-0.,-1.,0.));
#2053 = FACE_BOUND('',#2054,.F.);
#2054 = EDGE_LOOP('',(#2055));
#2055 = ORIENTED_EDGE('',*,*,#2056,.T.);
#2056 = EDGE_CURVE('',#2057,#2057,#2059,.T.);
#2057 = VERTEX_POINT('',#2058);
#2058 = CARTESIAN_POINT('',(91.99023,-83.82956,0.));
#2059 = CIRCLE('',#2060,0.5);
#2060 = AXIS2_PLACEMENT_3D('',#2061,#2062,#2063);
#2061 = CARTESIAN_POINT('',(91.99023,-83.32956,0.));
#2062 = DIRECTION('',(-0.,0.,-1.));
#2063 = DIRECTION('',(-0.,-1.,0.));
#2064 = FACE_BOUND('',#2065,.F.);
#2065 = EDGE_LOOP('',(#2066));
#2066 = ORIENTED_EDGE('',*,*,#2067,.T.);
#2067 = EDGE_CURVE('',#2068,#2068,#2070,.T.);
#2068 = VERTEX_POINT('',#2069);
#2069 = CARTESIAN_POINT('',(96.928672,-83.047388,0.));
#2070 = CIRCLE('',#2071,0.5);
#2071 = AXIS2_PLACEMENT_3D('',#2072,#2073,#2074);
#2072 = CARTESIAN_POINT('',(96.928672,-82.547388,0.));
#2073 = DIRECTION('',(-0.,0.,-1.));
#2074 = DIRECTION('',(-0.,-1.,0.));
#2075 = FACE_BOUND('',#2076,.F.);
#2076 = EDGE_LOOP('',(#2077));
#2077 = ORIENTED_EDGE('',*,*,#2078,.T.);
#2078 = EDGE_CURVE('',#2079,#2079,#2081,.T.);
#2079 = VERTEX_POINT('',#2080);
#2080 = CARTESIAN_POINT('',(82.552598,-79.957037,0.));
#2081 = CIRCLE('',#2082,0.6);
#2082 = AXIS2_PLACEMENT_3D('',#2083,#2084,#2085);
#2083 = CARTESIAN_POINT('',(82.552598,-79.357037,0.));
#2084 = DIRECTION('',(-0.,0.,-1.));
#2085 = DIRECTION('',(2.368475785867E-14,-1.,-0.));
#2086 = FACE_BOUND('',#2087,.F.);
#2087 = EDGE_LOOP('',(#2088));
#2088 = ORIENTED_EDGE('',*,*,#2089,.T.);
#2089 = EDGE_CURVE('',#2090,#2090,#2092,.T.);
#2090 = VERTEX_POINT('',#2091);
#2091 = CARTESIAN_POINT('',(87.886113,-79.112277,0.));
#2092 = CIRCLE('',#2093,0.6);
#2093 = AXIS2_PLACEMENT_3D('',#2094,#2095,#2096);
#2094 = CARTESIAN_POINT('',(87.886113,-78.512277,0.));
#2095 = DIRECTION('',(-0.,0.,-1.));
#2096 = DIRECTION('',(-0.,-1.,0.));
#2097 = FACE_BOUND('',#2098,.F.);
#2098 = EDGE_LOOP('',(#2099));
#2099 = ORIENTED_EDGE('',*,*,#2100,.T.);
#2100 = EDGE_CURVE('',#2101,#2101,#2103,.T.);
#2101 = VERTEX_POINT('',#2102);
#2102 = CARTESIAN_POINT('',(109.262659,-86.932689,0.));
#2103 = CIRCLE('',#2104,0.5);
#2104 = AXIS2_PLACEMENT_3D('',#2105,#2106,#2107);
#2105 = CARTESIAN_POINT('',(109.262659,-86.432689,0.));
#2106 = DIRECTION('',(-0.,0.,-1.));
#2107 = DIRECTION('',(-0.,-1.,0.));
#2108 = FACE_BOUND('',#2109,.F.);
#2109 = EDGE_LOOP('',(#2110));
#2110 = ORIENTED_EDGE('',*,*,#2111,.T.);
#2111 = EDGE_CURVE('',#2112,#2112,#2114,.T.);
#2112 = VERTEX_POINT('',#2113);
#2113 = CARTESIAN_POINT('',(112.547645,-86.602736,0.));
#2114 = CIRCLE('',#2115,0.5);
#2115 = AXIS2_PLACEMENT_3D('',#2116,#2117,#2118);
#2116 = CARTESIAN_POINT('',(112.547645,-86.102736,0.));
#2117 = DIRECTION('',(-0.,0.,-1.));
#2118 = DIRECTION('',(-0.,-1.,0.));
#2119 = FACE_BOUND('',#2120,.F.);
#2120 = EDGE_LOOP('',(#2121));
#2121 = ORIENTED_EDGE('',*,*,#2122,.T.);
#2122 = EDGE_CURVE('',#2123,#2123,#2125,.T.);
#2123 = VERTEX_POINT('',#2124);
#2124 = CARTESIAN_POINT('',(127.85,-91.85,0.));
#2125 = CIRCLE('',#2126,0.6);
#2126 = AXIS2_PLACEMENT_3D('',#2127,#2128,#2129);
#2127 = CARTESIAN_POINT('',(127.85,-91.25,0.));
#2128 = DIRECTION('',(-0.,0.,-1.));
#2129 = DIRECTION('',(-0.,-1.,0.));
#2130 = FACE_BOUND('',#2131,.F.);
#2131 = EDGE_LOOP('',(#2132));
#2132 = ORIENTED_EDGE('',*,*,#2133,.T.);
#2133 = EDGE_CURVE('',#2134,#2134,#2136,.T.);
#2134 = VERTEX_POINT('',#2135);
#2135 = CARTESIAN_POINT('',(117.535465,-86.253954,0.));
#2136 = CIRCLE('',#2137,0.5);
#2137 = AXIS2_PLACEMENT_3D('',#2138,#2139,#2140);
#2138 = CARTESIAN_POINT('',(117.535465,-85.753954,0.));
#2139 = DIRECTION('',(-0.,0.,-1.));
#2140 = DIRECTION('',(-0.,-1.,0.));
#2141 = FACE_BOUND('',#2142,.F.);
#2142 = EDGE_LOOP('',(#2143));
#2143 = ORIENTED_EDGE('',*,*,#2144,.T.);
#2144 = EDGE_CURVE('',#2145,#2145,#2147,.T.);
#2145 = VERTEX_POINT('',#2146);
#2146 = CARTESIAN_POINT('',(120.834402,-86.123514,0.));
#2147 = CIRCLE('',#2148,0.5);
#2148 = AXIS2_PLACEMENT_3D('',#2149,#2150,#2151);
#2149 = CARTESIAN_POINT('',(120.834402,-85.623514,0.));
#2150 = DIRECTION('',(-0.,0.,-1.));
#2151 = DIRECTION('',(-0.,-1.,0.));
#2152 = FACE_BOUND('',#2153,.F.);
#2153 = EDGE_LOOP('',(#2154));
#2154 = ORIENTED_EDGE('',*,*,#2155,.T.);
#2155 = EDGE_CURVE('',#2156,#2156,#2158,.T.);
#2156 = VERTEX_POINT('',#2157);
#2157 = CARTESIAN_POINT('',(100.203687,-82.629923,0.));
#2158 = CIRCLE('',#2159,0.5);
#2159 = AXIS2_PLACEMENT_3D('',#2160,#2161,#2162);
#2160 = CARTESIAN_POINT('',(100.203687,-82.129923,0.));
#2161 = DIRECTION('',(-0.,0.,-1.));
#2162 = DIRECTION('',(-0.,-1.,0.));
#2163 = FACE_BOUND('',#2164,.F.);
#2164 = EDGE_LOOP('',(#2165));
#2165 = ORIENTED_EDGE('',*,*,#2166,.T.);
#2166 = EDGE_CURVE('',#2167,#2167,#2169,.T.);
#2167 = VERTEX_POINT('',#2168);
#2168 = CARTESIAN_POINT('',(108.878998,-81.546086,0.));
#2169 = CIRCLE('',#2170,0.6);
#2170 = AXIS2_PLACEMENT_3D('',#2171,#2172,#2173);
#2171 = CARTESIAN_POINT('',(108.878998,-80.946086,0.));
#2172 = DIRECTION('',(-0.,0.,-1.));
#2173 = DIRECTION('',(-0.,-1.,0.));
#2174 = FACE_BOUND('',#2175,.F.);
#2175 = EDGE_LOOP('',(#2176));
#2176 = ORIENTED_EDGE('',*,*,#2177,.T.);
#2177 = EDGE_CURVE('',#2178,#2178,#2180,.T.);
#2178 = VERTEX_POINT('',#2179);
#2179 = CARTESIAN_POINT('',(99.343298,-77.297637,0.));
#2180 = CIRCLE('',#2181,0.6);
#2181 = AXIS2_PLACEMENT_3D('',#2182,#2183,#2184);
#2182 = CARTESIAN_POINT('',(99.343298,-76.697637,0.));
#2183 = DIRECTION('',(-0.,0.,-1.));
#2184 = DIRECTION('',(-0.,-1.,0.));
#2185 = FACE_BOUND('',#2186,.F.);
#2186 = EDGE_LOOP('',(#2187));
#2187 = ORIENTED_EDGE('',*,*,#2188,.T.);
#2188 = EDGE_CURVE('',#2189,#2189,#2191,.T.);
#2189 = VERTEX_POINT('',#2190);
#2190 = CARTESIAN_POINT('',(120.450741,-80.736911,0.));
#2191 = CIRCLE('',#2192,0.6);
#2192 = AXIS2_PLACEMENT_3D('',#2193,#2194,#2195);
#2193 = CARTESIAN_POINT('',(120.450741,-80.136911,0.));
#2194 = DIRECTION('',(-0.,0.,-1.));
#2195 = DIRECTION('',(-0.,-1.,0.));
#2196 = FACE_BOUND('',#2197,.F.);
#2197 = EDGE_LOOP('',(#2198));
#2198 = ORIENTED_EDGE('',*,*,#2199,.T.);
#2199 = EDGE_CURVE('',#2200,#2200,#2202,.T.);
#2200 = VERTEX_POINT('',#2201);
#2201 = CARTESIAN_POINT('',(127.85,-80.25,0.));
#2202 = CIRCLE('',#2203,0.5);
#2203 = AXIS2_PLACEMENT_3D('',#2204,#2205,#2206);
#2204 = CARTESIAN_POINT('',(127.85,-79.75,0.));
#2205 = DIRECTION('',(-0.,0.,-1.));
#2206 = DIRECTION('',(-0.,-1.,0.));
#2207 = FACE_BOUND('',#2208,.F.);
#2208 = EDGE_LOOP('',(#2209));
#2209 = ORIENTED_EDGE('',*,*,#2210,.T.);
#2210 = EDGE_CURVE('',#2211,#2211,#2213,.T.);
#2211 = VERTEX_POINT('',#2212);
#2212 = CARTESIAN_POINT('',(131.15,-80.15,0.));
#2213 = CIRCLE('',#2214,0.5);
#2214 = AXIS2_PLACEMENT_3D('',#2215,#2216,#2217);
#2215 = CARTESIAN_POINT('',(131.15,-79.65,0.));
#2216 = DIRECTION('',(-0.,0.,-1.));
#2217 = DIRECTION('',(-0.,-1.,0.));
#2218 = FACE_BOUND('',#2219,.F.);
#2219 = EDGE_LOOP('',(#2220));
#2220 = ORIENTED_EDGE('',*,*,#2221,.T.);
#2221 = EDGE_CURVE('',#2222,#2222,#2224,.T.);
#2222 = VERTEX_POINT('',#2223);
#2223 = CARTESIAN_POINT('',(66.299106,-74.9289,0.));
#2224 = CIRCLE('',#2225,0.6);
#2225 = AXIS2_PLACEMENT_3D('',#2226,#2227,#2228);
#2226 = CARTESIAN_POINT('',(66.299106,-74.3289,0.));
#2227 = DIRECTION('',(-0.,0.,-1.));
#2228 = DIRECTION('',(-0.,-1.,0.));
#2229 = FACE_BOUND('',#2230,.F.);
#2230 = EDGE_LOOP('',(#2231));
#2231 = ORIENTED_EDGE('',*,*,#2232,.T.);
#2232 = EDGE_CURVE('',#2233,#2233,#2235,.T.);
#2233 = VERTEX_POINT('',#2234);
#2234 = CARTESIAN_POINT('',(64.66975,-64.439924,0.));
#2235 = CIRCLE('',#2236,0.6);
#2236 = AXIS2_PLACEMENT_3D('',#2237,#2238,#2239);
#2237 = CARTESIAN_POINT('',(64.66975,-63.839924,0.));
#2238 = DIRECTION('',(-0.,0.,-1.));
#2239 = DIRECTION('',(-0.,-1.,0.));
#2240 = FACE_BOUND('',#2241,.F.);
#2241 = EDGE_LOOP('',(#2242));
#2242 = ORIENTED_EDGE('',*,*,#2243,.T.);
#2243 = EDGE_CURVE('',#2244,#2244,#2246,.T.);
#2244 = VERTEX_POINT('',#2245);
#2245 = CARTESIAN_POINT('',(102.101422,-68.980824,0.));
#2246 = CIRCLE('',#2247,0.5461);
#2247 = AXIS2_PLACEMENT_3D('',#2248,#2249,#2250);
#2248 = CARTESIAN_POINT('',(102.101422,-68.434724,0.));
#2249 = DIRECTION('',(-0.,0.,-1.));
#2250 = DIRECTION('',(-0.,-1.,0.));
#2251 = FACE_BOUND('',#2252,.F.);
#2252 = EDGE_LOOP('',(#2253));
#2253 = ORIENTED_EDGE('',*,*,#2254,.T.);
#2254 = EDGE_CURVE('',#2255,#2255,#2257,.T.);
#2255 = VERTEX_POINT('',#2256);
#2256 = CARTESIAN_POINT('',(101.704078,-66.472095,0.));
#2257 = CIRCLE('',#2258,0.5461);
#2258 = AXIS2_PLACEMENT_3D('',#2259,#2260,#2261);
#2259 = CARTESIAN_POINT('',(101.704078,-65.925995,0.));
#2260 = DIRECTION('',(-0.,0.,-1.));
#2261 = DIRECTION('',(-2.602244042337E-14,-1.,0.));
#2262 = FACE_BOUND('',#2263,.F.);
#2263 = EDGE_LOOP('',(#2264));
#2264 = ORIENTED_EDGE('',*,*,#2265,.T.);
#2265 = EDGE_CURVE('',#2266,#2266,#2268,.T.);
#2266 = VERTEX_POINT('',#2267);
#2267 = CARTESIAN_POINT('',(108.076859,-69.974089,0.));
#2268 = CIRCLE('',#2269,0.5);
#2269 = AXIS2_PLACEMENT_3D('',#2270,#2271,#2272);
#2270 = CARTESIAN_POINT('',(108.076859,-69.474089,0.));
#2271 = DIRECTION('',(-0.,0.,-1.));
#2272 = DIRECTION('',(-0.,-1.,0.));
#2273 = FACE_BOUND('',#2274,.F.);
#2274 = EDGE_LOOP('',(#2275));
#2275 = ORIENTED_EDGE('',*,*,#2276,.T.);
#2276 = EDGE_CURVE('',#2277,#2277,#2279,.T.);
#2277 = VERTEX_POINT('',#2278);
#2278 = CARTESIAN_POINT('',(111.361845,-69.644136,0.));
#2279 = CIRCLE('',#2280,0.5);
#2280 = AXIS2_PLACEMENT_3D('',#2281,#2282,#2283);
#2281 = CARTESIAN_POINT('',(111.361845,-69.144136,0.));
#2282 = DIRECTION('',(-0.,0.,-1.));
#2283 = DIRECTION('',(-0.,-1.,0.));
#2284 = FACE_BOUND('',#2285,.F.);
#2285 = EDGE_LOOP('',(#2286));
#2286 = ORIENTED_EDGE('',*,*,#2287,.T.);
#2287 = EDGE_CURVE('',#2288,#2288,#2290,.T.);
#2288 = VERTEX_POINT('',#2289);
#2289 = CARTESIAN_POINT('',(127.85,-74.85,0.));
#2290 = CIRCLE('',#2291,0.6);
#2291 = AXIS2_PLACEMENT_3D('',#2292,#2293,#2294);
#2292 = CARTESIAN_POINT('',(127.85,-74.25,0.));
#2293 = DIRECTION('',(-0.,0.,-1.));
#2294 = DIRECTION('',(-0.,-1.,0.));
#2295 = FACE_BOUND('',#2296,.F.);
#2296 = EDGE_LOOP('',(#2297));
#2297 = ORIENTED_EDGE('',*,*,#2298,.T.);
#2298 = EDGE_CURVE('',#2299,#2299,#2301,.T.);
#2299 = VERTEX_POINT('',#2300);
#2300 = CARTESIAN_POINT('',(116.349665,-69.295354,0.));
#2301 = CIRCLE('',#2302,0.5);
#2302 = AXIS2_PLACEMENT_3D('',#2303,#2304,#2305);
#2303 = CARTESIAN_POINT('',(116.349665,-68.795354,0.));
#2304 = DIRECTION('',(-0.,0.,-1.));
#2305 = DIRECTION('',(-0.,-1.,0.));
#2306 = FACE_BOUND('',#2307,.F.);
#2307 = EDGE_LOOP('',(#2308));
#2308 = ORIENTED_EDGE('',*,*,#2309,.T.);
#2309 = EDGE_CURVE('',#2310,#2310,#2312,.T.);
#2310 = VERTEX_POINT('',#2311);
#2311 = CARTESIAN_POINT('',(119.648602,-69.164914,0.));
#2312 = CIRCLE('',#2313,0.5);
#2313 = AXIS2_PLACEMENT_3D('',#2314,#2315,#2316);
#2314 = CARTESIAN_POINT('',(119.648602,-68.664914,0.));
#2315 = DIRECTION('',(-0.,0.,-1.));
#2316 = DIRECTION('',(-0.,-1.,0.));
#2317 = FACE_BOUND('',#2318,.F.);
#2318 = EDGE_LOOP('',(#2319));
#2319 = ORIENTED_EDGE('',*,*,#2320,.T.);
#2320 = EDGE_CURVE('',#2321,#2321,#2323,.T.);
#2321 = VERTEX_POINT('',#2322);
#2322 = CARTESIAN_POINT('',(101.306735,-63.963367,0.));
#2323 = CIRCLE('',#2324,0.5461);
#2324 = AXIS2_PLACEMENT_3D('',#2325,#2326,#2327);
#2325 = CARTESIAN_POINT('',(101.306735,-63.417267,0.));
#2326 = DIRECTION('',(-0.,0.,-1.));
#2327 = DIRECTION('',(-0.,-1.,0.));
#2328 = FACE_BOUND('',#2329,.F.);
#2329 = EDGE_LOOP('',(#2330));
#2330 = ORIENTED_EDGE('',*,*,#2331,.T.);
#2331 = EDGE_CURVE('',#2332,#2332,#2334,.T.);
#2332 = VERTEX_POINT('',#2333);
#2333 = CARTESIAN_POINT('',(100.909391,-61.454639,0.));
#2334 = CIRCLE('',#2335,0.5461);
#2335 = AXIS2_PLACEMENT_3D('',#2336,#2337,#2338);
#2336 = CARTESIAN_POINT('',(100.909391,-60.908539,0.));
#2337 = DIRECTION('',(-0.,0.,-1.));
#2338 = DIRECTION('',(-0.,-1.,0.));
#2339 = FACE_BOUND('',#2340,.F.);
#2340 = EDGE_LOOP('',(#2341));
#2341 = ORIENTED_EDGE('',*,*,#2342,.T.);
#2342 = EDGE_CURVE('',#2343,#2343,#2345,.T.);
#2343 = VERTEX_POINT('',#2344);
#2344 = CARTESIAN_POINT('',(107.693198,-64.587486,0.));
#2345 = CIRCLE('',#2346,0.6);
#2346 = AXIS2_PLACEMENT_3D('',#2347,#2348,#2349);
#2347 = CARTESIAN_POINT('',(107.693198,-63.987486,0.));
#2348 = DIRECTION('',(-0.,0.,-1.));
#2349 = DIRECTION('',(-0.,-1.,0.));
#2350 = FACE_BOUND('',#2351,.F.);
#2351 = EDGE_LOOP('',(#2352));
#2352 = ORIENTED_EDGE('',*,*,#2353,.T.);
#2353 = EDGE_CURVE('',#2354,#2354,#2356,.T.);
#2354 = VERTEX_POINT('',#2355);
#2355 = CARTESIAN_POINT('',(100.512047,-58.94591,0.));
#2356 = CIRCLE('',#2357,0.5461);
#2357 = AXIS2_PLACEMENT_3D('',#2358,#2359,#2360);
#2358 = CARTESIAN_POINT('',(100.512047,-58.39981,0.));
#2359 = DIRECTION('',(-0.,0.,-1.));
#2360 = DIRECTION('',(-0.,-1.,0.));
#2361 = FACE_BOUND('',#2362,.F.);
#2362 = EDGE_LOOP('',(#2363));
#2363 = ORIENTED_EDGE('',*,*,#2364,.T.);
#2364 = EDGE_CURVE('',#2365,#2365,#2367,.T.);
#2365 = VERTEX_POINT('',#2366);
#2366 = CARTESIAN_POINT('',(104.5,-57.1,0.));
#2367 = CIRCLE('',#2368,0.6);
#2368 = AXIS2_PLACEMENT_3D('',#2369,#2370,#2371);
#2369 = CARTESIAN_POINT('',(104.5,-56.5,0.));
#2370 = DIRECTION('',(-0.,0.,-1.));
#2371 = DIRECTION('',(-0.,-1.,0.));
#2372 = FACE_BOUND('',#2373,.F.);
#2373 = EDGE_LOOP('',(#2374));
#2374 = ORIENTED_EDGE('',*,*,#2375,.T.);
#2375 = EDGE_CURVE('',#2376,#2376,#2378,.T.);
#2376 = VERTEX_POINT('',#2377);
#2377 = CARTESIAN_POINT('',(119.264941,-63.778311,0.));
#2378 = CIRCLE('',#2379,0.6);
#2379 = AXIS2_PLACEMENT_3D('',#2380,#2381,#2382);
#2380 = CARTESIAN_POINT('',(119.264941,-63.178311,0.));
#2381 = DIRECTION('',(-0.,0.,-1.));
#2382 = DIRECTION('',(-0.,-1.,0.));
#2383 = FACE_BOUND('',#2384,.F.);
#2384 = EDGE_LOOP('',(#2385));
#2385 = ORIENTED_EDGE('',*,*,#2386,.T.);
#2386 = EDGE_CURVE('',#2387,#2387,#2389,.T.);
#2387 = VERTEX_POINT('',#2388);
#2388 = CARTESIAN_POINT('',(127.85,-63.25,0.));
#2389 = CIRCLE('',#2390,0.5);
#2390 = AXIS2_PLACEMENT_3D('',#2391,#2392,#2393);
#2391 = CARTESIAN_POINT('',(127.85,-62.75,0.));
#2392 = DIRECTION('',(-0.,0.,-1.));
#2393 = DIRECTION('',(-0.,-1.,0.));
#2394 = FACE_BOUND('',#2395,.F.);
#2395 = EDGE_LOOP('',(#2396));
#2396 = ORIENTED_EDGE('',*,*,#2397,.T.);
#2397 = EDGE_CURVE('',#2398,#2398,#2400,.T.);
#2398 = VERTEX_POINT('',#2399);
#2399 = CARTESIAN_POINT('',(131.15,-63.15,0.));
#2400 = CIRCLE('',#2401,0.5);
#2401 = AXIS2_PLACEMENT_3D('',#2402,#2403,#2404);
#2402 = CARTESIAN_POINT('',(131.15,-62.65,0.));
#2403 = DIRECTION('',(-0.,0.,-1.));
#2404 = DIRECTION('',(-0.,-1.,0.));
#2405 = FACE_BOUND('',#2406,.F.);
#2406 = EDGE_LOOP('',(#2407));
#2407 = ORIENTED_EDGE('',*,*,#2408,.T.);
#2408 = EDGE_CURVE('',#2409,#2409,#2411,.T.);
#2409 = VERTEX_POINT('',#2410);
#2410 = CARTESIAN_POINT('',(127.85,-57.85,0.));
#2411 = CIRCLE('',#2412,0.6);
#2412 = AXIS2_PLACEMENT_3D('',#2413,#2414,#2415);
#2413 = CARTESIAN_POINT('',(127.85,-57.25,0.));
#2414 = DIRECTION('',(-0.,0.,-1.));
#2415 = DIRECTION('',(-0.,-1.,0.));
#2416 = FACE_BOUND('',#2417,.F.);
#2417 = EDGE_LOOP('',(#2418));
#2418 = ORIENTED_EDGE('',*,*,#2419,.T.);
#2419 = EDGE_CURVE('',#2420,#2420,#2422,.T.);
#2420 = VERTEX_POINT('',#2421);
#2421 = CARTESIAN_POINT('',(139.45,-91.85,0.));
#2422 = CIRCLE('',#2423,0.6);
#2423 = AXIS2_PLACEMENT_3D('',#2424,#2425,#2426);
#2424 = CARTESIAN_POINT('',(139.45,-91.25,0.));
#2425 = DIRECTION('',(-0.,0.,-1.));
#2426 = DIRECTION('',(-0.,-1.,0.));
#2427 = FACE_BOUND('',#2428,.F.);
#2428 = EDGE_LOOP('',(#2429));
#2429 = ORIENTED_EDGE('',*,*,#2430,.T.);
#2430 = EDGE_CURVE('',#2431,#2431,#2433,.T.);
#2431 = VERTEX_POINT('',#2432);
#2432 = CARTESIAN_POINT('',(144.85,-86.25,0.));
#2433 = CIRCLE('',#2434,0.5);
#2434 = AXIS2_PLACEMENT_3D('',#2435,#2436,#2437);
#2435 = CARTESIAN_POINT('',(144.85,-85.75,0.));
#2436 = DIRECTION('',(-0.,0.,-1.));
#2437 = DIRECTION('',(-0.,-1.,0.));
#2438 = FACE_BOUND('',#2439,.F.);
#2439 = EDGE_LOOP('',(#2440));
#2440 = ORIENTED_EDGE('',*,*,#2441,.T.);
#2441 = EDGE_CURVE('',#2442,#2442,#2444,.T.);
#2442 = VERTEX_POINT('',#2443);
#2443 = CARTESIAN_POINT('',(148.15,-86.15,0.));
#2444 = CIRCLE('',#2445,0.5);
#2445 = AXIS2_PLACEMENT_3D('',#2446,#2447,#2448);
#2446 = CARTESIAN_POINT('',(148.15,-85.65,0.));
#2447 = DIRECTION('',(-0.,0.,-1.));
#2448 = DIRECTION('',(-0.,-1.,0.));
#2449 = FACE_BOUND('',#2450,.F.);
#2450 = EDGE_LOOP('',(#2451));
#2451 = ORIENTED_EDGE('',*,*,#2452,.T.);
#2452 = EDGE_CURVE('',#2453,#2453,#2455,.T.);
#2453 = VERTEX_POINT('',#2454);
#2454 = CARTESIAN_POINT('',(153.15,-86.15,0.));
#2455 = CIRCLE('',#2456,0.5);
#2456 = AXIS2_PLACEMENT_3D('',#2457,#2458,#2459);
#2457 = CARTESIAN_POINT('',(153.15,-85.65,0.));
#2458 = DIRECTION('',(-0.,0.,-1.));
#2459 = DIRECTION('',(-0.,-1.,0.));
#2460 = FACE_BOUND('',#2461,.F.);
#2461 = EDGE_LOOP('',(#2462));
#2462 = ORIENTED_EDGE('',*,*,#2463,.T.);
#2463 = EDGE_CURVE('',#2464,#2464,#2466,.T.);
#2464 = VERTEX_POINT('',#2465);
#2465 = CARTESIAN_POINT('',(156.45,-86.25,0.));
#2466 = CIRCLE('',#2467,0.5);
#2467 = AXIS2_PLACEMENT_3D('',#2468,#2469,#2470);
#2468 = CARTESIAN_POINT('',(156.45,-85.75,0.));
#2469 = DIRECTION('',(-0.,0.,-1.));
#2470 = DIRECTION('',(-0.,-1.,0.));
#2471 = FACE_BOUND('',#2472,.F.);
#2472 = EDGE_LOOP('',(#2473));
#2473 = ORIENTED_EDGE('',*,*,#2474,.T.);
#2474 = EDGE_CURVE('',#2475,#2475,#2477,.T.);
#2475 = VERTEX_POINT('',#2476);
#2476 = CARTESIAN_POINT('',(161.85,-88.25,0.));
#2477 = CIRCLE('',#2478,0.5);
#2478 = AXIS2_PLACEMENT_3D('',#2479,#2480,#2481);
#2479 = CARTESIAN_POINT('',(161.85,-87.75,0.));
#2480 = DIRECTION('',(-0.,0.,-1.));
#2481 = DIRECTION('',(-0.,-1.,0.));
#2482 = FACE_BOUND('',#2483,.F.);
#2483 = EDGE_LOOP('',(#2484));
#2484 = ORIENTED_EDGE('',*,*,#2485,.T.);
#2485 = EDGE_CURVE('',#2486,#2486,#2488,.T.);
#2486 = VERTEX_POINT('',#2487);
#2487 = CARTESIAN_POINT('',(165.15,-88.15,0.));
#2488 = CIRCLE('',#2489,0.5);
#2489 = AXIS2_PLACEMENT_3D('',#2490,#2491,#2492);
#2490 = CARTESIAN_POINT('',(165.15,-87.65,0.));
#2491 = DIRECTION('',(-0.,0.,-1.));
#2492 = DIRECTION('',(-0.,-1.,0.));
#2493 = FACE_BOUND('',#2494,.F.);
#2494 = EDGE_LOOP('',(#2495));
#2495 = ORIENTED_EDGE('',*,*,#2496,.T.);
#2496 = EDGE_CURVE('',#2497,#2497,#2499,.T.);
#2497 = VERTEX_POINT('',#2498);
#2498 = CARTESIAN_POINT('',(136.15,-80.15,0.));
#2499 = CIRCLE('',#2500,0.5);
#2500 = AXIS2_PLACEMENT_3D('',#2501,#2502,#2503);
#2501 = CARTESIAN_POINT('',(136.15,-79.65,0.));
#2502 = DIRECTION('',(-0.,0.,-1.));
#2503 = DIRECTION('',(-0.,-1.,0.));
#2504 = FACE_BOUND('',#2505,.F.);
#2505 = EDGE_LOOP('',(#2506));
#2506 = ORIENTED_EDGE('',*,*,#2507,.T.);
#2507 = EDGE_CURVE('',#2508,#2508,#2510,.T.);
#2508 = VERTEX_POINT('',#2509);
#2509 = CARTESIAN_POINT('',(139.45,-80.25,0.));
#2510 = CIRCLE('',#2511,0.5);
#2511 = AXIS2_PLACEMENT_3D('',#2512,#2513,#2514);
#2512 = CARTESIAN_POINT('',(139.45,-79.75,0.));
#2513 = DIRECTION('',(-0.,0.,-1.));
#2514 = DIRECTION('',(-0.,-1.,0.));
#2515 = FACE_BOUND('',#2516,.F.);
#2516 = EDGE_LOOP('',(#2517));
#2517 = ORIENTED_EDGE('',*,*,#2518,.T.);
#2518 = EDGE_CURVE('',#2519,#2519,#2521,.T.);
#2519 = VERTEX_POINT('',#2520);
#2520 = CARTESIAN_POINT('',(144.85,-80.85,0.));
#2521 = CIRCLE('',#2522,0.6);
#2522 = AXIS2_PLACEMENT_3D('',#2523,#2524,#2525);
#2523 = CARTESIAN_POINT('',(144.85,-80.25,0.));
#2524 = DIRECTION('',(-0.,0.,-1.));
#2525 = DIRECTION('',(-0.,-1.,0.));
#2526 = FACE_BOUND('',#2527,.F.);
#2527 = EDGE_LOOP('',(#2528));
#2528 = ORIENTED_EDGE('',*,*,#2529,.T.);
#2529 = EDGE_CURVE('',#2530,#2530,#2532,.T.);
#2530 = VERTEX_POINT('',#2531);
#2531 = CARTESIAN_POINT('',(156.45,-80.85,0.));
#2532 = CIRCLE('',#2533,0.6);
#2533 = AXIS2_PLACEMENT_3D('',#2534,#2535,#2536);
#2534 = CARTESIAN_POINT('',(156.45,-80.25,0.));
#2535 = DIRECTION('',(-0.,0.,-1.));
#2536 = DIRECTION('',(-0.,-1.,0.));
#2537 = FACE_BOUND('',#2538,.F.);
#2538 = EDGE_LOOP('',(#2539));
#2539 = ORIENTED_EDGE('',*,*,#2540,.T.);
#2540 = EDGE_CURVE('',#2541,#2541,#2543,.T.);
#2541 = VERTEX_POINT('',#2542);
#2542 = CARTESIAN_POINT('',(161.85,-82.85,0.));
#2543 = CIRCLE('',#2544,0.6);
#2544 = AXIS2_PLACEMENT_3D('',#2545,#2546,#2547);
#2545 = CARTESIAN_POINT('',(161.85,-82.25,0.));
#2546 = DIRECTION('',(-0.,0.,-1.));
#2547 = DIRECTION('',(-0.,-1.,0.));
#2548 = FACE_BOUND('',#2549,.F.);
#2549 = EDGE_LOOP('',(#2550));
#2550 = ORIENTED_EDGE('',*,*,#2551,.T.);
#2551 = EDGE_CURVE('',#2552,#2552,#2554,.T.);
#2552 = VERTEX_POINT('',#2553);
#2553 = CARTESIAN_POINT('',(170.15,-88.15,0.));
#2554 = CIRCLE('',#2555,0.5);
#2555 = AXIS2_PLACEMENT_3D('',#2556,#2557,#2558);
#2556 = CARTESIAN_POINT('',(170.15,-87.65,0.));
#2557 = DIRECTION('',(-0.,0.,-1.));
#2558 = DIRECTION('',(-0.,-1.,0.));
#2559 = FACE_BOUND('',#2560,.F.);
#2560 = EDGE_LOOP('',(#2561));
#2561 = ORIENTED_EDGE('',*,*,#2562,.T.);
#2562 = EDGE_CURVE('',#2563,#2563,#2565,.T.);
#2563 = VERTEX_POINT('',#2564);
#2564 = CARTESIAN_POINT('',(173.45,-88.25,0.));
#2565 = CIRCLE('',#2566,0.5);
#2566 = AXIS2_PLACEMENT_3D('',#2567,#2568,#2569);
#2567 = CARTESIAN_POINT('',(173.45,-87.75,0.));
#2568 = DIRECTION('',(-0.,0.,-1.));
#2569 = DIRECTION('',(-0.,-1.,0.));
#2570 = FACE_BOUND('',#2571,.F.);
#2571 = EDGE_LOOP('',(#2572));
#2572 = ORIENTED_EDGE('',*,*,#2573,.T.);
#2573 = EDGE_CURVE('',#2574,#2574,#2576,.T.);
#2574 = VERTEX_POINT('',#2575);
#2575 = CARTESIAN_POINT('',(173.45,-82.85,0.));
#2576 = CIRCLE('',#2577,0.6);
#2577 = AXIS2_PLACEMENT_3D('',#2578,#2579,#2580);
#2578 = CARTESIAN_POINT('',(173.45,-82.25,0.));
#2579 = DIRECTION('',(-0.,0.,-1.));
#2580 = DIRECTION('',(-0.,-1.,0.));
#2581 = FACE_BOUND('',#2582,.F.);
#2582 = EDGE_LOOP('',(#2583,#2593,#2601,#2609,#2617,#2625,#2633,#2641,
    #2649,#2657,#2665,#2673,#2681,#2689,#2697,#2705,#2713,#2721,#2729,
    #2737,#2745,#2753,#2761,#2769,#2777,#2785,#2793,#2801,#2809,#2817,
    #2825,#2833,#2841,#2849,#2857,#2865,#2873,#2881,#2889,#2897,#2905,
    #2913,#2921,#2929,#2937,#2945,#2953,#2961));
#2583 = ORIENTED_EDGE('',*,*,#2584,.F.);
#2584 = EDGE_CURVE('',#2585,#2587,#2589,.T.);
#2585 = VERTEX_POINT('',#2586);
#2586 = CARTESIAN_POINT('',(177.826486,-59.515,0.));
#2587 = VERTEX_POINT('',#2588);
#2588 = CARTESIAN_POINT('',(177.727642,-59.537538,0.));
#2589 = LINE('',#2590,#2591);
#2590 = CARTESIAN_POINT('',(177.826486,-59.515,0.));
#2591 = VECTOR('',#2592,1.);
#2592 = DIRECTION('',(-0.97497603208,-0.22231000173,0.));
#2593 = ORIENTED_EDGE('',*,*,#2594,.F.);
#2594 = EDGE_CURVE('',#2595,#2585,#2597,.T.);
#2595 = VERTEX_POINT('',#2596);
#2596 = CARTESIAN_POINT('',(178.,-59.5,0.));
#2597 = LINE('',#2598,#2599);
#2598 = CARTESIAN_POINT('',(178.,-59.5,0.));
#2599 = VECTOR('',#2600,1.);
#2600 = DIRECTION('',(-0.996284155239,-8.612712708246E-02,0.));
#2601 = ORIENTED_EDGE('',*,*,#2602,.F.);
#2602 = EDGE_CURVE('',#2603,#2595,#2605,.T.);
#2603 = VERTEX_POINT('',#2604);
#2604 = CARTESIAN_POINT('',(201.,-59.5,0.));
#2605 = LINE('',#2606,#2607);
#2606 = CARTESIAN_POINT('',(201.,-59.5,0.));
#2607 = VECTOR('',#2608,1.);
#2608 = DIRECTION('',(-1.,0.,0.));
#2609 = ORIENTED_EDGE('',*,*,#2610,.F.);
#2610 = EDGE_CURVE('',#2611,#2603,#2613,.T.);
#2611 = VERTEX_POINT('',#2612);
#2612 = CARTESIAN_POINT('',(201.196885,-59.519376,0.));
#2613 = LINE('',#2614,#2615);
#2614 = CARTESIAN_POINT('',(201.196885,-59.519376,0.));
#2615 = VECTOR('',#2616,1.);
#2616 = DIRECTION('',(-0.995192356205,9.793964544702E-02,0.));
#2617 = ORIENTED_EDGE('',*,*,#2618,.F.);
#2618 = EDGE_CURVE('',#2619,#2611,#2621,.T.);
#2619 = VERTEX_POINT('',#2620);
#2620 = CARTESIAN_POINT('',(201.384972,-59.576789,0.));
#2621 = LINE('',#2622,#2623);
#2622 = CARTESIAN_POINT('',(201.384972,-59.576789,0.));
#2623 = VECTOR('',#2624,1.);
#2624 = DIRECTION('',(-0.956433995663,0.291948646068,0.));
#2625 = ORIENTED_EDGE('',*,*,#2626,.F.);
#2626 = EDGE_CURVE('',#2627,#2619,#2629,.T.);
#2627 = VERTEX_POINT('',#2628);
#2628 = CARTESIAN_POINT('',(201.558949,-59.670676,0.));
#2629 = LINE('',#2630,#2631);
#2630 = CARTESIAN_POINT('',(201.558949,-59.670676,0.));
#2631 = VECTOR('',#2632,1.);
#2632 = DIRECTION('',(-0.880033481371,0.474911646168,0.));
#2633 = ORIENTED_EDGE('',*,*,#2634,.F.);
#2634 = EDGE_CURVE('',#2635,#2627,#2637,.T.);
#2635 = VERTEX_POINT('',#2636);
#2636 = CARTESIAN_POINT('',(201.712297,-59.798121,0.));
#2637 = LINE('',#2638,#2639);
#2638 = CARTESIAN_POINT('',(201.712297,-59.798121,0.));
#2639 = VECTOR('',#2640,1.);
#2640 = DIRECTION('',(-0.769071541343,0.639162705653,0.));
#2641 = ORIENTED_EDGE('',*,*,#2642,.F.);
#2642 = EDGE_CURVE('',#2643,#2635,#2645,.T.);
#2643 = VERTEX_POINT('',#2644);
#2644 = CARTESIAN_POINT('',(201.779056,-59.872989,0.));
#2645 = LINE('',#2646,#2647);
#2646 = CARTESIAN_POINT('',(201.779056,-59.872989,0.));
#2647 = VECTOR('',#2648,1.);
#2648 = DIRECTION('',(-0.665530656515,0.746370514717,0.));
#2649 = ORIENTED_EDGE('',*,*,#2650,.F.);
#2650 = EDGE_CURVE('',#2651,#2643,#2653,.T.);
#2651 = VERTEX_POINT('',#2652);
#2652 = CARTESIAN_POINT('',(201.838127,-59.954313,0.));
#2653 = LINE('',#2654,#2655);
#2654 = CARTESIAN_POINT('',(201.838127,-59.954313,0.));
#2655 = VECTOR('',#2656,1.);
#2656 = DIRECTION('',(-0.587691841793,0.809084852837,0.));
#2657 = ORIENTED_EDGE('',*,*,#2658,.F.);
#2658 = EDGE_CURVE('',#2659,#2651,#2661,.T.);
#2659 = VERTEX_POINT('',#2660);
#2660 = CARTESIAN_POINT('',(201.888633,-60.040928,0.));
#2661 = LINE('',#2662,#2663);
#2662 = CARTESIAN_POINT('',(201.888633,-60.040928,0.));
#2663 = VECTOR('',#2664,1.);
#2664 = DIRECTION('',(-0.503726530498,0.863863173467,0.));
#2665 = ORIENTED_EDGE('',*,*,#2666,.F.);
#2666 = EDGE_CURVE('',#2667,#2659,#2669,.T.);
#2667 = VERTEX_POINT('',#2668);
#2668 = CARTESIAN_POINT('',(201.930423,-60.132785,0.));
#2669 = LINE('',#2670,#2671);
#2670 = CARTESIAN_POINT('',(201.930423,-60.132785,0.));
#2671 = VECTOR('',#2672,1.);
#2672 = DIRECTION('',(-0.414105287688,0.910228988062,0.));
#2673 = ORIENTED_EDGE('',*,*,#2674,.F.);
#2674 = EDGE_CURVE('',#2675,#2667,#2677,.T.);
#2675 = VERTEX_POINT('',#2676);
#2676 = CARTESIAN_POINT('',(201.962462,-60.227642,0.));
#2677 = LINE('',#2678,#2679);
#2678 = CARTESIAN_POINT('',(201.962462,-60.227642,0.));
#2679 = VECTOR('',#2680,1.);
#2680 = DIRECTION('',(-0.320000668508,0.947417316791,0.));
#2681 = ORIENTED_EDGE('',*,*,#2682,.F.);
#2682 = EDGE_CURVE('',#2683,#2675,#2685,.T.);
#2683 = VERTEX_POINT('',#2684);
#2684 = CARTESIAN_POINT('',(201.985,-60.326486,0.));
#2685 = LINE('',#2686,#2687);
#2686 = CARTESIAN_POINT('',(201.985,-60.326486,0.));
#2687 = VECTOR('',#2688,1.);
#2688 = DIRECTION('',(-0.22231000173,0.97497603208,0.));
#2689 = ORIENTED_EDGE('',*,*,#2690,.F.);
#2690 = EDGE_CURVE('',#2691,#2683,#2693,.T.);
#2691 = VERTEX_POINT('',#2692);
#2692 = CARTESIAN_POINT('',(202.,-60.5,0.));
#2693 = LINE('',#2694,#2695);
#2694 = CARTESIAN_POINT('',(202.,-60.5,0.));
#2695 = VECTOR('',#2696,1.);
#2696 = DIRECTION('',(-8.612712708239E-02,0.996284155239,0.));
#2697 = ORIENTED_EDGE('',*,*,#2698,.F.);
#2698 = EDGE_CURVE('',#2699,#2691,#2701,.T.);
#2699 = VERTEX_POINT('',#2700);
#2700 = CARTESIAN_POINT('',(202.,-97.,0.));
#2701 = LINE('',#2702,#2703);
#2702 = CARTESIAN_POINT('',(202.,-97.,0.));
#2703 = VECTOR('',#2704,1.);
#2704 = DIRECTION('',(0.,1.,0.));
#2705 = ORIENTED_EDGE('',*,*,#2706,.F.);
#2706 = EDGE_CURVE('',#2707,#2699,#2709,.T.);
#2707 = VERTEX_POINT('',#2708);
#2708 = CARTESIAN_POINT('',(201.980624,-97.196885,0.));
#2709 = LINE('',#2710,#2711);
#2710 = CARTESIAN_POINT('',(201.980624,-97.196885,0.));
#2711 = VECTOR('',#2712,1.);
#2712 = DIRECTION('',(9.793964544699E-02,0.995192356205,0.));
#2713 = ORIENTED_EDGE('',*,*,#2714,.F.);
#2714 = EDGE_CURVE('',#2715,#2707,#2717,.T.);
#2715 = VERTEX_POINT('',#2716);
#2716 = CARTESIAN_POINT('',(201.923211,-97.384972,0.));
#2717 = LINE('',#2718,#2719);
#2718 = CARTESIAN_POINT('',(201.923211,-97.384972,0.));
#2719 = VECTOR('',#2720,1.);
#2720 = DIRECTION('',(0.291948646068,0.956433995663,0.));
#2721 = ORIENTED_EDGE('',*,*,#2722,.F.);
#2722 = EDGE_CURVE('',#2723,#2715,#2725,.T.);
#2723 = VERTEX_POINT('',#2724);
#2724 = CARTESIAN_POINT('',(201.829324,-97.558949,0.));
#2725 = LINE('',#2726,#2727);
#2726 = CARTESIAN_POINT('',(201.829324,-97.558949,0.));
#2727 = VECTOR('',#2728,1.);
#2728 = DIRECTION('',(0.474911646168,0.880033481371,0.));
#2729 = ORIENTED_EDGE('',*,*,#2730,.F.);
#2730 = EDGE_CURVE('',#2731,#2723,#2733,.T.);
#2731 = VERTEX_POINT('',#2732);
#2732 = CARTESIAN_POINT('',(201.701879,-97.712297,0.));
#2733 = LINE('',#2734,#2735);
#2734 = CARTESIAN_POINT('',(201.701879,-97.712297,0.));
#2735 = VECTOR('',#2736,1.);
#2736 = DIRECTION('',(0.639162705653,0.769071541342,0.));
#2737 = ORIENTED_EDGE('',*,*,#2738,.F.);
#2738 = EDGE_CURVE('',#2739,#2731,#2741,.T.);
#2739 = VERTEX_POINT('',#2740);
#2740 = CARTESIAN_POINT('',(201.627011,-97.779056,0.));
#2741 = LINE('',#2742,#2743);
#2742 = CARTESIAN_POINT('',(201.627011,-97.779056,0.));
#2743 = VECTOR('',#2744,1.);
#2744 = DIRECTION('',(0.746370514717,0.665530656515,0.));
#2745 = ORIENTED_EDGE('',*,*,#2746,.F.);
#2746 = EDGE_CURVE('',#2747,#2739,#2749,.T.);
#2747 = VERTEX_POINT('',#2748);
#2748 = CARTESIAN_POINT('',(201.545687,-97.838127,0.));
#2749 = LINE('',#2750,#2751);
#2750 = CARTESIAN_POINT('',(201.545687,-97.838127,0.));
#2751 = VECTOR('',#2752,1.);
#2752 = DIRECTION('',(0.809084852837,0.587691841792,0.));
#2753 = ORIENTED_EDGE('',*,*,#2754,.F.);
#2754 = EDGE_CURVE('',#2755,#2747,#2757,.T.);
#2755 = VERTEX_POINT('',#2756);
#2756 = CARTESIAN_POINT('',(201.459072,-97.888633,0.));
#2757 = LINE('',#2758,#2759);
#2758 = CARTESIAN_POINT('',(201.459072,-97.888633,0.));
#2759 = VECTOR('',#2760,1.);
#2760 = DIRECTION('',(0.863863173467,0.503726530498,0.));
#2761 = ORIENTED_EDGE('',*,*,#2762,.F.);
#2762 = EDGE_CURVE('',#2763,#2755,#2765,.T.);
#2763 = VERTEX_POINT('',#2764);
#2764 = CARTESIAN_POINT('',(201.367215,-97.930423,0.));
#2765 = LINE('',#2766,#2767);
#2766 = CARTESIAN_POINT('',(201.367215,-97.930423,0.));
#2767 = VECTOR('',#2768,1.);
#2768 = DIRECTION('',(0.910228988062,0.414105287688,0.));
#2769 = ORIENTED_EDGE('',*,*,#2770,.F.);
#2770 = EDGE_CURVE('',#2771,#2763,#2773,.T.);
#2771 = VERTEX_POINT('',#2772);
#2772 = CARTESIAN_POINT('',(201.272358,-97.962462,0.));
#2773 = LINE('',#2774,#2775);
#2774 = CARTESIAN_POINT('',(201.272358,-97.962462,0.));
#2775 = VECTOR('',#2776,1.);
#2776 = DIRECTION('',(0.947417316791,0.320000668508,0.));
#2777 = ORIENTED_EDGE('',*,*,#2778,.F.);
#2778 = EDGE_CURVE('',#2779,#2771,#2781,.T.);
#2779 = VERTEX_POINT('',#2780);
#2780 = CARTESIAN_POINT('',(201.173514,-97.985,0.));
#2781 = LINE('',#2782,#2783);
#2782 = CARTESIAN_POINT('',(201.173514,-97.985,0.));
#2783 = VECTOR('',#2784,1.);
#2784 = DIRECTION('',(0.97497603208,0.22231000173,0.));
#2785 = ORIENTED_EDGE('',*,*,#2786,.F.);
#2786 = EDGE_CURVE('',#2787,#2779,#2789,.T.);
#2787 = VERTEX_POINT('',#2788);
#2788 = CARTESIAN_POINT('',(201.,-98.,0.));
#2789 = LINE('',#2790,#2791);
#2790 = CARTESIAN_POINT('',(201.,-98.,0.));
#2791 = VECTOR('',#2792,1.);
#2792 = DIRECTION('',(0.996284155239,8.612712708246E-02,0.));
#2793 = ORIENTED_EDGE('',*,*,#2794,.F.);
#2794 = EDGE_CURVE('',#2795,#2787,#2797,.T.);
#2795 = VERTEX_POINT('',#2796);
#2796 = CARTESIAN_POINT('',(178.,-98.,0.));
#2797 = LINE('',#2798,#2799);
#2798 = CARTESIAN_POINT('',(178.,-98.,0.));
#2799 = VECTOR('',#2800,1.);
#2800 = DIRECTION('',(1.,0.,0.));
#2801 = ORIENTED_EDGE('',*,*,#2802,.F.);
#2802 = EDGE_CURVE('',#2803,#2795,#2805,.T.);
#2803 = VERTEX_POINT('',#2804);
#2804 = CARTESIAN_POINT('',(177.803115,-97.980624,0.));
#2805 = LINE('',#2806,#2807);
#2806 = CARTESIAN_POINT('',(177.803115,-97.980624,0.));
#2807 = VECTOR('',#2808,1.);
#2808 = DIRECTION('',(0.995192356205,-9.793964544699E-02,0.));
#2809 = ORIENTED_EDGE('',*,*,#2810,.F.);
#2810 = EDGE_CURVE('',#2811,#2803,#2813,.T.);
#2811 = VERTEX_POINT('',#2812);
#2812 = CARTESIAN_POINT('',(177.615028,-97.923211,0.));
#2813 = LINE('',#2814,#2815);
#2814 = CARTESIAN_POINT('',(177.615028,-97.923211,0.));
#2815 = VECTOR('',#2816,1.);
#2816 = DIRECTION('',(0.956433995663,-0.291948646068,0.));
#2817 = ORIENTED_EDGE('',*,*,#2818,.F.);
#2818 = EDGE_CURVE('',#2819,#2811,#2821,.T.);
#2819 = VERTEX_POINT('',#2820);
#2820 = CARTESIAN_POINT('',(177.441051,-97.829324,0.));
#2821 = LINE('',#2822,#2823);
#2822 = CARTESIAN_POINT('',(177.441051,-97.829324,0.));
#2823 = VECTOR('',#2824,1.);
#2824 = DIRECTION('',(0.880033481371,-0.474911646168,0.));
#2825 = ORIENTED_EDGE('',*,*,#2826,.F.);
#2826 = EDGE_CURVE('',#2827,#2819,#2829,.T.);
#2827 = VERTEX_POINT('',#2828);
#2828 = CARTESIAN_POINT('',(177.287703,-97.701879,0.));
#2829 = LINE('',#2830,#2831);
#2830 = CARTESIAN_POINT('',(177.287703,-97.701879,0.));
#2831 = VECTOR('',#2832,1.);
#2832 = DIRECTION('',(0.769071541343,-0.639162705652,0.));
#2833 = ORIENTED_EDGE('',*,*,#2834,.F.);
#2834 = EDGE_CURVE('',#2835,#2827,#2837,.T.);
#2835 = VERTEX_POINT('',#2836);
#2836 = CARTESIAN_POINT('',(177.220944,-97.627011,0.));
#2837 = LINE('',#2838,#2839);
#2838 = CARTESIAN_POINT('',(177.220944,-97.627011,0.));
#2839 = VECTOR('',#2840,1.);
#2840 = DIRECTION('',(0.665530656515,-0.746370514717,0.));
#2841 = ORIENTED_EDGE('',*,*,#2842,.F.);
#2842 = EDGE_CURVE('',#2843,#2835,#2845,.T.);
#2843 = VERTEX_POINT('',#2844);
#2844 = CARTESIAN_POINT('',(177.161873,-97.545687,0.));
#2845 = LINE('',#2846,#2847);
#2846 = CARTESIAN_POINT('',(177.161873,-97.545687,0.));
#2847 = VECTOR('',#2848,1.);
#2848 = DIRECTION('',(0.587691841793,-0.809084852837,0.));
#2849 = ORIENTED_EDGE('',*,*,#2850,.F.);
#2850 = EDGE_CURVE('',#2851,#2843,#2853,.T.);
#2851 = VERTEX_POINT('',#2852);
#2852 = CARTESIAN_POINT('',(177.111367,-97.459072,0.));
#2853 = LINE('',#2854,#2855);
#2854 = CARTESIAN_POINT('',(177.111367,-97.459072,0.));
#2855 = VECTOR('',#2856,1.);
#2856 = DIRECTION('',(0.503726530498,-0.863863173467,0.));
#2857 = ORIENTED_EDGE('',*,*,#2858,.F.);
#2858 = EDGE_CURVE('',#2859,#2851,#2861,.T.);
#2859 = VERTEX_POINT('',#2860);
#2860 = CARTESIAN_POINT('',(177.069577,-97.367215,0.));
#2861 = LINE('',#2862,#2863);
#2862 = CARTESIAN_POINT('',(177.069577,-97.367215,0.));
#2863 = VECTOR('',#2864,1.);
#2864 = DIRECTION('',(0.414105287688,-0.910228988062,0.));
#2865 = ORIENTED_EDGE('',*,*,#2866,.F.);
#2866 = EDGE_CURVE('',#2867,#2859,#2869,.T.);
#2867 = VERTEX_POINT('',#2868);
#2868 = CARTESIAN_POINT('',(177.037538,-97.272358,0.));
#2869 = LINE('',#2870,#2871);
#2870 = CARTESIAN_POINT('',(177.037538,-97.272358,0.));
#2871 = VECTOR('',#2872,1.);
#2872 = DIRECTION('',(0.320000668508,-0.947417316791,0.));
#2873 = ORIENTED_EDGE('',*,*,#2874,.F.);
#2874 = EDGE_CURVE('',#2875,#2867,#2877,.T.);
#2875 = VERTEX_POINT('',#2876);
#2876 = CARTESIAN_POINT('',(177.015,-97.173514,0.));
#2877 = LINE('',#2878,#2879);
#2878 = CARTESIAN_POINT('',(177.015,-97.173514,0.));
#2879 = VECTOR('',#2880,1.);
#2880 = DIRECTION('',(0.22231000173,-0.97497603208,0.));
#2881 = ORIENTED_EDGE('',*,*,#2882,.F.);
#2882 = EDGE_CURVE('',#2883,#2875,#2885,.T.);
#2883 = VERTEX_POINT('',#2884);
#2884 = CARTESIAN_POINT('',(177.,-97.,0.));
#2885 = LINE('',#2886,#2887);
#2886 = CARTESIAN_POINT('',(177.,-97.,0.));
#2887 = VECTOR('',#2888,1.);
#2888 = DIRECTION('',(8.612712708239E-02,-0.996284155239,0.));
#2889 = ORIENTED_EDGE('',*,*,#2890,.F.);
#2890 = EDGE_CURVE('',#2891,#2883,#2893,.T.);
#2891 = VERTEX_POINT('',#2892);
#2892 = CARTESIAN_POINT('',(177.,-60.5,0.));
#2893 = LINE('',#2894,#2895);
#2894 = CARTESIAN_POINT('',(177.,-60.5,0.));
#2895 = VECTOR('',#2896,1.);
#2896 = DIRECTION('',(0.,-1.,0.));
#2897 = ORIENTED_EDGE('',*,*,#2898,.F.);
#2898 = EDGE_CURVE('',#2899,#2891,#2901,.T.);
#2899 = VERTEX_POINT('',#2900);
#2900 = CARTESIAN_POINT('',(177.019376,-60.303115,0.));
#2901 = LINE('',#2902,#2903);
#2902 = CARTESIAN_POINT('',(177.019376,-60.303115,0.));
#2903 = VECTOR('',#2904,1.);
#2904 = DIRECTION('',(-9.793964544699E-02,-0.995192356205,0.));
#2905 = ORIENTED_EDGE('',*,*,#2906,.F.);
#2906 = EDGE_CURVE('',#2907,#2899,#2909,.T.);
#2907 = VERTEX_POINT('',#2908);
#2908 = CARTESIAN_POINT('',(177.076789,-60.115028,0.));
#2909 = LINE('',#2910,#2911);
#2910 = CARTESIAN_POINT('',(177.076789,-60.115028,0.));
#2911 = VECTOR('',#2912,1.);
#2912 = DIRECTION('',(-0.291948646068,-0.956433995663,0.));
#2913 = ORIENTED_EDGE('',*,*,#2914,.F.);
#2914 = EDGE_CURVE('',#2915,#2907,#2917,.T.);
#2915 = VERTEX_POINT('',#2916);
#2916 = CARTESIAN_POINT('',(177.170676,-59.941051,0.));
#2917 = LINE('',#2918,#2919);
#2918 = CARTESIAN_POINT('',(177.170676,-59.941051,0.));
#2919 = VECTOR('',#2920,1.);
#2920 = DIRECTION('',(-0.474911646168,-0.880033481371,0.));
#2921 = ORIENTED_EDGE('',*,*,#2922,.F.);
#2922 = EDGE_CURVE('',#2923,#2915,#2925,.T.);
#2923 = VERTEX_POINT('',#2924);
#2924 = CARTESIAN_POINT('',(177.298121,-59.787703,0.));
#2925 = LINE('',#2926,#2927);
#2926 = CARTESIAN_POINT('',(177.298121,-59.787703,0.));
#2927 = VECTOR('',#2928,1.);
#2928 = DIRECTION('',(-0.639162705653,-0.769071541342,0.));
#2929 = ORIENTED_EDGE('',*,*,#2930,.F.);
#2930 = EDGE_CURVE('',#2931,#2923,#2933,.T.);
#2931 = VERTEX_POINT('',#2932);
#2932 = CARTESIAN_POINT('',(177.372989,-59.720944,0.));
#2933 = LINE('',#2934,#2935);
#2934 = CARTESIAN_POINT('',(177.372989,-59.720944,0.));
#2935 = VECTOR('',#2936,1.);
#2936 = DIRECTION('',(-0.746370514717,-0.665530656515,0.));
#2937 = ORIENTED_EDGE('',*,*,#2938,.F.);
#2938 = EDGE_CURVE('',#2939,#2931,#2941,.T.);
#2939 = VERTEX_POINT('',#2940);
#2940 = CARTESIAN_POINT('',(177.454313,-59.661873,0.));
#2941 = LINE('',#2942,#2943);
#2942 = CARTESIAN_POINT('',(177.454313,-59.661873,0.));
#2943 = VECTOR('',#2944,1.);
#2944 = DIRECTION('',(-0.809084852837,-0.587691841792,0.));
#2945 = ORIENTED_EDGE('',*,*,#2946,.F.);
#2946 = EDGE_CURVE('',#2947,#2939,#2949,.T.);
#2947 = VERTEX_POINT('',#2948);
#2948 = CARTESIAN_POINT('',(177.540928,-59.611367,0.));
#2949 = LINE('',#2950,#2951);
#2950 = CARTESIAN_POINT('',(177.540928,-59.611367,0.));
#2951 = VECTOR('',#2952,1.);
#2952 = DIRECTION('',(-0.863863173467,-0.503726530498,0.));
#2953 = ORIENTED_EDGE('',*,*,#2954,.F.);
#2954 = EDGE_CURVE('',#2955,#2947,#2957,.T.);
#2955 = VERTEX_POINT('',#2956);
#2956 = CARTESIAN_POINT('',(177.632785,-59.569577,0.));
#2957 = LINE('',#2958,#2959);
#2958 = CARTESIAN_POINT('',(177.632785,-59.569577,0.));
#2959 = VECTOR('',#2960,1.);
#2960 = DIRECTION('',(-0.910228988062,-0.414105287688,0.));
#2961 = ORIENTED_EDGE('',*,*,#2962,.F.);
#2962 = EDGE_CURVE('',#2587,#2955,#2963,.T.);
#2963 = LINE('',#2964,#2965);
#2964 = CARTESIAN_POINT('',(177.727642,-59.537538,0.));
#2965 = VECTOR('',#2966,1.);
#2966 = DIRECTION('',(-0.94741731679,-0.320000668508,0.));
#2967 = FACE_BOUND('',#2968,.F.);
#2968 = EDGE_LOOP('',(#2969));
#2969 = ORIENTED_EDGE('',*,*,#2970,.T.);
#2970 = EDGE_CURVE('',#2971,#2971,#2973,.T.);
#2971 = VERTEX_POINT('',#2972);
#2972 = CARTESIAN_POINT('',(139.45,-74.85,0.));
#2973 = CIRCLE('',#2974,0.6);
#2974 = AXIS2_PLACEMENT_3D('',#2975,#2976,#2977);
#2975 = CARTESIAN_POINT('',(139.45,-74.25,0.));
#2976 = DIRECTION('',(-0.,0.,-1.));
#2977 = DIRECTION('',(-0.,-1.,0.));
#2978 = FACE_BOUND('',#2979,.F.);
#2979 = EDGE_LOOP('',(#2980));
#2980 = ORIENTED_EDGE('',*,*,#2981,.T.);
#2981 = EDGE_CURVE('',#2982,#2982,#2984,.T.);
#2982 = VERTEX_POINT('',#2983);
#2983 = CARTESIAN_POINT('',(144.85,-69.25,0.));
#2984 = CIRCLE('',#2985,0.5);
#2985 = AXIS2_PLACEMENT_3D('',#2986,#2987,#2988);
#2986 = CARTESIAN_POINT('',(144.85,-68.75,0.));
#2987 = DIRECTION('',(-0.,0.,-1.));
#2988 = DIRECTION('',(-0.,-1.,0.));
#2989 = FACE_BOUND('',#2990,.F.);
#2990 = EDGE_LOOP('',(#2991));
#2991 = ORIENTED_EDGE('',*,*,#2992,.T.);
#2992 = EDGE_CURVE('',#2993,#2993,#2995,.T.);
#2993 = VERTEX_POINT('',#2994);
#2994 = CARTESIAN_POINT('',(148.15,-69.15,0.));
#2995 = CIRCLE('',#2996,0.5);
#2996 = AXIS2_PLACEMENT_3D('',#2997,#2998,#2999);
#2997 = CARTESIAN_POINT('',(148.15,-68.65,0.));
#2998 = DIRECTION('',(-0.,0.,-1.));
#2999 = DIRECTION('',(-0.,-1.,0.));
#3000 = FACE_BOUND('',#3001,.F.);
#3001 = EDGE_LOOP('',(#3002));
#3002 = ORIENTED_EDGE('',*,*,#3003,.T.);
#3003 = EDGE_CURVE('',#3004,#3004,#3006,.T.);
#3004 = VERTEX_POINT('',#3005);
#3005 = CARTESIAN_POINT('',(161.85,-71.25,0.));
#3006 = CIRCLE('',#3007,0.5);
#3007 = AXIS2_PLACEMENT_3D('',#3008,#3009,#3010);
#3008 = CARTESIAN_POINT('',(161.85,-70.75,0.));
#3009 = DIRECTION('',(-0.,0.,-1.));
#3010 = DIRECTION('',(-0.,-1.,0.));
#3011 = FACE_BOUND('',#3012,.F.);
#3012 = EDGE_LOOP('',(#3013));
#3013 = ORIENTED_EDGE('',*,*,#3014,.T.);
#3014 = EDGE_CURVE('',#3015,#3015,#3017,.T.);
#3015 = VERTEX_POINT('',#3016);
#3016 = CARTESIAN_POINT('',(165.15,-71.15,0.));
#3017 = CIRCLE('',#3018,0.5);
#3018 = AXIS2_PLACEMENT_3D('',#3019,#3020,#3021);
#3019 = CARTESIAN_POINT('',(165.15,-70.65,0.));
#3020 = DIRECTION('',(-0.,0.,-1.));
#3021 = DIRECTION('',(-0.,-1.,0.));
#3022 = FACE_BOUND('',#3023,.F.);
#3023 = EDGE_LOOP('',(#3024));
#3024 = ORIENTED_EDGE('',*,*,#3025,.T.);
#3025 = EDGE_CURVE('',#3026,#3026,#3028,.T.);
#3026 = VERTEX_POINT('',#3027);
#3027 = CARTESIAN_POINT('',(153.15,-69.15,0.));
#3028 = CIRCLE('',#3029,0.5);
#3029 = AXIS2_PLACEMENT_3D('',#3030,#3031,#3032);
#3030 = CARTESIAN_POINT('',(153.15,-68.65,0.));
#3031 = DIRECTION('',(-0.,0.,-1.));
#3032 = DIRECTION('',(-0.,-1.,0.));
#3033 = FACE_BOUND('',#3034,.F.);
#3034 = EDGE_LOOP('',(#3035));
#3035 = ORIENTED_EDGE('',*,*,#3036,.T.);
#3036 = EDGE_CURVE('',#3037,#3037,#3039,.T.);
#3037 = VERTEX_POINT('',#3038);
#3038 = CARTESIAN_POINT('',(156.45,-69.25,0.));
#3039 = CIRCLE('',#3040,0.5);
#3040 = AXIS2_PLACEMENT_3D('',#3041,#3042,#3043);
#3041 = CARTESIAN_POINT('',(156.45,-68.75,0.));
#3042 = DIRECTION('',(-0.,0.,-1.));
#3043 = DIRECTION('',(-0.,-1.,0.));
#3044 = FACE_BOUND('',#3045,.F.);
#3045 = EDGE_LOOP('',(#3046));
#3046 = ORIENTED_EDGE('',*,*,#3047,.T.);
#3047 = EDGE_CURVE('',#3048,#3048,#3050,.T.);
#3048 = VERTEX_POINT('',#3049);
#3049 = CARTESIAN_POINT('',(136.15,-63.15,0.));
#3050 = CIRCLE('',#3051,0.5);
#3051 = AXIS2_PLACEMENT_3D('',#3052,#3053,#3054);
#3052 = CARTESIAN_POINT('',(136.15,-62.65,0.));
#3053 = DIRECTION('',(-0.,0.,-1.));
#3054 = DIRECTION('',(-0.,-1.,0.));
#3055 = FACE_BOUND('',#3056,.F.);
#3056 = EDGE_LOOP('',(#3057));
#3057 = ORIENTED_EDGE('',*,*,#3058,.T.);
#3058 = EDGE_CURVE('',#3059,#3059,#3061,.T.);
#3059 = VERTEX_POINT('',#3060);
#3060 = CARTESIAN_POINT('',(139.45,-63.25,0.));
#3061 = CIRCLE('',#3062,0.5);
#3062 = AXIS2_PLACEMENT_3D('',#3063,#3064,#3065);
#3063 = CARTESIAN_POINT('',(139.45,-62.75,0.));
#3064 = DIRECTION('',(-0.,0.,-1.));
#3065 = DIRECTION('',(-0.,-1.,0.));
#3066 = FACE_BOUND('',#3067,.F.);
#3067 = EDGE_LOOP('',(#3068));
#3068 = ORIENTED_EDGE('',*,*,#3069,.T.);
#3069 = EDGE_CURVE('',#3070,#3070,#3072,.T.);
#3070 = VERTEX_POINT('',#3071);
#3071 = CARTESIAN_POINT('',(144.85,-63.85,0.));
#3072 = CIRCLE('',#3073,0.6);
#3073 = AXIS2_PLACEMENT_3D('',#3074,#3075,#3076);
#3074 = CARTESIAN_POINT('',(144.85,-63.25,0.));
#3075 = DIRECTION('',(-0.,0.,-1.));
#3076 = DIRECTION('',(-0.,-1.,0.));
#3077 = FACE_BOUND('',#3078,.F.);
#3078 = EDGE_LOOP('',(#3079));
#3079 = ORIENTED_EDGE('',*,*,#3080,.T.);
#3080 = EDGE_CURVE('',#3081,#3081,#3083,.T.);
#3081 = VERTEX_POINT('',#3082);
#3082 = CARTESIAN_POINT('',(139.45,-57.85,0.));
#3083 = CIRCLE('',#3084,0.6);
#3084 = AXIS2_PLACEMENT_3D('',#3085,#3086,#3087);
#3085 = CARTESIAN_POINT('',(139.45,-57.25,0.));
#3086 = DIRECTION('',(-0.,0.,-1.));
#3087 = DIRECTION('',(-0.,-1.,0.));
#3088 = FACE_BOUND('',#3089,.F.);
#3089 = EDGE_LOOP('',(#3090));
#3090 = ORIENTED_EDGE('',*,*,#3091,.T.);
#3091 = EDGE_CURVE('',#3092,#3092,#3094,.T.);
#3092 = VERTEX_POINT('',#3093);
#3093 = CARTESIAN_POINT('',(156.45,-63.85,0.));
#3094 = CIRCLE('',#3095,0.6);
#3095 = AXIS2_PLACEMENT_3D('',#3096,#3097,#3098);
#3096 = CARTESIAN_POINT('',(156.45,-63.25,0.));
#3097 = DIRECTION('',(-0.,0.,-1.));
#3098 = DIRECTION('',(-0.,-1.,0.));
#3099 = FACE_BOUND('',#3100,.F.);
#3100 = EDGE_LOOP('',(#3101));
#3101 = ORIENTED_EDGE('',*,*,#3102,.T.);
#3102 = EDGE_CURVE('',#3103,#3103,#3105,.T.);
#3103 = VERTEX_POINT('',#3104);
#3104 = CARTESIAN_POINT('',(161.85,-65.85,0.));
#3105 = CIRCLE('',#3106,0.6);
#3106 = AXIS2_PLACEMENT_3D('',#3107,#3108,#3109);
#3107 = CARTESIAN_POINT('',(161.85,-65.25,0.));
#3108 = DIRECTION('',(-0.,0.,-1.));
#3109 = DIRECTION('',(-0.,-1.,0.));
#3110 = FACE_BOUND('',#3111,.F.);
#3111 = EDGE_LOOP('',(#3112));
#3112 = ORIENTED_EDGE('',*,*,#3113,.T.);
#3113 = EDGE_CURVE('',#3114,#3114,#3116,.T.);
#3114 = VERTEX_POINT('',#3115);
#3115 = CARTESIAN_POINT('',(170.15,-71.15,0.));
#3116 = CIRCLE('',#3117,0.5);
#3117 = AXIS2_PLACEMENT_3D('',#3118,#3119,#3120);
#3118 = CARTESIAN_POINT('',(170.15,-70.65,0.));
#3119 = DIRECTION('',(-0.,0.,-1.));
#3120 = DIRECTION('',(-0.,-1.,0.));
#3121 = FACE_BOUND('',#3122,.F.);
#3122 = EDGE_LOOP('',(#3123));
#3123 = ORIENTED_EDGE('',*,*,#3124,.T.);
#3124 = EDGE_CURVE('',#3125,#3125,#3127,.T.);
#3125 = VERTEX_POINT('',#3126);
#3126 = CARTESIAN_POINT('',(173.45,-71.25,0.));
#3127 = CIRCLE('',#3128,0.5);
#3128 = AXIS2_PLACEMENT_3D('',#3129,#3130,#3131);
#3129 = CARTESIAN_POINT('',(173.45,-70.75,0.));
#3130 = DIRECTION('',(-0.,0.,-1.));
#3131 = DIRECTION('',(-0.,-1.,0.));
#3132 = FACE_BOUND('',#3133,.F.);
#3133 = EDGE_LOOP('',(#3134));
#3134 = ORIENTED_EDGE('',*,*,#3135,.T.);
#3135 = EDGE_CURVE('',#3136,#3136,#3138,.T.);
#3136 = VERTEX_POINT('',#3137);
#3137 = CARTESIAN_POINT('',(173.45,-65.85,0.));
#3138 = CIRCLE('',#3139,0.6);
#3139 = AXIS2_PLACEMENT_3D('',#3140,#3141,#3142);
#3140 = CARTESIAN_POINT('',(173.45,-65.25,0.));
#3141 = DIRECTION('',(-0.,0.,-1.));
#3142 = DIRECTION('',(-0.,-1.,0.));
#3143 = FACE_BOUND('',#3144,.F.);
#3144 = EDGE_LOOP('',(#3145));
#3145 = ORIENTED_EDGE('',*,*,#3146,.T.);
#3146 = EDGE_CURVE('',#3147,#3147,#3149,.T.);
#3147 = VERTEX_POINT('',#3148);
#3148 = CARTESIAN_POINT('',(180.046793,-58.6,0.));
#3149 = CIRCLE('',#3150,0.6);
#3150 = AXIS2_PLACEMENT_3D('',#3151,#3152,#3153);
#3151 = CARTESIAN_POINT('',(180.046793,-58.,0.));
#3152 = DIRECTION('',(-0.,0.,-1.));
#3153 = DIRECTION('',(-0.,-1.,0.));
#3154 = FACE_BOUND('',#3155,.F.);
#3155 = EDGE_LOOP('',(#3156));
#3156 = ORIENTED_EDGE('',*,*,#3157,.T.);
#3157 = EDGE_CURVE('',#3158,#3158,#3160,.T.);
#3158 = VERTEX_POINT('',#3159);
#3159 = CARTESIAN_POINT('',(198.920161,-58.6,0.));
#3160 = CIRCLE('',#3161,0.6);
#3161 = AXIS2_PLACEMENT_3D('',#3162,#3163,#3164);
#3162 = CARTESIAN_POINT('',(198.920161,-58.,0.));
#3163 = DIRECTION('',(-0.,0.,-1.));
#3164 = DIRECTION('',(-0.,-1.,0.));
#3165 = PLANE('',#3166);
#3166 = AXIS2_PLACEMENT_3D('',#3167,#3168,#3169);
#3167 = CARTESIAN_POINT('',(0.,0.,0.));
#3168 = DIRECTION('',(0.,0.,1.));
#3169 = DIRECTION('',(1.,0.,-0.));
#3170 = ADVANCED_FACE('',(#3171,#4195,#4206,#4217,#4228,#4239,#4250,
    #4261,#4272,#4283,#4294,#4305,#4316,#4327,#4338,#4349,#4360,#4371,
    #4382,#4393,#4404,#4415,#4426,#4437,#4448,#4459,#4470,#4481,#4492,
    #4503,#4514,#4525,#4536,#4547,#4558,#4569,#4580,#4591,#4602,#4613,
    #4624,#4635,#4646,#4657,#4668,#4679,#4690,#4701,#4712,#4723,#4734,
    #4745,#4756,#4767,#4778,#4789,#4800,#4811,#4822,#4833,#4844,#4855,
    #4866,#4877,#4888,#4899,#4910,#4921,#4932,#4943,#4954,#4965,#4976,
    #4987,#4998,#5009,#5020,#5031,#5042,#5053,#5064,#5075,#5086,#5097,
    #5108,#5119,#5130,#5141,#5152,#5163,#5174,#5185,#5196,#5207,#5218,
    #5229,#5240,#5251,#5262,#5273,#5284,#5295,#5306,#5317,#5328,#5339,
    #5350,#5361,#5372,#5383,#5394,#5405,#5416,#5427,#5438,#5449,#5460,
    #5471,#5482,#5493,#5504,#5515,#5526,#5537,#5548,#5559,#5570,#5581,
    #5592,#5603,#5614,#6000,#6011,#6022,#6033,#6044,#6055,#6066,#6077,
    #6088,#6099,#6110,#6121,#6132,#6143,#6154,#6165,#6176,#6187),#6198,
  .T.);
#3171 = FACE_BOUND('',#3172,.T.);
#3172 = EDGE_LOOP('',(#3173,#3174,#3175,#3183,#3191,#3199,#3207,#3215,
    #3223,#3231,#3239,#3247,#3255,#3263,#3271,#3279,#3287,#3295,#3303,
    #3311,#3319,#3327,#3335,#3343,#3351,#3359,#3368,#3376,#3384,#3392,
    #3400,#3408,#3416,#3424,#3432,#3440,#3448,#3456,#3464,#3473,#3482,
    #3491,#3499,#3508,#3516,#3524,#3532,#3540,#3548,#3556,#3564,#3572,
    #3580,#3588,#3596,#3604,#3612,#3620,#3628,#3636,#3644,#3652,#3660,
    #3668,#3676,#3684,#3692,#3700,#3708,#3716,#3724,#3732,#3740,#3748,
    #3756,#3764,#3772,#3780,#3788,#3796,#3804,#3812,#3820,#3828,#3836,
    #3844,#3852,#3860,#3868,#3876,#3884,#3892,#3900,#3908,#3916,#3924,
    #3932,#3940,#3948,#3956,#3964,#3972,#3980,#3988,#3996,#4004,#4012,
    #4020,#4028,#4036,#4044,#4052,#4060,#4068,#4076,#4084,#4092,#4100,
    #4108,#4116,#4124,#4132,#4140,#4148,#4156,#4164,#4172,#4180,#4188,
    #4194));
#3173 = ORIENTED_EDGE('',*,*,#49,.F.);
#3174 = ORIENTED_EDGE('',*,*,#89,.F.);
#3175 = ORIENTED_EDGE('',*,*,#3176,.F.);
#3176 = EDGE_CURVE('',#3177,#82,#3179,.T.);
#3177 = VERTEX_POINT('',#3178);
#3178 = CARTESIAN_POINT('',(124.5,-49.,0.91));
#3179 = LINE('',#3180,#3181);
#3180 = CARTESIAN_POINT('',(124.5,-49.,0.91));
#3181 = VECTOR('',#3182,1.);
#3182 = DIRECTION('',(1.,0.,0.));
#3183 = ORIENTED_EDGE('',*,*,#3184,.F.);
#3184 = EDGE_CURVE('',#3185,#3177,#3187,.T.);
#3185 = VERTEX_POINT('',#3186);
#3186 = CARTESIAN_POINT('',(124.111764,-49.012016,0.91));
#3187 = LINE('',#3188,#3189);
#3188 = CARTESIAN_POINT('',(124.111764,-49.012016,0.91));
#3189 = VECTOR('',#3190,1.);
#3190 = DIRECTION('',(0.999521384941,3.093543350295E-02,0.));
#3191 = ORIENTED_EDGE('',*,*,#3192,.F.);
#3192 = EDGE_CURVE('',#3193,#3185,#3195,.T.);
#3193 = VERTEX_POINT('',#3194);
#3194 = CARTESIAN_POINT('',(123.734275,-49.047089,0.91));
#3195 = LINE('',#3196,#3197);
#3196 = CARTESIAN_POINT('',(123.734275,-49.047089,0.91));
#3197 = VECTOR('',#3198,1.);
#3198 = DIRECTION('',(0.995711489202,9.251286543655E-02,0.));
#3199 = ORIENTED_EDGE('',*,*,#3200,.F.);
#3200 = EDGE_CURVE('',#3201,#3193,#3203,.T.);
#3201 = VERTEX_POINT('',#3202);
#3202 = CARTESIAN_POINT('',(123.366704,-49.103755,0.91));
#3203 = LINE('',#3204,#3205);
#3204 = CARTESIAN_POINT('',(123.366704,-49.103755,0.91));
#3205 = VECTOR('',#3206,1.);
#3206 = DIRECTION('',(0.988324526265,0.152363482444,0.));
#3207 = ORIENTED_EDGE('',*,*,#3208,.F.);
#3208 = EDGE_CURVE('',#3209,#3201,#3211,.T.);
#3209 = VERTEX_POINT('',#3210);
#3210 = CARTESIAN_POINT('',(123.008222,-49.180548,0.91));
#3211 = LINE('',#3212,#3213);
#3212 = CARTESIAN_POINT('',(123.008222,-49.180548,0.91));
#3213 = VECTOR('',#3214,1.);
#3214 = DIRECTION('',(0.977816143405,0.209465008286,0.));
#3215 = ORIENTED_EDGE('',*,*,#3216,.F.);
#3216 = EDGE_CURVE('',#3217,#3209,#3219,.T.);
#3217 = VERTEX_POINT('',#3218);
#3218 = CARTESIAN_POINT('',(122.658002,-49.276006,0.91));
#3219 = LINE('',#3220,#3221);
#3220 = CARTESIAN_POINT('',(122.658002,-49.276006,0.91));
#3221 = VECTOR('',#3222,1.);
#3222 = DIRECTION('',(0.964803353027,0.262972412978,0.));
#3223 = ORIENTED_EDGE('',*,*,#3224,.F.);
#3224 = EDGE_CURVE('',#3225,#3217,#3227,.T.);
#3225 = VERTEX_POINT('',#3226);
#3226 = CARTESIAN_POINT('',(122.315214,-49.388664,0.91));
#3227 = LINE('',#3228,#3229);
#3228 = CARTESIAN_POINT('',(122.315214,-49.388664,0.91));
#3229 = VECTOR('',#3230,1.);
#3230 = DIRECTION('',(0.950009015683,0.312222468957,0.));
#3231 = ORIENTED_EDGE('',*,*,#3232,.F.);
#3232 = EDGE_CURVE('',#3233,#3225,#3235,.T.);
#3233 = VERTEX_POINT('',#3234);
#3234 = CARTESIAN_POINT('',(121.979031,-49.517057,0.91));
#3235 = LINE('',#3236,#3237);
#3236 = CARTESIAN_POINT('',(121.979031,-49.517057,0.91));
#3237 = VECTOR('',#3238,1.);
#3238 = DIRECTION('',(0.934188548791,0.356779701368,0.));
#3239 = ORIENTED_EDGE('',*,*,#3240,.F.);
#3240 = EDGE_CURVE('',#3241,#3233,#3243,.T.);
#3241 = VERTEX_POINT('',#3242);
#3242 = CARTESIAN_POINT('',(121.648623,-49.659722,0.91));
#3243 = LINE('',#3244,#3245);
#3244 = CARTESIAN_POINT('',(121.648623,-49.659722,0.91));
#3245 = VECTOR('',#3246,1.);
#3246 = DIRECTION('',(0.918073661134,0.396409829258,0.));
#3247 = ORIENTED_EDGE('',*,*,#3248,.F.);
#3248 = EDGE_CURVE('',#3249,#3241,#3251,.T.);
#3249 = VERTEX_POINT('',#3250);
#3250 = CARTESIAN_POINT('',(121.323163,-49.815195,0.91));
#3251 = LINE('',#3252,#3253);
#3252 = CARTESIAN_POINT('',(121.323163,-49.815195,0.91));
#3253 = VECTOR('',#3254,1.);
#3254 = DIRECTION('',(0.902330296053,0.431045283962,0.));
#3255 = ORIENTED_EDGE('',*,*,#3256,.F.);
#3256 = EDGE_CURVE('',#3257,#3249,#3259,.T.);
#3257 = VERTEX_POINT('',#3258);
#3258 = CARTESIAN_POINT('',(121.001821,-49.98201,0.91));
#3259 = LINE('',#3260,#3261);
#3260 = CARTESIAN_POINT('',(121.001821,-49.98201,0.91));
#3261 = VECTOR('',#3262,1.);
#3262 = DIRECTION('',(0.887536346817,0.460737705293,0.));
#3263 = ORIENTED_EDGE('',*,*,#3264,.F.);
#3264 = EDGE_CURVE('',#3265,#3257,#3267,.T.);
#3265 = VERTEX_POINT('',#3266);
#3266 = CARTESIAN_POINT('',(120.36818,-50.343816,0.91));
#3267 = LINE('',#3268,#3269);
#3268 = CARTESIAN_POINT('',(120.36818,-50.343816,0.91));
#3269 = VECTOR('',#3270,1.);
#3270 = DIRECTION('',(0.868405194345,0.495855239394,0.));
#3271 = ORIENTED_EDGE('',*,*,#3272,.F.);
#3272 = EDGE_CURVE('',#3273,#3265,#3275,.T.);
#3273 = VERTEX_POINT('',#3274);
#3274 = CARTESIAN_POINT('',(119.741072,-50.733424,0.91));
#3275 = LINE('',#3276,#3277);
#3276 = CARTESIAN_POINT('',(119.741072,-50.733424,0.91));
#3277 = VECTOR('',#3278,1.);
#3278 = DIRECTION('',(0.849416412773,0.527723182845,0.));
#3279 = ORIENTED_EDGE('',*,*,#3280,.F.);
#3280 = EDGE_CURVE('',#3281,#3273,#3283,.T.);
#3281 = VERTEX_POINT('',#3282);
#3282 = CARTESIAN_POINT('',(119.11387,-51.139123,0.91));
#3283 = LINE('',#3284,#3285);
#3284 = CARTESIAN_POINT('',(119.11387,-51.139123,0.91));
#3285 = VECTOR('',#3286,1.);
#3286 = DIRECTION('',(0.839654157321,0.543121437704,0.));
#3287 = ORIENTED_EDGE('',*,*,#3288,.F.);
#3288 = EDGE_CURVE('',#3289,#3281,#3291,.T.);
#3289 = VERTEX_POINT('',#3290);
#3290 = CARTESIAN_POINT('',(118.155782,-51.753843,0.91));
#3291 = LINE('',#3292,#3293);
#3292 = CARTESIAN_POINT('',(118.155782,-51.753843,0.91));
#3293 = VECTOR('',#3294,1.);
#3294 = DIRECTION('',(0.841655149844,0.540015378245,0.));
#3295 = ORIENTED_EDGE('',*,*,#3296,.F.);
#3296 = EDGE_CURVE('',#3297,#3289,#3299,.T.);
#3297 = VERTEX_POINT('',#3298);
#3298 = CARTESIAN_POINT('',(117.445966,-52.179009,0.91));
#3299 = LINE('',#3300,#3301);
#3300 = CARTESIAN_POINT('',(117.445966,-52.179009,0.91));
#3301 = VECTOR('',#3302,1.);
#3302 = DIRECTION('',(0.85787851008,0.513852568295,0.));
#3303 = ORIENTED_EDGE('',*,*,#3304,.F.);
#3304 = EDGE_CURVE('',#3305,#3297,#3307,.T.);
#3305 = VERTEX_POINT('',#3306);
#3306 = CARTESIAN_POINT('',(116.81351,-52.521106,0.91));
#3307 = LINE('',#3308,#3309);
#3308 = CARTESIAN_POINT('',(116.81351,-52.521106,0.91));
#3309 = VECTOR('',#3310,1.);
#3310 = DIRECTION('',(0.879573318397,0.475763362991,0.));
#3311 = ORIENTED_EDGE('',*,*,#3312,.F.);
#3312 = EDGE_CURVE('',#3313,#3305,#3315,.T.);
#3313 = VERTEX_POINT('',#3314);
#3314 = CARTESIAN_POINT('',(116.220823,-52.802808,0.91));
#3315 = LINE('',#3316,#3317);
#3316 = CARTESIAN_POINT('',(116.220823,-52.802808,0.91));
#3317 = VECTOR('',#3318,1.);
#3318 = DIRECTION('',(0.90317372705,0.429275224963,0.));
#3319 = ORIENTED_EDGE('',*,*,#3320,.F.);
#3320 = EDGE_CURVE('',#3321,#3313,#3323,.T.);
#3321 = VERTEX_POINT('',#3322);
#3322 = CARTESIAN_POINT('',(115.649446,-53.034785,0.91));
#3323 = LINE('',#3324,#3325);
#3324 = CARTESIAN_POINT('',(115.649446,-53.034785,0.91));
#3325 = VECTOR('',#3326,1.);
#3326 = DIRECTION('',(0.926548493176,0.376175344478,0.));
#3327 = ORIENTED_EDGE('',*,*,#3328,.F.);
#3328 = EDGE_CURVE('',#3329,#3321,#3331,.T.);
#3329 = VERTEX_POINT('',#3330);
#3330 = CARTESIAN_POINT('',(115.088241,-53.222876,0.91));
#3331 = LINE('',#3332,#3333);
#3332 = CARTESIAN_POINT('',(115.088241,-53.222876,0.91));
#3333 = VECTOR('',#3334,1.);
#3334 = DIRECTION('',(0.948163680709,0.317782369844,0.));
#3335 = ORIENTED_EDGE('',*,*,#3336,.F.);
#3336 = EDGE_CURVE('',#3337,#3329,#3339,.T.);
#3337 = VERTEX_POINT('',#3338);
#3338 = CARTESIAN_POINT('',(114.529491,-53.370426,0.91));
#3339 = LINE('',#3340,#3341);
#3340 = CARTESIAN_POINT('',(114.529491,-53.370426,0.91));
#3341 = VECTOR('',#3342,1.);
#3342 = DIRECTION('',(0.96685676457,0.255319401543,0.));
#3343 = ORIENTED_EDGE('',*,*,#3344,.F.);
#3344 = EDGE_CURVE('',#3345,#3337,#3347,.T.);
#3345 = VERTEX_POINT('',#3346);
#3346 = CARTESIAN_POINT('',(113.967272,-53.479239,0.91));
#3347 = LINE('',#3348,#3349);
#3348 = CARTESIAN_POINT('',(113.967272,-53.479239,0.91));
#3349 = VECTOR('',#3350,1.);
#3350 = DIRECTION('',(0.981781017081,0.190015879598,0.));
#3351 = ORIENTED_EDGE('',*,*,#3352,.F.);
#3352 = EDGE_CURVE('',#3353,#3345,#3355,.T.);
#3353 = VERTEX_POINT('',#3354);
#3354 = CARTESIAN_POINT('',(65.507851,-61.169011,0.91));
#3355 = LINE('',#3356,#3357);
#3356 = CARTESIAN_POINT('',(65.507851,-61.169011,0.91));
#3357 = VECTOR('',#3358,1.);
#3358 = DIRECTION('',(0.987642468393,0.156723816396,0.));
#3359 = ORIENTED_EDGE('',*,*,#3360,.F.);
#3360 = EDGE_CURVE('',#3361,#3353,#3363,.T.);
#3361 = VERTEX_POINT('',#3362);
#3362 = CARTESIAN_POINT('',(63.169814,-64.496746,0.91));
#3363 = CIRCLE('',#3364,2.873448165714);
#3364 = AXIS2_PLACEMENT_3D('',#3365,#3366,#3367);
#3365 = CARTESIAN_POINT('',(65.999998988772,-63.99999929354,0.91));
#3366 = DIRECTION('',(0.,0.,-1.));
#3367 = DIRECTION('',(-0.9849438116,-0.172874775464,-0.));
#3368 = ORIENTED_EDGE('',*,*,#3369,.F.);
#3369 = EDGE_CURVE('',#3370,#3361,#3372,.T.);
#3370 = VERTEX_POINT('',#3371);
#3371 = CARTESIAN_POINT('',(65.084,-76.5887,0.91));
#3372 = LINE('',#3373,#3374);
#3373 = CARTESIAN_POINT('',(65.084,-76.5887,0.91));
#3374 = VECTOR('',#3375,1.);
#3375 = DIRECTION('',(-0.156355468898,0.987700849117,0.));
#3376 = ORIENTED_EDGE('',*,*,#3377,.F.);
#3377 = EDGE_CURVE('',#3378,#3370,#3380,.T.);
#3378 = VERTEX_POINT('',#3379);
#3379 = CARTESIAN_POINT('',(72.9466,-126.2569,0.91));
#3380 = LINE('',#3381,#3382);
#3381 = CARTESIAN_POINT('',(72.9466,-126.2569,0.91));
#3382 = VECTOR('',#3383,1.);
#3383 = DIRECTION('',(-0.156355508101,0.987700842911,0.));
#3384 = ORIENTED_EDGE('',*,*,#3385,.F.);
#3385 = EDGE_CURVE('',#3386,#3378,#3388,.T.);
#3386 = VERTEX_POINT('',#3387);
#3387 = CARTESIAN_POINT('',(73.0847,-126.8094,0.91));
#3388 = LINE('',#3389,#3390);
#3389 = CARTESIAN_POINT('',(73.0847,-126.8094,0.91));
#3390 = VECTOR('',#3391,1.);
#3391 = DIRECTION('',(-0.242494308752,0.970152828282,0.));
#3392 = ORIENTED_EDGE('',*,*,#3393,.F.);
#3393 = EDGE_CURVE('',#3394,#3386,#3396,.T.);
#3394 = VERTEX_POINT('',#3395);
#3395 = CARTESIAN_POINT('',(73.3278,-127.3435,0.91));
#3396 = LINE('',#3397,#3398);
#3397 = CARTESIAN_POINT('',(73.3278,-127.3435,0.91));
#3398 = VECTOR('',#3399,1.);
#3399 = DIRECTION('',(-0.414265097113,0.910156266426,0.));
#3400 = ORIENTED_EDGE('',*,*,#3401,.F.);
#3401 = EDGE_CURVE('',#3402,#3394,#3404,.T.);
#3402 = VERTEX_POINT('',#3403);
#3403 = CARTESIAN_POINT('',(73.6704,-127.8199,0.91));
#3404 = LINE('',#3405,#3406);
#3405 = CARTESIAN_POINT('',(73.6704,-127.8199,0.91));
#3406 = VECTOR('',#3407,1.);
#3407 = DIRECTION('',(-0.583846717214,0.811863911502,0.));
#3408 = ORIENTED_EDGE('',*,*,#3409,.F.);
#3409 = EDGE_CURVE('',#3410,#3402,#3412,.T.);
#3410 = VERTEX_POINT('',#3411);
#3411 = CARTESIAN_POINT('',(73.9848,-128.1282,0.91));
#3412 = LINE('',#3413,#3414);
#3413 = CARTESIAN_POINT('',(73.9848,-128.1282,0.91));
#3414 = VECTOR('',#3415,1.);
#3415 = DIRECTION('',(-0.713999376399,0.700146335063,0.));
#3416 = ORIENTED_EDGE('',*,*,#3417,.F.);
#3417 = EDGE_CURVE('',#3418,#3410,#3420,.T.);
#3418 = VERTEX_POINT('',#3419);
#3419 = CARTESIAN_POINT('',(74.4679,-128.4614,0.91));
#3420 = LINE('',#3421,#3422);
#3421 = CARTESIAN_POINT('',(74.4679,-128.4614,0.91));
#3422 = VECTOR('',#3423,1.);
#3423 = DIRECTION('',(-0.823190816229,0.567764810531,0.));
#3424 = ORIENTED_EDGE('',*,*,#3425,.F.);
#3425 = EDGE_CURVE('',#3426,#3418,#3428,.T.);
#3426 = VERTEX_POINT('',#3427);
#3427 = CARTESIAN_POINT('',(75.0067,-128.6939,0.91));
#3428 = LINE('',#3429,#3430);
#3429 = CARTESIAN_POINT('',(75.0067,-128.6939,0.91));
#3430 = VECTOR('',#3431,1.);
#3431 = DIRECTION('',(-0.918163812152,0.396200976847,0.));
#3432 = ORIENTED_EDGE('',*,*,#3433,.F.);
#3433 = EDGE_CURVE('',#3434,#3426,#3436,.T.);
#3434 = VERTEX_POINT('',#3435);
#3435 = CARTESIAN_POINT('',(75.5806,-128.8169,0.91));
#3436 = LINE('',#3437,#3438);
#3437 = CARTESIAN_POINT('',(75.5806,-128.8169,0.91));
#3438 = VECTOR('',#3439,1.);
#3439 = DIRECTION('',(-0.977794933478,0.209563995152,0.));
#3440 = ORIENTED_EDGE('',*,*,#3441,.F.);
#3441 = EDGE_CURVE('',#3442,#3434,#3444,.T.);
#3442 = VERTEX_POINT('',#3443);
#3443 = CARTESIAN_POINT('',(76.2956,-128.8152,0.91));
#3444 = LINE('',#3445,#3446);
#3445 = CARTESIAN_POINT('',(76.2956,-128.8152,0.91));
#3446 = VECTOR('',#3447,1.);
#3447 = DIRECTION('',(-0.999997173468,-2.377615657196E-03,0.));
#3448 = ORIENTED_EDGE('',*,*,#3449,.F.);
#3449 = EDGE_CURVE('',#3450,#3442,#3452,.T.);
#3450 = VERTEX_POINT('',#3451);
#3451 = CARTESIAN_POINT('',(107.9333,-123.809,0.91));
#3452 = LINE('',#3453,#3454);
#3453 = CARTESIAN_POINT('',(107.9333,-123.809,0.91));
#3454 = VECTOR('',#3455,1.);
#3455 = DIRECTION('',(-0.987711094992,-0.156290731746,0.));
#3456 = ORIENTED_EDGE('',*,*,#3457,.F.);
#3457 = EDGE_CURVE('',#3458,#3450,#3460,.T.);
#3458 = VERTEX_POINT('',#3459);
#3459 = CARTESIAN_POINT('',(108.4335,-123.7507,0.91));
#3460 = LINE('',#3461,#3462);
#3461 = CARTESIAN_POINT('',(108.4335,-123.7507,0.91));
#3462 = VECTOR('',#3463,1.);
#3463 = DIRECTION('',(-0.993276084661,-0.115769683598,0.));
#3464 = ORIENTED_EDGE('',*,*,#3465,.F.);
#3465 = EDGE_CURVE('',#3466,#3458,#3468,.T.);
#3466 = VERTEX_POINT('',#3467);
#3467 = CARTESIAN_POINT('',(111.005461,-123.978155,0.91));
#3468 = CIRCLE('',#3469,8.268744829512);
#3469 = AXIS2_PLACEMENT_3D('',#3470,#3471,#3472);
#3470 = CARTESIAN_POINT('',(108.99999821784,-132.0000163852,0.91));
#3471 = DIRECTION('',(0.,0.,1.));
#3472 = DIRECTION('',(0.242535333174,0.970142573111,-0.));
#3473 = ORIENTED_EDGE('',*,*,#3474,.F.);
#3474 = EDGE_CURVE('',#3475,#3466,#3477,.T.);
#3475 = VERTEX_POINT('',#3476);
#3476 = CARTESIAN_POINT('',(112.674765,-124.737852,0.91));
#3477 = CIRCLE('',#3478,5.7233731987);
#3478 = AXIS2_PLACEMENT_3D('',#3479,#3480,#3481);
#3479 = CARTESIAN_POINT('',(109.50000711524,-129.4999852556,0.91));
#3480 = DIRECTION('',(0.,0.,1.));
#3481 = DIRECTION('',(0.554700484231,0.832050102334,-0.));
#3482 = ORIENTED_EDGE('',*,*,#3483,.F.);
#3483 = EDGE_CURVE('',#3484,#3475,#3486,.T.);
#3484 = VERTEX_POINT('',#3485);
#3485 = CARTESIAN_POINT('',(114.156928,-127.468614,0.91));
#3486 = CIRCLE('',#3487,5.2590606445);
#3487 = AXIS2_PLACEMENT_3D('',#3488,#3489,#3490);
#3488 = CARTESIAN_POINT('',(108.99999542348,-128.5000039669,0.91));
#3489 = DIRECTION('',(0.,0.,1.));
#3490 = DIRECTION('',(0.980580549476,0.19611676621,-0.));
#3491 = ORIENTED_EDGE('',*,*,#3492,.F.);
#3492 = EDGE_CURVE('',#3493,#3484,#3495,.T.);
#3493 = VERTEX_POINT('',#3494);
#3494 = CARTESIAN_POINT('',(114.540818,-129.493197,0.91));
#3495 = LINE('',#3496,#3497);
#3496 = CARTESIAN_POINT('',(114.540818,-129.493197,0.91));
#3497 = VECTOR('',#3498,1.);
#3498 = DIRECTION('',(-0.186294940685,0.982493865159,0.));
#3499 = ORIENTED_EDGE('',*,*,#3500,.F.);
#3500 = EDGE_CURVE('',#3501,#3493,#3503,.T.);
#3501 = VERTEX_POINT('',#3502);
#3502 = CARTESIAN_POINT('',(117.5,-132.,0.91));
#3503 = CIRCLE('',#3504,2.999999711072);
#3504 = AXIS2_PLACEMENT_3D('',#3505,#3506,#3507);
#3505 = CARTESIAN_POINT('',(117.49999952039,-129.0000002889,0.91));
#3506 = DIRECTION('',(0.,0.,-1.));
#3507 = DIRECTION('',(1.598698903649E-07,-1.,0.));
#3508 = ORIENTED_EDGE('',*,*,#3509,.F.);
#3509 = EDGE_CURVE('',#3510,#3501,#3512,.T.);
#3510 = VERTEX_POINT('',#3511);
#3511 = CARTESIAN_POINT('',(138.5,-132.,0.91));
#3512 = LINE('',#3513,#3514);
#3513 = CARTESIAN_POINT('',(138.5,-132.,0.91));
#3514 = VECTOR('',#3515,1.);
#3515 = DIRECTION('',(-1.,0.,0.));
#3516 = ORIENTED_EDGE('',*,*,#3517,.F.);
#3517 = EDGE_CURVE('',#3518,#3510,#3520,.T.);
#3518 = VERTEX_POINT('',#3519);
#3519 = CARTESIAN_POINT('',(165.5,-132.,0.91));
#3520 = LINE('',#3521,#3522);
#3521 = CARTESIAN_POINT('',(165.5,-132.,0.91));
#3522 = VECTOR('',#3523,1.);
#3523 = DIRECTION('',(-1.,0.,0.));
#3524 = ORIENTED_EDGE('',*,*,#3525,.F.);
#3525 = EDGE_CURVE('',#3526,#3518,#3528,.T.);
#3526 = VERTEX_POINT('',#3527);
#3527 = CARTESIAN_POINT('',(175.3125,-132.8634,0.91));
#3528 = LINE('',#3529,#3530);
#3529 = CARTESIAN_POINT('',(175.3125,-132.8634,0.91));
#3530 = VECTOR('',#3531,1.);
#3531 = DIRECTION('',(-0.996151230874,8.765115645723E-02,0.));
#3532 = ORIENTED_EDGE('',*,*,#3533,.F.);
#3533 = EDGE_CURVE('',#3534,#3526,#3536,.T.);
#3534 = VERTEX_POINT('',#3535);
#3535 = CARTESIAN_POINT('',(176.0906,-132.9794,0.91));
#3536 = LINE('',#3537,#3538);
#3537 = CARTESIAN_POINT('',(176.0906,-132.9794,0.91));
#3538 = VECTOR('',#3539,1.);
#3539 = DIRECTION('',(-0.989069282615,0.147451531658,0.));
#3540 = ORIENTED_EDGE('',*,*,#3541,.F.);
#3541 = EDGE_CURVE('',#3542,#3534,#3544,.T.);
#3542 = VERTEX_POINT('',#3543);
#3543 = CARTESIAN_POINT('',(176.9829,-133.2378,0.91));
#3544 = LINE('',#3545,#3546);
#3545 = CARTESIAN_POINT('',(176.9829,-133.2378,0.91));
#3546 = VECTOR('',#3547,1.);
#3547 = DIRECTION('',(-0.960534750641,0.278160012962,0.));
#3548 = ORIENTED_EDGE('',*,*,#3549,.F.);
#3549 = EDGE_CURVE('',#3550,#3542,#3552,.T.);
#3550 = VERTEX_POINT('',#3551);
#3551 = CARTESIAN_POINT('',(192.2085,-138.7782,0.91));
#3552 = LINE('',#3553,#3554);
#3553 = CARTESIAN_POINT('',(192.2085,-138.7782,0.91));
#3554 = VECTOR('',#3555,1.);
#3555 = DIRECTION('',(-0.93971771511,0.341951189365,0.));
#3556 = ORIENTED_EDGE('',*,*,#3557,.F.);
#3557 = EDGE_CURVE('',#3558,#3550,#3560,.T.);
#3558 = VERTEX_POINT('',#3559);
#3559 = CARTESIAN_POINT('',(192.654,-138.89,0.91));
#3560 = LINE('',#3561,#3562);
#3561 = CARTESIAN_POINT('',(192.654,-138.89,0.91));
#3562 = VECTOR('',#3563,1.);
#3563 = DIRECTION('',(-0.96992439336,0.243406390971,0.));
#3564 = ORIENTED_EDGE('',*,*,#3565,.F.);
#3565 = EDGE_CURVE('',#3566,#3558,#3568,.T.);
#3566 = VERTEX_POINT('',#3567);
#3567 = CARTESIAN_POINT('',(193.0919,-138.9356,0.91));
#3568 = LINE('',#3569,#3570);
#3569 = CARTESIAN_POINT('',(193.0919,-138.9356,0.91));
#3570 = VECTOR('',#3571,1.);
#3571 = DIRECTION('',(-0.994621821707,0.103573315985,0.));
#3572 = ORIENTED_EDGE('',*,*,#3573,.F.);
#3573 = EDGE_CURVE('',#3574,#3566,#3576,.T.);
#3574 = VERTEX_POINT('',#3575);
#3575 = CARTESIAN_POINT('',(193.5321,-138.9163,0.91));
#3576 = LINE('',#3577,#3578);
#3577 = CARTESIAN_POINT('',(193.5321,-138.9163,0.91));
#3578 = VECTOR('',#3579,1.);
#3579 = DIRECTION('',(-0.999040248116,-4.380162832492E-02,0.));
#3580 = ORIENTED_EDGE('',*,*,#3581,.F.);
#3581 = EDGE_CURVE('',#3582,#3574,#3584,.T.);
#3582 = VERTEX_POINT('',#3583);
#3583 = CARTESIAN_POINT('',(193.9644,-138.8328,0.91));
#3584 = LINE('',#3585,#3586);
#3585 = CARTESIAN_POINT('',(193.9644,-138.8328,0.91));
#3586 = VECTOR('',#3587,1.);
#3587 = DIRECTION('',(-0.981852221649,-0.189647607004,0.));
#3588 = ORIENTED_EDGE('',*,*,#3589,.F.);
#3589 = EDGE_CURVE('',#3590,#3582,#3592,.T.);
#3590 = VERTEX_POINT('',#3591);
#3591 = CARTESIAN_POINT('',(194.3801,-138.6866,0.91));
#3592 = LINE('',#3593,#3594);
#3593 = CARTESIAN_POINT('',(194.3801,-138.6866,0.91));
#3594 = VECTOR('',#3595,1.);
#3595 = DIRECTION('',(-0.94335843306,-0.331775325748,0.));
#3596 = ORIENTED_EDGE('',*,*,#3597,.F.);
#3597 = EDGE_CURVE('',#3598,#3590,#3600,.T.);
#3598 = VERTEX_POINT('',#3599);
#3599 = CARTESIAN_POINT('',(194.6432,-138.5559,0.91));
#3600 = LINE('',#3601,#3602);
#3601 = CARTESIAN_POINT('',(194.6432,-138.5559,0.91));
#3602 = VECTOR('',#3603,1.);
#3603 = DIRECTION('',(-0.895581541863,-0.444897406011,0.));
#3604 = ORIENTED_EDGE('',*,*,#3605,.F.);
#3605 = EDGE_CURVE('',#3606,#3598,#3608,.T.);
#3606 = VERTEX_POINT('',#3607);
#3607 = CARTESIAN_POINT('',(195.1248,-138.2206,0.91));
#3608 = LINE('',#3609,#3610);
#3609 = CARTESIAN_POINT('',(195.1248,-138.2206,0.91));
#3610 = VECTOR('',#3611,1.);
#3611 = DIRECTION('',(-0.820686324253,-0.5713789961,0.));
#3612 = ORIENTED_EDGE('',*,*,#3613,.F.);
#3613 = EDGE_CURVE('',#3614,#3606,#3616,.T.);
#3614 = VERTEX_POINT('',#3615);
#3615 = CARTESIAN_POINT('',(195.4378,-137.911,0.91));
#3616 = LINE('',#3617,#3618);
#3617 = CARTESIAN_POINT('',(195.4378,-137.911,0.91));
#3618 = VECTOR('',#3619,1.);
#3619 = DIRECTION('',(-0.710957669114,-0.703234806255,0.));
#3620 = ORIENTED_EDGE('',*,*,#3621,.F.);
#3621 = EDGE_CURVE('',#3622,#3614,#3624,.T.);
#3622 = VERTEX_POINT('',#3623);
#3623 = CARTESIAN_POINT('',(195.6198,-137.6803,0.91));
#3624 = LINE('',#3625,#3626);
#3625 = CARTESIAN_POINT('',(195.6198,-137.6803,0.91));
#3626 = VECTOR('',#3627,1.);
#3627 = DIRECTION('',(-0.61936839989,-0.785100493706,0.));
#3628 = ORIENTED_EDGE('',*,*,#3629,.F.);
#3629 = EDGE_CURVE('',#3630,#3622,#3632,.T.);
#3630 = VERTEX_POINT('',#3631);
#3631 = CARTESIAN_POINT('',(195.9651,-137.0541,0.91));
#3632 = LINE('',#3633,#3634);
#3633 = CARTESIAN_POINT('',(195.9651,-137.0541,0.91));
#3634 = VECTOR('',#3635,1.);
#3635 = DIRECTION('',(-0.48287400464,-0.875689839865,0.));
#3636 = ORIENTED_EDGE('',*,*,#3637,.F.);
#3637 = EDGE_CURVE('',#3638,#3630,#3640,.T.);
#3638 = VERTEX_POINT('',#3639);
#3639 = CARTESIAN_POINT('',(204.6908,-113.0936,0.91));
#3640 = LINE('',#3641,#3642);
#3641 = CARTESIAN_POINT('',(204.6908,-113.0936,0.91));
#3642 = VECTOR('',#3643,1.);
#3643 = DIRECTION('',(-0.34218605012,-0.939632219064,0.));
#3644 = ORIENTED_EDGE('',*,*,#3645,.F.);
#3645 = EDGE_CURVE('',#3646,#3638,#3648,.T.);
#3646 = VERTEX_POINT('',#3647);
#3647 = CARTESIAN_POINT('',(204.8723,-112.3637,0.91));
#3648 = LINE('',#3649,#3650);
#3649 = CARTESIAN_POINT('',(204.8723,-112.3637,0.91));
#3650 = VECTOR('',#3651,1.);
#3651 = DIRECTION('',(-0.241315365276,-0.970446749946,0.));
#3652 = ORIENTED_EDGE('',*,*,#3653,.F.);
#3653 = EDGE_CURVE('',#3654,#3646,#3656,.T.);
#3654 = VERTEX_POINT('',#3655);
#3655 = CARTESIAN_POINT('',(204.8963,-111.9238,0.91));
#3656 = LINE('',#3657,#3658);
#3657 = CARTESIAN_POINT('',(204.8963,-111.9238,0.91));
#3658 = VECTOR('',#3659,1.);
#3659 = DIRECTION('',(-5.447683752809E-02,-0.998515034525,0.));
#3660 = ORIENTED_EDGE('',*,*,#3661,.F.);
#3661 = EDGE_CURVE('',#3662,#3654,#3664,.T.);
#3662 = VERTEX_POINT('',#3663);
#3663 = CARTESIAN_POINT('',(204.8555,-111.4854,0.91));
#3664 = LINE('',#3665,#3666);
#3665 = CARTESIAN_POINT('',(204.8555,-111.4854,0.91));
#3666 = VECTOR('',#3667,1.);
#3667 = DIRECTION('',(9.266526135907E-02,-0.995697318133,0.));
#3668 = ORIENTED_EDGE('',*,*,#3669,.F.);
#3669 = EDGE_CURVE('',#3670,#3662,#3672,.T.);
#3670 = VERTEX_POINT('',#3671);
#3671 = CARTESIAN_POINT('',(204.7508,-111.0574,0.91));
#3672 = LINE('',#3673,#3674);
#3673 = CARTESIAN_POINT('',(204.7508,-111.0574,0.91));
#3674 = VECTOR('',#3675,1.);
#3675 = DIRECTION('',(0.237619653047,-0.971358276068,0.));
#3676 = ORIENTED_EDGE('',*,*,#3677,.F.);
#3677 = EDGE_CURVE('',#3678,#3670,#3680,.T.);
#3678 = VERTEX_POINT('',#3679);
#3679 = CARTESIAN_POINT('',(204.5845,-110.6497,0.91));
#3680 = LINE('',#3681,#3682);
#3681 = CARTESIAN_POINT('',(204.5845,-110.6497,0.91));
#3682 = VECTOR('',#3683,1.);
#3683 = DIRECTION('',(0.377686416945,-0.925933566977,0.));
#3684 = ORIENTED_EDGE('',*,*,#3685,.F.);
#3685 = EDGE_CURVE('',#3686,#3678,#3688,.T.);
#3686 = VERTEX_POINT('',#3687);
#3687 = CARTESIAN_POINT('',(204.36,-110.2705,0.91));
#3688 = LINE('',#3689,#3690);
#3689 = CARTESIAN_POINT('',(204.36,-110.2705,0.91));
#3690 = VECTOR('',#3691,1.);
#3691 = DIRECTION('',(0.509447790281,-0.86050156826,0.));
#3692 = ORIENTED_EDGE('',*,*,#3693,.F.);
#3693 = EDGE_CURVE('',#3694,#3686,#3696,.T.);
#3694 = VERTEX_POINT('',#3695);
#3695 = CARTESIAN_POINT('',(204.0826,-109.9287,0.91));
#3696 = LINE('',#3697,#3698);
#3697 = CARTESIAN_POINT('',(204.0826,-109.9287,0.91));
#3698 = VECTOR('',#3699,1.);
#3699 = DIRECTION('',(0.630164918428,-0.776461316218,0.));
#3700 = ORIENTED_EDGE('',*,*,#3701,.F.);
#3701 = EDGE_CURVE('',#3702,#3694,#3704,.T.);
#3702 = VERTEX_POINT('',#3703);
#3703 = CARTESIAN_POINT('',(203.980105,-109.772094,0.91));
#3704 = LINE('',#3705,#3706);
#3705 = CARTESIAN_POINT('',(203.980105,-109.772094,0.91));
#3706 = VECTOR('',#3707,1.);
#3707 = DIRECTION('',(0.547618981868,-0.836727823547,0.));
#3708 = ORIENTED_EDGE('',*,*,#3709,.F.);
#3709 = EDGE_CURVE('',#3710,#3702,#3712,.T.);
#3710 = VERTEX_POINT('',#3711);
#3711 = CARTESIAN_POINT('',(203.876016,-109.540249,0.91));
#3712 = LINE('',#3713,#3714);
#3713 = CARTESIAN_POINT('',(203.876016,-109.540249,0.91));
#3714 = VECTOR('',#3715,1.);
#3715 = DIRECTION('',(0.409575098442,-0.91227640479,0.));
#3716 = ORIENTED_EDGE('',*,*,#3717,.F.);
#3717 = EDGE_CURVE('',#3718,#3710,#3720,.T.);
#3718 = VERTEX_POINT('',#3719);
#3719 = CARTESIAN_POINT('',(203.77303,-109.215231,0.91));
#3720 = LINE('',#3721,#3722);
#3721 = CARTESIAN_POINT('',(203.77303,-109.215231,0.91));
#3722 = VECTOR('',#3723,1.);
#3723 = DIRECTION('',(0.302061328591,-0.953288494513,0.));
#3724 = ORIENTED_EDGE('',*,*,#3725,.F.);
#3725 = EDGE_CURVE('',#3726,#3718,#3728,.T.);
#3726 = VERTEX_POINT('',#3727);
#3727 = CARTESIAN_POINT('',(203.675763,-108.782035,0.91));
#3728 = LINE('',#3729,#3730);
#3729 = CARTESIAN_POINT('',(203.675763,-108.782035,0.91));
#3730 = VECTOR('',#3731,1.);
#3731 = DIRECTION('',(0.219078908453,-0.975707144522,0.));
#3732 = ORIENTED_EDGE('',*,*,#3733,.F.);
#3733 = EDGE_CURVE('',#3734,#3726,#3736,.T.);
#3734 = VERTEX_POINT('',#3735);
#3735 = CARTESIAN_POINT('',(203.590931,-108.237347,0.91));
#3736 = LINE('',#3737,#3738);
#3737 = CARTESIAN_POINT('',(203.590931,-108.237347,0.91));
#3738 = VECTOR('',#3739,1.);
#3739 = DIRECTION('',(0.153889002869,-0.988088141208,0.));
#3740 = ORIENTED_EDGE('',*,*,#3741,.F.);
#3741 = EDGE_CURVE('',#3742,#3734,#3744,.T.);
#3742 = VERTEX_POINT('',#3743);
#3743 = CARTESIAN_POINT('',(203.528048,-107.612869,0.91));
#3744 = LINE('',#3745,#3746);
#3745 = CARTESIAN_POINT('',(203.528048,-107.612869,0.91));
#3746 = VECTOR('',#3747,1.);
#3747 = DIRECTION('',(0.100190225487,-0.994968300358,0.));
#3748 = ORIENTED_EDGE('',*,*,#3749,.F.);
#3749 = EDGE_CURVE('',#3750,#3742,#3752,.T.);
#3750 = VERTEX_POINT('',#3751);
#3751 = CARTESIAN_POINT('',(203.500298,-107.045672,0.91));
#3752 = LINE('',#3753,#3754);
#3753 = CARTESIAN_POINT('',(203.500298,-107.045672,0.91));
#3754 = VECTOR('',#3755,1.);
#3755 = DIRECTION('',(4.886635120269E-02,-0.998805326237,0.));
#3756 = ORIENTED_EDGE('',*,*,#3757,.F.);
#3757 = EDGE_CURVE('',#3758,#3750,#3760,.T.);
#3758 = VERTEX_POINT('',#3759);
#3759 = CARTESIAN_POINT('',(203.5,-107.,0.91));
#3760 = LINE('',#3761,#3762);
#3761 = CARTESIAN_POINT('',(203.5,-107.,0.91));
#3762 = VECTOR('',#3763,1.);
#3763 = DIRECTION('',(6.524646541387E-03,-0.999978714267,0.));
#3764 = ORIENTED_EDGE('',*,*,#3765,.F.);
#3765 = EDGE_CURVE('',#3766,#3758,#3768,.T.);
#3766 = VERTEX_POINT('',#3767);
#3767 = CARTESIAN_POINT('',(203.5,-59.,0.91));
#3768 = LINE('',#3769,#3770);
#3769 = CARTESIAN_POINT('',(203.5,-59.,0.91));
#3770 = VECTOR('',#3771,1.);
#3771 = DIRECTION('',(0.,-1.,0.));
#3772 = ORIENTED_EDGE('',*,*,#3773,.F.);
#3773 = EDGE_CURVE('',#3774,#3766,#3776,.T.);
#3774 = VERTEX_POINT('',#3775);
#3775 = CARTESIAN_POINT('',(203.480444,-58.706815,0.91));
#3776 = LINE('',#3777,#3778);
#3777 = CARTESIAN_POINT('',(203.480444,-58.706815,0.91));
#3778 = VECTOR('',#3779,1.);
#3779 = DIRECTION('',(6.655402182775E-02,-0.997782823153,0.));
#3780 = ORIENTED_EDGE('',*,*,#3781,.F.);
#3781 = EDGE_CURVE('',#3782,#3774,#3784,.T.);
#3782 = VERTEX_POINT('',#3783);
#3783 = CARTESIAN_POINT('',(203.422505,-58.424045,0.91));
#3784 = LINE('',#3785,#3786);
#3785 = CARTESIAN_POINT('',(203.422505,-58.424045,0.91));
#3786 = VECTOR('',#3787,1.);
#3787 = DIRECTION('',(0.200727700396,-0.979647074356,0.));
#3788 = ORIENTED_EDGE('',*,*,#3789,.F.);
#3789 = EDGE_CURVE('',#3790,#3782,#3792,.T.);
#3790 = VERTEX_POINT('',#3791);
#3791 = CARTESIAN_POINT('',(203.326772,-58.151714,0.91));
#3792 = LINE('',#3793,#3794);
#3793 = CARTESIAN_POINT('',(203.326772,-58.151714,0.91));
#3794 = VECTOR('',#3795,1.);
#3795 = DIRECTION('',(0.331637500715,-0.94340689425,0.));
#3796 = ORIENTED_EDGE('',*,*,#3797,.F.);
#3797 = EDGE_CURVE('',#3798,#3790,#3800,.T.);
#3798 = VERTEX_POINT('',#3799);
#3799 = CARTESIAN_POINT('',(203.193322,-57.890414,0.91));
#3800 = LINE('',#3801,#3802);
#3801 = CARTESIAN_POINT('',(203.193322,-57.890414,0.91));
#3802 = VECTOR('',#3803,1.);
#3803 = DIRECTION('',(0.454831797934,-0.89057736081,0.));
#3804 = ORIENTED_EDGE('',*,*,#3805,.F.);
#3805 = EDGE_CURVE('',#3806,#3798,#3808,.T.);
#3806 = VERTEX_POINT('',#3807);
#3807 = CARTESIAN_POINT('',(203.022006,-57.641496,0.91));
#3808 = LINE('',#3809,#3810);
#3809 = CARTESIAN_POINT('',(203.022006,-57.641496,0.91));
#3810 = VECTOR('',#3811,1.);
#3811 = DIRECTION('',(0.566944201299,-0.823756197314,0.));
#3812 = ORIENTED_EDGE('',*,*,#3813,.F.);
#3813 = EDGE_CURVE('',#3814,#3806,#3816,.T.);
#3814 = VERTEX_POINT('',#3815);
#3815 = CARTESIAN_POINT('',(202.812853,-57.407192,0.91));
#3816 = LINE('',#3817,#3818);
#3817 = CARTESIAN_POINT('',(202.812853,-57.407192,0.91));
#3818 = VECTOR('',#3819,1.);
#3819 = DIRECTION('',(0.665932498903,-0.74601200185,0.));
#3820 = ORIENTED_EDGE('',*,*,#3821,.F.);
#3821 = EDGE_CURVE('',#3822,#3814,#3824,.T.);
#3822 = VERTEX_POINT('',#3823);
#3823 = CARTESIAN_POINT('',(202.566553,-57.190658,0.91));
#3824 = LINE('',#3825,#3826);
#3825 = CARTESIAN_POINT('',(202.566553,-57.190658,0.91));
#3826 = VECTOR('',#3827,1.);
#3827 = DIRECTION('',(0.751031003417,-0.660266939886,0.));
#3828 = ORIENTED_EDGE('',*,*,#3829,.F.);
#3829 = EDGE_CURVE('',#3830,#3822,#3832,.T.);
#3830 = VERTEX_POINT('',#3831);
#3831 = CARTESIAN_POINT('',(202.284964,-56.995875,0.91));
#3832 = LINE('',#3833,#3834);
#3833 = CARTESIAN_POINT('',(202.284964,-56.995875,0.91));
#3834 = VECTOR('',#3835,1.);
#3835 = DIRECTION('',(0.822415240697,-0.568887661907,0.));
#3836 = ORIENTED_EDGE('',*,*,#3837,.F.);
#3837 = EDGE_CURVE('',#3838,#3830,#3840,.T.);
#3838 = VERTEX_POINT('',#3839);
#3839 = CARTESIAN_POINT('',(201.971556,-56.827388,0.91));
#3840 = LINE('',#3841,#3842);
#3841 = CARTESIAN_POINT('',(201.971556,-56.827388,0.91));
#3842 = VECTOR('',#3843,1.);
#3843 = DIRECTION('',(0.880789000861,-0.473508960805,0.));
#3844 = ORIENTED_EDGE('',*,*,#3845,.F.);
#3845 = EDGE_CURVE('',#3846,#3838,#3848,.T.);
#3846 = VERTEX_POINT('',#3847);
#3847 = CARTESIAN_POINT('',(201.631639,-56.689866,0.91));
#3848 = LINE('',#3849,#3850);
#3849 = CARTESIAN_POINT('',(201.631639,-56.689866,0.91));
#3850 = VECTOR('',#3851,1.);
#3851 = DIRECTION('',(0.927006983394,-0.375044067729,0.));
#3852 = ORIENTED_EDGE('',*,*,#3853,.F.);
#3853 = EDGE_CURVE('',#3854,#3846,#3856,.T.);
#3854 = VERTEX_POINT('',#3855);
#3855 = CARTESIAN_POINT('',(201.272256,-56.587545,0.91));
#3856 = LINE('',#3857,#3858);
#3857 = CARTESIAN_POINT('',(201.272256,-56.587545,0.91));
#3858 = VECTOR('',#3859,1.);
#3859 = DIRECTION('',(0.961777925132,-0.273830646072,0.));
#3860 = ORIENTED_EDGE('',*,*,#3861,.F.);
#3861 = EDGE_CURVE('',#3862,#3854,#3864,.T.);
#3862 = VERTEX_POINT('',#3863);
#3863 = CARTESIAN_POINT('',(201.088009,-56.550683,0.91));
#3864 = LINE('',#3865,#3866);
#3865 = CARTESIAN_POINT('',(201.088009,-56.550683,0.91));
#3866 = VECTOR('',#3867,1.);
#3867 = DIRECTION('',(0.980567777887,-0.196180613136,0.));
#3868 = ORIENTED_EDGE('',*,*,#3869,.F.);
#3869 = EDGE_CURVE('',#3870,#3862,#3872,.T.);
#3870 = VERTEX_POINT('',#3871);
#3871 = CARTESIAN_POINT('',(200.901682,-56.523673,0.91));
#3872 = LINE('',#3873,#3874);
#3873 = CARTESIAN_POINT('',(200.901682,-56.523673,0.91));
#3874 = VECTOR('',#3875,1.);
#3875 = DIRECTION('',(0.989656009345,-0.143460737372,0.));
#3876 = ORIENTED_EDGE('',*,*,#3877,.F.);
#3877 = EDGE_CURVE('',#3878,#3870,#3880,.T.);
#3878 = VERTEX_POINT('',#3879);
#3879 = CARTESIAN_POINT('',(200.71552,-56.506837,0.91));
#3880 = LINE('',#3881,#3882);
#3881 = CARTESIAN_POINT('',(200.71552,-56.506837,0.91));
#3882 = VECTOR('',#3883,1.);
#3883 = DIRECTION('',(0.995935457606,-9.006977452041E-02,0.));
#3884 = ORIENTED_EDGE('',*,*,#3885,.F.);
#3885 = EDGE_CURVE('',#3886,#3878,#3888,.T.);
#3886 = VERTEX_POINT('',#3887);
#3887 = CARTESIAN_POINT('',(200.528612,-56.500121,0.91));
#3888 = LINE('',#3889,#3890);
#3889 = CARTESIAN_POINT('',(200.528612,-56.500121,0.91));
#3890 = VECTOR('',#3891,1.);
#3891 = DIRECTION('',(0.999355065955,-3.590894249015E-02,0.));
#3892 = ORIENTED_EDGE('',*,*,#3893,.F.);
#3893 = EDGE_CURVE('',#3894,#3886,#3896,.T.);
#3894 = VERTEX_POINT('',#3895);
#3895 = CARTESIAN_POINT('',(200.5,-56.5,0.91));
#3896 = LINE('',#3897,#3898);
#3897 = CARTESIAN_POINT('',(200.5,-56.5,0.91));
#3898 = VECTOR('',#3899,1.);
#3899 = DIRECTION('',(0.999991057921,-4.228957011341E-03,0.));
#3900 = ORIENTED_EDGE('',*,*,#3901,.F.);
#3901 = EDGE_CURVE('',#3902,#3894,#3904,.T.);
#3902 = VERTEX_POINT('',#3903);
#3903 = CARTESIAN_POINT('',(197.,-56.5,0.91));
#3904 = LINE('',#3905,#3906);
#3905 = CARTESIAN_POINT('',(197.,-56.5,0.91));
#3906 = VECTOR('',#3907,1.);
#3907 = DIRECTION('',(1.,0.,0.));
#3908 = ORIENTED_EDGE('',*,*,#3909,.F.);
#3909 = EDGE_CURVE('',#3910,#3902,#3912,.T.);
#3910 = VERTEX_POINT('',#3911);
#3911 = CARTESIAN_POINT('',(177.,-56.5,0.91));
#3912 = LINE('',#3913,#3914);
#3913 = CARTESIAN_POINT('',(177.,-56.5,0.91));
#3914 = VECTOR('',#3915,1.);
#3915 = DIRECTION('',(1.,0.,0.));
#3916 = ORIENTED_EDGE('',*,*,#3917,.F.);
#3917 = EDGE_CURVE('',#3918,#3910,#3920,.T.);
#3918 = VERTEX_POINT('',#3919);
#3919 = CARTESIAN_POINT('',(172.5,-56.5,0.91));
#3920 = LINE('',#3921,#3922);
#3921 = CARTESIAN_POINT('',(172.5,-56.5,0.91));
#3922 = VECTOR('',#3923,1.);
#3923 = DIRECTION('',(1.,0.,0.));
#3924 = ORIENTED_EDGE('',*,*,#3925,.F.);
#3925 = EDGE_CURVE('',#3926,#3918,#3928,.T.);
#3926 = VERTEX_POINT('',#3927);
#3927 = CARTESIAN_POINT('',(171.784668,-56.496094,0.91));
#3928 = LINE('',#3929,#3930);
#3929 = CARTESIAN_POINT('',(171.784668,-56.496094,0.91));
#3930 = VECTOR('',#3931,1.);
#3931 = DIRECTION('',(0.999985092341,-5.460320201924E-03,0.));
#3932 = ORIENTED_EDGE('',*,*,#3933,.F.);
#3933 = EDGE_CURVE('',#3934,#3926,#3936,.T.);
#3934 = VERTEX_POINT('',#3935);
#3935 = CARTESIAN_POINT('',(171.452454,-56.486816,0.91));
#3936 = LINE('',#3937,#3938);
#3937 = CARTESIAN_POINT('',(171.452454,-56.486816,0.91));
#3938 = VECTOR('',#3939,1.);
#3939 = DIRECTION('',(0.99961024749,-2.79168965673E-02,0.));
#3940 = ORIENTED_EDGE('',*,*,#3941,.F.);
#3941 = EDGE_CURVE('',#3942,#3934,#3944,.T.);
#3942 = VERTEX_POINT('',#3943);
#3943 = CARTESIAN_POINT('',(171.136719,-56.46875,0.91));
#3944 = LINE('',#3945,#3946);
#3945 = CARTESIAN_POINT('',(171.136719,-56.46875,0.91));
#3946 = VECTOR('',#3947,1.);
#3947 = DIRECTION('',(0.998367009159,-5.712543236406E-02,0.));
#3948 = ORIENTED_EDGE('',*,*,#3949,.F.);
#3949 = EDGE_CURVE('',#3950,#3942,#3952,.T.);
#3950 = VERTEX_POINT('',#3951);
#3951 = CARTESIAN_POINT('',(170.837097,-56.438965,0.91));
#3952 = LINE('',#3953,#3954);
#3953 = CARTESIAN_POINT('',(170.837097,-56.438965,0.91));
#3954 = VECTOR('',#3955,1.);
#3955 = DIRECTION('',(0.995095288033,-9.892101766241E-02,0.));
#3956 = ORIENTED_EDGE('',*,*,#3957,.F.);
#3957 = EDGE_CURVE('',#3958,#3950,#3960,.T.);
#3958 = VERTEX_POINT('',#3959);
#3959 = CARTESIAN_POINT('',(170.553223,-56.394531,0.91));
#3960 = LINE('',#3961,#3962);
#3961 = CARTESIAN_POINT('',(170.553223,-56.394531,0.91));
#3962 = VECTOR('',#3963,1.);
#3963 = DIRECTION('',(0.987970227199,-0.154644205089,0.));
#3964 = ORIENTED_EDGE('',*,*,#3965,.F.);
#3965 = EDGE_CURVE('',#3966,#3958,#3968,.T.);
#3966 = VERTEX_POINT('',#3967);
#3967 = CARTESIAN_POINT('',(170.284729,-56.33252,0.91));
#3968 = LINE('',#3969,#3970);
#3969 = CARTESIAN_POINT('',(170.284729,-56.33252,0.91));
#3970 = VECTOR('',#3971,1.);
#3971 = DIRECTION('',(0.974350751835,-0.225034691546,0.));
#3972 = ORIENTED_EDGE('',*,*,#3973,.F.);
#3973 = EDGE_CURVE('',#3974,#3966,#3976,.T.);
#3974 = VERTEX_POINT('',#3975);
#3975 = CARTESIAN_POINT('',(170.03125,-56.25,0.91));
#3976 = LINE('',#3977,#3978);
#3977 = CARTESIAN_POINT('',(170.03125,-56.25,0.91));
#3978 = VECTOR('',#3979,1.);
#3979 = DIRECTION('',(0.950880316857,-0.309558755349,0.));
#3980 = ORIENTED_EDGE('',*,*,#3981,.F.);
#3981 = EDGE_CURVE('',#3982,#3974,#3984,.T.);
#3982 = VERTEX_POINT('',#3983);
#3983 = CARTESIAN_POINT('',(169.792419,-56.144043,0.91));
#3984 = LINE('',#3985,#3986);
#3985 = CARTESIAN_POINT('',(169.792419,-56.144043,0.91));
#3986 = VECTOR('',#3987,1.);
#3987 = DIRECTION('',(0.914081389321,-0.40553078021,0.));
#3988 = ORIENTED_EDGE('',*,*,#3989,.F.);
#3989 = EDGE_CURVE('',#3990,#3982,#3992,.T.);
#3990 = VERTEX_POINT('',#3991);
#3991 = CARTESIAN_POINT('',(169.567871,-56.011719,0.91));
#3992 = LINE('',#3993,#3994);
#3993 = CARTESIAN_POINT('',(169.567871,-56.011719,0.91));
#3994 = VECTOR('',#3995,1.);
#3995 = DIRECTION('',(0.861536663478,-0.507695358935,0.));
#3996 = ORIENTED_EDGE('',*,*,#3997,.F.);
#3997 = EDGE_CURVE('',#3998,#3990,#4000,.T.);
#3998 = VERTEX_POINT('',#3999);
#3999 = CARTESIAN_POINT('',(169.357239,-55.850098,0.91));
#4000 = LINE('',#4001,#4002);
#4001 = CARTESIAN_POINT('',(169.357239,-55.850098,0.91));
#4002 = VECTOR('',#4003,1.);
#4003 = DIRECTION('',(0.793358102934,-0.608755222161,0.));
#4004 = ORIENTED_EDGE('',*,*,#4005,.F.);
#4005 = EDGE_CURVE('',#4006,#3998,#4008,.T.);
#4006 = VERTEX_POINT('',#4007);
#4007 = CARTESIAN_POINT('',(169.160156,-55.65625,0.91));
#4008 = LINE('',#4009,#4010);
#4009 = CARTESIAN_POINT('',(169.160156,-55.65625,0.91));
#4010 = VECTOR('',#4011,1.);
#4011 = DIRECTION('',(0.712933763391,-0.701231380514,0.));
#4012 = ORIENTED_EDGE('',*,*,#4013,.F.);
#4013 = EDGE_CURVE('',#4014,#4006,#4016,.T.);
#4014 = VERTEX_POINT('',#4015);
#4015 = CARTESIAN_POINT('',(168.976257,-55.427246,0.91));
#4016 = LINE('',#4017,#4018);
#4017 = CARTESIAN_POINT('',(168.976257,-55.427246,0.91));
#4018 = VECTOR('',#4019,1.);
#4019 = DIRECTION('',(0.626138525495,-0.779711835803,0.));
#4020 = ORIENTED_EDGE('',*,*,#4021,.F.);
#4021 = EDGE_CURVE('',#4022,#4014,#4024,.T.);
#4022 = VERTEX_POINT('',#4023);
#4023 = CARTESIAN_POINT('',(168.805176,-55.160156,0.91));
#4024 = LINE('',#4025,#4026);
#4025 = CARTESIAN_POINT('',(168.805176,-55.160156,0.91));
#4026 = VECTOR('',#4027,1.);
#4027 = DIRECTION('',(0.539374388978,-0.842066071347,0.));
#4028 = ORIENTED_EDGE('',*,*,#4029,.F.);
#4029 = EDGE_CURVE('',#4030,#4022,#4032,.T.);
#4030 = VERTEX_POINT('',#4031);
#4031 = CARTESIAN_POINT('',(168.646545,-54.852051,0.91));
#4032 = LINE('',#4033,#4034);
#4033 = CARTESIAN_POINT('',(168.646545,-54.852051,0.91));
#4034 = VECTOR('',#4035,1.);
#4035 = DIRECTION('',(0.457751889781,-0.889079978068,0.));
#4036 = ORIENTED_EDGE('',*,*,#4037,.F.);
#4037 = EDGE_CURVE('',#4038,#4030,#4040,.T.);
#4038 = VERTEX_POINT('',#4039);
#4039 = CARTESIAN_POINT('',(168.5,-54.5,0.91));
#4040 = LINE('',#4041,#4042);
#4041 = CARTESIAN_POINT('',(168.5,-54.5,0.91));
#4042 = VECTOR('',#4043,1.);
#4043 = DIRECTION('',(0.384296021432,-0.923209926242,0.));
#4044 = ORIENTED_EDGE('',*,*,#4045,.F.);
#4045 = EDGE_CURVE('',#4046,#4038,#4048,.T.);
#4046 = VERTEX_POINT('',#4047);
#4047 = CARTESIAN_POINT('',(167.,-51.5,0.91));
#4048 = LINE('',#4049,#4050);
#4049 = CARTESIAN_POINT('',(167.,-51.5,0.91));
#4050 = VECTOR('',#4051,1.);
#4051 = DIRECTION('',(0.4472135955,-0.894427191,0.));
#4052 = ORIENTED_EDGE('',*,*,#4053,.F.);
#4053 = EDGE_CURVE('',#4054,#4046,#4056,.T.);
#4054 = VERTEX_POINT('',#4055);
#4055 = CARTESIAN_POINT('',(166.919703,-51.300293,0.91));
#4056 = LINE('',#4057,#4058);
#4057 = CARTESIAN_POINT('',(166.919703,-51.300293,0.91));
#4058 = VECTOR('',#4059,1.);
#4059 = DIRECTION('',(0.373048977582,-0.92781165132,0.));
#4060 = ORIENTED_EDGE('',*,*,#4061,.F.);
#4061 = EDGE_CURVE('',#4062,#4054,#4064,.T.);
#4062 = VERTEX_POINT('',#4063);
#4063 = CARTESIAN_POINT('',(166.827871,-51.099372,0.91));
#4064 = LINE('',#4065,#4066);
#4065 = CARTESIAN_POINT('',(166.827871,-51.099372,0.91));
#4066 = VECTOR('',#4067,1.);
#4067 = DIRECTION('',(0.41569386102,-0.90950459807,0.));
#4068 = ORIENTED_EDGE('',*,*,#4069,.F.);
#4069 = EDGE_CURVE('',#4070,#4062,#4072,.T.);
#4070 = VERTEX_POINT('',#4071);
#4071 = CARTESIAN_POINT('',(166.726618,-50.902353,0.91));
#4072 = LINE('',#4073,#4074);
#4073 = CARTESIAN_POINT('',(166.726618,-50.902353,0.91));
#4074 = VECTOR('',#4075,1.);
#4075 = DIRECTION('',(0.457094311617,-0.889418231366,0.));
#4076 = ORIENTED_EDGE('',*,*,#4077,.F.);
#4077 = EDGE_CURVE('',#4078,#4070,#4080,.T.);
#4078 = VERTEX_POINT('',#4079);
#4079 = CARTESIAN_POINT('',(166.614596,-50.707164,0.91));
#4080 = LINE('',#4081,#4082);
#4081 = CARTESIAN_POINT('',(166.614596,-50.707164,0.91));
#4082 = VECTOR('',#4083,1.);
#4083 = DIRECTION('',(0.497764097366,-0.867312460059,0.));
#4084 = ORIENTED_EDGE('',*,*,#4085,.F.);
#4085 = EDGE_CURVE('',#4086,#4078,#4088,.T.);
#4086 = VERTEX_POINT('',#4087);
#4087 = CARTESIAN_POINT('',(166.496683,-50.522285,0.91));
#4088 = LINE('',#4089,#4090);
#4089 = CARTESIAN_POINT('',(166.496683,-50.522285,0.91));
#4090 = VECTOR('',#4091,1.);
#4091 = DIRECTION('',(0.53772800885,-0.843118371581,0.));
#4092 = ORIENTED_EDGE('',*,*,#4093,.F.);
#4093 = EDGE_CURVE('',#4094,#4086,#4096,.T.);
#4094 = VERTEX_POINT('',#4095);
#4095 = CARTESIAN_POINT('',(166.369104,-50.341814,0.91));
#4096 = LINE('',#4097,#4098);
#4097 = CARTESIAN_POINT('',(166.369104,-50.341814,0.91));
#4098 = VECTOR('',#4099,1.);
#4099 = DIRECTION('',(0.577249914475,-0.816567533177,0.));
#4100 = ORIENTED_EDGE('',*,*,#4101,.F.);
#4101 = EDGE_CURVE('',#4102,#4094,#4104,.T.);
#4102 = VERTEX_POINT('',#4103);
#4103 = CARTESIAN_POINT('',(166.238927,-50.175458,0.91));
#4104 = LINE('',#4105,#4106);
#4105 = CARTESIAN_POINT('',(166.238927,-50.175458,0.91));
#4106 = VECTOR('',#4107,1.);
#4107 = DIRECTION('',(0.61626524354,-0.787538665466,0.));
#4108 = ORIENTED_EDGE('',*,*,#4109,.F.);
#4109 = EDGE_CURVE('',#4110,#4102,#4112,.T.);
#4110 = VERTEX_POINT('',#4111);
#4111 = CARTESIAN_POINT('',(166.100286,-50.015437,0.91));
#4112 = LINE('',#4113,#4114);
#4113 = CARTESIAN_POINT('',(166.100286,-50.015437,0.91));
#4114 = VECTOR('',#4115,1.);
#4115 = DIRECTION('',(0.654812213698,-0.755791614661,0.));
#4116 = ORIENTED_EDGE('',*,*,#4117,.F.);
#4117 = EDGE_CURVE('',#4118,#4110,#4120,.T.);
#4118 = VERTEX_POINT('',#4119);
#4119 = CARTESIAN_POINT('',(165.961585,-49.871043,0.91));
#4120 = LINE('',#4121,#4122);
#4121 = CARTESIAN_POINT('',(165.961585,-49.871043,0.91));
#4122 = VECTOR('',#4123,1.);
#4123 = DIRECTION('',(0.692746903386,-0.721180787215,0.));
#4124 = ORIENTED_EDGE('',*,*,#4125,.F.);
#4125 = EDGE_CURVE('',#4126,#4118,#4128,.T.);
#4126 = VERTEX_POINT('',#4127);
#4127 = CARTESIAN_POINT('',(165.81556,-49.734298,0.91));
#4128 = LINE('',#4129,#4130);
#4129 = CARTESIAN_POINT('',(165.81556,-49.734298,0.91));
#4130 = VECTOR('',#4131,1.);
#4131 = DIRECTION('',(0.729919778601,-0.683532820577,0.));
#4132 = ORIENTED_EDGE('',*,*,#4133,.F.);
#4133 = EDGE_CURVE('',#4134,#4126,#4136,.T.);
#4134 = VERTEX_POINT('',#4135);
#4135 = CARTESIAN_POINT('',(165.67114,-49.613134,0.91));
#4136 = LINE('',#4137,#4138);
#4137 = CARTESIAN_POINT('',(165.67114,-49.613134,0.91));
#4138 = VECTOR('',#4139,1.);
#4139 = DIRECTION('',(0.766093465131,-0.642729183002,0.));
#4140 = ORIENTED_EDGE('',*,*,#4141,.F.);
#4141 = EDGE_CURVE('',#4142,#4134,#4144,.T.);
#4142 = VERTEX_POINT('',#4143);
#4143 = CARTESIAN_POINT('',(165.520397,-49.500454,0.91));
#4144 = LINE('',#4145,#4146);
#4145 = CARTESIAN_POINT('',(165.520397,-49.500454,0.91));
#4146 = VECTOR('',#4147,1.);
#4147 = DIRECTION('',(0.800961125798,-0.598716356016,0.));
#4148 = ORIENTED_EDGE('',*,*,#4149,.F.);
#4149 = EDGE_CURVE('',#4150,#4142,#4152,.T.);
#4150 = VERTEX_POINT('',#4151);
#4151 = CARTESIAN_POINT('',(165.37214,-49.402449,0.91));
#4152 = LINE('',#4153,#4154);
#4153 = CARTESIAN_POINT('',(165.37214,-49.402449,0.91));
#4154 = VECTOR('',#4155,1.);
#4155 = DIRECTION('',(0.83420724148,-0.551451066063,0.));
#4156 = ORIENTED_EDGE('',*,*,#4157,.F.);
#4157 = EDGE_CURVE('',#4158,#4150,#4160,.T.);
#4158 = VERTEX_POINT('',#4159);
#4159 = CARTESIAN_POINT('',(165.218399,-49.313443,0.91));
#4160 = LINE('',#4161,#4162);
#4161 = CARTESIAN_POINT('',(165.218399,-49.313443,0.91));
#4162 = VECTOR('',#4163,1.);
#4163 = DIRECTION('',(0.865431038686,-0.50102806037,0.));
#4164 = ORIENTED_EDGE('',*,*,#4165,.F.);
#4165 = EDGE_CURVE('',#4166,#4158,#4168,.T.);
#4166 = VERTEX_POINT('',#4167);
#4167 = CARTESIAN_POINT('',(165.06739,-49.237868,0.91));
#4168 = LINE('',#4169,#4170);
#4169 = CARTESIAN_POINT('',(165.06739,-49.237868,0.91));
#4170 = VECTOR('',#4171,1.);
#4171 = DIRECTION('',(0.894260131072,-0.447547559455,0.));
#4172 = ORIENTED_EDGE('',*,*,#4173,.F.);
#4173 = EDGE_CURVE('',#4174,#4166,#4176,.T.);
#4174 = VERTEX_POINT('',#4175);
#4175 = CARTESIAN_POINT('',(164.911581,-49.171617,0.91));
#4176 = LINE('',#4177,#4178);
#4177 = CARTESIAN_POINT('',(164.911581,-49.171617,0.91));
#4178 = VECTOR('',#4179,1.);
#4179 = DIRECTION('',(0.920262495154,-0.391301597253,0.));
#4180 = ORIENTED_EDGE('',*,*,#4181,.F.);
#4181 = EDGE_CURVE('',#4182,#4174,#4184,.T.);
#4182 = VERTEX_POINT('',#4183);
#4183 = CARTESIAN_POINT('',(164.758268,-49.117559,0.91));
#4184 = LINE('',#4185,#4186);
#4185 = CARTESIAN_POINT('',(164.758268,-49.117559,0.91));
#4186 = VECTOR('',#4187,1.);
#4187 = DIRECTION('',(0.943091589481,-0.33253308685,0.));
#4188 = ORIENTED_EDGE('',*,*,#4189,.F.);
#4189 = EDGE_CURVE('',#112,#4182,#4190,.T.);
#4190 = LINE('',#4191,#4192);
#4191 = CARTESIAN_POINT('',(164.600697,-49.073064,0.91));
#4192 = VECTOR('',#4193,1.);
#4193 = DIRECTION('',(0.962366818989,-0.271753759327,0.));
#4194 = ORIENTED_EDGE('',*,*,#111,.F.);
#4195 = FACE_BOUND('',#4196,.T.);
#4196 = EDGE_LOOP('',(#4197));
#4197 = ORIENTED_EDGE('',*,*,#4198,.T.);
#4198 = EDGE_CURVE('',#4199,#4199,#4201,.T.);
#4199 = VERTEX_POINT('',#4200);
#4200 = CARTESIAN_POINT('',(77.274602,-120.685363,0.91));
#4201 = CIRCLE('',#4202,0.5);
#4202 = AXIS2_PLACEMENT_3D('',#4203,#4204,#4205);
#4203 = CARTESIAN_POINT('',(77.274602,-120.185363,0.91));
#4204 = DIRECTION('',(-0.,0.,-1.));
#4205 = DIRECTION('',(-0.,-1.,0.));
#4206 = FACE_BOUND('',#4207,.T.);
#4207 = EDGE_LOOP('',(#4208));
#4208 = ORIENTED_EDGE('',*,*,#4209,.T.);
#4209 = EDGE_CURVE('',#4210,#4210,#4212,.T.);
#4210 = VERTEX_POINT('',#4211);
#4211 = CARTESIAN_POINT('',(80.51833,-120.07036,0.91));
#4212 = CIRCLE('',#4213,0.5);
#4213 = AXIS2_PLACEMENT_3D('',#4214,#4215,#4216);
#4214 = CARTESIAN_POINT('',(80.51833,-119.57036,0.91));
#4215 = DIRECTION('',(-0.,0.,-1.));
#4216 = DIRECTION('',(-0.,-1.,0.));
#4217 = FACE_BOUND('',#4218,.T.);
#4218 = EDGE_LOOP('',(#4219));
#4219 = ORIENTED_EDGE('',*,*,#4220,.T.);
#4220 = EDGE_CURVE('',#4221,#4221,#4223,.T.);
#4221 = VERTEX_POINT('',#4222);
#4222 = CARTESIAN_POINT('',(76.414213,-115.353077,0.91));
#4223 = CIRCLE('',#4224,0.6);
#4224 = AXIS2_PLACEMENT_3D('',#4225,#4226,#4227);
#4225 = CARTESIAN_POINT('',(76.414213,-114.753077,0.91));
#4226 = DIRECTION('',(-0.,0.,-1.));
#4227 = DIRECTION('',(2.368475785867E-14,-1.,-0.));
#4228 = FACE_BOUND('',#4229,.T.);
#4229 = EDGE_LOOP('',(#4230));
#4230 = ORIENTED_EDGE('',*,*,#4231,.T.);
#4231 = EDGE_CURVE('',#4232,#4232,#4234,.T.);
#4232 = VERTEX_POINT('',#4233);
#4233 = CARTESIAN_POINT('',(85.456772,-119.288188,0.91));
#4234 = CIRCLE('',#4235,0.5);
#4235 = AXIS2_PLACEMENT_3D('',#4236,#4237,#4238);
#4236 = CARTESIAN_POINT('',(85.456772,-118.788188,0.91));
#4237 = DIRECTION('',(-0.,0.,-1.));
#4238 = DIRECTION('',(-0.,-1.,0.));
#4239 = FACE_BOUND('',#4240,.T.);
#4240 = EDGE_LOOP('',(#4241));
#4241 = ORIENTED_EDGE('',*,*,#4242,.T.);
#4242 = EDGE_CURVE('',#4243,#4243,#4245,.T.);
#4243 = VERTEX_POINT('',#4244);
#4244 = CARTESIAN_POINT('',(88.731787,-118.870723,0.91));
#4245 = CIRCLE('',#4246,0.5);
#4246 = AXIS2_PLACEMENT_3D('',#4247,#4248,#4249);
#4247 = CARTESIAN_POINT('',(88.731787,-118.370723,0.91));
#4248 = DIRECTION('',(-0.,0.,-1.));
#4249 = DIRECTION('',(-0.,-1.,0.));
#4250 = FACE_BOUND('',#4251,.T.);
#4251 = EDGE_LOOP('',(#4252));
#4252 = ORIENTED_EDGE('',*,*,#4253,.T.);
#4253 = EDGE_CURVE('',#4254,#4254,#4256,.T.);
#4254 = VERTEX_POINT('',#4255);
#4255 = CARTESIAN_POINT('',(94.065302,-118.026063,0.91));
#4256 = CIRCLE('',#4257,0.5);
#4257 = AXIS2_PLACEMENT_3D('',#4258,#4259,#4260);
#4258 = CARTESIAN_POINT('',(94.065302,-117.526063,0.91));
#4259 = DIRECTION('',(-0.,0.,-1.));
#4260 = DIRECTION('',(-0.,-1.,0.));
#4261 = FACE_BOUND('',#4262,.T.);
#4262 = EDGE_LOOP('',(#4263));
#4263 = ORIENTED_EDGE('',*,*,#4264,.T.);
#4264 = EDGE_CURVE('',#4265,#4265,#4267,.T.);
#4265 = VERTEX_POINT('',#4266);
#4266 = CARTESIAN_POINT('',(97.30903,-117.41106,0.91));
#4267 = CIRCLE('',#4268,0.5);
#4268 = AXIS2_PLACEMENT_3D('',#4269,#4270,#4271);
#4269 = CARTESIAN_POINT('',(97.30903,-116.91106,0.91));
#4270 = DIRECTION('',(-0.,0.,-1.));
#4271 = DIRECTION('',(-0.,-1.,0.));
#4272 = FACE_BOUND('',#4273,.T.);
#4273 = EDGE_LOOP('',(#4274));
#4274 = ORIENTED_EDGE('',*,*,#4275,.T.);
#4275 = EDGE_CURVE('',#4276,#4276,#4278,.T.);
#4276 = VERTEX_POINT('',#4277);
#4277 = CARTESIAN_POINT('',(87.871398,-113.538437,0.91));
#4278 = CIRCLE('',#4279,0.6);
#4279 = AXIS2_PLACEMENT_3D('',#4280,#4281,#4282);
#4280 = CARTESIAN_POINT('',(87.871398,-112.938437,0.91));
#4281 = DIRECTION('',(-0.,0.,-1.));
#4282 = DIRECTION('',(-0.,-1.,0.));
#4283 = FACE_BOUND('',#4284,.T.);
#4284 = EDGE_LOOP('',(#4285));
#4285 = ORIENTED_EDGE('',*,*,#4286,.T.);
#4286 = EDGE_CURVE('',#4287,#4287,#4289,.T.);
#4287 = VERTEX_POINT('',#4288);
#4288 = CARTESIAN_POINT('',(116.616507,-130.877058,0.91));
#4289 = CIRCLE('',#4290,0.6);
#4290 = AXIS2_PLACEMENT_3D('',#4291,#4292,#4293);
#4291 = CARTESIAN_POINT('',(116.616507,-130.277058,0.91));
#4292 = DIRECTION('',(-0.,0.,-1.));
#4293 = DIRECTION('',(-0.,-1.,0.));
#4294 = FACE_BOUND('',#4295,.T.);
#4295 = EDGE_LOOP('',(#4296));
#4296 = ORIENTED_EDGE('',*,*,#4297,.T.);
#4297 = EDGE_CURVE('',#4298,#4298,#4300,.T.);
#4298 = VERTEX_POINT('',#4299);
#4299 = CARTESIAN_POINT('',(126.217976,-127.9325,0.91));
#4300 = CIRCLE('',#4301,0.4);
#4301 = AXIS2_PLACEMENT_3D('',#4302,#4303,#4304);
#4302 = CARTESIAN_POINT('',(126.217976,-127.5325,0.91));
#4303 = DIRECTION('',(-0.,0.,-1.));
#4304 = DIRECTION('',(-0.,-1.,0.));
#4305 = FACE_BOUND('',#4306,.T.);
#4306 = EDGE_LOOP('',(#4307));
#4307 = ORIENTED_EDGE('',*,*,#4308,.T.);
#4308 = EDGE_CURVE('',#4309,#4309,#4311,.T.);
#4309 = VERTEX_POINT('',#4310);
#4310 = CARTESIAN_POINT('',(128.77,-127.9325,0.91));
#4311 = CIRCLE('',#4312,0.4);
#4312 = AXIS2_PLACEMENT_3D('',#4313,#4314,#4315);
#4313 = CARTESIAN_POINT('',(128.77,-127.5325,0.91));
#4314 = DIRECTION('',(-0.,0.,-1.));
#4315 = DIRECTION('',(7.105427357601E-14,-1.,-0.));
#4316 = FACE_BOUND('',#4317,.T.);
#4317 = EDGE_LOOP('',(#4318));
#4318 = ORIENTED_EDGE('',*,*,#4319,.T.);
#4319 = EDGE_CURVE('',#4320,#4320,#4322,.T.);
#4320 = VERTEX_POINT('',#4321);
#4321 = CARTESIAN_POINT('',(102.247472,-116.628888,0.91));
#4322 = CIRCLE('',#4323,0.5);
#4323 = AXIS2_PLACEMENT_3D('',#4324,#4325,#4326);
#4324 = CARTESIAN_POINT('',(102.247472,-116.128888,0.91));
#4325 = DIRECTION('',(-0.,0.,-1.));
#4326 = DIRECTION('',(-0.,-1.,0.));
#4327 = FACE_BOUND('',#4328,.T.);
#4328 = EDGE_LOOP('',(#4329));
#4329 = ORIENTED_EDGE('',*,*,#4330,.T.);
#4330 = EDGE_CURVE('',#4331,#4331,#4333,.T.);
#4331 = VERTEX_POINT('',#4332);
#4332 = CARTESIAN_POINT('',(105.522487,-116.211423,0.91));
#4333 = CIRCLE('',#4334,0.5);
#4334 = AXIS2_PLACEMENT_3D('',#4335,#4336,#4337);
#4335 = CARTESIAN_POINT('',(105.522487,-115.711423,0.91));
#4336 = DIRECTION('',(-0.,0.,-1.));
#4337 = DIRECTION('',(-0.,-1.,0.));
#4338 = FACE_BOUND('',#4339,.T.);
#4339 = EDGE_LOOP('',(#4340));
#4340 = ORIENTED_EDGE('',*,*,#4341,.T.);
#4341 = EDGE_CURVE('',#4342,#4342,#4344,.T.);
#4342 = VERTEX_POINT('',#4343);
#4343 = CARTESIAN_POINT('',(126.493988,-116.382177,0.91));
#4344 = CIRCLE('',#4345,0.4);
#4345 = AXIS2_PLACEMENT_3D('',#4346,#4347,#4348);
#4346 = CARTESIAN_POINT('',(126.493988,-115.982177,0.91));
#4347 = DIRECTION('',(-0.,0.,-1.));
#4348 = DIRECTION('',(-0.,-1.,0.));
#4349 = FACE_BOUND('',#4350,.T.);
#4350 = EDGE_LOOP('',(#4351));
#4351 = ORIENTED_EDGE('',*,*,#4352,.T.);
#4352 = EDGE_CURVE('',#4353,#4353,#4355,.T.);
#4353 = VERTEX_POINT('',#4354);
#4354 = CARTESIAN_POINT('',(128.493988,-116.382177,0.91));
#4355 = CIRCLE('',#4356,0.4);
#4356 = AXIS2_PLACEMENT_3D('',#4357,#4358,#4359);
#4357 = CARTESIAN_POINT('',(128.493988,-115.982177,0.91));
#4358 = DIRECTION('',(-0.,0.,-1.));
#4359 = DIRECTION('',(-0.,-1.,0.));
#4360 = FACE_BOUND('',#4361,.T.);
#4361 = EDGE_LOOP('',(#4362));
#4362 = ORIENTED_EDGE('',*,*,#4363,.T.);
#4363 = EDGE_CURVE('',#4364,#4364,#4366,.T.);
#4364 = VERTEX_POINT('',#4365);
#4365 = CARTESIAN_POINT('',(74.615202,-103.894663,0.91));
#4366 = CIRCLE('',#4367,0.5);
#4367 = AXIS2_PLACEMENT_3D('',#4368,#4369,#4370);
#4368 = CARTESIAN_POINT('',(74.615202,-103.394663,0.91));
#4369 = DIRECTION('',(-0.,0.,-1.));
#4370 = DIRECTION('',(-0.,-1.,0.));
#4371 = FACE_BOUND('',#4372,.T.);
#4372 = EDGE_LOOP('',(#4373));
#4373 = ORIENTED_EDGE('',*,*,#4374,.T.);
#4374 = EDGE_CURVE('',#4375,#4375,#4377,.T.);
#4375 = VERTEX_POINT('',#4376);
#4376 = CARTESIAN_POINT('',(93.204913,-112.693777,0.91));
#4377 = CIRCLE('',#4378,0.6);
#4378 = AXIS2_PLACEMENT_3D('',#4379,#4380,#4381);
#4379 = CARTESIAN_POINT('',(93.204913,-112.093777,0.91));
#4380 = DIRECTION('',(-0.,0.,-1.));
#4381 = DIRECTION('',(-0.,-1.,0.));
#4382 = FACE_BOUND('',#4383,.T.);
#4383 = EDGE_LOOP('',(#4384));
#4384 = ORIENTED_EDGE('',*,*,#4385,.T.);
#4385 = EDGE_CURVE('',#4386,#4386,#4388,.T.);
#4386 = VERTEX_POINT('',#4387);
#4387 = CARTESIAN_POINT('',(77.85893,-103.27966,0.91));
#4388 = CIRCLE('',#4389,0.5);
#4389 = AXIS2_PLACEMENT_3D('',#4390,#4391,#4392);
#4390 = CARTESIAN_POINT('',(77.85893,-102.77966,0.91));
#4391 = DIRECTION('',(-0.,0.,-1.));
#4392 = DIRECTION('',(-0.,-1.,0.));
#4393 = FACE_BOUND('',#4394,.T.);
#4394 = EDGE_LOOP('',(#4395));
#4395 = ORIENTED_EDGE('',*,*,#4396,.T.);
#4396 = EDGE_CURVE('',#4397,#4397,#4399,.T.);
#4397 = VERTEX_POINT('',#4398);
#4398 = CARTESIAN_POINT('',(73.754813,-98.562377,0.91));
#4399 = CIRCLE('',#4400,0.6);
#4400 = AXIS2_PLACEMENT_3D('',#4401,#4402,#4403);
#4401 = CARTESIAN_POINT('',(73.754813,-97.962377,0.91));
#4402 = DIRECTION('',(-0.,0.,-1.));
#4403 = DIRECTION('',(-0.,-1.,0.));
#4404 = FACE_BOUND('',#4405,.T.);
#4405 = EDGE_LOOP('',(#4406));
#4406 = ORIENTED_EDGE('',*,*,#4407,.T.);
#4407 = EDGE_CURVE('',#4408,#4408,#4410,.T.);
#4408 = VERTEX_POINT('',#4409);
#4409 = CARTESIAN_POINT('',(82.797372,-102.497488,0.91));
#4410 = CIRCLE('',#4411,0.5);
#4411 = AXIS2_PLACEMENT_3D('',#4412,#4413,#4414);
#4412 = CARTESIAN_POINT('',(82.797372,-101.997488,0.91));
#4413 = DIRECTION('',(-0.,0.,-1.));
#4414 = DIRECTION('',(-0.,-1.,0.));
#4415 = FACE_BOUND('',#4416,.T.);
#4416 = EDGE_LOOP('',(#4417));
#4417 = ORIENTED_EDGE('',*,*,#4418,.T.);
#4418 = EDGE_CURVE('',#4419,#4419,#4421,.T.);
#4419 = VERTEX_POINT('',#4420);
#4420 = CARTESIAN_POINT('',(86.072387,-102.080023,0.91));
#4421 = CIRCLE('',#4422,0.5);
#4422 = AXIS2_PLACEMENT_3D('',#4423,#4424,#4425);
#4423 = CARTESIAN_POINT('',(86.072387,-101.580023,0.91));
#4424 = DIRECTION('',(-0.,0.,-1.));
#4425 = DIRECTION('',(-0.,-1.,0.));
#4426 = FACE_BOUND('',#4427,.T.);
#4427 = EDGE_LOOP('',(#4428));
#4428 = ORIENTED_EDGE('',*,*,#4429,.T.);
#4429 = EDGE_CURVE('',#4430,#4430,#4432,.T.);
#4430 = VERTEX_POINT('',#4431);
#4431 = CARTESIAN_POINT('',(91.405902,-101.235263,0.91));
#4432 = CIRCLE('',#4433,0.5);
#4433 = AXIS2_PLACEMENT_3D('',#4434,#4435,#4436);
#4434 = CARTESIAN_POINT('',(91.405902,-100.735263,0.91));
#4435 = DIRECTION('',(-0.,0.,-1.));
#4436 = DIRECTION('',(-0.,-1.,0.));
#4437 = FACE_BOUND('',#4438,.T.);
#4438 = EDGE_LOOP('',(#4439));
#4439 = ORIENTED_EDGE('',*,*,#4440,.T.);
#4440 = EDGE_CURVE('',#4441,#4441,#4443,.T.);
#4441 = VERTEX_POINT('',#4442);
#4442 = CARTESIAN_POINT('',(94.64963,-100.62026,0.91));
#4443 = CIRCLE('',#4444,0.5);
#4444 = AXIS2_PLACEMENT_3D('',#4445,#4446,#4447);
#4445 = CARTESIAN_POINT('',(94.64963,-100.12026,0.91));
#4446 = DIRECTION('',(-0.,0.,-1.));
#4447 = DIRECTION('',(-0.,-1.,0.));
#4448 = FACE_BOUND('',#4449,.T.);
#4449 = EDGE_LOOP('',(#4450));
#4450 = ORIENTED_EDGE('',*,*,#4451,.T.);
#4451 = EDGE_CURVE('',#4452,#4452,#4454,.T.);
#4452 = VERTEX_POINT('',#4453);
#4453 = CARTESIAN_POINT('',(85.211998,-96.747737,0.91));
#4454 = CIRCLE('',#4455,0.6);
#4455 = AXIS2_PLACEMENT_3D('',#4456,#4457,#4458);
#4456 = CARTESIAN_POINT('',(85.211998,-96.147737,0.91));
#4457 = DIRECTION('',(-0.,0.,-1.));
#4458 = DIRECTION('',(-0.,-1.,0.));
#4459 = FACE_BOUND('',#4460,.T.);
#4460 = EDGE_LOOP('',(#4461));
#4461 = ORIENTED_EDGE('',*,*,#4462,.T.);
#4462 = EDGE_CURVE('',#4463,#4463,#4465,.T.);
#4463 = VERTEX_POINT('',#4464);
#4464 = CARTESIAN_POINT('',(90.545513,-95.902977,0.91));
#4465 = CIRCLE('',#4466,0.6);
#4466 = AXIS2_PLACEMENT_3D('',#4467,#4468,#4469);
#4467 = CARTESIAN_POINT('',(90.545513,-95.302977,0.91));
#4468 = DIRECTION('',(-0.,0.,-1.));
#4469 = DIRECTION('',(-0.,-1.,0.));
#4470 = FACE_BOUND('',#4471,.T.);
#4471 = EDGE_LOOP('',(#4472));
#4472 = ORIENTED_EDGE('',*,*,#4473,.T.);
#4473 = EDGE_CURVE('',#4474,#4474,#4476,.T.);
#4474 = VERTEX_POINT('',#4475);
#4475 = CARTESIAN_POINT('',(104.662098,-110.879137,0.91));
#4476 = CIRCLE('',#4477,0.6);
#4477 = AXIS2_PLACEMENT_3D('',#4478,#4479,#4480);
#4478 = CARTESIAN_POINT('',(104.662098,-110.279137,0.91));
#4479 = DIRECTION('',(-0.,0.,-1.));
#4480 = DIRECTION('',(-0.,-1.,0.));
#4481 = FACE_BOUND('',#4482,.T.);
#4482 = EDGE_LOOP('',(#4483));
#4483 = ORIENTED_EDGE('',*,*,#4484,.T.);
#4484 = EDGE_CURVE('',#4485,#4485,#4487,.T.);
#4485 = VERTEX_POINT('',#4486);
#4486 = CARTESIAN_POINT('',(110.448559,-103.891289,0.91));
#4487 = CIRCLE('',#4488,0.5);
#4488 = AXIS2_PLACEMENT_3D('',#4489,#4490,#4491);
#4489 = CARTESIAN_POINT('',(110.448559,-103.391289,0.91));
#4490 = DIRECTION('',(-0.,0.,-1.));
#4491 = DIRECTION('',(-0.,-1.,0.));
#4492 = FACE_BOUND('',#4493,.T.);
#4493 = EDGE_LOOP('',(#4494));
#4494 = ORIENTED_EDGE('',*,*,#4495,.T.);
#4495 = EDGE_CURVE('',#4496,#4496,#4498,.T.);
#4496 = VERTEX_POINT('',#4497);
#4497 = CARTESIAN_POINT('',(113.733545,-103.561336,0.91));
#4498 = CIRCLE('',#4499,0.5);
#4499 = AXIS2_PLACEMENT_3D('',#4500,#4501,#4502);
#4500 = CARTESIAN_POINT('',(113.733545,-103.061336,0.91));
#4501 = DIRECTION('',(-0.,0.,-1.));
#4502 = DIRECTION('',(-0.,-1.,0.));
#4503 = FACE_BOUND('',#4504,.T.);
#4504 = EDGE_LOOP('',(#4505));
#4505 = ORIENTED_EDGE('',*,*,#4506,.T.);
#4506 = EDGE_CURVE('',#4507,#4507,#4509,.T.);
#4507 = VERTEX_POINT('',#4508);
#4508 = CARTESIAN_POINT('',(99.588072,-99.838088,0.91));
#4509 = CIRCLE('',#4510,0.5);
#4510 = AXIS2_PLACEMENT_3D('',#4511,#4512,#4513);
#4511 = CARTESIAN_POINT('',(99.588072,-99.338088,0.91));
#4512 = DIRECTION('',(-0.,0.,-1.));
#4513 = DIRECTION('',(-0.,-1.,0.));
#4514 = FACE_BOUND('',#4515,.T.);
#4515 = EDGE_LOOP('',(#4516));
#4516 = ORIENTED_EDGE('',*,*,#4517,.T.);
#4517 = EDGE_CURVE('',#4518,#4518,#4520,.T.);
#4518 = VERTEX_POINT('',#4519);
#4519 = CARTESIAN_POINT('',(102.863087,-99.420623,0.91));
#4520 = CIRCLE('',#4521,0.5);
#4521 = AXIS2_PLACEMENT_3D('',#4522,#4523,#4524);
#4522 = CARTESIAN_POINT('',(102.863087,-98.920623,0.91));
#4523 = DIRECTION('',(-0.,0.,-1.));
#4524 = DIRECTION('',(-0.,-1.,0.));
#4525 = FACE_BOUND('',#4526,.T.);
#4526 = EDGE_LOOP('',(#4527));
#4527 = ORIENTED_EDGE('',*,*,#4528,.T.);
#4528 = EDGE_CURVE('',#4529,#4529,#4531,.T.);
#4529 = VERTEX_POINT('',#4530);
#4530 = CARTESIAN_POINT('',(102.002698,-94.088337,0.91));
#4531 = CIRCLE('',#4532,0.6);
#4532 = AXIS2_PLACEMENT_3D('',#4533,#4534,#4535);
#4533 = CARTESIAN_POINT('',(102.002698,-93.488337,0.91));
#4534 = DIRECTION('',(-0.,0.,-1.));
#4535 = DIRECTION('',(-2.368475785867E-14,-1.,0.));
#4536 = FACE_BOUND('',#4537,.T.);
#4537 = EDGE_LOOP('',(#4538));
#4538 = ORIENTED_EDGE('',*,*,#4539,.T.);
#4539 = EDGE_CURVE('',#4540,#4540,#4542,.T.);
#4540 = VERTEX_POINT('',#4541);
#4541 = CARTESIAN_POINT('',(110.064898,-98.504686,0.91));
#4542 = CIRCLE('',#4543,0.6);
#4543 = AXIS2_PLACEMENT_3D('',#4544,#4545,#4546);
#4544 = CARTESIAN_POINT('',(110.064898,-97.904686,0.91));
#4545 = DIRECTION('',(-0.,0.,-1.));
#4546 = DIRECTION('',(-0.,-1.,0.));
#4547 = FACE_BOUND('',#4548,.T.);
#4548 = EDGE_LOOP('',(#4549));
#4549 = ORIENTED_EDGE('',*,*,#4550,.T.);
#4550 = EDGE_CURVE('',#4551,#4551,#4553,.T.);
#4551 = VERTEX_POINT('',#4552);
#4552 = CARTESIAN_POINT('',(118.721365,-103.212554,0.91));
#4553 = CIRCLE('',#4554,0.5);
#4554 = AXIS2_PLACEMENT_3D('',#4555,#4556,#4557);
#4555 = CARTESIAN_POINT('',(118.721365,-102.712554,0.91));
#4556 = DIRECTION('',(-0.,0.,-1.));
#4557 = DIRECTION('',(-0.,-1.,0.));
#4558 = FACE_BOUND('',#4559,.T.);
#4559 = EDGE_LOOP('',(#4560));
#4560 = ORIENTED_EDGE('',*,*,#4561,.T.);
#4561 = EDGE_CURVE('',#4562,#4562,#4564,.T.);
#4562 = VERTEX_POINT('',#4563);
#4563 = CARTESIAN_POINT('',(122.020302,-103.082114,0.91));
#4564 = CIRCLE('',#4565,0.5);
#4565 = AXIS2_PLACEMENT_3D('',#4566,#4567,#4568);
#4566 = CARTESIAN_POINT('',(122.020302,-102.582114,0.91));
#4567 = DIRECTION('',(-0.,0.,-1.));
#4568 = DIRECTION('',(-0.,-1.,0.));
#4569 = FACE_BOUND('',#4570,.T.);
#4570 = EDGE_LOOP('',(#4571));
#4571 = ORIENTED_EDGE('',*,*,#4572,.T.);
#4572 = EDGE_CURVE('',#4573,#4573,#4575,.T.);
#4573 = VERTEX_POINT('',#4574);
#4574 = CARTESIAN_POINT('',(121.636641,-97.695511,0.91));
#4575 = CIRCLE('',#4576,0.6);
#4576 = AXIS2_PLACEMENT_3D('',#4577,#4578,#4579);
#4577 = CARTESIAN_POINT('',(121.636641,-97.095511,0.91));
#4578 = DIRECTION('',(-0.,0.,-1.));
#4579 = DIRECTION('',(-0.,-1.,0.));
#4580 = FACE_BOUND('',#4581,.T.);
#4581 = EDGE_LOOP('',(#4582));
#4582 = ORIENTED_EDGE('',*,*,#4583,.T.);
#4583 = EDGE_CURVE('',#4584,#4584,#4586,.T.);
#4584 = VERTEX_POINT('',#4585);
#4585 = CARTESIAN_POINT('',(127.85,-97.25,0.91));
#4586 = CIRCLE('',#4587,0.5);
#4587 = AXIS2_PLACEMENT_3D('',#4588,#4589,#4590);
#4588 = CARTESIAN_POINT('',(127.85,-96.75,0.91));
#4589 = DIRECTION('',(-0.,0.,-1.));
#4590 = DIRECTION('',(-0.,-1.,0.));
#4591 = FACE_BOUND('',#4592,.T.);
#4592 = EDGE_LOOP('',(#4593));
#4593 = ORIENTED_EDGE('',*,*,#4594,.T.);
#4594 = EDGE_CURVE('',#4595,#4595,#4597,.T.);
#4595 = VERTEX_POINT('',#4596);
#4596 = CARTESIAN_POINT('',(131.15,-97.15,0.91));
#4597 = CIRCLE('',#4598,0.5);
#4598 = AXIS2_PLACEMENT_3D('',#4599,#4600,#4601);
#4599 = CARTESIAN_POINT('',(131.15,-96.65,0.91));
#4600 = DIRECTION('',(-0.,0.,-1.));
#4601 = DIRECTION('',(-0.,-1.,0.));
#4602 = FACE_BOUND('',#4603,.T.);
#4603 = EDGE_LOOP('',(#4604));
#4604 = ORIENTED_EDGE('',*,*,#4605,.T.);
#4605 = EDGE_CURVE('',#4606,#4606,#4608,.T.);
#4606 = VERTEX_POINT('',#4607);
#4607 = CARTESIAN_POINT('',(138.612806,-130.978892,0.91));
#4608 = CIRCLE('',#4609,0.6);
#4609 = AXIS2_PLACEMENT_3D('',#4610,#4611,#4612);
#4610 = CARTESIAN_POINT('',(138.612806,-130.378892,0.91));
#4611 = DIRECTION('',(-0.,0.,-1.));
#4612 = DIRECTION('',(-0.,-1.,0.));
#4613 = FACE_BOUND('',#4614,.T.);
#4614 = EDGE_LOOP('',(#4615));
#4615 = ORIENTED_EDGE('',*,*,#4616,.T.);
#4616 = EDGE_CURVE('',#4617,#4617,#4619,.T.);
#4617 = VERTEX_POINT('',#4618);
#4618 = CARTESIAN_POINT('',(143.85,-123.25,0.91));
#4619 = CIRCLE('',#4620,0.5);
#4620 = AXIS2_PLACEMENT_3D('',#4621,#4622,#4623);
#4621 = CARTESIAN_POINT('',(143.85,-122.75,0.91));
#4622 = DIRECTION('',(-0.,0.,-1.));
#4623 = DIRECTION('',(-0.,-1.,0.));
#4624 = FACE_BOUND('',#4625,.T.);
#4625 = EDGE_LOOP('',(#4626));
#4626 = ORIENTED_EDGE('',*,*,#4627,.T.);
#4627 = EDGE_CURVE('',#4628,#4628,#4630,.T.);
#4628 = VERTEX_POINT('',#4629);
#4629 = CARTESIAN_POINT('',(147.15,-123.15,0.91));
#4630 = CIRCLE('',#4631,0.5);
#4631 = AXIS2_PLACEMENT_3D('',#4632,#4633,#4634);
#4632 = CARTESIAN_POINT('',(147.15,-122.65,0.91));
#4633 = DIRECTION('',(-0.,0.,-1.));
#4634 = DIRECTION('',(-0.,-1.,0.));
#4635 = FACE_BOUND('',#4636,.T.);
#4636 = EDGE_LOOP('',(#4637));
#4637 = ORIENTED_EDGE('',*,*,#4638,.T.);
#4638 = EDGE_CURVE('',#4639,#4639,#4641,.T.);
#4639 = VERTEX_POINT('',#4640);
#4640 = CARTESIAN_POINT('',(152.15,-123.15,0.91));
#4641 = CIRCLE('',#4642,0.5);
#4642 = AXIS2_PLACEMENT_3D('',#4643,#4644,#4645);
#4643 = CARTESIAN_POINT('',(152.15,-122.65,0.91));
#4644 = DIRECTION('',(-0.,0.,-1.));
#4645 = DIRECTION('',(-0.,-1.,0.));
#4646 = FACE_BOUND('',#4647,.T.);
#4647 = EDGE_LOOP('',(#4648));
#4648 = ORIENTED_EDGE('',*,*,#4649,.T.);
#4649 = EDGE_CURVE('',#4650,#4650,#4652,.T.);
#4650 = VERTEX_POINT('',#4651);
#4651 = CARTESIAN_POINT('',(155.45,-123.25,0.91));
#4652 = CIRCLE('',#4653,0.5);
#4653 = AXIS2_PLACEMENT_3D('',#4654,#4655,#4656);
#4654 = CARTESIAN_POINT('',(155.45,-122.75,0.91));
#4655 = DIRECTION('',(-0.,0.,-1.));
#4656 = DIRECTION('',(-0.,-1.,0.));
#4657 = FACE_BOUND('',#4658,.T.);
#4658 = EDGE_LOOP('',(#4659));
#4659 = ORIENTED_EDGE('',*,*,#4660,.T.);
#4660 = EDGE_CURVE('',#4661,#4661,#4663,.T.);
#4661 = VERTEX_POINT('',#4662);
#4662 = CARTESIAN_POINT('',(163.368492,-123.911432,0.91));
#4663 = CIRCLE('',#4664,0.5);
#4664 = AXIS2_PLACEMENT_3D('',#4665,#4666,#4667);
#4665 = CARTESIAN_POINT('',(163.368492,-123.411432,0.91));
#4666 = DIRECTION('',(-0.,0.,-1.));
#4667 = DIRECTION('',(-0.,-1.,0.));
#4668 = FACE_BOUND('',#4669,.T.);
#4669 = EDGE_LOOP('',(#4670));
#4670 = ORIENTED_EDGE('',*,*,#4671,.T.);
#4671 = EDGE_CURVE('',#4672,#4672,#4674,.T.);
#4672 = VERTEX_POINT('',#4673);
#4673 = CARTESIAN_POINT('',(166.664651,-124.099427,0.91));
#4674 = CIRCLE('',#4675,0.5);
#4675 = AXIS2_PLACEMENT_3D('',#4676,#4677,#4678);
#4676 = CARTESIAN_POINT('',(166.664651,-123.599427,0.91));
#4677 = DIRECTION('',(-0.,0.,-1.));
#4678 = DIRECTION('',(-0.,-1.,0.));
#4679 = FACE_BOUND('',#4680,.T.);
#4680 = EDGE_LOOP('',(#4681));
#4681 = ORIENTED_EDGE('',*,*,#4682,.T.);
#4682 = EDGE_CURVE('',#4683,#4683,#4685,.T.);
#4683 = VERTEX_POINT('',#4684);
#4684 = CARTESIAN_POINT('',(143.85,-117.85,0.91));
#4685 = CIRCLE('',#4686,0.6);
#4686 = AXIS2_PLACEMENT_3D('',#4687,#4688,#4689);
#4687 = CARTESIAN_POINT('',(143.85,-117.25,0.91));
#4688 = DIRECTION('',(-0.,0.,-1.));
#4689 = DIRECTION('',(-0.,-1.,0.));
#4690 = FACE_BOUND('',#4691,.T.);
#4691 = EDGE_LOOP('',(#4692));
#4692 = ORIENTED_EDGE('',*,*,#4693,.T.);
#4693 = EDGE_CURVE('',#4694,#4694,#4696,.T.);
#4694 = VERTEX_POINT('',#4695);
#4695 = CARTESIAN_POINT('',(155.45,-117.85,0.91));
#4696 = CIRCLE('',#4697,0.6);
#4697 = AXIS2_PLACEMENT_3D('',#4698,#4699,#4700);
#4698 = CARTESIAN_POINT('',(155.45,-117.25,0.91));
#4699 = DIRECTION('',(-0.,0.,-1.));
#4700 = DIRECTION('',(-0.,-1.,0.));
#4701 = FACE_BOUND('',#4702,.T.);
#4702 = EDGE_LOOP('',(#4703));
#4703 = ORIENTED_EDGE('',*,*,#4704,.T.);
#4704 = EDGE_CURVE('',#4705,#4705,#4707,.T.);
#4705 = VERTEX_POINT('',#4706);
#4706 = CARTESIAN_POINT('',(163.847849,-118.532361,0.91));
#4707 = CIRCLE('',#4708,0.6);
#4708 = AXIS2_PLACEMENT_3D('',#4709,#4710,#4711);
#4709 = CARTESIAN_POINT('',(163.847849,-117.932361,0.91));
#4710 = DIRECTION('',(-0.,0.,-1.));
#4711 = DIRECTION('',(-0.,-1.,0.));
#4712 = FACE_BOUND('',#4713,.T.);
#4713 = EDGE_LOOP('',(#4714));
#4714 = ORIENTED_EDGE('',*,*,#4715,.T.);
#4715 = EDGE_CURVE('',#4716,#4716,#4718,.T.);
#4716 = VERTEX_POINT('',#4717);
#4717 = CARTESIAN_POINT('',(171.645624,-124.535205,0.91));
#4718 = CIRCLE('',#4719,0.5);
#4719 = AXIS2_PLACEMENT_3D('',#4720,#4721,#4722);
#4720 = CARTESIAN_POINT('',(171.645624,-124.035205,0.91));
#4721 = DIRECTION('',(-0.,0.,-1.));
#4722 = DIRECTION('',(-0.,-1.,0.));
#4723 = FACE_BOUND('',#4724,.T.);
#4724 = EDGE_LOOP('',(#4725));
#4725 = ORIENTED_EDGE('',*,*,#4726,.T.);
#4726 = EDGE_CURVE('',#4727,#4727,#4729,.T.);
#4727 = VERTEX_POINT('',#4728);
#4728 = CARTESIAN_POINT('',(174.924351,-124.922439,0.91));
#4729 = CIRCLE('',#4730,0.5);
#4730 = AXIS2_PLACEMENT_3D('',#4731,#4732,#4733);
#4731 = CARTESIAN_POINT('',(174.924351,-124.422439,0.91));
#4732 = DIRECTION('',(-0.,0.,-1.));
#4733 = DIRECTION('',(-0.,-1.,0.));
#4734 = FACE_BOUND('',#4735,.T.);
#4735 = EDGE_LOOP('',(#4736));
#4736 = ORIENTED_EDGE('',*,*,#4737,.T.);
#4737 = EDGE_CURVE('',#4738,#4738,#4740,.T.);
#4738 = VERTEX_POINT('',#4739);
#4739 = CARTESIAN_POINT('',(190.625338,-128.116773,0.91));
#4740 = CIRCLE('',#4741,0.5);
#4741 = AXIS2_PLACEMENT_3D('',#4742,#4743,#4744);
#4742 = CARTESIAN_POINT('',(190.625338,-127.616773,0.91));
#4743 = DIRECTION('',(-0.,0.,-1.));
#4744 = DIRECTION('',(-0.,-1.,0.));
#4745 = FACE_BOUND('',#4746,.T.);
#4746 = EDGE_LOOP('',(#4747));
#4747 = ORIENTED_EDGE('',*,*,#4748,.T.);
#4748 = EDGE_CURVE('',#4749,#4749,#4751,.T.);
#4749 = VERTEX_POINT('',#4750);
#4750 = CARTESIAN_POINT('',(185.457028,-126.335662,0.91));
#4751 = CIRCLE('',#4752,0.6);
#4752 = AXIS2_PLACEMENT_3D('',#4753,#4754,#4755);
#4753 = CARTESIAN_POINT('',(185.457028,-125.735662,0.91));
#4754 = DIRECTION('',(-0.,0.,-1.));
#4755 = DIRECTION('',(-0.,-1.,0.));
#4756 = FACE_BOUND('',#4757,.T.);
#4757 = EDGE_LOOP('',(#4758));
#4758 = ORIENTED_EDGE('',*,*,#4759,.T.);
#4759 = EDGE_CURVE('',#4760,#4760,#4762,.T.);
#4760 = VERTEX_POINT('',#4761);
#4761 = CARTESIAN_POINT('',(191.660035,-124.981585,0.91));
#4762 = CIRCLE('',#4763,0.5);
#4763 = AXIS2_PLACEMENT_3D('',#4764,#4765,#4766);
#4764 = CARTESIAN_POINT('',(191.660035,-124.481585,0.91));
#4765 = DIRECTION('',(-0.,0.,-1.));
#4766 = DIRECTION('',(-0.,-1.,0.));
#4767 = FACE_BOUND('',#4768,.T.);
#4768 = EDGE_LOOP('',(#4769));
#4769 = ORIENTED_EDGE('',*,*,#4770,.T.);
#4770 = EDGE_CURVE('',#4771,#4771,#4773,.T.);
#4771 = VERTEX_POINT('',#4772);
#4772 = CARTESIAN_POINT('',(175.403708,-119.543368,0.91));
#4773 = CIRCLE('',#4774,0.6);
#4774 = AXIS2_PLACEMENT_3D('',#4775,#4776,#4777);
#4775 = CARTESIAN_POINT('',(175.403708,-118.943368,0.91));
#4776 = DIRECTION('',(-0.,0.,-1.));
#4777 = DIRECTION('',(-0.,-1.,0.));
#4778 = FACE_BOUND('',#4779,.T.);
#4779 = EDGE_LOOP('',(#4780));
#4780 = ORIENTED_EDGE('',*,*,#4781,.T.);
#4781 = EDGE_CURVE('',#4782,#4782,#4784,.T.);
#4782 = VERTEX_POINT('',#4783);
#4783 = CARTESIAN_POINT('',(193.370136,-120.283122,0.91));
#4784 = CIRCLE('',#4785,0.5);
#4785 = AXIS2_PLACEMENT_3D('',#4786,#4787,#4788);
#4786 = CARTESIAN_POINT('',(193.370136,-119.783122,0.91));
#4787 = DIRECTION('',(-0.,0.,-1.));
#4788 = DIRECTION('',(-0.,-1.,0.));
#4789 = FACE_BOUND('',#4790,.T.);
#4790 = EDGE_LOOP('',(#4791));
#4791 = ORIENTED_EDGE('',*,*,#4792,.T.);
#4792 = EDGE_CURVE('',#4793,#4793,#4795,.T.);
#4793 = VERTEX_POINT('',#4794);
#4794 = CARTESIAN_POINT('',(189.424462,-115.435227,0.91));
#4795 = CIRCLE('',#4796,0.6);
#4796 = AXIS2_PLACEMENT_3D('',#4797,#4798,#4799);
#4797 = CARTESIAN_POINT('',(189.424462,-114.835227,0.91));
#4798 = DIRECTION('',(-0.,0.,-1.));
#4799 = DIRECTION('',(-0.,-1.,0.));
#4800 = FACE_BOUND('',#4801,.T.);
#4801 = EDGE_LOOP('',(#4802));
#4802 = ORIENTED_EDGE('',*,*,#4803,.T.);
#4803 = EDGE_CURVE('',#4804,#4804,#4806,.T.);
#4804 = VERTEX_POINT('',#4805);
#4805 = CARTESIAN_POINT('',(194.592772,-117.216338,0.91));
#4806 = CIRCLE('',#4807,0.5);
#4807 = AXIS2_PLACEMENT_3D('',#4808,#4809,#4810);
#4808 = CARTESIAN_POINT('',(194.592772,-116.716338,0.91));
#4809 = DIRECTION('',(-0.,0.,-1.));
#4810 = DIRECTION('',(-0.,-1.,0.));
#4811 = FACE_BOUND('',#4812,.T.);
#4812 = EDGE_LOOP('',(#4813));
#4813 = ORIENTED_EDGE('',*,*,#4814,.T.);
#4814 = EDGE_CURVE('',#4815,#4815,#4817,.T.);
#4815 = VERTEX_POINT('',#4816);
#4816 = CARTESIAN_POINT('',(134.5,-110.1,0.91));
#4817 = CIRCLE('',#4818,0.6);
#4818 = AXIS2_PLACEMENT_3D('',#4819,#4820,#4821);
#4819 = CARTESIAN_POINT('',(134.5,-109.5,0.91));
#4820 = DIRECTION('',(-0.,0.,-1.));
#4821 = DIRECTION('',(-0.,-1.,0.));
#4822 = FACE_BOUND('',#4823,.T.);
#4823 = EDGE_LOOP('',(#4824));
#4824 = ORIENTED_EDGE('',*,*,#4825,.T.);
#4825 = EDGE_CURVE('',#4826,#4826,#4828,.T.);
#4826 = VERTEX_POINT('',#4827);
#4827 = CARTESIAN_POINT('',(161.85,-105.25,0.91));
#4828 = CIRCLE('',#4829,0.5);
#4829 = AXIS2_PLACEMENT_3D('',#4830,#4831,#4832);
#4830 = CARTESIAN_POINT('',(161.85,-104.75,0.91));
#4831 = DIRECTION('',(-0.,0.,-1.));
#4832 = DIRECTION('',(-0.,-1.,0.));
#4833 = FACE_BOUND('',#4834,.T.);
#4834 = EDGE_LOOP('',(#4835));
#4835 = ORIENTED_EDGE('',*,*,#4836,.T.);
#4836 = EDGE_CURVE('',#4837,#4837,#4839,.T.);
#4837 = VERTEX_POINT('',#4838);
#4838 = CARTESIAN_POINT('',(165.15,-105.15,0.91));
#4839 = CIRCLE('',#4840,0.5);
#4840 = AXIS2_PLACEMENT_3D('',#4841,#4842,#4843);
#4841 = CARTESIAN_POINT('',(165.15,-104.65,0.91));
#4842 = DIRECTION('',(-0.,0.,-1.));
#4843 = DIRECTION('',(-0.,-1.,0.));
#4844 = FACE_BOUND('',#4845,.T.);
#4845 = EDGE_LOOP('',(#4846));
#4846 = ORIENTED_EDGE('',*,*,#4847,.T.);
#4847 = EDGE_CURVE('',#4848,#4848,#4850,.T.);
#4848 = VERTEX_POINT('',#4849);
#4849 = CARTESIAN_POINT('',(144.85,-103.25,0.91));
#4850 = CIRCLE('',#4851,0.5);
#4851 = AXIS2_PLACEMENT_3D('',#4852,#4853,#4854);
#4852 = CARTESIAN_POINT('',(144.85,-102.75,0.91));
#4853 = DIRECTION('',(-0.,0.,-1.));
#4854 = DIRECTION('',(-0.,-1.,0.));
#4855 = FACE_BOUND('',#4856,.T.);
#4856 = EDGE_LOOP('',(#4857));
#4857 = ORIENTED_EDGE('',*,*,#4858,.T.);
#4858 = EDGE_CURVE('',#4859,#4859,#4861,.T.);
#4859 = VERTEX_POINT('',#4860);
#4860 = CARTESIAN_POINT('',(148.15,-103.15,0.91));
#4861 = CIRCLE('',#4862,0.5);
#4862 = AXIS2_PLACEMENT_3D('',#4863,#4864,#4865);
#4863 = CARTESIAN_POINT('',(148.15,-102.65,0.91));
#4864 = DIRECTION('',(-0.,0.,-1.));
#4865 = DIRECTION('',(-0.,-1.,0.));
#4866 = FACE_BOUND('',#4867,.T.);
#4867 = EDGE_LOOP('',(#4868));
#4868 = ORIENTED_EDGE('',*,*,#4869,.T.);
#4869 = EDGE_CURVE('',#4870,#4870,#4872,.T.);
#4870 = VERTEX_POINT('',#4871);
#4871 = CARTESIAN_POINT('',(136.15,-97.15,0.91));
#4872 = CIRCLE('',#4873,0.5);
#4873 = AXIS2_PLACEMENT_3D('',#4874,#4875,#4876);
#4874 = CARTESIAN_POINT('',(136.15,-96.65,0.91));
#4875 = DIRECTION('',(-0.,0.,-1.));
#4876 = DIRECTION('',(-0.,-1.,0.));
#4877 = FACE_BOUND('',#4878,.T.);
#4878 = EDGE_LOOP('',(#4879));
#4879 = ORIENTED_EDGE('',*,*,#4880,.T.);
#4880 = EDGE_CURVE('',#4881,#4881,#4883,.T.);
#4881 = VERTEX_POINT('',#4882);
#4882 = CARTESIAN_POINT('',(139.45,-97.25,0.91));
#4883 = CIRCLE('',#4884,0.5);
#4884 = AXIS2_PLACEMENT_3D('',#4885,#4886,#4887);
#4885 = CARTESIAN_POINT('',(139.45,-96.75,0.91));
#4886 = DIRECTION('',(-0.,0.,-1.));
#4887 = DIRECTION('',(-0.,-1.,0.));
#4888 = FACE_BOUND('',#4889,.T.);
#4889 = EDGE_LOOP('',(#4890));
#4890 = ORIENTED_EDGE('',*,*,#4891,.T.);
#4891 = EDGE_CURVE('',#4892,#4892,#4894,.T.);
#4892 = VERTEX_POINT('',#4893);
#4893 = CARTESIAN_POINT('',(144.85,-97.85,0.91));
#4894 = CIRCLE('',#4895,0.6);
#4895 = AXIS2_PLACEMENT_3D('',#4896,#4897,#4898);
#4896 = CARTESIAN_POINT('',(144.85,-97.25,0.91));
#4897 = DIRECTION('',(-0.,0.,-1.));
#4898 = DIRECTION('',(-0.,-1.,0.));
#4899 = FACE_BOUND('',#4900,.T.);
#4900 = EDGE_LOOP('',(#4901));
#4901 = ORIENTED_EDGE('',*,*,#4902,.T.);
#4902 = EDGE_CURVE('',#4903,#4903,#4905,.T.);
#4903 = VERTEX_POINT('',#4904);
#4904 = CARTESIAN_POINT('',(153.15,-103.15,0.91));
#4905 = CIRCLE('',#4906,0.5);
#4906 = AXIS2_PLACEMENT_3D('',#4907,#4908,#4909);
#4907 = CARTESIAN_POINT('',(153.15,-102.65,0.91));
#4908 = DIRECTION('',(-0.,0.,-1.));
#4909 = DIRECTION('',(-0.,-1.,0.));
#4910 = FACE_BOUND('',#4911,.T.);
#4911 = EDGE_LOOP('',(#4912));
#4912 = ORIENTED_EDGE('',*,*,#4913,.T.);
#4913 = EDGE_CURVE('',#4914,#4914,#4916,.T.);
#4914 = VERTEX_POINT('',#4915);
#4915 = CARTESIAN_POINT('',(156.45,-103.25,0.91));
#4916 = CIRCLE('',#4917,0.5);
#4917 = AXIS2_PLACEMENT_3D('',#4918,#4919,#4920);
#4918 = CARTESIAN_POINT('',(156.45,-102.75,0.91));
#4919 = DIRECTION('',(-0.,0.,-1.));
#4920 = DIRECTION('',(-0.,-1.,0.));
#4921 = FACE_BOUND('',#4922,.T.);
#4922 = EDGE_LOOP('',(#4923));
#4923 = ORIENTED_EDGE('',*,*,#4924,.T.);
#4924 = EDGE_CURVE('',#4925,#4925,#4927,.T.);
#4925 = VERTEX_POINT('',#4926);
#4926 = CARTESIAN_POINT('',(161.85,-99.85,0.91));
#4927 = CIRCLE('',#4928,0.6);
#4928 = AXIS2_PLACEMENT_3D('',#4929,#4930,#4931);
#4929 = CARTESIAN_POINT('',(161.85,-99.25,0.91));
#4930 = DIRECTION('',(-0.,0.,-1.));
#4931 = DIRECTION('',(-0.,-1.,0.));
#4932 = FACE_BOUND('',#4933,.T.);
#4933 = EDGE_LOOP('',(#4934));
#4934 = ORIENTED_EDGE('',*,*,#4935,.T.);
#4935 = EDGE_CURVE('',#4936,#4936,#4938,.T.);
#4936 = VERTEX_POINT('',#4937);
#4937 = CARTESIAN_POINT('',(156.45,-97.85,0.91));
#4938 = CIRCLE('',#4939,0.6);
#4939 = AXIS2_PLACEMENT_3D('',#4940,#4941,#4942);
#4940 = CARTESIAN_POINT('',(156.45,-97.25,0.91));
#4941 = DIRECTION('',(-0.,0.,-1.));
#4942 = DIRECTION('',(-0.,-1.,0.));
#4943 = FACE_BOUND('',#4944,.T.);
#4944 = EDGE_LOOP('',(#4945));
#4945 = ORIENTED_EDGE('',*,*,#4946,.T.);
#4946 = EDGE_CURVE('',#4947,#4947,#4949,.T.);
#4947 = VERTEX_POINT('',#4948);
#4948 = CARTESIAN_POINT('',(170.15,-105.15,0.91));
#4949 = CIRCLE('',#4950,0.5);
#4950 = AXIS2_PLACEMENT_3D('',#4951,#4952,#4953);
#4951 = CARTESIAN_POINT('',(170.15,-104.65,0.91));
#4952 = DIRECTION('',(-0.,0.,-1.));
#4953 = DIRECTION('',(-0.,-1.,0.));
#4954 = FACE_BOUND('',#4955,.T.);
#4955 = EDGE_LOOP('',(#4956));
#4956 = ORIENTED_EDGE('',*,*,#4957,.T.);
#4957 = EDGE_CURVE('',#4958,#4958,#4960,.T.);
#4958 = VERTEX_POINT('',#4959);
#4959 = CARTESIAN_POINT('',(173.45,-105.25,0.91));
#4960 = CIRCLE('',#4961,0.5);
#4961 = AXIS2_PLACEMENT_3D('',#4962,#4963,#4964);
#4962 = CARTESIAN_POINT('',(173.45,-104.75,0.91));
#4963 = DIRECTION('',(-0.,0.,-1.));
#4964 = DIRECTION('',(-0.,-1.,0.));
#4965 = FACE_BOUND('',#4966,.T.);
#4966 = EDGE_LOOP('',(#4967));
#4967 = ORIENTED_EDGE('',*,*,#4968,.T.);
#4968 = EDGE_CURVE('',#4969,#4969,#4971,.T.);
#4969 = VERTEX_POINT('',#4970);
#4970 = CARTESIAN_POINT('',(201.475,-107.45,0.91));
#4971 = CIRCLE('',#4972,0.45);
#4972 = AXIS2_PLACEMENT_3D('',#4973,#4974,#4975);
#4973 = CARTESIAN_POINT('',(201.475,-107.,0.91));
#4974 = DIRECTION('',(-0.,0.,-1.));
#4975 = DIRECTION('',(-6.315935428979E-14,-1.,0.));
#4976 = FACE_BOUND('',#4977,.T.);
#4977 = EDGE_LOOP('',(#4978));
#4978 = ORIENTED_EDGE('',*,*,#4979,.T.);
#4979 = EDGE_CURVE('',#4980,#4980,#4982,.T.);
#4980 = VERTEX_POINT('',#4981);
#4981 = CARTESIAN_POINT('',(201.475,-104.45,0.91));
#4982 = CIRCLE('',#4983,0.45);
#4983 = AXIS2_PLACEMENT_3D('',#4984,#4985,#4986);
#4984 = CARTESIAN_POINT('',(201.475,-104.,0.91));
#4985 = DIRECTION('',(-0.,0.,-1.));
#4986 = DIRECTION('',(-6.315935428979E-14,-1.,0.));
#4987 = FACE_BOUND('',#4988,.T.);
#4988 = EDGE_LOOP('',(#4989));
#4989 = ORIENTED_EDGE('',*,*,#4990,.T.);
#4990 = EDGE_CURVE('',#4991,#4991,#4993,.T.);
#4991 = VERTEX_POINT('',#4992);
#4992 = CARTESIAN_POINT('',(173.45,-99.85,0.91));
#4993 = CIRCLE('',#4994,0.6);
#4994 = AXIS2_PLACEMENT_3D('',#4995,#4996,#4997);
#4995 = CARTESIAN_POINT('',(173.45,-99.25,0.91));
#4996 = DIRECTION('',(-0.,0.,-1.));
#4997 = DIRECTION('',(-0.,-1.,0.));
#4998 = FACE_BOUND('',#4999,.T.);
#4999 = EDGE_LOOP('',(#5000));
#5000 = ORIENTED_EDGE('',*,*,#5001,.T.);
#5001 = EDGE_CURVE('',#5002,#5002,#5004,.T.);
#5002 = VERTEX_POINT('',#5003);
#5003 = CARTESIAN_POINT('',(180.,-100.1,0.91));
#5004 = CIRCLE('',#5005,0.6);
#5005 = AXIS2_PLACEMENT_3D('',#5006,#5007,#5008);
#5006 = CARTESIAN_POINT('',(180.,-99.5,0.91));
#5007 = DIRECTION('',(-0.,0.,-1.));
#5008 = DIRECTION('',(-0.,-1.,0.));
#5009 = FACE_BOUND('',#5010,.T.);
#5010 = EDGE_LOOP('',(#5011));
#5011 = ORIENTED_EDGE('',*,*,#5012,.T.);
#5012 = EDGE_CURVE('',#5013,#5013,#5015,.T.);
#5013 = VERTEX_POINT('',#5014);
#5014 = CARTESIAN_POINT('',(199.,-100.1,0.91));
#5015 = CIRCLE('',#5016,0.6);
#5016 = AXIS2_PLACEMENT_3D('',#5017,#5018,#5019);
#5017 = CARTESIAN_POINT('',(199.,-99.5,0.91));
#5018 = DIRECTION('',(-0.,0.,-1.));
#5019 = DIRECTION('',(-0.,-1.,0.));
#5020 = FACE_BOUND('',#5021,.T.);
#5021 = EDGE_LOOP('',(#5022));
#5022 = ORIENTED_EDGE('',*,*,#5023,.T.);
#5023 = EDGE_CURVE('',#5024,#5024,#5026,.T.);
#5024 = VERTEX_POINT('',#5025);
#5025 = CARTESIAN_POINT('',(71.955802,-87.103963,0.91));
#5026 = CIRCLE('',#5027,0.5);
#5027 = AXIS2_PLACEMENT_3D('',#5028,#5029,#5030);
#5028 = CARTESIAN_POINT('',(71.955802,-86.603963,0.91));
#5029 = DIRECTION('',(-0.,0.,-1.));
#5030 = DIRECTION('',(-0.,-1.,0.));
#5031 = FACE_BOUND('',#5032,.T.);
#5032 = EDGE_LOOP('',(#5033));
#5033 = ORIENTED_EDGE('',*,*,#5034,.T.);
#5034 = EDGE_CURVE('',#5035,#5035,#5037,.T.);
#5035 = VERTEX_POINT('',#5036);
#5036 = CARTESIAN_POINT('',(75.19953,-86.48896,0.91));
#5037 = CIRCLE('',#5038,0.5);
#5038 = AXIS2_PLACEMENT_3D('',#5039,#5040,#5041);
#5039 = CARTESIAN_POINT('',(75.19953,-85.98896,0.91));
#5040 = DIRECTION('',(-0.,0.,-1.));
#5041 = DIRECTION('',(-0.,-1.,0.));
#5042 = FACE_BOUND('',#5043,.T.);
#5043 = EDGE_LOOP('',(#5044));
#5044 = ORIENTED_EDGE('',*,*,#5045,.T.);
#5045 = EDGE_CURVE('',#5046,#5046,#5048,.T.);
#5046 = VERTEX_POINT('',#5047);
#5047 = CARTESIAN_POINT('',(80.137972,-85.706788,0.91));
#5048 = CIRCLE('',#5049,0.5);
#5049 = AXIS2_PLACEMENT_3D('',#5050,#5051,#5052);
#5050 = CARTESIAN_POINT('',(80.137972,-85.206788,0.91));
#5051 = DIRECTION('',(-0.,0.,-1.));
#5052 = DIRECTION('',(-0.,-1.,0.));
#5053 = FACE_BOUND('',#5054,.T.);
#5054 = EDGE_LOOP('',(#5055));
#5055 = ORIENTED_EDGE('',*,*,#5056,.T.);
#5056 = EDGE_CURVE('',#5057,#5057,#5059,.T.);
#5057 = VERTEX_POINT('',#5058);
#5058 = CARTESIAN_POINT('',(83.412987,-85.289323,0.91));
#5059 = CIRCLE('',#5060,0.5);
#5060 = AXIS2_PLACEMENT_3D('',#5061,#5062,#5063);
#5061 = CARTESIAN_POINT('',(83.412987,-84.789323,0.91));
#5062 = DIRECTION('',(-0.,0.,-1.));
#5063 = DIRECTION('',(-0.,-1.,0.));
#5064 = FACE_BOUND('',#5065,.T.);
#5065 = EDGE_LOOP('',(#5066));
#5066 = ORIENTED_EDGE('',*,*,#5067,.T.);
#5067 = EDGE_CURVE('',#5068,#5068,#5070,.T.);
#5068 = VERTEX_POINT('',#5069);
#5069 = CARTESIAN_POINT('',(71.095413,-81.771677,0.91));
#5070 = CIRCLE('',#5071,0.6);
#5071 = AXIS2_PLACEMENT_3D('',#5072,#5073,#5074);
#5072 = CARTESIAN_POINT('',(71.095413,-81.171677,0.91));
#5073 = DIRECTION('',(-0.,0.,-1.));
#5074 = DIRECTION('',(-2.368475785867E-14,-1.,0.));
#5075 = FACE_BOUND('',#5076,.T.);
#5076 = EDGE_LOOP('',(#5077));
#5077 = ORIENTED_EDGE('',*,*,#5078,.T.);
#5078 = EDGE_CURVE('',#5079,#5079,#5081,.T.);
#5079 = VERTEX_POINT('',#5080);
#5080 = CARTESIAN_POINT('',(88.746502,-84.444563,0.91));
#5081 = CIRCLE('',#5082,0.5);
#5082 = AXIS2_PLACEMENT_3D('',#5083,#5084,#5085);
#5083 = CARTESIAN_POINT('',(88.746502,-83.944563,0.91));
#5084 = DIRECTION('',(-0.,0.,-1.));
#5085 = DIRECTION('',(-0.,-1.,0.));
#5086 = FACE_BOUND('',#5087,.T.);
#5087 = EDGE_LOOP('',(#5088));
#5088 = ORIENTED_EDGE('',*,*,#5089,.T.);
#5089 = EDGE_CURVE('',#5090,#5090,#5092,.T.);
#5090 = VERTEX_POINT('',#5091);
#5091 = CARTESIAN_POINT('',(91.99023,-83.82956,0.91));
#5092 = CIRCLE('',#5093,0.5);
#5093 = AXIS2_PLACEMENT_3D('',#5094,#5095,#5096);
#5094 = CARTESIAN_POINT('',(91.99023,-83.32956,0.91));
#5095 = DIRECTION('',(-0.,0.,-1.));
#5096 = DIRECTION('',(-0.,-1.,0.));
#5097 = FACE_BOUND('',#5098,.T.);
#5098 = EDGE_LOOP('',(#5099));
#5099 = ORIENTED_EDGE('',*,*,#5100,.T.);
#5100 = EDGE_CURVE('',#5101,#5101,#5103,.T.);
#5101 = VERTEX_POINT('',#5102);
#5102 = CARTESIAN_POINT('',(96.928672,-83.047388,0.91));
#5103 = CIRCLE('',#5104,0.5);
#5104 = AXIS2_PLACEMENT_3D('',#5105,#5106,#5107);
#5105 = CARTESIAN_POINT('',(96.928672,-82.547388,0.91));
#5106 = DIRECTION('',(-0.,0.,-1.));
#5107 = DIRECTION('',(-0.,-1.,0.));
#5108 = FACE_BOUND('',#5109,.T.);
#5109 = EDGE_LOOP('',(#5110));
#5110 = ORIENTED_EDGE('',*,*,#5111,.T.);
#5111 = EDGE_CURVE('',#5112,#5112,#5114,.T.);
#5112 = VERTEX_POINT('',#5113);
#5113 = CARTESIAN_POINT('',(82.552598,-79.957037,0.91));
#5114 = CIRCLE('',#5115,0.6);
#5115 = AXIS2_PLACEMENT_3D('',#5116,#5117,#5118);
#5116 = CARTESIAN_POINT('',(82.552598,-79.357037,0.91));
#5117 = DIRECTION('',(-0.,0.,-1.));
#5118 = DIRECTION('',(2.368475785867E-14,-1.,-0.));
#5119 = FACE_BOUND('',#5120,.T.);
#5120 = EDGE_LOOP('',(#5121));
#5121 = ORIENTED_EDGE('',*,*,#5122,.T.);
#5122 = EDGE_CURVE('',#5123,#5123,#5125,.T.);
#5123 = VERTEX_POINT('',#5124);
#5124 = CARTESIAN_POINT('',(87.886113,-79.112277,0.91));
#5125 = CIRCLE('',#5126,0.6);
#5126 = AXIS2_PLACEMENT_3D('',#5127,#5128,#5129);
#5127 = CARTESIAN_POINT('',(87.886113,-78.512277,0.91));
#5128 = DIRECTION('',(-0.,0.,-1.));
#5129 = DIRECTION('',(-0.,-1.,0.));
#5130 = FACE_BOUND('',#5131,.T.);
#5131 = EDGE_LOOP('',(#5132));
#5132 = ORIENTED_EDGE('',*,*,#5133,.T.);
#5133 = EDGE_CURVE('',#5134,#5134,#5136,.T.);
#5134 = VERTEX_POINT('',#5135);
#5135 = CARTESIAN_POINT('',(109.262659,-86.932689,0.91));
#5136 = CIRCLE('',#5137,0.5);
#5137 = AXIS2_PLACEMENT_3D('',#5138,#5139,#5140);
#5138 = CARTESIAN_POINT('',(109.262659,-86.432689,0.91));
#5139 = DIRECTION('',(-0.,0.,-1.));
#5140 = DIRECTION('',(-0.,-1.,0.));
#5141 = FACE_BOUND('',#5142,.T.);
#5142 = EDGE_LOOP('',(#5143));
#5143 = ORIENTED_EDGE('',*,*,#5144,.T.);
#5144 = EDGE_CURVE('',#5145,#5145,#5147,.T.);
#5145 = VERTEX_POINT('',#5146);
#5146 = CARTESIAN_POINT('',(112.547645,-86.602736,0.91));
#5147 = CIRCLE('',#5148,0.5);
#5148 = AXIS2_PLACEMENT_3D('',#5149,#5150,#5151);
#5149 = CARTESIAN_POINT('',(112.547645,-86.102736,0.91));
#5150 = DIRECTION('',(-0.,0.,-1.));
#5151 = DIRECTION('',(-0.,-1.,0.));
#5152 = FACE_BOUND('',#5153,.T.);
#5153 = EDGE_LOOP('',(#5154));
#5154 = ORIENTED_EDGE('',*,*,#5155,.T.);
#5155 = EDGE_CURVE('',#5156,#5156,#5158,.T.);
#5156 = VERTEX_POINT('',#5157);
#5157 = CARTESIAN_POINT('',(127.85,-91.85,0.91));
#5158 = CIRCLE('',#5159,0.6);
#5159 = AXIS2_PLACEMENT_3D('',#5160,#5161,#5162);
#5160 = CARTESIAN_POINT('',(127.85,-91.25,0.91));
#5161 = DIRECTION('',(-0.,0.,-1.));
#5162 = DIRECTION('',(-0.,-1.,0.));
#5163 = FACE_BOUND('',#5164,.T.);
#5164 = EDGE_LOOP('',(#5165));
#5165 = ORIENTED_EDGE('',*,*,#5166,.T.);
#5166 = EDGE_CURVE('',#5167,#5167,#5169,.T.);
#5167 = VERTEX_POINT('',#5168);
#5168 = CARTESIAN_POINT('',(117.535465,-86.253954,0.91));
#5169 = CIRCLE('',#5170,0.5);
#5170 = AXIS2_PLACEMENT_3D('',#5171,#5172,#5173);
#5171 = CARTESIAN_POINT('',(117.535465,-85.753954,0.91));
#5172 = DIRECTION('',(-0.,0.,-1.));
#5173 = DIRECTION('',(-0.,-1.,0.));
#5174 = FACE_BOUND('',#5175,.T.);
#5175 = EDGE_LOOP('',(#5176));
#5176 = ORIENTED_EDGE('',*,*,#5177,.T.);
#5177 = EDGE_CURVE('',#5178,#5178,#5180,.T.);
#5178 = VERTEX_POINT('',#5179);
#5179 = CARTESIAN_POINT('',(120.834402,-86.123514,0.91));
#5180 = CIRCLE('',#5181,0.5);
#5181 = AXIS2_PLACEMENT_3D('',#5182,#5183,#5184);
#5182 = CARTESIAN_POINT('',(120.834402,-85.623514,0.91));
#5183 = DIRECTION('',(-0.,0.,-1.));
#5184 = DIRECTION('',(-0.,-1.,0.));
#5185 = FACE_BOUND('',#5186,.T.);
#5186 = EDGE_LOOP('',(#5187));
#5187 = ORIENTED_EDGE('',*,*,#5188,.T.);
#5188 = EDGE_CURVE('',#5189,#5189,#5191,.T.);
#5189 = VERTEX_POINT('',#5190);
#5190 = CARTESIAN_POINT('',(100.203687,-82.629923,0.91));
#5191 = CIRCLE('',#5192,0.5);
#5192 = AXIS2_PLACEMENT_3D('',#5193,#5194,#5195);
#5193 = CARTESIAN_POINT('',(100.203687,-82.129923,0.91));
#5194 = DIRECTION('',(-0.,0.,-1.));
#5195 = DIRECTION('',(-0.,-1.,0.));
#5196 = FACE_BOUND('',#5197,.T.);
#5197 = EDGE_LOOP('',(#5198));
#5198 = ORIENTED_EDGE('',*,*,#5199,.T.);
#5199 = EDGE_CURVE('',#5200,#5200,#5202,.T.);
#5200 = VERTEX_POINT('',#5201);
#5201 = CARTESIAN_POINT('',(108.878998,-81.546086,0.91));
#5202 = CIRCLE('',#5203,0.6);
#5203 = AXIS2_PLACEMENT_3D('',#5204,#5205,#5206);
#5204 = CARTESIAN_POINT('',(108.878998,-80.946086,0.91));
#5205 = DIRECTION('',(-0.,0.,-1.));
#5206 = DIRECTION('',(-0.,-1.,0.));
#5207 = FACE_BOUND('',#5208,.T.);
#5208 = EDGE_LOOP('',(#5209));
#5209 = ORIENTED_EDGE('',*,*,#5210,.T.);
#5210 = EDGE_CURVE('',#5211,#5211,#5213,.T.);
#5211 = VERTEX_POINT('',#5212);
#5212 = CARTESIAN_POINT('',(99.343298,-77.297637,0.91));
#5213 = CIRCLE('',#5214,0.6);
#5214 = AXIS2_PLACEMENT_3D('',#5215,#5216,#5217);
#5215 = CARTESIAN_POINT('',(99.343298,-76.697637,0.91));
#5216 = DIRECTION('',(-0.,0.,-1.));
#5217 = DIRECTION('',(-0.,-1.,0.));
#5218 = FACE_BOUND('',#5219,.T.);
#5219 = EDGE_LOOP('',(#5220));
#5220 = ORIENTED_EDGE('',*,*,#5221,.T.);
#5221 = EDGE_CURVE('',#5222,#5222,#5224,.T.);
#5222 = VERTEX_POINT('',#5223);
#5223 = CARTESIAN_POINT('',(120.450741,-80.736911,0.91));
#5224 = CIRCLE('',#5225,0.6);
#5225 = AXIS2_PLACEMENT_3D('',#5226,#5227,#5228);
#5226 = CARTESIAN_POINT('',(120.450741,-80.136911,0.91));
#5227 = DIRECTION('',(-0.,0.,-1.));
#5228 = DIRECTION('',(-0.,-1.,0.));
#5229 = FACE_BOUND('',#5230,.T.);
#5230 = EDGE_LOOP('',(#5231));
#5231 = ORIENTED_EDGE('',*,*,#5232,.T.);
#5232 = EDGE_CURVE('',#5233,#5233,#5235,.T.);
#5233 = VERTEX_POINT('',#5234);
#5234 = CARTESIAN_POINT('',(127.85,-80.25,0.91));
#5235 = CIRCLE('',#5236,0.5);
#5236 = AXIS2_PLACEMENT_3D('',#5237,#5238,#5239);
#5237 = CARTESIAN_POINT('',(127.85,-79.75,0.91));
#5238 = DIRECTION('',(-0.,0.,-1.));
#5239 = DIRECTION('',(-0.,-1.,0.));
#5240 = FACE_BOUND('',#5241,.T.);
#5241 = EDGE_LOOP('',(#5242));
#5242 = ORIENTED_EDGE('',*,*,#5243,.T.);
#5243 = EDGE_CURVE('',#5244,#5244,#5246,.T.);
#5244 = VERTEX_POINT('',#5245);
#5245 = CARTESIAN_POINT('',(131.15,-80.15,0.91));
#5246 = CIRCLE('',#5247,0.5);
#5247 = AXIS2_PLACEMENT_3D('',#5248,#5249,#5250);
#5248 = CARTESIAN_POINT('',(131.15,-79.65,0.91));
#5249 = DIRECTION('',(-0.,0.,-1.));
#5250 = DIRECTION('',(-0.,-1.,0.));
#5251 = FACE_BOUND('',#5252,.T.);
#5252 = EDGE_LOOP('',(#5253));
#5253 = ORIENTED_EDGE('',*,*,#5254,.T.);
#5254 = EDGE_CURVE('',#5255,#5255,#5257,.T.);
#5255 = VERTEX_POINT('',#5256);
#5256 = CARTESIAN_POINT('',(66.299106,-74.9289,0.91));
#5257 = CIRCLE('',#5258,0.6);
#5258 = AXIS2_PLACEMENT_3D('',#5259,#5260,#5261);
#5259 = CARTESIAN_POINT('',(66.299106,-74.3289,0.91));
#5260 = DIRECTION('',(-0.,0.,-1.));
#5261 = DIRECTION('',(-0.,-1.,0.));
#5262 = FACE_BOUND('',#5263,.T.);
#5263 = EDGE_LOOP('',(#5264));
#5264 = ORIENTED_EDGE('',*,*,#5265,.T.);
#5265 = EDGE_CURVE('',#5266,#5266,#5268,.T.);
#5266 = VERTEX_POINT('',#5267);
#5267 = CARTESIAN_POINT('',(64.66975,-64.439924,0.91));
#5268 = CIRCLE('',#5269,0.6);
#5269 = AXIS2_PLACEMENT_3D('',#5270,#5271,#5272);
#5270 = CARTESIAN_POINT('',(64.66975,-63.839924,0.91));
#5271 = DIRECTION('',(-0.,0.,-1.));
#5272 = DIRECTION('',(-0.,-1.,0.));
#5273 = FACE_BOUND('',#5274,.T.);
#5274 = EDGE_LOOP('',(#5275));
#5275 = ORIENTED_EDGE('',*,*,#5276,.T.);
#5276 = EDGE_CURVE('',#5277,#5277,#5279,.T.);
#5277 = VERTEX_POINT('',#5278);
#5278 = CARTESIAN_POINT('',(102.101422,-68.980824,0.91));
#5279 = CIRCLE('',#5280,0.5461);
#5280 = AXIS2_PLACEMENT_3D('',#5281,#5282,#5283);
#5281 = CARTESIAN_POINT('',(102.101422,-68.434724,0.91));
#5282 = DIRECTION('',(-0.,0.,-1.));
#5283 = DIRECTION('',(-0.,-1.,0.));
#5284 = FACE_BOUND('',#5285,.T.);
#5285 = EDGE_LOOP('',(#5286));
#5286 = ORIENTED_EDGE('',*,*,#5287,.T.);
#5287 = EDGE_CURVE('',#5288,#5288,#5290,.T.);
#5288 = VERTEX_POINT('',#5289);
#5289 = CARTESIAN_POINT('',(101.704078,-66.472095,0.91));
#5290 = CIRCLE('',#5291,0.5461);
#5291 = AXIS2_PLACEMENT_3D('',#5292,#5293,#5294);
#5292 = CARTESIAN_POINT('',(101.704078,-65.925995,0.91));
#5293 = DIRECTION('',(-0.,0.,-1.));
#5294 = DIRECTION('',(-2.602244042337E-14,-1.,0.));
#5295 = FACE_BOUND('',#5296,.T.);
#5296 = EDGE_LOOP('',(#5297));
#5297 = ORIENTED_EDGE('',*,*,#5298,.T.);
#5298 = EDGE_CURVE('',#5299,#5299,#5301,.T.);
#5299 = VERTEX_POINT('',#5300);
#5300 = CARTESIAN_POINT('',(108.076859,-69.974089,0.91));
#5301 = CIRCLE('',#5302,0.5);
#5302 = AXIS2_PLACEMENT_3D('',#5303,#5304,#5305);
#5303 = CARTESIAN_POINT('',(108.076859,-69.474089,0.91));
#5304 = DIRECTION('',(-0.,0.,-1.));
#5305 = DIRECTION('',(-0.,-1.,0.));
#5306 = FACE_BOUND('',#5307,.T.);
#5307 = EDGE_LOOP('',(#5308));
#5308 = ORIENTED_EDGE('',*,*,#5309,.T.);
#5309 = EDGE_CURVE('',#5310,#5310,#5312,.T.);
#5310 = VERTEX_POINT('',#5311);
#5311 = CARTESIAN_POINT('',(111.361845,-69.644136,0.91));
#5312 = CIRCLE('',#5313,0.5);
#5313 = AXIS2_PLACEMENT_3D('',#5314,#5315,#5316);
#5314 = CARTESIAN_POINT('',(111.361845,-69.144136,0.91));
#5315 = DIRECTION('',(-0.,0.,-1.));
#5316 = DIRECTION('',(-0.,-1.,0.));
#5317 = FACE_BOUND('',#5318,.T.);
#5318 = EDGE_LOOP('',(#5319));
#5319 = ORIENTED_EDGE('',*,*,#5320,.T.);
#5320 = EDGE_CURVE('',#5321,#5321,#5323,.T.);
#5321 = VERTEX_POINT('',#5322);
#5322 = CARTESIAN_POINT('',(127.85,-74.85,0.91));
#5323 = CIRCLE('',#5324,0.6);
#5324 = AXIS2_PLACEMENT_3D('',#5325,#5326,#5327);
#5325 = CARTESIAN_POINT('',(127.85,-74.25,0.91));
#5326 = DIRECTION('',(-0.,0.,-1.));
#5327 = DIRECTION('',(-0.,-1.,0.));
#5328 = FACE_BOUND('',#5329,.T.);
#5329 = EDGE_LOOP('',(#5330));
#5330 = ORIENTED_EDGE('',*,*,#5331,.T.);
#5331 = EDGE_CURVE('',#5332,#5332,#5334,.T.);
#5332 = VERTEX_POINT('',#5333);
#5333 = CARTESIAN_POINT('',(116.349665,-69.295354,0.91));
#5334 = CIRCLE('',#5335,0.5);
#5335 = AXIS2_PLACEMENT_3D('',#5336,#5337,#5338);
#5336 = CARTESIAN_POINT('',(116.349665,-68.795354,0.91));
#5337 = DIRECTION('',(-0.,0.,-1.));
#5338 = DIRECTION('',(-0.,-1.,0.));
#5339 = FACE_BOUND('',#5340,.T.);
#5340 = EDGE_LOOP('',(#5341));
#5341 = ORIENTED_EDGE('',*,*,#5342,.T.);
#5342 = EDGE_CURVE('',#5343,#5343,#5345,.T.);
#5343 = VERTEX_POINT('',#5344);
#5344 = CARTESIAN_POINT('',(119.648602,-69.164914,0.91));
#5345 = CIRCLE('',#5346,0.5);
#5346 = AXIS2_PLACEMENT_3D('',#5347,#5348,#5349);
#5347 = CARTESIAN_POINT('',(119.648602,-68.664914,0.91));
#5348 = DIRECTION('',(-0.,0.,-1.));
#5349 = DIRECTION('',(-0.,-1.,0.));
#5350 = FACE_BOUND('',#5351,.T.);
#5351 = EDGE_LOOP('',(#5352));
#5352 = ORIENTED_EDGE('',*,*,#5353,.T.);
#5353 = EDGE_CURVE('',#5354,#5354,#5356,.T.);
#5354 = VERTEX_POINT('',#5355);
#5355 = CARTESIAN_POINT('',(101.306735,-63.963367,0.91));
#5356 = CIRCLE('',#5357,0.5461);
#5357 = AXIS2_PLACEMENT_3D('',#5358,#5359,#5360);
#5358 = CARTESIAN_POINT('',(101.306735,-63.417267,0.91));
#5359 = DIRECTION('',(-0.,0.,-1.));
#5360 = DIRECTION('',(-0.,-1.,0.));
#5361 = FACE_BOUND('',#5362,.T.);
#5362 = EDGE_LOOP('',(#5363));
#5363 = ORIENTED_EDGE('',*,*,#5364,.T.);
#5364 = EDGE_CURVE('',#5365,#5365,#5367,.T.);
#5365 = VERTEX_POINT('',#5366);
#5366 = CARTESIAN_POINT('',(100.909391,-61.454639,0.91));
#5367 = CIRCLE('',#5368,0.5461);
#5368 = AXIS2_PLACEMENT_3D('',#5369,#5370,#5371);
#5369 = CARTESIAN_POINT('',(100.909391,-60.908539,0.91));
#5370 = DIRECTION('',(-0.,0.,-1.));
#5371 = DIRECTION('',(-0.,-1.,0.));
#5372 = FACE_BOUND('',#5373,.T.);
#5373 = EDGE_LOOP('',(#5374));
#5374 = ORIENTED_EDGE('',*,*,#5375,.T.);
#5375 = EDGE_CURVE('',#5376,#5376,#5378,.T.);
#5376 = VERTEX_POINT('',#5377);
#5377 = CARTESIAN_POINT('',(107.693198,-64.587486,0.91));
#5378 = CIRCLE('',#5379,0.6);
#5379 = AXIS2_PLACEMENT_3D('',#5380,#5381,#5382);
#5380 = CARTESIAN_POINT('',(107.693198,-63.987486,0.91));
#5381 = DIRECTION('',(-0.,0.,-1.));
#5382 = DIRECTION('',(-0.,-1.,0.));
#5383 = FACE_BOUND('',#5384,.T.);
#5384 = EDGE_LOOP('',(#5385));
#5385 = ORIENTED_EDGE('',*,*,#5386,.T.);
#5386 = EDGE_CURVE('',#5387,#5387,#5389,.T.);
#5387 = VERTEX_POINT('',#5388);
#5388 = CARTESIAN_POINT('',(100.512047,-58.94591,0.91));
#5389 = CIRCLE('',#5390,0.5461);
#5390 = AXIS2_PLACEMENT_3D('',#5391,#5392,#5393);
#5391 = CARTESIAN_POINT('',(100.512047,-58.39981,0.91));
#5392 = DIRECTION('',(-0.,0.,-1.));
#5393 = DIRECTION('',(-0.,-1.,0.));
#5394 = FACE_BOUND('',#5395,.T.);
#5395 = EDGE_LOOP('',(#5396));
#5396 = ORIENTED_EDGE('',*,*,#5397,.T.);
#5397 = EDGE_CURVE('',#5398,#5398,#5400,.T.);
#5398 = VERTEX_POINT('',#5399);
#5399 = CARTESIAN_POINT('',(104.5,-57.1,0.91));
#5400 = CIRCLE('',#5401,0.6);
#5401 = AXIS2_PLACEMENT_3D('',#5402,#5403,#5404);
#5402 = CARTESIAN_POINT('',(104.5,-56.5,0.91));
#5403 = DIRECTION('',(-0.,0.,-1.));
#5404 = DIRECTION('',(-0.,-1.,0.));
#5405 = FACE_BOUND('',#5406,.T.);
#5406 = EDGE_LOOP('',(#5407));
#5407 = ORIENTED_EDGE('',*,*,#5408,.T.);
#5408 = EDGE_CURVE('',#5409,#5409,#5411,.T.);
#5409 = VERTEX_POINT('',#5410);
#5410 = CARTESIAN_POINT('',(119.264941,-63.778311,0.91));
#5411 = CIRCLE('',#5412,0.6);
#5412 = AXIS2_PLACEMENT_3D('',#5413,#5414,#5415);
#5413 = CARTESIAN_POINT('',(119.264941,-63.178311,0.91));
#5414 = DIRECTION('',(-0.,0.,-1.));
#5415 = DIRECTION('',(-0.,-1.,0.));
#5416 = FACE_BOUND('',#5417,.T.);
#5417 = EDGE_LOOP('',(#5418));
#5418 = ORIENTED_EDGE('',*,*,#5419,.T.);
#5419 = EDGE_CURVE('',#5420,#5420,#5422,.T.);
#5420 = VERTEX_POINT('',#5421);
#5421 = CARTESIAN_POINT('',(127.85,-63.25,0.91));
#5422 = CIRCLE('',#5423,0.5);
#5423 = AXIS2_PLACEMENT_3D('',#5424,#5425,#5426);
#5424 = CARTESIAN_POINT('',(127.85,-62.75,0.91));
#5425 = DIRECTION('',(-0.,0.,-1.));
#5426 = DIRECTION('',(-0.,-1.,0.));
#5427 = FACE_BOUND('',#5428,.T.);
#5428 = EDGE_LOOP('',(#5429));
#5429 = ORIENTED_EDGE('',*,*,#5430,.T.);
#5430 = EDGE_CURVE('',#5431,#5431,#5433,.T.);
#5431 = VERTEX_POINT('',#5432);
#5432 = CARTESIAN_POINT('',(131.15,-63.15,0.91));
#5433 = CIRCLE('',#5434,0.5);
#5434 = AXIS2_PLACEMENT_3D('',#5435,#5436,#5437);
#5435 = CARTESIAN_POINT('',(131.15,-62.65,0.91));
#5436 = DIRECTION('',(-0.,0.,-1.));
#5437 = DIRECTION('',(-0.,-1.,0.));
#5438 = FACE_BOUND('',#5439,.T.);
#5439 = EDGE_LOOP('',(#5440));
#5440 = ORIENTED_EDGE('',*,*,#5441,.T.);
#5441 = EDGE_CURVE('',#5442,#5442,#5444,.T.);
#5442 = VERTEX_POINT('',#5443);
#5443 = CARTESIAN_POINT('',(127.85,-57.85,0.91));
#5444 = CIRCLE('',#5445,0.6);
#5445 = AXIS2_PLACEMENT_3D('',#5446,#5447,#5448);
#5446 = CARTESIAN_POINT('',(127.85,-57.25,0.91));
#5447 = DIRECTION('',(-0.,0.,-1.));
#5448 = DIRECTION('',(-0.,-1.,0.));
#5449 = FACE_BOUND('',#5450,.T.);
#5450 = EDGE_LOOP('',(#5451));
#5451 = ORIENTED_EDGE('',*,*,#5452,.T.);
#5452 = EDGE_CURVE('',#5453,#5453,#5455,.T.);
#5453 = VERTEX_POINT('',#5454);
#5454 = CARTESIAN_POINT('',(139.45,-91.85,0.91));
#5455 = CIRCLE('',#5456,0.6);
#5456 = AXIS2_PLACEMENT_3D('',#5457,#5458,#5459);
#5457 = CARTESIAN_POINT('',(139.45,-91.25,0.91));
#5458 = DIRECTION('',(-0.,0.,-1.));
#5459 = DIRECTION('',(-0.,-1.,0.));
#5460 = FACE_BOUND('',#5461,.T.);
#5461 = EDGE_LOOP('',(#5462));
#5462 = ORIENTED_EDGE('',*,*,#5463,.T.);
#5463 = EDGE_CURVE('',#5464,#5464,#5466,.T.);
#5464 = VERTEX_POINT('',#5465);
#5465 = CARTESIAN_POINT('',(144.85,-86.25,0.91));
#5466 = CIRCLE('',#5467,0.5);
#5467 = AXIS2_PLACEMENT_3D('',#5468,#5469,#5470);
#5468 = CARTESIAN_POINT('',(144.85,-85.75,0.91));
#5469 = DIRECTION('',(-0.,0.,-1.));
#5470 = DIRECTION('',(-0.,-1.,0.));
#5471 = FACE_BOUND('',#5472,.T.);
#5472 = EDGE_LOOP('',(#5473));
#5473 = ORIENTED_EDGE('',*,*,#5474,.T.);
#5474 = EDGE_CURVE('',#5475,#5475,#5477,.T.);
#5475 = VERTEX_POINT('',#5476);
#5476 = CARTESIAN_POINT('',(148.15,-86.15,0.91));
#5477 = CIRCLE('',#5478,0.5);
#5478 = AXIS2_PLACEMENT_3D('',#5479,#5480,#5481);
#5479 = CARTESIAN_POINT('',(148.15,-85.65,0.91));
#5480 = DIRECTION('',(-0.,0.,-1.));
#5481 = DIRECTION('',(-0.,-1.,0.));
#5482 = FACE_BOUND('',#5483,.T.);
#5483 = EDGE_LOOP('',(#5484));
#5484 = ORIENTED_EDGE('',*,*,#5485,.T.);
#5485 = EDGE_CURVE('',#5486,#5486,#5488,.T.);
#5486 = VERTEX_POINT('',#5487);
#5487 = CARTESIAN_POINT('',(153.15,-86.15,0.91));
#5488 = CIRCLE('',#5489,0.5);
#5489 = AXIS2_PLACEMENT_3D('',#5490,#5491,#5492);
#5490 = CARTESIAN_POINT('',(153.15,-85.65,0.91));
#5491 = DIRECTION('',(-0.,0.,-1.));
#5492 = DIRECTION('',(-0.,-1.,0.));
#5493 = FACE_BOUND('',#5494,.T.);
#5494 = EDGE_LOOP('',(#5495));
#5495 = ORIENTED_EDGE('',*,*,#5496,.T.);
#5496 = EDGE_CURVE('',#5497,#5497,#5499,.T.);
#5497 = VERTEX_POINT('',#5498);
#5498 = CARTESIAN_POINT('',(156.45,-86.25,0.91));
#5499 = CIRCLE('',#5500,0.5);
#5500 = AXIS2_PLACEMENT_3D('',#5501,#5502,#5503);
#5501 = CARTESIAN_POINT('',(156.45,-85.75,0.91));
#5502 = DIRECTION('',(-0.,0.,-1.));
#5503 = DIRECTION('',(-0.,-1.,0.));
#5504 = FACE_BOUND('',#5505,.T.);
#5505 = EDGE_LOOP('',(#5506));
#5506 = ORIENTED_EDGE('',*,*,#5507,.T.);
#5507 = EDGE_CURVE('',#5508,#5508,#5510,.T.);
#5508 = VERTEX_POINT('',#5509);
#5509 = CARTESIAN_POINT('',(161.85,-88.25,0.91));
#5510 = CIRCLE('',#5511,0.5);
#5511 = AXIS2_PLACEMENT_3D('',#5512,#5513,#5514);
#5512 = CARTESIAN_POINT('',(161.85,-87.75,0.91));
#5513 = DIRECTION('',(-0.,0.,-1.));
#5514 = DIRECTION('',(-0.,-1.,0.));
#5515 = FACE_BOUND('',#5516,.T.);
#5516 = EDGE_LOOP('',(#5517));
#5517 = ORIENTED_EDGE('',*,*,#5518,.T.);
#5518 = EDGE_CURVE('',#5519,#5519,#5521,.T.);
#5519 = VERTEX_POINT('',#5520);
#5520 = CARTESIAN_POINT('',(165.15,-88.15,0.91));
#5521 = CIRCLE('',#5522,0.5);
#5522 = AXIS2_PLACEMENT_3D('',#5523,#5524,#5525);
#5523 = CARTESIAN_POINT('',(165.15,-87.65,0.91));
#5524 = DIRECTION('',(-0.,0.,-1.));
#5525 = DIRECTION('',(-0.,-1.,0.));
#5526 = FACE_BOUND('',#5527,.T.);
#5527 = EDGE_LOOP('',(#5528));
#5528 = ORIENTED_EDGE('',*,*,#5529,.T.);
#5529 = EDGE_CURVE('',#5530,#5530,#5532,.T.);
#5530 = VERTEX_POINT('',#5531);
#5531 = CARTESIAN_POINT('',(136.15,-80.15,0.91));
#5532 = CIRCLE('',#5533,0.5);
#5533 = AXIS2_PLACEMENT_3D('',#5534,#5535,#5536);
#5534 = CARTESIAN_POINT('',(136.15,-79.65,0.91));
#5535 = DIRECTION('',(-0.,0.,-1.));
#5536 = DIRECTION('',(-0.,-1.,0.));
#5537 = FACE_BOUND('',#5538,.T.);
#5538 = EDGE_LOOP('',(#5539));
#5539 = ORIENTED_EDGE('',*,*,#5540,.T.);
#5540 = EDGE_CURVE('',#5541,#5541,#5543,.T.);
#5541 = VERTEX_POINT('',#5542);
#5542 = CARTESIAN_POINT('',(139.45,-80.25,0.91));
#5543 = CIRCLE('',#5544,0.5);
#5544 = AXIS2_PLACEMENT_3D('',#5545,#5546,#5547);
#5545 = CARTESIAN_POINT('',(139.45,-79.75,0.91));
#5546 = DIRECTION('',(-0.,0.,-1.));
#5547 = DIRECTION('',(-0.,-1.,0.));
#5548 = FACE_BOUND('',#5549,.T.);
#5549 = EDGE_LOOP('',(#5550));
#5550 = ORIENTED_EDGE('',*,*,#5551,.T.);
#5551 = EDGE_CURVE('',#5552,#5552,#5554,.T.);
#5552 = VERTEX_POINT('',#5553);
#5553 = CARTESIAN_POINT('',(144.85,-80.85,0.91));
#5554 = CIRCLE('',#5555,0.6);
#5555 = AXIS2_PLACEMENT_3D('',#5556,#5557,#5558);
#5556 = CARTESIAN_POINT('',(144.85,-80.25,0.91));
#5557 = DIRECTION('',(-0.,0.,-1.));
#5558 = DIRECTION('',(-0.,-1.,0.));
#5559 = FACE_BOUND('',#5560,.T.);
#5560 = EDGE_LOOP('',(#5561));
#5561 = ORIENTED_EDGE('',*,*,#5562,.T.);
#5562 = EDGE_CURVE('',#5563,#5563,#5565,.T.);
#5563 = VERTEX_POINT('',#5564);
#5564 = CARTESIAN_POINT('',(156.45,-80.85,0.91));
#5565 = CIRCLE('',#5566,0.6);
#5566 = AXIS2_PLACEMENT_3D('',#5567,#5568,#5569);
#5567 = CARTESIAN_POINT('',(156.45,-80.25,0.91));
#5568 = DIRECTION('',(-0.,0.,-1.));
#5569 = DIRECTION('',(-0.,-1.,0.));
#5570 = FACE_BOUND('',#5571,.T.);
#5571 = EDGE_LOOP('',(#5572));
#5572 = ORIENTED_EDGE('',*,*,#5573,.T.);
#5573 = EDGE_CURVE('',#5574,#5574,#5576,.T.);
#5574 = VERTEX_POINT('',#5575);
#5575 = CARTESIAN_POINT('',(161.85,-82.85,0.91));
#5576 = CIRCLE('',#5577,0.6);
#5577 = AXIS2_PLACEMENT_3D('',#5578,#5579,#5580);
#5578 = CARTESIAN_POINT('',(161.85,-82.25,0.91));
#5579 = DIRECTION('',(-0.,0.,-1.));
#5580 = DIRECTION('',(-0.,-1.,0.));
#5581 = FACE_BOUND('',#5582,.T.);
#5582 = EDGE_LOOP('',(#5583));
#5583 = ORIENTED_EDGE('',*,*,#5584,.T.);
#5584 = EDGE_CURVE('',#5585,#5585,#5587,.T.);
#5585 = VERTEX_POINT('',#5586);
#5586 = CARTESIAN_POINT('',(170.15,-88.15,0.91));
#5587 = CIRCLE('',#5588,0.5);
#5588 = AXIS2_PLACEMENT_3D('',#5589,#5590,#5591);
#5589 = CARTESIAN_POINT('',(170.15,-87.65,0.91));
#5590 = DIRECTION('',(-0.,0.,-1.));
#5591 = DIRECTION('',(-0.,-1.,0.));
#5592 = FACE_BOUND('',#5593,.T.);
#5593 = EDGE_LOOP('',(#5594));
#5594 = ORIENTED_EDGE('',*,*,#5595,.T.);
#5595 = EDGE_CURVE('',#5596,#5596,#5598,.T.);
#5596 = VERTEX_POINT('',#5597);
#5597 = CARTESIAN_POINT('',(173.45,-88.25,0.91));
#5598 = CIRCLE('',#5599,0.5);
#5599 = AXIS2_PLACEMENT_3D('',#5600,#5601,#5602);
#5600 = CARTESIAN_POINT('',(173.45,-87.75,0.91));
#5601 = DIRECTION('',(-0.,0.,-1.));
#5602 = DIRECTION('',(-0.,-1.,0.));
#5603 = FACE_BOUND('',#5604,.T.);
#5604 = EDGE_LOOP('',(#5605));
#5605 = ORIENTED_EDGE('',*,*,#5606,.T.);
#5606 = EDGE_CURVE('',#5607,#5607,#5609,.T.);
#5607 = VERTEX_POINT('',#5608);
#5608 = CARTESIAN_POINT('',(173.45,-82.85,0.91));
#5609 = CIRCLE('',#5610,0.6);
#5610 = AXIS2_PLACEMENT_3D('',#5611,#5612,#5613);
#5611 = CARTESIAN_POINT('',(173.45,-82.25,0.91));
#5612 = DIRECTION('',(-0.,0.,-1.));
#5613 = DIRECTION('',(-0.,-1.,0.));
#5614 = FACE_BOUND('',#5615,.T.);
#5615 = EDGE_LOOP('',(#5616,#5626,#5634,#5642,#5650,#5658,#5666,#5674,
    #5682,#5690,#5698,#5706,#5714,#5722,#5730,#5738,#5746,#5754,#5762,
    #5770,#5778,#5786,#5794,#5802,#5810,#5818,#5826,#5834,#5842,#5850,
    #5858,#5866,#5874,#5882,#5890,#5898,#5906,#5914,#5922,#5930,#5938,
    #5946,#5954,#5962,#5970,#5978,#5986,#5994));
#5616 = ORIENTED_EDGE('',*,*,#5617,.F.);
#5617 = EDGE_CURVE('',#5618,#5620,#5622,.T.);
#5618 = VERTEX_POINT('',#5619);
#5619 = CARTESIAN_POINT('',(177.826486,-59.515,0.91));
#5620 = VERTEX_POINT('',#5621);
#5621 = CARTESIAN_POINT('',(177.727642,-59.537538,0.91));
#5622 = LINE('',#5623,#5624);
#5623 = CARTESIAN_POINT('',(177.826486,-59.515,0.91));
#5624 = VECTOR('',#5625,1.);
#5625 = DIRECTION('',(-0.97497603208,-0.22231000173,0.));
#5626 = ORIENTED_EDGE('',*,*,#5627,.F.);
#5627 = EDGE_CURVE('',#5628,#5618,#5630,.T.);
#5628 = VERTEX_POINT('',#5629);
#5629 = CARTESIAN_POINT('',(178.,-59.5,0.91));
#5630 = LINE('',#5631,#5632);
#5631 = CARTESIAN_POINT('',(178.,-59.5,0.91));
#5632 = VECTOR('',#5633,1.);
#5633 = DIRECTION('',(-0.996284155239,-8.612712708246E-02,0.));
#5634 = ORIENTED_EDGE('',*,*,#5635,.F.);
#5635 = EDGE_CURVE('',#5636,#5628,#5638,.T.);
#5636 = VERTEX_POINT('',#5637);
#5637 = CARTESIAN_POINT('',(201.,-59.5,0.91));
#5638 = LINE('',#5639,#5640);
#5639 = CARTESIAN_POINT('',(201.,-59.5,0.91));
#5640 = VECTOR('',#5641,1.);
#5641 = DIRECTION('',(-1.,0.,0.));
#5642 = ORIENTED_EDGE('',*,*,#5643,.F.);
#5643 = EDGE_CURVE('',#5644,#5636,#5646,.T.);
#5644 = VERTEX_POINT('',#5645);
#5645 = CARTESIAN_POINT('',(201.196885,-59.519376,0.91));
#5646 = LINE('',#5647,#5648);
#5647 = CARTESIAN_POINT('',(201.196885,-59.519376,0.91));
#5648 = VECTOR('',#5649,1.);
#5649 = DIRECTION('',(-0.995192356205,9.793964544702E-02,0.));
#5650 = ORIENTED_EDGE('',*,*,#5651,.F.);
#5651 = EDGE_CURVE('',#5652,#5644,#5654,.T.);
#5652 = VERTEX_POINT('',#5653);
#5653 = CARTESIAN_POINT('',(201.384972,-59.576789,0.91));
#5654 = LINE('',#5655,#5656);
#5655 = CARTESIAN_POINT('',(201.384972,-59.576789,0.91));
#5656 = VECTOR('',#5657,1.);
#5657 = DIRECTION('',(-0.956433995663,0.291948646068,0.));
#5658 = ORIENTED_EDGE('',*,*,#5659,.F.);
#5659 = EDGE_CURVE('',#5660,#5652,#5662,.T.);
#5660 = VERTEX_POINT('',#5661);
#5661 = CARTESIAN_POINT('',(201.558949,-59.670676,0.91));
#5662 = LINE('',#5663,#5664);
#5663 = CARTESIAN_POINT('',(201.558949,-59.670676,0.91));
#5664 = VECTOR('',#5665,1.);
#5665 = DIRECTION('',(-0.880033481371,0.474911646168,0.));
#5666 = ORIENTED_EDGE('',*,*,#5667,.F.);
#5667 = EDGE_CURVE('',#5668,#5660,#5670,.T.);
#5668 = VERTEX_POINT('',#5669);
#5669 = CARTESIAN_POINT('',(201.712297,-59.798121,0.91));
#5670 = LINE('',#5671,#5672);
#5671 = CARTESIAN_POINT('',(201.712297,-59.798121,0.91));
#5672 = VECTOR('',#5673,1.);
#5673 = DIRECTION('',(-0.769071541343,0.639162705653,0.));
#5674 = ORIENTED_EDGE('',*,*,#5675,.F.);
#5675 = EDGE_CURVE('',#5676,#5668,#5678,.T.);
#5676 = VERTEX_POINT('',#5677);
#5677 = CARTESIAN_POINT('',(201.779056,-59.872989,0.91));
#5678 = LINE('',#5679,#5680);
#5679 = CARTESIAN_POINT('',(201.779056,-59.872989,0.91));
#5680 = VECTOR('',#5681,1.);
#5681 = DIRECTION('',(-0.665530656515,0.746370514717,0.));
#5682 = ORIENTED_EDGE('',*,*,#5683,.F.);
#5683 = EDGE_CURVE('',#5684,#5676,#5686,.T.);
#5684 = VERTEX_POINT('',#5685);
#5685 = CARTESIAN_POINT('',(201.838127,-59.954313,0.91));
#5686 = LINE('',#5687,#5688);
#5687 = CARTESIAN_POINT('',(201.838127,-59.954313,0.91));
#5688 = VECTOR('',#5689,1.);
#5689 = DIRECTION('',(-0.587691841793,0.809084852837,0.));
#5690 = ORIENTED_EDGE('',*,*,#5691,.F.);
#5691 = EDGE_CURVE('',#5692,#5684,#5694,.T.);
#5692 = VERTEX_POINT('',#5693);
#5693 = CARTESIAN_POINT('',(201.888633,-60.040928,0.91));
#5694 = LINE('',#5695,#5696);
#5695 = CARTESIAN_POINT('',(201.888633,-60.040928,0.91));
#5696 = VECTOR('',#5697,1.);
#5697 = DIRECTION('',(-0.503726530498,0.863863173467,0.));
#5698 = ORIENTED_EDGE('',*,*,#5699,.F.);
#5699 = EDGE_CURVE('',#5700,#5692,#5702,.T.);
#5700 = VERTEX_POINT('',#5701);
#5701 = CARTESIAN_POINT('',(201.930423,-60.132785,0.91));
#5702 = LINE('',#5703,#5704);
#5703 = CARTESIAN_POINT('',(201.930423,-60.132785,0.91));
#5704 = VECTOR('',#5705,1.);
#5705 = DIRECTION('',(-0.414105287688,0.910228988062,0.));
#5706 = ORIENTED_EDGE('',*,*,#5707,.F.);
#5707 = EDGE_CURVE('',#5708,#5700,#5710,.T.);
#5708 = VERTEX_POINT('',#5709);
#5709 = CARTESIAN_POINT('',(201.962462,-60.227642,0.91));
#5710 = LINE('',#5711,#5712);
#5711 = CARTESIAN_POINT('',(201.962462,-60.227642,0.91));
#5712 = VECTOR('',#5713,1.);
#5713 = DIRECTION('',(-0.320000668508,0.947417316791,0.));
#5714 = ORIENTED_EDGE('',*,*,#5715,.F.);
#5715 = EDGE_CURVE('',#5716,#5708,#5718,.T.);
#5716 = VERTEX_POINT('',#5717);
#5717 = CARTESIAN_POINT('',(201.985,-60.326486,0.91));
#5718 = LINE('',#5719,#5720);
#5719 = CARTESIAN_POINT('',(201.985,-60.326486,0.91));
#5720 = VECTOR('',#5721,1.);
#5721 = DIRECTION('',(-0.22231000173,0.97497603208,0.));
#5722 = ORIENTED_EDGE('',*,*,#5723,.F.);
#5723 = EDGE_CURVE('',#5724,#5716,#5726,.T.);
#5724 = VERTEX_POINT('',#5725);
#5725 = CARTESIAN_POINT('',(202.,-60.5,0.91));
#5726 = LINE('',#5727,#5728);
#5727 = CARTESIAN_POINT('',(202.,-60.5,0.91));
#5728 = VECTOR('',#5729,1.);
#5729 = DIRECTION('',(-8.612712708239E-02,0.996284155239,0.));
#5730 = ORIENTED_EDGE('',*,*,#5731,.F.);
#5731 = EDGE_CURVE('',#5732,#5724,#5734,.T.);
#5732 = VERTEX_POINT('',#5733);
#5733 = CARTESIAN_POINT('',(202.,-97.,0.91));
#5734 = LINE('',#5735,#5736);
#5735 = CARTESIAN_POINT('',(202.,-97.,0.91));
#5736 = VECTOR('',#5737,1.);
#5737 = DIRECTION('',(0.,1.,0.));
#5738 = ORIENTED_EDGE('',*,*,#5739,.F.);
#5739 = EDGE_CURVE('',#5740,#5732,#5742,.T.);
#5740 = VERTEX_POINT('',#5741);
#5741 = CARTESIAN_POINT('',(201.980624,-97.196885,0.91));
#5742 = LINE('',#5743,#5744);
#5743 = CARTESIAN_POINT('',(201.980624,-97.196885,0.91));
#5744 = VECTOR('',#5745,1.);
#5745 = DIRECTION('',(9.793964544699E-02,0.995192356205,0.));
#5746 = ORIENTED_EDGE('',*,*,#5747,.F.);
#5747 = EDGE_CURVE('',#5748,#5740,#5750,.T.);
#5748 = VERTEX_POINT('',#5749);
#5749 = CARTESIAN_POINT('',(201.923211,-97.384972,0.91));
#5750 = LINE('',#5751,#5752);
#5751 = CARTESIAN_POINT('',(201.923211,-97.384972,0.91));
#5752 = VECTOR('',#5753,1.);
#5753 = DIRECTION('',(0.291948646068,0.956433995663,0.));
#5754 = ORIENTED_EDGE('',*,*,#5755,.F.);
#5755 = EDGE_CURVE('',#5756,#5748,#5758,.T.);
#5756 = VERTEX_POINT('',#5757);
#5757 = CARTESIAN_POINT('',(201.829324,-97.558949,0.91));
#5758 = LINE('',#5759,#5760);
#5759 = CARTESIAN_POINT('',(201.829324,-97.558949,0.91));
#5760 = VECTOR('',#5761,1.);
#5761 = DIRECTION('',(0.474911646168,0.880033481371,0.));
#5762 = ORIENTED_EDGE('',*,*,#5763,.F.);
#5763 = EDGE_CURVE('',#5764,#5756,#5766,.T.);
#5764 = VERTEX_POINT('',#5765);
#5765 = CARTESIAN_POINT('',(201.701879,-97.712297,0.91));
#5766 = LINE('',#5767,#5768);
#5767 = CARTESIAN_POINT('',(201.701879,-97.712297,0.91));
#5768 = VECTOR('',#5769,1.);
#5769 = DIRECTION('',(0.639162705653,0.769071541342,0.));
#5770 = ORIENTED_EDGE('',*,*,#5771,.F.);
#5771 = EDGE_CURVE('',#5772,#5764,#5774,.T.);
#5772 = VERTEX_POINT('',#5773);
#5773 = CARTESIAN_POINT('',(201.627011,-97.779056,0.91));
#5774 = LINE('',#5775,#5776);
#5775 = CARTESIAN_POINT('',(201.627011,-97.779056,0.91));
#5776 = VECTOR('',#5777,1.);
#5777 = DIRECTION('',(0.746370514717,0.665530656515,0.));
#5778 = ORIENTED_EDGE('',*,*,#5779,.F.);
#5779 = EDGE_CURVE('',#5780,#5772,#5782,.T.);
#5780 = VERTEX_POINT('',#5781);
#5781 = CARTESIAN_POINT('',(201.545687,-97.838127,0.91));
#5782 = LINE('',#5783,#5784);
#5783 = CARTESIAN_POINT('',(201.545687,-97.838127,0.91));
#5784 = VECTOR('',#5785,1.);
#5785 = DIRECTION('',(0.809084852837,0.587691841792,0.));
#5786 = ORIENTED_EDGE('',*,*,#5787,.F.);
#5787 = EDGE_CURVE('',#5788,#5780,#5790,.T.);
#5788 = VERTEX_POINT('',#5789);
#5789 = CARTESIAN_POINT('',(201.459072,-97.888633,0.91));
#5790 = LINE('',#5791,#5792);
#5791 = CARTESIAN_POINT('',(201.459072,-97.888633,0.91));
#5792 = VECTOR('',#5793,1.);
#5793 = DIRECTION('',(0.863863173467,0.503726530498,0.));
#5794 = ORIENTED_EDGE('',*,*,#5795,.F.);
#5795 = EDGE_CURVE('',#5796,#5788,#5798,.T.);
#5796 = VERTEX_POINT('',#5797);
#5797 = CARTESIAN_POINT('',(201.367215,-97.930423,0.91));
#5798 = LINE('',#5799,#5800);
#5799 = CARTESIAN_POINT('',(201.367215,-97.930423,0.91));
#5800 = VECTOR('',#5801,1.);
#5801 = DIRECTION('',(0.910228988062,0.414105287688,0.));
#5802 = ORIENTED_EDGE('',*,*,#5803,.F.);
#5803 = EDGE_CURVE('',#5804,#5796,#5806,.T.);
#5804 = VERTEX_POINT('',#5805);
#5805 = CARTESIAN_POINT('',(201.272358,-97.962462,0.91));
#5806 = LINE('',#5807,#5808);
#5807 = CARTESIAN_POINT('',(201.272358,-97.962462,0.91));
#5808 = VECTOR('',#5809,1.);
#5809 = DIRECTION('',(0.947417316791,0.320000668508,0.));
#5810 = ORIENTED_EDGE('',*,*,#5811,.F.);
#5811 = EDGE_CURVE('',#5812,#5804,#5814,.T.);
#5812 = VERTEX_POINT('',#5813);
#5813 = CARTESIAN_POINT('',(201.173514,-97.985,0.91));
#5814 = LINE('',#5815,#5816);
#5815 = CARTESIAN_POINT('',(201.173514,-97.985,0.91));
#5816 = VECTOR('',#5817,1.);
#5817 = DIRECTION('',(0.97497603208,0.22231000173,0.));
#5818 = ORIENTED_EDGE('',*,*,#5819,.F.);
#5819 = EDGE_CURVE('',#5820,#5812,#5822,.T.);
#5820 = VERTEX_POINT('',#5821);
#5821 = CARTESIAN_POINT('',(201.,-98.,0.91));
#5822 = LINE('',#5823,#5824);
#5823 = CARTESIAN_POINT('',(201.,-98.,0.91));
#5824 = VECTOR('',#5825,1.);
#5825 = DIRECTION('',(0.996284155239,8.612712708246E-02,0.));
#5826 = ORIENTED_EDGE('',*,*,#5827,.F.);
#5827 = EDGE_CURVE('',#5828,#5820,#5830,.T.);
#5828 = VERTEX_POINT('',#5829);
#5829 = CARTESIAN_POINT('',(178.,-98.,0.91));
#5830 = LINE('',#5831,#5832);
#5831 = CARTESIAN_POINT('',(178.,-98.,0.91));
#5832 = VECTOR('',#5833,1.);
#5833 = DIRECTION('',(1.,0.,0.));
#5834 = ORIENTED_EDGE('',*,*,#5835,.F.);
#5835 = EDGE_CURVE('',#5836,#5828,#5838,.T.);
#5836 = VERTEX_POINT('',#5837);
#5837 = CARTESIAN_POINT('',(177.803115,-97.980624,0.91));
#5838 = LINE('',#5839,#5840);
#5839 = CARTESIAN_POINT('',(177.803115,-97.980624,0.91));
#5840 = VECTOR('',#5841,1.);
#5841 = DIRECTION('',(0.995192356205,-9.793964544699E-02,0.));
#5842 = ORIENTED_EDGE('',*,*,#5843,.F.);
#5843 = EDGE_CURVE('',#5844,#5836,#5846,.T.);
#5844 = VERTEX_POINT('',#5845);
#5845 = CARTESIAN_POINT('',(177.615028,-97.923211,0.91));
#5846 = LINE('',#5847,#5848);
#5847 = CARTESIAN_POINT('',(177.615028,-97.923211,0.91));
#5848 = VECTOR('',#5849,1.);
#5849 = DIRECTION('',(0.956433995663,-0.291948646068,0.));
#5850 = ORIENTED_EDGE('',*,*,#5851,.F.);
#5851 = EDGE_CURVE('',#5852,#5844,#5854,.T.);
#5852 = VERTEX_POINT('',#5853);
#5853 = CARTESIAN_POINT('',(177.441051,-97.829324,0.91));
#5854 = LINE('',#5855,#5856);
#5855 = CARTESIAN_POINT('',(177.441051,-97.829324,0.91));
#5856 = VECTOR('',#5857,1.);
#5857 = DIRECTION('',(0.880033481371,-0.474911646168,0.));
#5858 = ORIENTED_EDGE('',*,*,#5859,.F.);
#5859 = EDGE_CURVE('',#5860,#5852,#5862,.T.);
#5860 = VERTEX_POINT('',#5861);
#5861 = CARTESIAN_POINT('',(177.287703,-97.701879,0.91));
#5862 = LINE('',#5863,#5864);
#5863 = CARTESIAN_POINT('',(177.287703,-97.701879,0.91));
#5864 = VECTOR('',#5865,1.);
#5865 = DIRECTION('',(0.769071541343,-0.639162705652,0.));
#5866 = ORIENTED_EDGE('',*,*,#5867,.F.);
#5867 = EDGE_CURVE('',#5868,#5860,#5870,.T.);
#5868 = VERTEX_POINT('',#5869);
#5869 = CARTESIAN_POINT('',(177.220944,-97.627011,0.91));
#5870 = LINE('',#5871,#5872);
#5871 = CARTESIAN_POINT('',(177.220944,-97.627011,0.91));
#5872 = VECTOR('',#5873,1.);
#5873 = DIRECTION('',(0.665530656515,-0.746370514717,0.));
#5874 = ORIENTED_EDGE('',*,*,#5875,.F.);
#5875 = EDGE_CURVE('',#5876,#5868,#5878,.T.);
#5876 = VERTEX_POINT('',#5877);
#5877 = CARTESIAN_POINT('',(177.161873,-97.545687,0.91));
#5878 = LINE('',#5879,#5880);
#5879 = CARTESIAN_POINT('',(177.161873,-97.545687,0.91));
#5880 = VECTOR('',#5881,1.);
#5881 = DIRECTION('',(0.587691841793,-0.809084852837,0.));
#5882 = ORIENTED_EDGE('',*,*,#5883,.F.);
#5883 = EDGE_CURVE('',#5884,#5876,#5886,.T.);
#5884 = VERTEX_POINT('',#5885);
#5885 = CARTESIAN_POINT('',(177.111367,-97.459072,0.91));
#5886 = LINE('',#5887,#5888);
#5887 = CARTESIAN_POINT('',(177.111367,-97.459072,0.91));
#5888 = VECTOR('',#5889,1.);
#5889 = DIRECTION('',(0.503726530498,-0.863863173467,0.));
#5890 = ORIENTED_EDGE('',*,*,#5891,.F.);
#5891 = EDGE_CURVE('',#5892,#5884,#5894,.T.);
#5892 = VERTEX_POINT('',#5893);
#5893 = CARTESIAN_POINT('',(177.069577,-97.367215,0.91));
#5894 = LINE('',#5895,#5896);
#5895 = CARTESIAN_POINT('',(177.069577,-97.367215,0.91));
#5896 = VECTOR('',#5897,1.);
#5897 = DIRECTION('',(0.414105287688,-0.910228988062,0.));
#5898 = ORIENTED_EDGE('',*,*,#5899,.F.);
#5899 = EDGE_CURVE('',#5900,#5892,#5902,.T.);
#5900 = VERTEX_POINT('',#5901);
#5901 = CARTESIAN_POINT('',(177.037538,-97.272358,0.91));
#5902 = LINE('',#5903,#5904);
#5903 = CARTESIAN_POINT('',(177.037538,-97.272358,0.91));
#5904 = VECTOR('',#5905,1.);
#5905 = DIRECTION('',(0.320000668508,-0.947417316791,0.));
#5906 = ORIENTED_EDGE('',*,*,#5907,.F.);
#5907 = EDGE_CURVE('',#5908,#5900,#5910,.T.);
#5908 = VERTEX_POINT('',#5909);
#5909 = CARTESIAN_POINT('',(177.015,-97.173514,0.91));
#5910 = LINE('',#5911,#5912);
#5911 = CARTESIAN_POINT('',(177.015,-97.173514,0.91));
#5912 = VECTOR('',#5913,1.);
#5913 = DIRECTION('',(0.22231000173,-0.97497603208,0.));
#5914 = ORIENTED_EDGE('',*,*,#5915,.F.);
#5915 = EDGE_CURVE('',#5916,#5908,#5918,.T.);
#5916 = VERTEX_POINT('',#5917);
#5917 = CARTESIAN_POINT('',(177.,-97.,0.91));
#5918 = LINE('',#5919,#5920);
#5919 = CARTESIAN_POINT('',(177.,-97.,0.91));
#5920 = VECTOR('',#5921,1.);
#5921 = DIRECTION('',(8.612712708239E-02,-0.996284155239,0.));
#5922 = ORIENTED_EDGE('',*,*,#5923,.F.);
#5923 = EDGE_CURVE('',#5924,#5916,#5926,.T.);
#5924 = VERTEX_POINT('',#5925);
#5925 = CARTESIAN_POINT('',(177.,-60.5,0.91));
#5926 = LINE('',#5927,#5928);
#5927 = CARTESIAN_POINT('',(177.,-60.5,0.91));
#5928 = VECTOR('',#5929,1.);
#5929 = DIRECTION('',(0.,-1.,0.));
#5930 = ORIENTED_EDGE('',*,*,#5931,.F.);
#5931 = EDGE_CURVE('',#5932,#5924,#5934,.T.);
#5932 = VERTEX_POINT('',#5933);
#5933 = CARTESIAN_POINT('',(177.019376,-60.303115,0.91));
#5934 = LINE('',#5935,#5936);
#5935 = CARTESIAN_POINT('',(177.019376,-60.303115,0.91));
#5936 = VECTOR('',#5937,1.);
#5937 = DIRECTION('',(-9.793964544699E-02,-0.995192356205,0.));
#5938 = ORIENTED_EDGE('',*,*,#5939,.F.);
#5939 = EDGE_CURVE('',#5940,#5932,#5942,.T.);
#5940 = VERTEX_POINT('',#5941);
#5941 = CARTESIAN_POINT('',(177.076789,-60.115028,0.91));
#5942 = LINE('',#5943,#5944);
#5943 = CARTESIAN_POINT('',(177.076789,-60.115028,0.91));
#5944 = VECTOR('',#5945,1.);
#5945 = DIRECTION('',(-0.291948646068,-0.956433995663,0.));
#5946 = ORIENTED_EDGE('',*,*,#5947,.F.);
#5947 = EDGE_CURVE('',#5948,#5940,#5950,.T.);
#5948 = VERTEX_POINT('',#5949);
#5949 = CARTESIAN_POINT('',(177.170676,-59.941051,0.91));
#5950 = LINE('',#5951,#5952);
#5951 = CARTESIAN_POINT('',(177.170676,-59.941051,0.91));
#5952 = VECTOR('',#5953,1.);
#5953 = DIRECTION('',(-0.474911646168,-0.880033481371,0.));
#5954 = ORIENTED_EDGE('',*,*,#5955,.F.);
#5955 = EDGE_CURVE('',#5956,#5948,#5958,.T.);
#5956 = VERTEX_POINT('',#5957);
#5957 = CARTESIAN_POINT('',(177.298121,-59.787703,0.91));
#5958 = LINE('',#5959,#5960);
#5959 = CARTESIAN_POINT('',(177.298121,-59.787703,0.91));
#5960 = VECTOR('',#5961,1.);
#5961 = DIRECTION('',(-0.639162705653,-0.769071541342,0.));
#5962 = ORIENTED_EDGE('',*,*,#5963,.F.);
#5963 = EDGE_CURVE('',#5964,#5956,#5966,.T.);
#5964 = VERTEX_POINT('',#5965);
#5965 = CARTESIAN_POINT('',(177.372989,-59.720944,0.91));
#5966 = LINE('',#5967,#5968);
#5967 = CARTESIAN_POINT('',(177.372989,-59.720944,0.91));
#5968 = VECTOR('',#5969,1.);
#5969 = DIRECTION('',(-0.746370514717,-0.665530656515,0.));
#5970 = ORIENTED_EDGE('',*,*,#5971,.F.);
#5971 = EDGE_CURVE('',#5972,#5964,#5974,.T.);
#5972 = VERTEX_POINT('',#5973);
#5973 = CARTESIAN_POINT('',(177.454313,-59.661873,0.91));
#5974 = LINE('',#5975,#5976);
#5975 = CARTESIAN_POINT('',(177.454313,-59.661873,0.91));
#5976 = VECTOR('',#5977,1.);
#5977 = DIRECTION('',(-0.809084852837,-0.587691841792,0.));
#5978 = ORIENTED_EDGE('',*,*,#5979,.F.);
#5979 = EDGE_CURVE('',#5980,#5972,#5982,.T.);
#5980 = VERTEX_POINT('',#5981);
#5981 = CARTESIAN_POINT('',(177.540928,-59.611367,0.91));
#5982 = LINE('',#5983,#5984);
#5983 = CARTESIAN_POINT('',(177.540928,-59.611367,0.91));
#5984 = VECTOR('',#5985,1.);
#5985 = DIRECTION('',(-0.863863173467,-0.503726530498,0.));
#5986 = ORIENTED_EDGE('',*,*,#5987,.F.);
#5987 = EDGE_CURVE('',#5988,#5980,#5990,.T.);
#5988 = VERTEX_POINT('',#5989);
#5989 = CARTESIAN_POINT('',(177.632785,-59.569577,0.91));
#5990 = LINE('',#5991,#5992);
#5991 = CARTESIAN_POINT('',(177.632785,-59.569577,0.91));
#5992 = VECTOR('',#5993,1.);
#5993 = DIRECTION('',(-0.910228988062,-0.414105287688,0.));
#5994 = ORIENTED_EDGE('',*,*,#5995,.F.);
#5995 = EDGE_CURVE('',#5620,#5988,#5996,.T.);
#5996 = LINE('',#5997,#5998);
#5997 = CARTESIAN_POINT('',(177.727642,-59.537538,0.91));
#5998 = VECTOR('',#5999,1.);
#5999 = DIRECTION('',(-0.94741731679,-0.320000668508,0.));
#6000 = FACE_BOUND('',#6001,.T.);
#6001 = EDGE_LOOP('',(#6002));
#6002 = ORIENTED_EDGE('',*,*,#6003,.T.);
#6003 = EDGE_CURVE('',#6004,#6004,#6006,.T.);
#6004 = VERTEX_POINT('',#6005);
#6005 = CARTESIAN_POINT('',(139.45,-74.85,0.91));
#6006 = CIRCLE('',#6007,0.6);
#6007 = AXIS2_PLACEMENT_3D('',#6008,#6009,#6010);
#6008 = CARTESIAN_POINT('',(139.45,-74.25,0.91));
#6009 = DIRECTION('',(-0.,0.,-1.));
#6010 = DIRECTION('',(-0.,-1.,0.));
#6011 = FACE_BOUND('',#6012,.T.);
#6012 = EDGE_LOOP('',(#6013));
#6013 = ORIENTED_EDGE('',*,*,#6014,.T.);
#6014 = EDGE_CURVE('',#6015,#6015,#6017,.T.);
#6015 = VERTEX_POINT('',#6016);
#6016 = CARTESIAN_POINT('',(144.85,-69.25,0.91));
#6017 = CIRCLE('',#6018,0.5);
#6018 = AXIS2_PLACEMENT_3D('',#6019,#6020,#6021);
#6019 = CARTESIAN_POINT('',(144.85,-68.75,0.91));
#6020 = DIRECTION('',(-0.,0.,-1.));
#6021 = DIRECTION('',(-0.,-1.,0.));
#6022 = FACE_BOUND('',#6023,.T.);
#6023 = EDGE_LOOP('',(#6024));
#6024 = ORIENTED_EDGE('',*,*,#6025,.T.);
#6025 = EDGE_CURVE('',#6026,#6026,#6028,.T.);
#6026 = VERTEX_POINT('',#6027);
#6027 = CARTESIAN_POINT('',(148.15,-69.15,0.91));
#6028 = CIRCLE('',#6029,0.5);
#6029 = AXIS2_PLACEMENT_3D('',#6030,#6031,#6032);
#6030 = CARTESIAN_POINT('',(148.15,-68.65,0.91));
#6031 = DIRECTION('',(-0.,0.,-1.));
#6032 = DIRECTION('',(-0.,-1.,0.));
#6033 = FACE_BOUND('',#6034,.T.);
#6034 = EDGE_LOOP('',(#6035));
#6035 = ORIENTED_EDGE('',*,*,#6036,.T.);
#6036 = EDGE_CURVE('',#6037,#6037,#6039,.T.);
#6037 = VERTEX_POINT('',#6038);
#6038 = CARTESIAN_POINT('',(161.85,-71.25,0.91));
#6039 = CIRCLE('',#6040,0.5);
#6040 = AXIS2_PLACEMENT_3D('',#6041,#6042,#6043);
#6041 = CARTESIAN_POINT('',(161.85,-70.75,0.91));
#6042 = DIRECTION('',(-0.,0.,-1.));
#6043 = DIRECTION('',(-0.,-1.,0.));
#6044 = FACE_BOUND('',#6045,.T.);
#6045 = EDGE_LOOP('',(#6046));
#6046 = ORIENTED_EDGE('',*,*,#6047,.T.);
#6047 = EDGE_CURVE('',#6048,#6048,#6050,.T.);
#6048 = VERTEX_POINT('',#6049);
#6049 = CARTESIAN_POINT('',(165.15,-71.15,0.91));
#6050 = CIRCLE('',#6051,0.5);
#6051 = AXIS2_PLACEMENT_3D('',#6052,#6053,#6054);
#6052 = CARTESIAN_POINT('',(165.15,-70.65,0.91));
#6053 = DIRECTION('',(-0.,0.,-1.));
#6054 = DIRECTION('',(-0.,-1.,0.));
#6055 = FACE_BOUND('',#6056,.T.);
#6056 = EDGE_LOOP('',(#6057));
#6057 = ORIENTED_EDGE('',*,*,#6058,.T.);
#6058 = EDGE_CURVE('',#6059,#6059,#6061,.T.);
#6059 = VERTEX_POINT('',#6060);
#6060 = CARTESIAN_POINT('',(153.15,-69.15,0.91));
#6061 = CIRCLE('',#6062,0.5);
#6062 = AXIS2_PLACEMENT_3D('',#6063,#6064,#6065);
#6063 = CARTESIAN_POINT('',(153.15,-68.65,0.91));
#6064 = DIRECTION('',(-0.,0.,-1.));
#6065 = DIRECTION('',(-0.,-1.,0.));
#6066 = FACE_BOUND('',#6067,.T.);
#6067 = EDGE_LOOP('',(#6068));
#6068 = ORIENTED_EDGE('',*,*,#6069,.T.);
#6069 = EDGE_CURVE('',#6070,#6070,#6072,.T.);
#6070 = VERTEX_POINT('',#6071);
#6071 = CARTESIAN_POINT('',(156.45,-69.25,0.91));
#6072 = CIRCLE('',#6073,0.5);
#6073 = AXIS2_PLACEMENT_3D('',#6074,#6075,#6076);
#6074 = CARTESIAN_POINT('',(156.45,-68.75,0.91));
#6075 = DIRECTION('',(-0.,0.,-1.));
#6076 = DIRECTION('',(-0.,-1.,0.));
#6077 = FACE_BOUND('',#6078,.T.);
#6078 = EDGE_LOOP('',(#6079));
#6079 = ORIENTED_EDGE('',*,*,#6080,.T.);
#6080 = EDGE_CURVE('',#6081,#6081,#6083,.T.);
#6081 = VERTEX_POINT('',#6082);
#6082 = CARTESIAN_POINT('',(136.15,-63.15,0.91));
#6083 = CIRCLE('',#6084,0.5);
#6084 = AXIS2_PLACEMENT_3D('',#6085,#6086,#6087);
#6085 = CARTESIAN_POINT('',(136.15,-62.65,0.91));
#6086 = DIRECTION('',(-0.,0.,-1.));
#6087 = DIRECTION('',(-0.,-1.,0.));
#6088 = FACE_BOUND('',#6089,.T.);
#6089 = EDGE_LOOP('',(#6090));
#6090 = ORIENTED_EDGE('',*,*,#6091,.T.);
#6091 = EDGE_CURVE('',#6092,#6092,#6094,.T.);
#6092 = VERTEX_POINT('',#6093);
#6093 = CARTESIAN_POINT('',(139.45,-63.25,0.91));
#6094 = CIRCLE('',#6095,0.5);
#6095 = AXIS2_PLACEMENT_3D('',#6096,#6097,#6098);
#6096 = CARTESIAN_POINT('',(139.45,-62.75,0.91));
#6097 = DIRECTION('',(-0.,0.,-1.));
#6098 = DIRECTION('',(-0.,-1.,0.));
#6099 = FACE_BOUND('',#6100,.T.);
#6100 = EDGE_LOOP('',(#6101));
#6101 = ORIENTED_EDGE('',*,*,#6102,.T.);
#6102 = EDGE_CURVE('',#6103,#6103,#6105,.T.);
#6103 = VERTEX_POINT('',#6104);
#6104 = CARTESIAN_POINT('',(144.85,-63.85,0.91));
#6105 = CIRCLE('',#6106,0.6);
#6106 = AXIS2_PLACEMENT_3D('',#6107,#6108,#6109);
#6107 = CARTESIAN_POINT('',(144.85,-63.25,0.91));
#6108 = DIRECTION('',(-0.,0.,-1.));
#6109 = DIRECTION('',(-0.,-1.,0.));
#6110 = FACE_BOUND('',#6111,.T.);
#6111 = EDGE_LOOP('',(#6112));
#6112 = ORIENTED_EDGE('',*,*,#6113,.T.);
#6113 = EDGE_CURVE('',#6114,#6114,#6116,.T.);
#6114 = VERTEX_POINT('',#6115);
#6115 = CARTESIAN_POINT('',(139.45,-57.85,0.91));
#6116 = CIRCLE('',#6117,0.6);
#6117 = AXIS2_PLACEMENT_3D('',#6118,#6119,#6120);
#6118 = CARTESIAN_POINT('',(139.45,-57.25,0.91));
#6119 = DIRECTION('',(-0.,0.,-1.));
#6120 = DIRECTION('',(-0.,-1.,0.));
#6121 = FACE_BOUND('',#6122,.T.);
#6122 = EDGE_LOOP('',(#6123));
#6123 = ORIENTED_EDGE('',*,*,#6124,.T.);
#6124 = EDGE_CURVE('',#6125,#6125,#6127,.T.);
#6125 = VERTEX_POINT('',#6126);
#6126 = CARTESIAN_POINT('',(156.45,-63.85,0.91));
#6127 = CIRCLE('',#6128,0.6);
#6128 = AXIS2_PLACEMENT_3D('',#6129,#6130,#6131);
#6129 = CARTESIAN_POINT('',(156.45,-63.25,0.91));
#6130 = DIRECTION('',(-0.,0.,-1.));
#6131 = DIRECTION('',(-0.,-1.,0.));
#6132 = FACE_BOUND('',#6133,.T.);
#6133 = EDGE_LOOP('',(#6134));
#6134 = ORIENTED_EDGE('',*,*,#6135,.T.);
#6135 = EDGE_CURVE('',#6136,#6136,#6138,.T.);
#6136 = VERTEX_POINT('',#6137);
#6137 = CARTESIAN_POINT('',(161.85,-65.85,0.91));
#6138 = CIRCLE('',#6139,0.6);
#6139 = AXIS2_PLACEMENT_3D('',#6140,#6141,#6142);
#6140 = CARTESIAN_POINT('',(161.85,-65.25,0.91));
#6141 = DIRECTION('',(-0.,0.,-1.));
#6142 = DIRECTION('',(-0.,-1.,0.));
#6143 = FACE_BOUND('',#6144,.T.);
#6144 = EDGE_LOOP('',(#6145));
#6145 = ORIENTED_EDGE('',*,*,#6146,.T.);
#6146 = EDGE_CURVE('',#6147,#6147,#6149,.T.);
#6147 = VERTEX_POINT('',#6148);
#6148 = CARTESIAN_POINT('',(170.15,-71.15,0.91));
#6149 = CIRCLE('',#6150,0.5);
#6150 = AXIS2_PLACEMENT_3D('',#6151,#6152,#6153);
#6151 = CARTESIAN_POINT('',(170.15,-70.65,0.91));
#6152 = DIRECTION('',(-0.,0.,-1.));
#6153 = DIRECTION('',(-0.,-1.,0.));
#6154 = FACE_BOUND('',#6155,.T.);
#6155 = EDGE_LOOP('',(#6156));
#6156 = ORIENTED_EDGE('',*,*,#6157,.T.);
#6157 = EDGE_CURVE('',#6158,#6158,#6160,.T.);
#6158 = VERTEX_POINT('',#6159);
#6159 = CARTESIAN_POINT('',(173.45,-71.25,0.91));
#6160 = CIRCLE('',#6161,0.5);
#6161 = AXIS2_PLACEMENT_3D('',#6162,#6163,#6164);
#6162 = CARTESIAN_POINT('',(173.45,-70.75,0.91));
#6163 = DIRECTION('',(-0.,0.,-1.));
#6164 = DIRECTION('',(-0.,-1.,0.));
#6165 = FACE_BOUND('',#6166,.T.);
#6166 = EDGE_LOOP('',(#6167));
#6167 = ORIENTED_EDGE('',*,*,#6168,.T.);
#6168 = EDGE_CURVE('',#6169,#6169,#6171,.T.);
#6169 = VERTEX_POINT('',#6170);
#6170 = CARTESIAN_POINT('',(173.45,-65.85,0.91));
#6171 = CIRCLE('',#6172,0.6);
#6172 = AXIS2_PLACEMENT_3D('',#6173,#6174,#6175);
#6173 = CARTESIAN_POINT('',(173.45,-65.25,0.91));
#6174 = DIRECTION('',(-0.,0.,-1.));
#6175 = DIRECTION('',(-0.,-1.,0.));
#6176 = FACE_BOUND('',#6177,.T.);
#6177 = EDGE_LOOP('',(#6178));
#6178 = ORIENTED_EDGE('',*,*,#6179,.T.);
#6179 = EDGE_CURVE('',#6180,#6180,#6182,.T.);
#6180 = VERTEX_POINT('',#6181);
#6181 = CARTESIAN_POINT('',(180.046793,-58.6,0.91));
#6182 = CIRCLE('',#6183,0.6);
#6183 = AXIS2_PLACEMENT_3D('',#6184,#6185,#6186);
#6184 = CARTESIAN_POINT('',(180.046793,-58.,0.91));
#6185 = DIRECTION('',(-0.,0.,-1.));
#6186 = DIRECTION('',(-0.,-1.,0.));
#6187 = FACE_BOUND('',#6188,.T.);
#6188 = EDGE_LOOP('',(#6189));
#6189 = ORIENTED_EDGE('',*,*,#6190,.T.);
#6190 = EDGE_CURVE('',#6191,#6191,#6193,.T.);
#6191 = VERTEX_POINT('',#6192);
#6192 = CARTESIAN_POINT('',(198.920161,-58.6,0.91));
#6193 = CIRCLE('',#6194,0.6);
#6194 = AXIS2_PLACEMENT_3D('',#6195,#6196,#6197);
#6195 = CARTESIAN_POINT('',(198.920161,-58.,0.91));
#6196 = DIRECTION('',(-0.,0.,-1.));
#6197 = DIRECTION('',(-0.,-1.,0.));
#6198 = PLANE('',#6199);
#6199 = AXIS2_PLACEMENT_3D('',#6200,#6201,#6202);
#6200 = CARTESIAN_POINT('',(0.,0.,0.91));
#6201 = DIRECTION('',(0.,0.,1.));
#6202 = DIRECTION('',(1.,0.,-0.));
#6203 = ADVANCED_FACE('',(#6204),#6215,.T.);
#6204 = FACE_BOUND('',#6205,.T.);
#6205 = EDGE_LOOP('',(#6206,#6212,#6213,#6214));
#6206 = ORIENTED_EDGE('',*,*,#6207,.T.);
#6207 = EDGE_CURVE('',#144,#3177,#6208,.T.);
#6208 = LINE('',#6209,#6210);
#6209 = CARTESIAN_POINT('',(124.5,-49.,0.));
#6210 = VECTOR('',#6211,1.);
#6211 = DIRECTION('',(0.,0.,1.));
#6212 = ORIENTED_EDGE('',*,*,#3176,.T.);
#6213 = ORIENTED_EDGE('',*,*,#79,.F.);
#6214 = ORIENTED_EDGE('',*,*,#143,.F.);
#6215 = PLANE('',#6216);
#6216 = AXIS2_PLACEMENT_3D('',#6217,#6218,#6219);
#6217 = CARTESIAN_POINT('',(124.5,-49.,0.));
#6218 = DIRECTION('',(0.,1.,0.));
#6219 = DIRECTION('',(1.,0.,0.));
#6220 = ADVANCED_FACE('',(#6221),#6232,.T.);
#6221 = FACE_BOUND('',#6222,.T.);
#6222 = EDGE_LOOP('',(#6223,#6224,#6225,#6231));
#6223 = ORIENTED_EDGE('',*,*,#119,.T.);
#6224 = ORIENTED_EDGE('',*,*,#4189,.T.);
#6225 = ORIENTED_EDGE('',*,*,#6226,.F.);
#6226 = EDGE_CURVE('',#1149,#4182,#6227,.T.);
#6227 = LINE('',#6228,#6229);
#6228 = CARTESIAN_POINT('',(164.758268,-49.117559,0.));
#6229 = VECTOR('',#6230,1.);
#6230 = DIRECTION('',(0.,0.,1.));
#6231 = ORIENTED_EDGE('',*,*,#1156,.F.);
#6232 = PLANE('',#6233);
#6233 = AXIS2_PLACEMENT_3D('',#6234,#6235,#6236);
#6234 = CARTESIAN_POINT('',(164.600697,-49.073064,0.));
#6235 = DIRECTION('',(0.271753759327,0.962366818989,-0.));
#6236 = DIRECTION('',(0.962366818989,-0.271753759327,0.));
#6237 = ADVANCED_FACE('',(#6238),#6249,.T.);
#6238 = FACE_BOUND('',#6239,.T.);
#6239 = EDGE_LOOP('',(#6240,#6246,#6247,#6248));
#6240 = ORIENTED_EDGE('',*,*,#6241,.T.);
#6241 = EDGE_CURVE('',#152,#3185,#6242,.T.);
#6242 = LINE('',#6243,#6244);
#6243 = CARTESIAN_POINT('',(124.111764,-49.012016,0.));
#6244 = VECTOR('',#6245,1.);
#6245 = DIRECTION('',(0.,0.,1.));
#6246 = ORIENTED_EDGE('',*,*,#3184,.T.);
#6247 = ORIENTED_EDGE('',*,*,#6207,.F.);
#6248 = ORIENTED_EDGE('',*,*,#151,.F.);
#6249 = PLANE('',#6250);
#6250 = AXIS2_PLACEMENT_3D('',#6251,#6252,#6253);
#6251 = CARTESIAN_POINT('',(124.111764,-49.012016,0.));
#6252 = DIRECTION('',(-3.093543350295E-02,0.999521384941,0.));
#6253 = DIRECTION('',(0.999521384941,3.093543350295E-02,0.));
#6254 = ADVANCED_FACE('',(#6255),#6266,.T.);
#6255 = FACE_BOUND('',#6256,.T.);
#6256 = EDGE_LOOP('',(#6257,#6258,#6259,#6265));
#6257 = ORIENTED_EDGE('',*,*,#6226,.T.);
#6258 = ORIENTED_EDGE('',*,*,#4181,.T.);
#6259 = ORIENTED_EDGE('',*,*,#6260,.F.);
#6260 = EDGE_CURVE('',#1141,#4174,#6261,.T.);
#6261 = LINE('',#6262,#6263);
#6262 = CARTESIAN_POINT('',(164.911581,-49.171617,0.));
#6263 = VECTOR('',#6264,1.);
#6264 = DIRECTION('',(0.,0.,1.));
#6265 = ORIENTED_EDGE('',*,*,#1148,.F.);
#6266 = PLANE('',#6267);
#6267 = AXIS2_PLACEMENT_3D('',#6268,#6269,#6270);
#6268 = CARTESIAN_POINT('',(164.758268,-49.117559,0.));
#6269 = DIRECTION('',(0.33253308685,0.943091589481,-0.));
#6270 = DIRECTION('',(0.943091589481,-0.33253308685,0.));
#6271 = ADVANCED_FACE('',(#6272),#6283,.T.);
#6272 = FACE_BOUND('',#6273,.T.);
#6273 = EDGE_LOOP('',(#6274,#6280,#6281,#6282));
#6274 = ORIENTED_EDGE('',*,*,#6275,.T.);
#6275 = EDGE_CURVE('',#160,#3193,#6276,.T.);
#6276 = LINE('',#6277,#6278);
#6277 = CARTESIAN_POINT('',(123.734275,-49.047089,0.));
#6278 = VECTOR('',#6279,1.);
#6279 = DIRECTION('',(0.,0.,1.));
#6280 = ORIENTED_EDGE('',*,*,#3192,.T.);
#6281 = ORIENTED_EDGE('',*,*,#6241,.F.);
#6282 = ORIENTED_EDGE('',*,*,#159,.F.);
#6283 = PLANE('',#6284);
#6284 = AXIS2_PLACEMENT_3D('',#6285,#6286,#6287);
#6285 = CARTESIAN_POINT('',(123.734275,-49.047089,0.));
#6286 = DIRECTION('',(-9.251286543655E-02,0.995711489202,0.));
#6287 = DIRECTION('',(0.995711489202,9.251286543655E-02,0.));
#6288 = ADVANCED_FACE('',(#6289),#6300,.T.);
#6289 = FACE_BOUND('',#6290,.T.);
#6290 = EDGE_LOOP('',(#6291,#6292,#6293,#6299));
#6291 = ORIENTED_EDGE('',*,*,#6260,.T.);
#6292 = ORIENTED_EDGE('',*,*,#4173,.T.);
#6293 = ORIENTED_EDGE('',*,*,#6294,.F.);
#6294 = EDGE_CURVE('',#1133,#4166,#6295,.T.);
#6295 = LINE('',#6296,#6297);
#6296 = CARTESIAN_POINT('',(165.06739,-49.237868,0.));
#6297 = VECTOR('',#6298,1.);
#6298 = DIRECTION('',(0.,0.,1.));
#6299 = ORIENTED_EDGE('',*,*,#1140,.F.);
#6300 = PLANE('',#6301);
#6301 = AXIS2_PLACEMENT_3D('',#6302,#6303,#6304);
#6302 = CARTESIAN_POINT('',(164.911581,-49.171617,0.));
#6303 = DIRECTION('',(0.391301597253,0.920262495154,-0.));
#6304 = DIRECTION('',(0.920262495154,-0.391301597253,0.));
#6305 = ADVANCED_FACE('',(#6306),#6317,.T.);
#6306 = FACE_BOUND('',#6307,.T.);
#6307 = EDGE_LOOP('',(#6308,#6314,#6315,#6316));
#6308 = ORIENTED_EDGE('',*,*,#6309,.T.);
#6309 = EDGE_CURVE('',#168,#3201,#6310,.T.);
#6310 = LINE('',#6311,#6312);
#6311 = CARTESIAN_POINT('',(123.366704,-49.103755,0.));
#6312 = VECTOR('',#6313,1.);
#6313 = DIRECTION('',(0.,0.,1.));
#6314 = ORIENTED_EDGE('',*,*,#3200,.T.);
#6315 = ORIENTED_EDGE('',*,*,#6275,.F.);
#6316 = ORIENTED_EDGE('',*,*,#167,.F.);
#6317 = PLANE('',#6318);
#6318 = AXIS2_PLACEMENT_3D('',#6319,#6320,#6321);
#6319 = CARTESIAN_POINT('',(123.366704,-49.103755,0.));
#6320 = DIRECTION('',(-0.152363482444,0.988324526265,0.));
#6321 = DIRECTION('',(0.988324526265,0.152363482444,0.));
#6322 = ADVANCED_FACE('',(#6323),#6334,.T.);
#6323 = FACE_BOUND('',#6324,.T.);
#6324 = EDGE_LOOP('',(#6325,#6326,#6327,#6333));
#6325 = ORIENTED_EDGE('',*,*,#6294,.T.);
#6326 = ORIENTED_EDGE('',*,*,#4165,.T.);
#6327 = ORIENTED_EDGE('',*,*,#6328,.F.);
#6328 = EDGE_CURVE('',#1125,#4158,#6329,.T.);
#6329 = LINE('',#6330,#6331);
#6330 = CARTESIAN_POINT('',(165.218399,-49.313443,0.));
#6331 = VECTOR('',#6332,1.);
#6332 = DIRECTION('',(0.,0.,1.));
#6333 = ORIENTED_EDGE('',*,*,#1132,.F.);
#6334 = PLANE('',#6335);
#6335 = AXIS2_PLACEMENT_3D('',#6336,#6337,#6338);
#6336 = CARTESIAN_POINT('',(165.06739,-49.237868,0.));
#6337 = DIRECTION('',(0.447547559455,0.894260131072,-0.));
#6338 = DIRECTION('',(0.894260131072,-0.447547559455,0.));
#6339 = ADVANCED_FACE('',(#6340),#6351,.T.);
#6340 = FACE_BOUND('',#6341,.T.);
#6341 = EDGE_LOOP('',(#6342,#6348,#6349,#6350));
#6342 = ORIENTED_EDGE('',*,*,#6343,.T.);
#6343 = EDGE_CURVE('',#176,#3209,#6344,.T.);
#6344 = LINE('',#6345,#6346);
#6345 = CARTESIAN_POINT('',(123.008222,-49.180548,0.));
#6346 = VECTOR('',#6347,1.);
#6347 = DIRECTION('',(0.,0.,1.));
#6348 = ORIENTED_EDGE('',*,*,#3208,.T.);
#6349 = ORIENTED_EDGE('',*,*,#6309,.F.);
#6350 = ORIENTED_EDGE('',*,*,#175,.F.);
#6351 = PLANE('',#6352);
#6352 = AXIS2_PLACEMENT_3D('',#6353,#6354,#6355);
#6353 = CARTESIAN_POINT('',(123.008222,-49.180548,0.));
#6354 = DIRECTION('',(-0.209465008286,0.977816143405,0.));
#6355 = DIRECTION('',(0.977816143405,0.209465008286,0.));
#6356 = ADVANCED_FACE('',(#6357),#6368,.T.);
#6357 = FACE_BOUND('',#6358,.T.);
#6358 = EDGE_LOOP('',(#6359,#6360,#6361,#6367));
#6359 = ORIENTED_EDGE('',*,*,#6328,.T.);
#6360 = ORIENTED_EDGE('',*,*,#4157,.T.);
#6361 = ORIENTED_EDGE('',*,*,#6362,.F.);
#6362 = EDGE_CURVE('',#1117,#4150,#6363,.T.);
#6363 = LINE('',#6364,#6365);
#6364 = CARTESIAN_POINT('',(165.37214,-49.402449,0.));
#6365 = VECTOR('',#6366,1.);
#6366 = DIRECTION('',(0.,0.,1.));
#6367 = ORIENTED_EDGE('',*,*,#1124,.F.);
#6368 = PLANE('',#6369);
#6369 = AXIS2_PLACEMENT_3D('',#6370,#6371,#6372);
#6370 = CARTESIAN_POINT('',(165.218399,-49.313443,0.));
#6371 = DIRECTION('',(0.50102806037,0.865431038686,-0.));
#6372 = DIRECTION('',(0.865431038686,-0.50102806037,0.));
#6373 = ADVANCED_FACE('',(#6374),#6385,.T.);
#6374 = FACE_BOUND('',#6375,.T.);
#6375 = EDGE_LOOP('',(#6376,#6382,#6383,#6384));
#6376 = ORIENTED_EDGE('',*,*,#6377,.T.);
#6377 = EDGE_CURVE('',#184,#3217,#6378,.T.);
#6378 = LINE('',#6379,#6380);
#6379 = CARTESIAN_POINT('',(122.658002,-49.276006,0.));
#6380 = VECTOR('',#6381,1.);
#6381 = DIRECTION('',(0.,0.,1.));
#6382 = ORIENTED_EDGE('',*,*,#3216,.T.);
#6383 = ORIENTED_EDGE('',*,*,#6343,.F.);
#6384 = ORIENTED_EDGE('',*,*,#183,.F.);
#6385 = PLANE('',#6386);
#6386 = AXIS2_PLACEMENT_3D('',#6387,#6388,#6389);
#6387 = CARTESIAN_POINT('',(122.658002,-49.276006,0.));
#6388 = DIRECTION('',(-0.262972412978,0.964803353027,0.));
#6389 = DIRECTION('',(0.964803353027,0.262972412978,0.));
#6390 = ADVANCED_FACE('',(#6391),#6402,.T.);
#6391 = FACE_BOUND('',#6392,.T.);
#6392 = EDGE_LOOP('',(#6393,#6394,#6395,#6401));
#6393 = ORIENTED_EDGE('',*,*,#6362,.T.);
#6394 = ORIENTED_EDGE('',*,*,#4149,.T.);
#6395 = ORIENTED_EDGE('',*,*,#6396,.F.);
#6396 = EDGE_CURVE('',#1109,#4142,#6397,.T.);
#6397 = LINE('',#6398,#6399);
#6398 = CARTESIAN_POINT('',(165.520397,-49.500454,0.));
#6399 = VECTOR('',#6400,1.);
#6400 = DIRECTION('',(0.,0.,1.));
#6401 = ORIENTED_EDGE('',*,*,#1116,.F.);
#6402 = PLANE('',#6403);
#6403 = AXIS2_PLACEMENT_3D('',#6404,#6405,#6406);
#6404 = CARTESIAN_POINT('',(165.37214,-49.402449,0.));
#6405 = DIRECTION('',(0.551451066063,0.83420724148,-0.));
#6406 = DIRECTION('',(0.83420724148,-0.551451066063,0.));
#6407 = ADVANCED_FACE('',(#6408),#6419,.T.);
#6408 = FACE_BOUND('',#6409,.T.);
#6409 = EDGE_LOOP('',(#6410,#6416,#6417,#6418));
#6410 = ORIENTED_EDGE('',*,*,#6411,.T.);
#6411 = EDGE_CURVE('',#192,#3225,#6412,.T.);
#6412 = LINE('',#6413,#6414);
#6413 = CARTESIAN_POINT('',(122.315214,-49.388664,0.));
#6414 = VECTOR('',#6415,1.);
#6415 = DIRECTION('',(0.,0.,1.));
#6416 = ORIENTED_EDGE('',*,*,#3224,.T.);
#6417 = ORIENTED_EDGE('',*,*,#6377,.F.);
#6418 = ORIENTED_EDGE('',*,*,#191,.F.);
#6419 = PLANE('',#6420);
#6420 = AXIS2_PLACEMENT_3D('',#6421,#6422,#6423);
#6421 = CARTESIAN_POINT('',(122.315214,-49.388664,0.));
#6422 = DIRECTION('',(-0.312222468957,0.950009015683,0.));
#6423 = DIRECTION('',(0.950009015683,0.312222468957,0.));
#6424 = ADVANCED_FACE('',(#6425),#6436,.T.);
#6425 = FACE_BOUND('',#6426,.T.);
#6426 = EDGE_LOOP('',(#6427,#6428,#6429,#6435));
#6427 = ORIENTED_EDGE('',*,*,#6396,.T.);
#6428 = ORIENTED_EDGE('',*,*,#4141,.T.);
#6429 = ORIENTED_EDGE('',*,*,#6430,.F.);
#6430 = EDGE_CURVE('',#1101,#4134,#6431,.T.);
#6431 = LINE('',#6432,#6433);
#6432 = CARTESIAN_POINT('',(165.67114,-49.613134,0.));
#6433 = VECTOR('',#6434,1.);
#6434 = DIRECTION('',(0.,0.,1.));
#6435 = ORIENTED_EDGE('',*,*,#1108,.F.);
#6436 = PLANE('',#6437);
#6437 = AXIS2_PLACEMENT_3D('',#6438,#6439,#6440);
#6438 = CARTESIAN_POINT('',(165.520397,-49.500454,0.));
#6439 = DIRECTION('',(0.598716356016,0.800961125798,-0.));
#6440 = DIRECTION('',(0.800961125798,-0.598716356016,0.));
#6441 = ADVANCED_FACE('',(#6442),#6453,.T.);
#6442 = FACE_BOUND('',#6443,.T.);
#6443 = EDGE_LOOP('',(#6444,#6450,#6451,#6452));
#6444 = ORIENTED_EDGE('',*,*,#6445,.T.);
#6445 = EDGE_CURVE('',#200,#3233,#6446,.T.);
#6446 = LINE('',#6447,#6448);
#6447 = CARTESIAN_POINT('',(121.979031,-49.517057,0.));
#6448 = VECTOR('',#6449,1.);
#6449 = DIRECTION('',(0.,0.,1.));
#6450 = ORIENTED_EDGE('',*,*,#3232,.T.);
#6451 = ORIENTED_EDGE('',*,*,#6411,.F.);
#6452 = ORIENTED_EDGE('',*,*,#199,.F.);
#6453 = PLANE('',#6454);
#6454 = AXIS2_PLACEMENT_3D('',#6455,#6456,#6457);
#6455 = CARTESIAN_POINT('',(121.979031,-49.517057,0.));
#6456 = DIRECTION('',(-0.356779701368,0.934188548791,0.));
#6457 = DIRECTION('',(0.934188548791,0.356779701368,0.));
#6458 = ADVANCED_FACE('',(#6459),#6470,.T.);
#6459 = FACE_BOUND('',#6460,.T.);
#6460 = EDGE_LOOP('',(#6461,#6462,#6463,#6469));
#6461 = ORIENTED_EDGE('',*,*,#6430,.T.);
#6462 = ORIENTED_EDGE('',*,*,#4133,.T.);
#6463 = ORIENTED_EDGE('',*,*,#6464,.F.);
#6464 = EDGE_CURVE('',#1093,#4126,#6465,.T.);
#6465 = LINE('',#6466,#6467);
#6466 = CARTESIAN_POINT('',(165.81556,-49.734298,0.));
#6467 = VECTOR('',#6468,1.);
#6468 = DIRECTION('',(0.,0.,1.));
#6469 = ORIENTED_EDGE('',*,*,#1100,.F.);
#6470 = PLANE('',#6471);
#6471 = AXIS2_PLACEMENT_3D('',#6472,#6473,#6474);
#6472 = CARTESIAN_POINT('',(165.67114,-49.613134,0.));
#6473 = DIRECTION('',(0.642729183002,0.766093465131,-0.));
#6474 = DIRECTION('',(0.766093465131,-0.642729183002,0.));
#6475 = ADVANCED_FACE('',(#6476),#6487,.T.);
#6476 = FACE_BOUND('',#6477,.T.);
#6477 = EDGE_LOOP('',(#6478,#6484,#6485,#6486));
#6478 = ORIENTED_EDGE('',*,*,#6479,.T.);
#6479 = EDGE_CURVE('',#208,#3241,#6480,.T.);
#6480 = LINE('',#6481,#6482);
#6481 = CARTESIAN_POINT('',(121.648623,-49.659722,0.));
#6482 = VECTOR('',#6483,1.);
#6483 = DIRECTION('',(0.,0.,1.));
#6484 = ORIENTED_EDGE('',*,*,#3240,.T.);
#6485 = ORIENTED_EDGE('',*,*,#6445,.F.);
#6486 = ORIENTED_EDGE('',*,*,#207,.F.);
#6487 = PLANE('',#6488);
#6488 = AXIS2_PLACEMENT_3D('',#6489,#6490,#6491);
#6489 = CARTESIAN_POINT('',(121.648623,-49.659722,0.));
#6490 = DIRECTION('',(-0.396409829258,0.918073661134,0.));
#6491 = DIRECTION('',(0.918073661134,0.396409829258,0.));
#6492 = ADVANCED_FACE('',(#6493),#6504,.T.);
#6493 = FACE_BOUND('',#6494,.T.);
#6494 = EDGE_LOOP('',(#6495,#6496,#6497,#6503));
#6495 = ORIENTED_EDGE('',*,*,#6464,.T.);
#6496 = ORIENTED_EDGE('',*,*,#4125,.T.);
#6497 = ORIENTED_EDGE('',*,*,#6498,.F.);
#6498 = EDGE_CURVE('',#1085,#4118,#6499,.T.);
#6499 = LINE('',#6500,#6501);
#6500 = CARTESIAN_POINT('',(165.961585,-49.871043,0.));
#6501 = VECTOR('',#6502,1.);
#6502 = DIRECTION('',(0.,0.,1.));
#6503 = ORIENTED_EDGE('',*,*,#1092,.F.);
#6504 = PLANE('',#6505);
#6505 = AXIS2_PLACEMENT_3D('',#6506,#6507,#6508);
#6506 = CARTESIAN_POINT('',(165.81556,-49.734298,0.));
#6507 = DIRECTION('',(0.683532820577,0.729919778601,-0.));
#6508 = DIRECTION('',(0.729919778601,-0.683532820577,0.));
#6509 = ADVANCED_FACE('',(#6510),#6521,.T.);
#6510 = FACE_BOUND('',#6511,.T.);
#6511 = EDGE_LOOP('',(#6512,#6518,#6519,#6520));
#6512 = ORIENTED_EDGE('',*,*,#6513,.T.);
#6513 = EDGE_CURVE('',#216,#3249,#6514,.T.);
#6514 = LINE('',#6515,#6516);
#6515 = CARTESIAN_POINT('',(121.323163,-49.815195,0.));
#6516 = VECTOR('',#6517,1.);
#6517 = DIRECTION('',(0.,0.,1.));
#6518 = ORIENTED_EDGE('',*,*,#3248,.T.);
#6519 = ORIENTED_EDGE('',*,*,#6479,.F.);
#6520 = ORIENTED_EDGE('',*,*,#215,.F.);
#6521 = PLANE('',#6522);
#6522 = AXIS2_PLACEMENT_3D('',#6523,#6524,#6525);
#6523 = CARTESIAN_POINT('',(121.323163,-49.815195,0.));
#6524 = DIRECTION('',(-0.431045283962,0.902330296053,0.));
#6525 = DIRECTION('',(0.902330296053,0.431045283962,0.));
#6526 = ADVANCED_FACE('',(#6527),#6538,.T.);
#6527 = FACE_BOUND('',#6528,.T.);
#6528 = EDGE_LOOP('',(#6529,#6530,#6531,#6537));
#6529 = ORIENTED_EDGE('',*,*,#6498,.T.);
#6530 = ORIENTED_EDGE('',*,*,#4117,.T.);
#6531 = ORIENTED_EDGE('',*,*,#6532,.F.);
#6532 = EDGE_CURVE('',#1077,#4110,#6533,.T.);
#6533 = LINE('',#6534,#6535);
#6534 = CARTESIAN_POINT('',(166.100286,-50.015437,0.));
#6535 = VECTOR('',#6536,1.);
#6536 = DIRECTION('',(0.,0.,1.));
#6537 = ORIENTED_EDGE('',*,*,#1084,.F.);
#6538 = PLANE('',#6539);
#6539 = AXIS2_PLACEMENT_3D('',#6540,#6541,#6542);
#6540 = CARTESIAN_POINT('',(165.961585,-49.871043,0.));
#6541 = DIRECTION('',(0.721180787215,0.692746903386,-0.));
#6542 = DIRECTION('',(0.692746903386,-0.721180787215,0.));
#6543 = ADVANCED_FACE('',(#6544),#6555,.T.);
#6544 = FACE_BOUND('',#6545,.T.);
#6545 = EDGE_LOOP('',(#6546,#6552,#6553,#6554));
#6546 = ORIENTED_EDGE('',*,*,#6547,.T.);
#6547 = EDGE_CURVE('',#224,#3257,#6548,.T.);
#6548 = LINE('',#6549,#6550);
#6549 = CARTESIAN_POINT('',(121.001821,-49.98201,0.));
#6550 = VECTOR('',#6551,1.);
#6551 = DIRECTION('',(0.,0.,1.));
#6552 = ORIENTED_EDGE('',*,*,#3256,.T.);
#6553 = ORIENTED_EDGE('',*,*,#6513,.F.);
#6554 = ORIENTED_EDGE('',*,*,#223,.F.);
#6555 = PLANE('',#6556);
#6556 = AXIS2_PLACEMENT_3D('',#6557,#6558,#6559);
#6557 = CARTESIAN_POINT('',(121.001821,-49.98201,0.));
#6558 = DIRECTION('',(-0.460737705293,0.887536346817,0.));
#6559 = DIRECTION('',(0.887536346817,0.460737705293,0.));
#6560 = ADVANCED_FACE('',(#6561),#6572,.T.);
#6561 = FACE_BOUND('',#6562,.T.);
#6562 = EDGE_LOOP('',(#6563,#6564,#6565,#6571));
#6563 = ORIENTED_EDGE('',*,*,#6532,.T.);
#6564 = ORIENTED_EDGE('',*,*,#4109,.T.);
#6565 = ORIENTED_EDGE('',*,*,#6566,.F.);
#6566 = EDGE_CURVE('',#1069,#4102,#6567,.T.);
#6567 = LINE('',#6568,#6569);
#6568 = CARTESIAN_POINT('',(166.238927,-50.175458,0.));
#6569 = VECTOR('',#6570,1.);
#6570 = DIRECTION('',(0.,0.,1.));
#6571 = ORIENTED_EDGE('',*,*,#1076,.F.);
#6572 = PLANE('',#6573);
#6573 = AXIS2_PLACEMENT_3D('',#6574,#6575,#6576);
#6574 = CARTESIAN_POINT('',(166.100286,-50.015437,0.));
#6575 = DIRECTION('',(0.755791614661,0.654812213698,-0.));
#6576 = DIRECTION('',(0.654812213698,-0.755791614661,0.));
#6577 = ADVANCED_FACE('',(#6578),#6589,.T.);
#6578 = FACE_BOUND('',#6579,.T.);
#6579 = EDGE_LOOP('',(#6580,#6586,#6587,#6588));
#6580 = ORIENTED_EDGE('',*,*,#6581,.T.);
#6581 = EDGE_CURVE('',#232,#3265,#6582,.T.);
#6582 = LINE('',#6583,#6584);
#6583 = CARTESIAN_POINT('',(120.36818,-50.343816,0.));
#6584 = VECTOR('',#6585,1.);
#6585 = DIRECTION('',(0.,0.,1.));
#6586 = ORIENTED_EDGE('',*,*,#3264,.T.);
#6587 = ORIENTED_EDGE('',*,*,#6547,.F.);
#6588 = ORIENTED_EDGE('',*,*,#231,.F.);
#6589 = PLANE('',#6590);
#6590 = AXIS2_PLACEMENT_3D('',#6591,#6592,#6593);
#6591 = CARTESIAN_POINT('',(120.36818,-50.343816,0.));
#6592 = DIRECTION('',(-0.495855239394,0.868405194345,0.));
#6593 = DIRECTION('',(0.868405194345,0.495855239394,0.));
#6594 = ADVANCED_FACE('',(#6595),#6606,.T.);
#6595 = FACE_BOUND('',#6596,.T.);
#6596 = EDGE_LOOP('',(#6597,#6598,#6599,#6605));
#6597 = ORIENTED_EDGE('',*,*,#6566,.T.);
#6598 = ORIENTED_EDGE('',*,*,#4101,.T.);
#6599 = ORIENTED_EDGE('',*,*,#6600,.F.);
#6600 = EDGE_CURVE('',#1061,#4094,#6601,.T.);
#6601 = LINE('',#6602,#6603);
#6602 = CARTESIAN_POINT('',(166.369104,-50.341814,0.));
#6603 = VECTOR('',#6604,1.);
#6604 = DIRECTION('',(0.,0.,1.));
#6605 = ORIENTED_EDGE('',*,*,#1068,.F.);
#6606 = PLANE('',#6607);
#6607 = AXIS2_PLACEMENT_3D('',#6608,#6609,#6610);
#6608 = CARTESIAN_POINT('',(166.238927,-50.175458,0.));
#6609 = DIRECTION('',(0.787538665466,0.61626524354,-0.));
#6610 = DIRECTION('',(0.61626524354,-0.787538665466,0.));
#6611 = ADVANCED_FACE('',(#6612),#6623,.T.);
#6612 = FACE_BOUND('',#6613,.T.);
#6613 = EDGE_LOOP('',(#6614,#6620,#6621,#6622));
#6614 = ORIENTED_EDGE('',*,*,#6615,.T.);
#6615 = EDGE_CURVE('',#240,#3273,#6616,.T.);
#6616 = LINE('',#6617,#6618);
#6617 = CARTESIAN_POINT('',(119.741072,-50.733424,0.));
#6618 = VECTOR('',#6619,1.);
#6619 = DIRECTION('',(0.,0.,1.));
#6620 = ORIENTED_EDGE('',*,*,#3272,.T.);
#6621 = ORIENTED_EDGE('',*,*,#6581,.F.);
#6622 = ORIENTED_EDGE('',*,*,#239,.F.);
#6623 = PLANE('',#6624);
#6624 = AXIS2_PLACEMENT_3D('',#6625,#6626,#6627);
#6625 = CARTESIAN_POINT('',(119.741072,-50.733424,0.));
#6626 = DIRECTION('',(-0.527723182845,0.849416412773,0.));
#6627 = DIRECTION('',(0.849416412773,0.527723182845,0.));
#6628 = ADVANCED_FACE('',(#6629),#6640,.T.);
#6629 = FACE_BOUND('',#6630,.T.);
#6630 = EDGE_LOOP('',(#6631,#6632,#6633,#6639));
#6631 = ORIENTED_EDGE('',*,*,#6600,.T.);
#6632 = ORIENTED_EDGE('',*,*,#4093,.T.);
#6633 = ORIENTED_EDGE('',*,*,#6634,.F.);
#6634 = EDGE_CURVE('',#1053,#4086,#6635,.T.);
#6635 = LINE('',#6636,#6637);
#6636 = CARTESIAN_POINT('',(166.496683,-50.522285,0.));
#6637 = VECTOR('',#6638,1.);
#6638 = DIRECTION('',(0.,0.,1.));
#6639 = ORIENTED_EDGE('',*,*,#1060,.F.);
#6640 = PLANE('',#6641);
#6641 = AXIS2_PLACEMENT_3D('',#6642,#6643,#6644);
#6642 = CARTESIAN_POINT('',(166.369104,-50.341814,0.));
#6643 = DIRECTION('',(0.816567533177,0.577249914475,-0.));
#6644 = DIRECTION('',(0.577249914475,-0.816567533177,0.));
#6645 = ADVANCED_FACE('',(#6646),#6657,.T.);
#6646 = FACE_BOUND('',#6647,.T.);
#6647 = EDGE_LOOP('',(#6648,#6654,#6655,#6656));
#6648 = ORIENTED_EDGE('',*,*,#6649,.T.);
#6649 = EDGE_CURVE('',#248,#3281,#6650,.T.);
#6650 = LINE('',#6651,#6652);
#6651 = CARTESIAN_POINT('',(119.11387,-51.139123,0.));
#6652 = VECTOR('',#6653,1.);
#6653 = DIRECTION('',(0.,0.,1.));
#6654 = ORIENTED_EDGE('',*,*,#3280,.T.);
#6655 = ORIENTED_EDGE('',*,*,#6615,.F.);
#6656 = ORIENTED_EDGE('',*,*,#247,.F.);
#6657 = PLANE('',#6658);
#6658 = AXIS2_PLACEMENT_3D('',#6659,#6660,#6661);
#6659 = CARTESIAN_POINT('',(119.11387,-51.139123,0.));
#6660 = DIRECTION('',(-0.543121437704,0.839654157321,0.));
#6661 = DIRECTION('',(0.839654157321,0.543121437704,0.));
#6662 = ADVANCED_FACE('',(#6663),#6674,.T.);
#6663 = FACE_BOUND('',#6664,.T.);
#6664 = EDGE_LOOP('',(#6665,#6666,#6667,#6673));
#6665 = ORIENTED_EDGE('',*,*,#6634,.T.);
#6666 = ORIENTED_EDGE('',*,*,#4085,.T.);
#6667 = ORIENTED_EDGE('',*,*,#6668,.F.);
#6668 = EDGE_CURVE('',#1045,#4078,#6669,.T.);
#6669 = LINE('',#6670,#6671);
#6670 = CARTESIAN_POINT('',(166.614596,-50.707164,0.));
#6671 = VECTOR('',#6672,1.);
#6672 = DIRECTION('',(0.,0.,1.));
#6673 = ORIENTED_EDGE('',*,*,#1052,.F.);
#6674 = PLANE('',#6675);
#6675 = AXIS2_PLACEMENT_3D('',#6676,#6677,#6678);
#6676 = CARTESIAN_POINT('',(166.496683,-50.522285,0.));
#6677 = DIRECTION('',(0.843118371581,0.53772800885,-0.));
#6678 = DIRECTION('',(0.53772800885,-0.843118371581,0.));
#6679 = ADVANCED_FACE('',(#6680),#6691,.T.);
#6680 = FACE_BOUND('',#6681,.T.);
#6681 = EDGE_LOOP('',(#6682,#6688,#6689,#6690));
#6682 = ORIENTED_EDGE('',*,*,#6683,.T.);
#6683 = EDGE_CURVE('',#256,#3289,#6684,.T.);
#6684 = LINE('',#6685,#6686);
#6685 = CARTESIAN_POINT('',(118.155782,-51.753843,0.));
#6686 = VECTOR('',#6687,1.);
#6687 = DIRECTION('',(0.,0.,1.));
#6688 = ORIENTED_EDGE('',*,*,#3288,.T.);
#6689 = ORIENTED_EDGE('',*,*,#6649,.F.);
#6690 = ORIENTED_EDGE('',*,*,#255,.F.);
#6691 = PLANE('',#6692);
#6692 = AXIS2_PLACEMENT_3D('',#6693,#6694,#6695);
#6693 = CARTESIAN_POINT('',(118.155782,-51.753843,0.));
#6694 = DIRECTION('',(-0.540015378245,0.841655149844,0.));
#6695 = DIRECTION('',(0.841655149844,0.540015378245,0.));
#6696 = ADVANCED_FACE('',(#6697),#6708,.T.);
#6697 = FACE_BOUND('',#6698,.T.);
#6698 = EDGE_LOOP('',(#6699,#6700,#6701,#6707));
#6699 = ORIENTED_EDGE('',*,*,#6668,.T.);
#6700 = ORIENTED_EDGE('',*,*,#4077,.T.);
#6701 = ORIENTED_EDGE('',*,*,#6702,.F.);
#6702 = EDGE_CURVE('',#1037,#4070,#6703,.T.);
#6703 = LINE('',#6704,#6705);
#6704 = CARTESIAN_POINT('',(166.726618,-50.902353,0.));
#6705 = VECTOR('',#6706,1.);
#6706 = DIRECTION('',(0.,0.,1.));
#6707 = ORIENTED_EDGE('',*,*,#1044,.F.);
#6708 = PLANE('',#6709);
#6709 = AXIS2_PLACEMENT_3D('',#6710,#6711,#6712);
#6710 = CARTESIAN_POINT('',(166.614596,-50.707164,0.));
#6711 = DIRECTION('',(0.867312460059,0.497764097366,-0.));
#6712 = DIRECTION('',(0.497764097366,-0.867312460059,0.));
#6713 = ADVANCED_FACE('',(#6714),#6725,.T.);
#6714 = FACE_BOUND('',#6715,.T.);
#6715 = EDGE_LOOP('',(#6716,#6722,#6723,#6724));
#6716 = ORIENTED_EDGE('',*,*,#6717,.T.);
#6717 = EDGE_CURVE('',#264,#3297,#6718,.T.);
#6718 = LINE('',#6719,#6720);
#6719 = CARTESIAN_POINT('',(117.445966,-52.179009,0.));
#6720 = VECTOR('',#6721,1.);
#6721 = DIRECTION('',(0.,0.,1.));
#6722 = ORIENTED_EDGE('',*,*,#3296,.T.);
#6723 = ORIENTED_EDGE('',*,*,#6683,.F.);
#6724 = ORIENTED_EDGE('',*,*,#263,.F.);
#6725 = PLANE('',#6726);
#6726 = AXIS2_PLACEMENT_3D('',#6727,#6728,#6729);
#6727 = CARTESIAN_POINT('',(117.445966,-52.179009,0.));
#6728 = DIRECTION('',(-0.513852568295,0.85787851008,0.));
#6729 = DIRECTION('',(0.85787851008,0.513852568295,0.));
#6730 = ADVANCED_FACE('',(#6731),#6742,.T.);
#6731 = FACE_BOUND('',#6732,.T.);
#6732 = EDGE_LOOP('',(#6733,#6734,#6735,#6741));
#6733 = ORIENTED_EDGE('',*,*,#6702,.T.);
#6734 = ORIENTED_EDGE('',*,*,#4069,.T.);
#6735 = ORIENTED_EDGE('',*,*,#6736,.F.);
#6736 = EDGE_CURVE('',#1029,#4062,#6737,.T.);
#6737 = LINE('',#6738,#6739);
#6738 = CARTESIAN_POINT('',(166.827871,-51.099372,0.));
#6739 = VECTOR('',#6740,1.);
#6740 = DIRECTION('',(0.,0.,1.));
#6741 = ORIENTED_EDGE('',*,*,#1036,.F.);
#6742 = PLANE('',#6743);
#6743 = AXIS2_PLACEMENT_3D('',#6744,#6745,#6746);
#6744 = CARTESIAN_POINT('',(166.726618,-50.902353,0.));
#6745 = DIRECTION('',(0.889418231366,0.457094311617,-0.));
#6746 = DIRECTION('',(0.457094311617,-0.889418231366,0.));
#6747 = ADVANCED_FACE('',(#6748),#6759,.T.);
#6748 = FACE_BOUND('',#6749,.T.);
#6749 = EDGE_LOOP('',(#6750,#6756,#6757,#6758));
#6750 = ORIENTED_EDGE('',*,*,#6751,.T.);
#6751 = EDGE_CURVE('',#272,#3305,#6752,.T.);
#6752 = LINE('',#6753,#6754);
#6753 = CARTESIAN_POINT('',(116.81351,-52.521106,0.));
#6754 = VECTOR('',#6755,1.);
#6755 = DIRECTION('',(0.,0.,1.));
#6756 = ORIENTED_EDGE('',*,*,#3304,.T.);
#6757 = ORIENTED_EDGE('',*,*,#6717,.F.);
#6758 = ORIENTED_EDGE('',*,*,#271,.F.);
#6759 = PLANE('',#6760);
#6760 = AXIS2_PLACEMENT_3D('',#6761,#6762,#6763);
#6761 = CARTESIAN_POINT('',(116.81351,-52.521106,0.));
#6762 = DIRECTION('',(-0.475763362991,0.879573318397,0.));
#6763 = DIRECTION('',(0.879573318397,0.475763362991,0.));
#6764 = ADVANCED_FACE('',(#6765),#6776,.T.);
#6765 = FACE_BOUND('',#6766,.T.);
#6766 = EDGE_LOOP('',(#6767,#6768,#6769,#6775));
#6767 = ORIENTED_EDGE('',*,*,#6736,.T.);
#6768 = ORIENTED_EDGE('',*,*,#4061,.T.);
#6769 = ORIENTED_EDGE('',*,*,#6770,.F.);
#6770 = EDGE_CURVE('',#1021,#4054,#6771,.T.);
#6771 = LINE('',#6772,#6773);
#6772 = CARTESIAN_POINT('',(166.919703,-51.300293,0.));
#6773 = VECTOR('',#6774,1.);
#6774 = DIRECTION('',(0.,0.,1.));
#6775 = ORIENTED_EDGE('',*,*,#1028,.F.);
#6776 = PLANE('',#6777);
#6777 = AXIS2_PLACEMENT_3D('',#6778,#6779,#6780);
#6778 = CARTESIAN_POINT('',(166.827871,-51.099372,0.));
#6779 = DIRECTION('',(0.90950459807,0.41569386102,-0.));
#6780 = DIRECTION('',(0.41569386102,-0.90950459807,0.));
#6781 = ADVANCED_FACE('',(#6782),#6793,.T.);
#6782 = FACE_BOUND('',#6783,.T.);
#6783 = EDGE_LOOP('',(#6784,#6790,#6791,#6792));
#6784 = ORIENTED_EDGE('',*,*,#6785,.T.);
#6785 = EDGE_CURVE('',#280,#3313,#6786,.T.);
#6786 = LINE('',#6787,#6788);
#6787 = CARTESIAN_POINT('',(116.220823,-52.802808,0.));
#6788 = VECTOR('',#6789,1.);
#6789 = DIRECTION('',(0.,0.,1.));
#6790 = ORIENTED_EDGE('',*,*,#3312,.T.);
#6791 = ORIENTED_EDGE('',*,*,#6751,.F.);
#6792 = ORIENTED_EDGE('',*,*,#279,.F.);
#6793 = PLANE('',#6794);
#6794 = AXIS2_PLACEMENT_3D('',#6795,#6796,#6797);
#6795 = CARTESIAN_POINT('',(116.220823,-52.802808,0.));
#6796 = DIRECTION('',(-0.429275224963,0.90317372705,0.));
#6797 = DIRECTION('',(0.90317372705,0.429275224963,0.));
#6798 = ADVANCED_FACE('',(#6799),#6810,.T.);
#6799 = FACE_BOUND('',#6800,.T.);
#6800 = EDGE_LOOP('',(#6801,#6802,#6803,#6809));
#6801 = ORIENTED_EDGE('',*,*,#6770,.T.);
#6802 = ORIENTED_EDGE('',*,*,#4053,.T.);
#6803 = ORIENTED_EDGE('',*,*,#6804,.F.);
#6804 = EDGE_CURVE('',#1013,#4046,#6805,.T.);
#6805 = LINE('',#6806,#6807);
#6806 = CARTESIAN_POINT('',(167.,-51.5,0.));
#6807 = VECTOR('',#6808,1.);
#6808 = DIRECTION('',(0.,0.,1.));
#6809 = ORIENTED_EDGE('',*,*,#1020,.F.);
#6810 = PLANE('',#6811);
#6811 = AXIS2_PLACEMENT_3D('',#6812,#6813,#6814);
#6812 = CARTESIAN_POINT('',(166.919703,-51.300293,0.));
#6813 = DIRECTION('',(0.92781165132,0.373048977582,-0.));
#6814 = DIRECTION('',(0.373048977582,-0.92781165132,0.));
#6815 = ADVANCED_FACE('',(#6816),#6827,.T.);
#6816 = FACE_BOUND('',#6817,.T.);
#6817 = EDGE_LOOP('',(#6818,#6824,#6825,#6826));
#6818 = ORIENTED_EDGE('',*,*,#6819,.T.);
#6819 = EDGE_CURVE('',#288,#3321,#6820,.T.);
#6820 = LINE('',#6821,#6822);
#6821 = CARTESIAN_POINT('',(115.649446,-53.034785,0.));
#6822 = VECTOR('',#6823,1.);
#6823 = DIRECTION('',(0.,0.,1.));
#6824 = ORIENTED_EDGE('',*,*,#3320,.T.);
#6825 = ORIENTED_EDGE('',*,*,#6785,.F.);
#6826 = ORIENTED_EDGE('',*,*,#287,.F.);
#6827 = PLANE('',#6828);
#6828 = AXIS2_PLACEMENT_3D('',#6829,#6830,#6831);
#6829 = CARTESIAN_POINT('',(115.649446,-53.034785,0.));
#6830 = DIRECTION('',(-0.376175344478,0.926548493176,0.));
#6831 = DIRECTION('',(0.926548493176,0.376175344478,0.));
#6832 = ADVANCED_FACE('',(#6833),#6844,.T.);
#6833 = FACE_BOUND('',#6834,.T.);
#6834 = EDGE_LOOP('',(#6835,#6836,#6837,#6843));
#6835 = ORIENTED_EDGE('',*,*,#6804,.T.);
#6836 = ORIENTED_EDGE('',*,*,#4045,.T.);
#6837 = ORIENTED_EDGE('',*,*,#6838,.F.);
#6838 = EDGE_CURVE('',#1005,#4038,#6839,.T.);
#6839 = LINE('',#6840,#6841);
#6840 = CARTESIAN_POINT('',(168.5,-54.5,0.));
#6841 = VECTOR('',#6842,1.);
#6842 = DIRECTION('',(0.,0.,1.));
#6843 = ORIENTED_EDGE('',*,*,#1012,.F.);
#6844 = PLANE('',#6845);
#6845 = AXIS2_PLACEMENT_3D('',#6846,#6847,#6848);
#6846 = CARTESIAN_POINT('',(167.,-51.5,0.));
#6847 = DIRECTION('',(0.894427191,0.4472135955,-0.));
#6848 = DIRECTION('',(0.4472135955,-0.894427191,0.));
#6849 = ADVANCED_FACE('',(#6850),#6861,.T.);
#6850 = FACE_BOUND('',#6851,.T.);
#6851 = EDGE_LOOP('',(#6852,#6858,#6859,#6860));
#6852 = ORIENTED_EDGE('',*,*,#6853,.T.);
#6853 = EDGE_CURVE('',#296,#3329,#6854,.T.);
#6854 = LINE('',#6855,#6856);
#6855 = CARTESIAN_POINT('',(115.088241,-53.222876,0.));
#6856 = VECTOR('',#6857,1.);
#6857 = DIRECTION('',(0.,0.,1.));
#6858 = ORIENTED_EDGE('',*,*,#3328,.T.);
#6859 = ORIENTED_EDGE('',*,*,#6819,.F.);
#6860 = ORIENTED_EDGE('',*,*,#295,.F.);
#6861 = PLANE('',#6862);
#6862 = AXIS2_PLACEMENT_3D('',#6863,#6864,#6865);
#6863 = CARTESIAN_POINT('',(115.088241,-53.222876,0.));
#6864 = DIRECTION('',(-0.317782369844,0.948163680709,0.));
#6865 = DIRECTION('',(0.948163680709,0.317782369844,0.));
#6866 = ADVANCED_FACE('',(#6867),#6878,.T.);
#6867 = FACE_BOUND('',#6868,.T.);
#6868 = EDGE_LOOP('',(#6869,#6870,#6871,#6877));
#6869 = ORIENTED_EDGE('',*,*,#6838,.T.);
#6870 = ORIENTED_EDGE('',*,*,#4037,.T.);
#6871 = ORIENTED_EDGE('',*,*,#6872,.F.);
#6872 = EDGE_CURVE('',#997,#4030,#6873,.T.);
#6873 = LINE('',#6874,#6875);
#6874 = CARTESIAN_POINT('',(168.646545,-54.852051,0.));
#6875 = VECTOR('',#6876,1.);
#6876 = DIRECTION('',(0.,0.,1.));
#6877 = ORIENTED_EDGE('',*,*,#1004,.F.);
#6878 = PLANE('',#6879);
#6879 = AXIS2_PLACEMENT_3D('',#6880,#6881,#6882);
#6880 = CARTESIAN_POINT('',(168.5,-54.5,0.));
#6881 = DIRECTION('',(0.923209926242,0.384296021432,-0.));
#6882 = DIRECTION('',(0.384296021432,-0.923209926242,0.));
#6883 = ADVANCED_FACE('',(#6884),#6895,.T.);
#6884 = FACE_BOUND('',#6885,.T.);
#6885 = EDGE_LOOP('',(#6886,#6892,#6893,#6894));
#6886 = ORIENTED_EDGE('',*,*,#6887,.T.);
#6887 = EDGE_CURVE('',#304,#3337,#6888,.T.);
#6888 = LINE('',#6889,#6890);
#6889 = CARTESIAN_POINT('',(114.529491,-53.370426,0.));
#6890 = VECTOR('',#6891,1.);
#6891 = DIRECTION('',(0.,0.,1.));
#6892 = ORIENTED_EDGE('',*,*,#3336,.T.);
#6893 = ORIENTED_EDGE('',*,*,#6853,.F.);
#6894 = ORIENTED_EDGE('',*,*,#303,.F.);
#6895 = PLANE('',#6896);
#6896 = AXIS2_PLACEMENT_3D('',#6897,#6898,#6899);
#6897 = CARTESIAN_POINT('',(114.529491,-53.370426,0.));
#6898 = DIRECTION('',(-0.255319401543,0.96685676457,0.));
#6899 = DIRECTION('',(0.96685676457,0.255319401543,0.));
#6900 = ADVANCED_FACE('',(#6901),#6912,.T.);
#6901 = FACE_BOUND('',#6902,.T.);
#6902 = EDGE_LOOP('',(#6903,#6904,#6905,#6911));
#6903 = ORIENTED_EDGE('',*,*,#6872,.T.);
#6904 = ORIENTED_EDGE('',*,*,#4029,.T.);
#6905 = ORIENTED_EDGE('',*,*,#6906,.F.);
#6906 = EDGE_CURVE('',#989,#4022,#6907,.T.);
#6907 = LINE('',#6908,#6909);
#6908 = CARTESIAN_POINT('',(168.805176,-55.160156,0.));
#6909 = VECTOR('',#6910,1.);
#6910 = DIRECTION('',(0.,0.,1.));
#6911 = ORIENTED_EDGE('',*,*,#996,.F.);
#6912 = PLANE('',#6913);
#6913 = AXIS2_PLACEMENT_3D('',#6914,#6915,#6916);
#6914 = CARTESIAN_POINT('',(168.646545,-54.852051,0.));
#6915 = DIRECTION('',(0.889079978068,0.457751889781,-0.));
#6916 = DIRECTION('',(0.457751889781,-0.889079978068,0.));
#6917 = ADVANCED_FACE('',(#6918),#6929,.T.);
#6918 = FACE_BOUND('',#6919,.T.);
#6919 = EDGE_LOOP('',(#6920,#6926,#6927,#6928));
#6920 = ORIENTED_EDGE('',*,*,#6921,.T.);
#6921 = EDGE_CURVE('',#312,#3345,#6922,.T.);
#6922 = LINE('',#6923,#6924);
#6923 = CARTESIAN_POINT('',(113.967272,-53.479239,0.));
#6924 = VECTOR('',#6925,1.);
#6925 = DIRECTION('',(0.,0.,1.));
#6926 = ORIENTED_EDGE('',*,*,#3344,.T.);
#6927 = ORIENTED_EDGE('',*,*,#6887,.F.);
#6928 = ORIENTED_EDGE('',*,*,#311,.F.);
#6929 = PLANE('',#6930);
#6930 = AXIS2_PLACEMENT_3D('',#6931,#6932,#6933);
#6931 = CARTESIAN_POINT('',(113.967272,-53.479239,0.));
#6932 = DIRECTION('',(-0.190015879598,0.981781017081,0.));
#6933 = DIRECTION('',(0.981781017081,0.190015879598,0.));
#6934 = ADVANCED_FACE('',(#6935),#6946,.T.);
#6935 = FACE_BOUND('',#6936,.T.);
#6936 = EDGE_LOOP('',(#6937,#6938,#6939,#6945));
#6937 = ORIENTED_EDGE('',*,*,#6906,.T.);
#6938 = ORIENTED_EDGE('',*,*,#4021,.T.);
#6939 = ORIENTED_EDGE('',*,*,#6940,.F.);
#6940 = EDGE_CURVE('',#981,#4014,#6941,.T.);
#6941 = LINE('',#6942,#6943);
#6942 = CARTESIAN_POINT('',(168.976257,-55.427246,0.));
#6943 = VECTOR('',#6944,1.);
#6944 = DIRECTION('',(0.,0.,1.));
#6945 = ORIENTED_EDGE('',*,*,#988,.F.);
#6946 = PLANE('',#6947);
#6947 = AXIS2_PLACEMENT_3D('',#6948,#6949,#6950);
#6948 = CARTESIAN_POINT('',(168.805176,-55.160156,0.));
#6949 = DIRECTION('',(0.842066071347,0.539374388978,-0.));
#6950 = DIRECTION('',(0.539374388978,-0.842066071347,0.));
#6951 = ADVANCED_FACE('',(#6952),#6963,.T.);
#6952 = FACE_BOUND('',#6953,.T.);
#6953 = EDGE_LOOP('',(#6954,#6960,#6961,#6962));
#6954 = ORIENTED_EDGE('',*,*,#6955,.T.);
#6955 = EDGE_CURVE('',#320,#3353,#6956,.T.);
#6956 = LINE('',#6957,#6958);
#6957 = CARTESIAN_POINT('',(65.507851,-61.169011,0.));
#6958 = VECTOR('',#6959,1.);
#6959 = DIRECTION('',(0.,0.,1.));
#6960 = ORIENTED_EDGE('',*,*,#3352,.T.);
#6961 = ORIENTED_EDGE('',*,*,#6921,.F.);
#6962 = ORIENTED_EDGE('',*,*,#319,.F.);
#6963 = PLANE('',#6964);
#6964 = AXIS2_PLACEMENT_3D('',#6965,#6966,#6967);
#6965 = CARTESIAN_POINT('',(65.507851,-61.169011,0.));
#6966 = DIRECTION('',(-0.156723816396,0.987642468393,0.));
#6967 = DIRECTION('',(0.987642468393,0.156723816396,0.));
#6968 = ADVANCED_FACE('',(#6969),#6980,.T.);
#6969 = FACE_BOUND('',#6970,.T.);
#6970 = EDGE_LOOP('',(#6971,#6972,#6973,#6979));
#6971 = ORIENTED_EDGE('',*,*,#6940,.T.);
#6972 = ORIENTED_EDGE('',*,*,#4013,.T.);
#6973 = ORIENTED_EDGE('',*,*,#6974,.F.);
#6974 = EDGE_CURVE('',#973,#4006,#6975,.T.);
#6975 = LINE('',#6976,#6977);
#6976 = CARTESIAN_POINT('',(169.160156,-55.65625,0.));
#6977 = VECTOR('',#6978,1.);
#6978 = DIRECTION('',(0.,0.,1.));
#6979 = ORIENTED_EDGE('',*,*,#980,.F.);
#6980 = PLANE('',#6981);
#6981 = AXIS2_PLACEMENT_3D('',#6982,#6983,#6984);
#6982 = CARTESIAN_POINT('',(168.976257,-55.427246,0.));
#6983 = DIRECTION('',(0.779711835803,0.626138525495,-0.));
#6984 = DIRECTION('',(0.626138525495,-0.779711835803,0.));
#6985 = ADVANCED_FACE('',(#6986),#6997,.T.);
#6986 = FACE_BOUND('',#6987,.T.);
#6987 = EDGE_LOOP('',(#6988,#6994,#6995,#6996));
#6988 = ORIENTED_EDGE('',*,*,#6989,.T.);
#6989 = EDGE_CURVE('',#328,#3361,#6990,.T.);
#6990 = LINE('',#6991,#6992);
#6991 = CARTESIAN_POINT('',(63.169814,-64.496746,0.));
#6992 = VECTOR('',#6993,1.);
#6993 = DIRECTION('',(0.,0.,1.));
#6994 = ORIENTED_EDGE('',*,*,#3360,.T.);
#6995 = ORIENTED_EDGE('',*,*,#6955,.F.);
#6996 = ORIENTED_EDGE('',*,*,#327,.F.);
#6997 = CYLINDRICAL_SURFACE('',#6998,2.873448165714);
#6998 = AXIS2_PLACEMENT_3D('',#6999,#7000,#7001);
#6999 = CARTESIAN_POINT('',(65.999998988772,-63.99999929354,0.));
#7000 = DIRECTION('',(0.,0.,-1.));
#7001 = DIRECTION('',(-0.9849438116,-0.172874775464,-0.));
#7002 = ADVANCED_FACE('',(#7003),#7014,.T.);
#7003 = FACE_BOUND('',#7004,.T.);
#7004 = EDGE_LOOP('',(#7005,#7006,#7007,#7013));
#7005 = ORIENTED_EDGE('',*,*,#6974,.T.);
#7006 = ORIENTED_EDGE('',*,*,#4005,.T.);
#7007 = ORIENTED_EDGE('',*,*,#7008,.F.);
#7008 = EDGE_CURVE('',#965,#3998,#7009,.T.);
#7009 = LINE('',#7010,#7011);
#7010 = CARTESIAN_POINT('',(169.357239,-55.850098,0.));
#7011 = VECTOR('',#7012,1.);
#7012 = DIRECTION('',(0.,0.,1.));
#7013 = ORIENTED_EDGE('',*,*,#972,.F.);
#7014 = PLANE('',#7015);
#7015 = AXIS2_PLACEMENT_3D('',#7016,#7017,#7018);
#7016 = CARTESIAN_POINT('',(169.160156,-55.65625,0.));
#7017 = DIRECTION('',(0.701231380514,0.712933763391,-0.));
#7018 = DIRECTION('',(0.712933763391,-0.701231380514,0.));
#7019 = ADVANCED_FACE('',(#7020),#7031,.T.);
#7020 = FACE_BOUND('',#7021,.T.);
#7021 = EDGE_LOOP('',(#7022,#7028,#7029,#7030));
#7022 = ORIENTED_EDGE('',*,*,#7023,.T.);
#7023 = EDGE_CURVE('',#337,#3370,#7024,.T.);
#7024 = LINE('',#7025,#7026);
#7025 = CARTESIAN_POINT('',(65.084,-76.5887,0.));
#7026 = VECTOR('',#7027,1.);
#7027 = DIRECTION('',(0.,0.,1.));
#7028 = ORIENTED_EDGE('',*,*,#3369,.T.);
#7029 = ORIENTED_EDGE('',*,*,#6989,.F.);
#7030 = ORIENTED_EDGE('',*,*,#336,.F.);
#7031 = PLANE('',#7032);
#7032 = AXIS2_PLACEMENT_3D('',#7033,#7034,#7035);
#7033 = CARTESIAN_POINT('',(65.084,-76.5887,0.));
#7034 = DIRECTION('',(-0.987700849117,-0.156355468898,0.));
#7035 = DIRECTION('',(-0.156355468898,0.987700849117,0.));
#7036 = ADVANCED_FACE('',(#7037),#7048,.T.);
#7037 = FACE_BOUND('',#7038,.T.);
#7038 = EDGE_LOOP('',(#7039,#7040,#7041,#7047));
#7039 = ORIENTED_EDGE('',*,*,#7008,.T.);
#7040 = ORIENTED_EDGE('',*,*,#3997,.T.);
#7041 = ORIENTED_EDGE('',*,*,#7042,.F.);
#7042 = EDGE_CURVE('',#957,#3990,#7043,.T.);
#7043 = LINE('',#7044,#7045);
#7044 = CARTESIAN_POINT('',(169.567871,-56.011719,0.));
#7045 = VECTOR('',#7046,1.);
#7046 = DIRECTION('',(0.,0.,1.));
#7047 = ORIENTED_EDGE('',*,*,#964,.F.);
#7048 = PLANE('',#7049);
#7049 = AXIS2_PLACEMENT_3D('',#7050,#7051,#7052);
#7050 = CARTESIAN_POINT('',(169.357239,-55.850098,0.));
#7051 = DIRECTION('',(0.608755222161,0.793358102934,-0.));
#7052 = DIRECTION('',(0.793358102934,-0.608755222161,0.));
#7053 = ADVANCED_FACE('',(#7054),#7065,.T.);
#7054 = FACE_BOUND('',#7055,.T.);
#7055 = EDGE_LOOP('',(#7056,#7062,#7063,#7064));
#7056 = ORIENTED_EDGE('',*,*,#7057,.T.);
#7057 = EDGE_CURVE('',#345,#3378,#7058,.T.);
#7058 = LINE('',#7059,#7060);
#7059 = CARTESIAN_POINT('',(72.9466,-126.2569,0.));
#7060 = VECTOR('',#7061,1.);
#7061 = DIRECTION('',(0.,0.,1.));
#7062 = ORIENTED_EDGE('',*,*,#3377,.T.);
#7063 = ORIENTED_EDGE('',*,*,#7023,.F.);
#7064 = ORIENTED_EDGE('',*,*,#344,.F.);
#7065 = PLANE('',#7066);
#7066 = AXIS2_PLACEMENT_3D('',#7067,#7068,#7069);
#7067 = CARTESIAN_POINT('',(72.9466,-126.2569,0.));
#7068 = DIRECTION('',(-0.987700842911,-0.156355508101,0.));
#7069 = DIRECTION('',(-0.156355508101,0.987700842911,0.));
#7070 = ADVANCED_FACE('',(#7071),#7082,.T.);
#7071 = FACE_BOUND('',#7072,.T.);
#7072 = EDGE_LOOP('',(#7073,#7074,#7075,#7081));
#7073 = ORIENTED_EDGE('',*,*,#7042,.T.);
#7074 = ORIENTED_EDGE('',*,*,#3989,.T.);
#7075 = ORIENTED_EDGE('',*,*,#7076,.F.);
#7076 = EDGE_CURVE('',#949,#3982,#7077,.T.);
#7077 = LINE('',#7078,#7079);
#7078 = CARTESIAN_POINT('',(169.792419,-56.144043,0.));
#7079 = VECTOR('',#7080,1.);
#7080 = DIRECTION('',(0.,0.,1.));
#7081 = ORIENTED_EDGE('',*,*,#956,.F.);
#7082 = PLANE('',#7083);
#7083 = AXIS2_PLACEMENT_3D('',#7084,#7085,#7086);
#7084 = CARTESIAN_POINT('',(169.567871,-56.011719,0.));
#7085 = DIRECTION('',(0.507695358935,0.861536663478,-0.));
#7086 = DIRECTION('',(0.861536663478,-0.507695358935,0.));
#7087 = ADVANCED_FACE('',(#7088),#7099,.T.);
#7088 = FACE_BOUND('',#7089,.T.);
#7089 = EDGE_LOOP('',(#7090,#7096,#7097,#7098));
#7090 = ORIENTED_EDGE('',*,*,#7091,.T.);
#7091 = EDGE_CURVE('',#353,#3386,#7092,.T.);
#7092 = LINE('',#7093,#7094);
#7093 = CARTESIAN_POINT('',(73.0847,-126.8094,0.));
#7094 = VECTOR('',#7095,1.);
#7095 = DIRECTION('',(0.,0.,1.));
#7096 = ORIENTED_EDGE('',*,*,#3385,.T.);
#7097 = ORIENTED_EDGE('',*,*,#7057,.F.);
#7098 = ORIENTED_EDGE('',*,*,#352,.F.);
#7099 = PLANE('',#7100);
#7100 = AXIS2_PLACEMENT_3D('',#7101,#7102,#7103);
#7101 = CARTESIAN_POINT('',(73.0847,-126.8094,0.));
#7102 = DIRECTION('',(-0.970152828282,-0.242494308752,0.));
#7103 = DIRECTION('',(-0.242494308752,0.970152828282,0.));
#7104 = ADVANCED_FACE('',(#7105),#7116,.T.);
#7105 = FACE_BOUND('',#7106,.T.);
#7106 = EDGE_LOOP('',(#7107,#7108,#7109,#7115));
#7107 = ORIENTED_EDGE('',*,*,#7076,.T.);
#7108 = ORIENTED_EDGE('',*,*,#3981,.T.);
#7109 = ORIENTED_EDGE('',*,*,#7110,.F.);
#7110 = EDGE_CURVE('',#941,#3974,#7111,.T.);
#7111 = LINE('',#7112,#7113);
#7112 = CARTESIAN_POINT('',(170.03125,-56.25,0.));
#7113 = VECTOR('',#7114,1.);
#7114 = DIRECTION('',(0.,0.,1.));
#7115 = ORIENTED_EDGE('',*,*,#948,.F.);
#7116 = PLANE('',#7117);
#7117 = AXIS2_PLACEMENT_3D('',#7118,#7119,#7120);
#7118 = CARTESIAN_POINT('',(169.792419,-56.144043,0.));
#7119 = DIRECTION('',(0.40553078021,0.914081389321,-0.));
#7120 = DIRECTION('',(0.914081389321,-0.40553078021,0.));
#7121 = ADVANCED_FACE('',(#7122),#7133,.T.);
#7122 = FACE_BOUND('',#7123,.T.);
#7123 = EDGE_LOOP('',(#7124,#7130,#7131,#7132));
#7124 = ORIENTED_EDGE('',*,*,#7125,.T.);
#7125 = EDGE_CURVE('',#361,#3394,#7126,.T.);
#7126 = LINE('',#7127,#7128);
#7127 = CARTESIAN_POINT('',(73.3278,-127.3435,0.));
#7128 = VECTOR('',#7129,1.);
#7129 = DIRECTION('',(0.,0.,1.));
#7130 = ORIENTED_EDGE('',*,*,#3393,.T.);
#7131 = ORIENTED_EDGE('',*,*,#7091,.F.);
#7132 = ORIENTED_EDGE('',*,*,#360,.F.);
#7133 = PLANE('',#7134);
#7134 = AXIS2_PLACEMENT_3D('',#7135,#7136,#7137);
#7135 = CARTESIAN_POINT('',(73.3278,-127.3435,0.));
#7136 = DIRECTION('',(-0.910156266426,-0.414265097113,0.));
#7137 = DIRECTION('',(-0.414265097113,0.910156266426,0.));
#7138 = ADVANCED_FACE('',(#7139),#7150,.T.);
#7139 = FACE_BOUND('',#7140,.T.);
#7140 = EDGE_LOOP('',(#7141,#7142,#7143,#7149));
#7141 = ORIENTED_EDGE('',*,*,#7110,.T.);
#7142 = ORIENTED_EDGE('',*,*,#3973,.T.);
#7143 = ORIENTED_EDGE('',*,*,#7144,.F.);
#7144 = EDGE_CURVE('',#933,#3966,#7145,.T.);
#7145 = LINE('',#7146,#7147);
#7146 = CARTESIAN_POINT('',(170.284729,-56.33252,0.));
#7147 = VECTOR('',#7148,1.);
#7148 = DIRECTION('',(0.,0.,1.));
#7149 = ORIENTED_EDGE('',*,*,#940,.F.);
#7150 = PLANE('',#7151);
#7151 = AXIS2_PLACEMENT_3D('',#7152,#7153,#7154);
#7152 = CARTESIAN_POINT('',(170.03125,-56.25,0.));
#7153 = DIRECTION('',(0.309558755349,0.950880316857,-0.));
#7154 = DIRECTION('',(0.950880316857,-0.309558755349,0.));
#7155 = ADVANCED_FACE('',(#7156),#7167,.T.);
#7156 = FACE_BOUND('',#7157,.T.);
#7157 = EDGE_LOOP('',(#7158,#7164,#7165,#7166));
#7158 = ORIENTED_EDGE('',*,*,#7159,.T.);
#7159 = EDGE_CURVE('',#369,#3402,#7160,.T.);
#7160 = LINE('',#7161,#7162);
#7161 = CARTESIAN_POINT('',(73.6704,-127.8199,0.));
#7162 = VECTOR('',#7163,1.);
#7163 = DIRECTION('',(0.,0.,1.));
#7164 = ORIENTED_EDGE('',*,*,#3401,.T.);
#7165 = ORIENTED_EDGE('',*,*,#7125,.F.);
#7166 = ORIENTED_EDGE('',*,*,#368,.F.);
#7167 = PLANE('',#7168);
#7168 = AXIS2_PLACEMENT_3D('',#7169,#7170,#7171);
#7169 = CARTESIAN_POINT('',(73.6704,-127.8199,0.));
#7170 = DIRECTION('',(-0.811863911502,-0.583846717214,0.));
#7171 = DIRECTION('',(-0.583846717214,0.811863911502,0.));
#7172 = ADVANCED_FACE('',(#7173),#7184,.T.);
#7173 = FACE_BOUND('',#7174,.T.);
#7174 = EDGE_LOOP('',(#7175,#7176,#7177,#7183));
#7175 = ORIENTED_EDGE('',*,*,#7144,.T.);
#7176 = ORIENTED_EDGE('',*,*,#3965,.T.);
#7177 = ORIENTED_EDGE('',*,*,#7178,.F.);
#7178 = EDGE_CURVE('',#925,#3958,#7179,.T.);
#7179 = LINE('',#7180,#7181);
#7180 = CARTESIAN_POINT('',(170.553223,-56.394531,0.));
#7181 = VECTOR('',#7182,1.);
#7182 = DIRECTION('',(0.,0.,1.));
#7183 = ORIENTED_EDGE('',*,*,#932,.F.);
#7184 = PLANE('',#7185);
#7185 = AXIS2_PLACEMENT_3D('',#7186,#7187,#7188);
#7186 = CARTESIAN_POINT('',(170.284729,-56.33252,0.));
#7187 = DIRECTION('',(0.225034691546,0.974350751835,-0.));
#7188 = DIRECTION('',(0.974350751835,-0.225034691546,0.));
#7189 = ADVANCED_FACE('',(#7190),#7201,.T.);
#7190 = FACE_BOUND('',#7191,.T.);
#7191 = EDGE_LOOP('',(#7192,#7198,#7199,#7200));
#7192 = ORIENTED_EDGE('',*,*,#7193,.T.);
#7193 = EDGE_CURVE('',#377,#3410,#7194,.T.);
#7194 = LINE('',#7195,#7196);
#7195 = CARTESIAN_POINT('',(73.9848,-128.1282,0.));
#7196 = VECTOR('',#7197,1.);
#7197 = DIRECTION('',(0.,0.,1.));
#7198 = ORIENTED_EDGE('',*,*,#3409,.T.);
#7199 = ORIENTED_EDGE('',*,*,#7159,.F.);
#7200 = ORIENTED_EDGE('',*,*,#376,.F.);
#7201 = PLANE('',#7202);
#7202 = AXIS2_PLACEMENT_3D('',#7203,#7204,#7205);
#7203 = CARTESIAN_POINT('',(73.9848,-128.1282,0.));
#7204 = DIRECTION('',(-0.700146335063,-0.713999376399,0.));
#7205 = DIRECTION('',(-0.713999376399,0.700146335063,0.));
#7206 = ADVANCED_FACE('',(#7207),#7218,.T.);
#7207 = FACE_BOUND('',#7208,.T.);
#7208 = EDGE_LOOP('',(#7209,#7210,#7211,#7217));
#7209 = ORIENTED_EDGE('',*,*,#7178,.T.);
#7210 = ORIENTED_EDGE('',*,*,#3957,.T.);
#7211 = ORIENTED_EDGE('',*,*,#7212,.F.);
#7212 = EDGE_CURVE('',#917,#3950,#7213,.T.);
#7213 = LINE('',#7214,#7215);
#7214 = CARTESIAN_POINT('',(170.837097,-56.438965,0.));
#7215 = VECTOR('',#7216,1.);
#7216 = DIRECTION('',(0.,0.,1.));
#7217 = ORIENTED_EDGE('',*,*,#924,.F.);
#7218 = PLANE('',#7219);
#7219 = AXIS2_PLACEMENT_3D('',#7220,#7221,#7222);
#7220 = CARTESIAN_POINT('',(170.553223,-56.394531,0.));
#7221 = DIRECTION('',(0.154644205089,0.987970227199,-0.));
#7222 = DIRECTION('',(0.987970227199,-0.154644205089,0.));
#7223 = ADVANCED_FACE('',(#7224),#7235,.T.);
#7224 = FACE_BOUND('',#7225,.T.);
#7225 = EDGE_LOOP('',(#7226,#7232,#7233,#7234));
#7226 = ORIENTED_EDGE('',*,*,#7227,.T.);
#7227 = EDGE_CURVE('',#385,#3418,#7228,.T.);
#7228 = LINE('',#7229,#7230);
#7229 = CARTESIAN_POINT('',(74.4679,-128.4614,0.));
#7230 = VECTOR('',#7231,1.);
#7231 = DIRECTION('',(0.,0.,1.));
#7232 = ORIENTED_EDGE('',*,*,#3417,.T.);
#7233 = ORIENTED_EDGE('',*,*,#7193,.F.);
#7234 = ORIENTED_EDGE('',*,*,#384,.F.);
#7235 = PLANE('',#7236);
#7236 = AXIS2_PLACEMENT_3D('',#7237,#7238,#7239);
#7237 = CARTESIAN_POINT('',(74.4679,-128.4614,0.));
#7238 = DIRECTION('',(-0.567764810531,-0.823190816229,0.));
#7239 = DIRECTION('',(-0.823190816229,0.567764810531,0.));
#7240 = ADVANCED_FACE('',(#7241),#7252,.T.);
#7241 = FACE_BOUND('',#7242,.T.);
#7242 = EDGE_LOOP('',(#7243,#7244,#7245,#7251));
#7243 = ORIENTED_EDGE('',*,*,#7212,.T.);
#7244 = ORIENTED_EDGE('',*,*,#3949,.T.);
#7245 = ORIENTED_EDGE('',*,*,#7246,.F.);
#7246 = EDGE_CURVE('',#909,#3942,#7247,.T.);
#7247 = LINE('',#7248,#7249);
#7248 = CARTESIAN_POINT('',(171.136719,-56.46875,0.));
#7249 = VECTOR('',#7250,1.);
#7250 = DIRECTION('',(0.,0.,1.));
#7251 = ORIENTED_EDGE('',*,*,#916,.F.);
#7252 = PLANE('',#7253);
#7253 = AXIS2_PLACEMENT_3D('',#7254,#7255,#7256);
#7254 = CARTESIAN_POINT('',(170.837097,-56.438965,0.));
#7255 = DIRECTION('',(9.892101766241E-02,0.995095288033,-0.));
#7256 = DIRECTION('',(0.995095288033,-9.892101766241E-02,0.));
#7257 = ADVANCED_FACE('',(#7258),#7269,.T.);
#7258 = FACE_BOUND('',#7259,.T.);
#7259 = EDGE_LOOP('',(#7260,#7266,#7267,#7268));
#7260 = ORIENTED_EDGE('',*,*,#7261,.T.);
#7261 = EDGE_CURVE('',#393,#3426,#7262,.T.);
#7262 = LINE('',#7263,#7264);
#7263 = CARTESIAN_POINT('',(75.0067,-128.6939,0.));
#7264 = VECTOR('',#7265,1.);
#7265 = DIRECTION('',(0.,0.,1.));
#7266 = ORIENTED_EDGE('',*,*,#3425,.T.);
#7267 = ORIENTED_EDGE('',*,*,#7227,.F.);
#7268 = ORIENTED_EDGE('',*,*,#392,.F.);
#7269 = PLANE('',#7270);
#7270 = AXIS2_PLACEMENT_3D('',#7271,#7272,#7273);
#7271 = CARTESIAN_POINT('',(75.0067,-128.6939,0.));
#7272 = DIRECTION('',(-0.396200976847,-0.918163812152,0.));
#7273 = DIRECTION('',(-0.918163812152,0.396200976847,0.));
#7274 = ADVANCED_FACE('',(#7275),#7286,.T.);
#7275 = FACE_BOUND('',#7276,.T.);
#7276 = EDGE_LOOP('',(#7277,#7278,#7279,#7285));
#7277 = ORIENTED_EDGE('',*,*,#7246,.T.);
#7278 = ORIENTED_EDGE('',*,*,#3941,.T.);
#7279 = ORIENTED_EDGE('',*,*,#7280,.F.);
#7280 = EDGE_CURVE('',#901,#3934,#7281,.T.);
#7281 = LINE('',#7282,#7283);
#7282 = CARTESIAN_POINT('',(171.452454,-56.486816,0.));
#7283 = VECTOR('',#7284,1.);
#7284 = DIRECTION('',(0.,0.,1.));
#7285 = ORIENTED_EDGE('',*,*,#908,.F.);
#7286 = PLANE('',#7287);
#7287 = AXIS2_PLACEMENT_3D('',#7288,#7289,#7290);
#7288 = CARTESIAN_POINT('',(171.136719,-56.46875,0.));
#7289 = DIRECTION('',(5.712543236406E-02,0.998367009159,-0.));
#7290 = DIRECTION('',(0.998367009159,-5.712543236406E-02,0.));
#7291 = ADVANCED_FACE('',(#7292),#7303,.T.);
#7292 = FACE_BOUND('',#7293,.T.);
#7293 = EDGE_LOOP('',(#7294,#7300,#7301,#7302));
#7294 = ORIENTED_EDGE('',*,*,#7295,.T.);
#7295 = EDGE_CURVE('',#401,#3434,#7296,.T.);
#7296 = LINE('',#7297,#7298);
#7297 = CARTESIAN_POINT('',(75.5806,-128.8169,0.));
#7298 = VECTOR('',#7299,1.);
#7299 = DIRECTION('',(0.,0.,1.));
#7300 = ORIENTED_EDGE('',*,*,#3433,.T.);
#7301 = ORIENTED_EDGE('',*,*,#7261,.F.);
#7302 = ORIENTED_EDGE('',*,*,#400,.F.);
#7303 = PLANE('',#7304);
#7304 = AXIS2_PLACEMENT_3D('',#7305,#7306,#7307);
#7305 = CARTESIAN_POINT('',(75.5806,-128.8169,0.));
#7306 = DIRECTION('',(-0.209563995152,-0.977794933478,0.));
#7307 = DIRECTION('',(-0.977794933478,0.209563995152,0.));
#7308 = ADVANCED_FACE('',(#7309),#7320,.T.);
#7309 = FACE_BOUND('',#7310,.T.);
#7310 = EDGE_LOOP('',(#7311,#7312,#7313,#7319));
#7311 = ORIENTED_EDGE('',*,*,#7280,.T.);
#7312 = ORIENTED_EDGE('',*,*,#3933,.T.);
#7313 = ORIENTED_EDGE('',*,*,#7314,.F.);
#7314 = EDGE_CURVE('',#893,#3926,#7315,.T.);
#7315 = LINE('',#7316,#7317);
#7316 = CARTESIAN_POINT('',(171.784668,-56.496094,0.));
#7317 = VECTOR('',#7318,1.);
#7318 = DIRECTION('',(0.,0.,1.));
#7319 = ORIENTED_EDGE('',*,*,#900,.F.);
#7320 = PLANE('',#7321);
#7321 = AXIS2_PLACEMENT_3D('',#7322,#7323,#7324);
#7322 = CARTESIAN_POINT('',(171.452454,-56.486816,0.));
#7323 = DIRECTION('',(2.79168965673E-02,0.99961024749,-0.));
#7324 = DIRECTION('',(0.99961024749,-2.79168965673E-02,0.));
#7325 = ADVANCED_FACE('',(#7326),#7337,.T.);
#7326 = FACE_BOUND('',#7327,.T.);
#7327 = EDGE_LOOP('',(#7328,#7334,#7335,#7336));
#7328 = ORIENTED_EDGE('',*,*,#7329,.T.);
#7329 = EDGE_CURVE('',#409,#3442,#7330,.T.);
#7330 = LINE('',#7331,#7332);
#7331 = CARTESIAN_POINT('',(76.2956,-128.8152,0.));
#7332 = VECTOR('',#7333,1.);
#7333 = DIRECTION('',(0.,0.,1.));
#7334 = ORIENTED_EDGE('',*,*,#3441,.T.);
#7335 = ORIENTED_EDGE('',*,*,#7295,.F.);
#7336 = ORIENTED_EDGE('',*,*,#408,.F.);
#7337 = PLANE('',#7338);
#7338 = AXIS2_PLACEMENT_3D('',#7339,#7340,#7341);
#7339 = CARTESIAN_POINT('',(76.2956,-128.8152,0.));
#7340 = DIRECTION('',(2.377615657196E-03,-0.999997173468,0.));
#7341 = DIRECTION('',(-0.999997173468,-2.377615657196E-03,0.));
#7342 = ADVANCED_FACE('',(#7343),#7354,.T.);
#7343 = FACE_BOUND('',#7344,.T.);
#7344 = EDGE_LOOP('',(#7345,#7346,#7347,#7353));
#7345 = ORIENTED_EDGE('',*,*,#7314,.T.);
#7346 = ORIENTED_EDGE('',*,*,#3925,.T.);
#7347 = ORIENTED_EDGE('',*,*,#7348,.F.);
#7348 = EDGE_CURVE('',#885,#3918,#7349,.T.);
#7349 = LINE('',#7350,#7351);
#7350 = CARTESIAN_POINT('',(172.5,-56.5,0.));
#7351 = VECTOR('',#7352,1.);
#7352 = DIRECTION('',(0.,0.,1.));
#7353 = ORIENTED_EDGE('',*,*,#892,.F.);
#7354 = PLANE('',#7355);
#7355 = AXIS2_PLACEMENT_3D('',#7356,#7357,#7358);
#7356 = CARTESIAN_POINT('',(171.784668,-56.496094,0.));
#7357 = DIRECTION('',(5.460320201924E-03,0.999985092341,-0.));
#7358 = DIRECTION('',(0.999985092341,-5.460320201924E-03,0.));
#7359 = ADVANCED_FACE('',(#7360),#7371,.T.);
#7360 = FACE_BOUND('',#7361,.T.);
#7361 = EDGE_LOOP('',(#7362,#7368,#7369,#7370));
#7362 = ORIENTED_EDGE('',*,*,#7363,.T.);
#7363 = EDGE_CURVE('',#417,#3450,#7364,.T.);
#7364 = LINE('',#7365,#7366);
#7365 = CARTESIAN_POINT('',(107.9333,-123.809,0.));
#7366 = VECTOR('',#7367,1.);
#7367 = DIRECTION('',(0.,0.,1.));
#7368 = ORIENTED_EDGE('',*,*,#3449,.T.);
#7369 = ORIENTED_EDGE('',*,*,#7329,.F.);
#7370 = ORIENTED_EDGE('',*,*,#416,.F.);
#7371 = PLANE('',#7372);
#7372 = AXIS2_PLACEMENT_3D('',#7373,#7374,#7375);
#7373 = CARTESIAN_POINT('',(107.9333,-123.809,0.));
#7374 = DIRECTION('',(0.156290731746,-0.987711094992,0.));
#7375 = DIRECTION('',(-0.987711094992,-0.156290731746,0.));
#7376 = ADVANCED_FACE('',(#7377),#7388,.T.);
#7377 = FACE_BOUND('',#7378,.T.);
#7378 = EDGE_LOOP('',(#7379,#7380,#7381,#7387));
#7379 = ORIENTED_EDGE('',*,*,#7348,.T.);
#7380 = ORIENTED_EDGE('',*,*,#3917,.T.);
#7381 = ORIENTED_EDGE('',*,*,#7382,.F.);
#7382 = EDGE_CURVE('',#877,#3910,#7383,.T.);
#7383 = LINE('',#7384,#7385);
#7384 = CARTESIAN_POINT('',(177.,-56.5,0.));
#7385 = VECTOR('',#7386,1.);
#7386 = DIRECTION('',(0.,0.,1.));
#7387 = ORIENTED_EDGE('',*,*,#884,.F.);
#7388 = PLANE('',#7389);
#7389 = AXIS2_PLACEMENT_3D('',#7390,#7391,#7392);
#7390 = CARTESIAN_POINT('',(172.5,-56.5,0.));
#7391 = DIRECTION('',(0.,1.,0.));
#7392 = DIRECTION('',(1.,0.,0.));
#7393 = ADVANCED_FACE('',(#7394),#7405,.T.);
#7394 = FACE_BOUND('',#7395,.T.);
#7395 = EDGE_LOOP('',(#7396,#7402,#7403,#7404));
#7396 = ORIENTED_EDGE('',*,*,#7397,.T.);
#7397 = EDGE_CURVE('',#425,#3458,#7398,.T.);
#7398 = LINE('',#7399,#7400);
#7399 = CARTESIAN_POINT('',(108.4335,-123.7507,0.));
#7400 = VECTOR('',#7401,1.);
#7401 = DIRECTION('',(0.,0.,1.));
#7402 = ORIENTED_EDGE('',*,*,#3457,.T.);
#7403 = ORIENTED_EDGE('',*,*,#7363,.F.);
#7404 = ORIENTED_EDGE('',*,*,#424,.F.);
#7405 = PLANE('',#7406);
#7406 = AXIS2_PLACEMENT_3D('',#7407,#7408,#7409);
#7407 = CARTESIAN_POINT('',(108.4335,-123.7507,0.));
#7408 = DIRECTION('',(0.115769683598,-0.993276084661,0.));
#7409 = DIRECTION('',(-0.993276084661,-0.115769683598,0.));
#7410 = ADVANCED_FACE('',(#7411),#7422,.T.);
#7411 = FACE_BOUND('',#7412,.T.);
#7412 = EDGE_LOOP('',(#7413,#7414,#7415,#7421));
#7413 = ORIENTED_EDGE('',*,*,#7382,.T.);
#7414 = ORIENTED_EDGE('',*,*,#3909,.T.);
#7415 = ORIENTED_EDGE('',*,*,#7416,.F.);
#7416 = EDGE_CURVE('',#869,#3902,#7417,.T.);
#7417 = LINE('',#7418,#7419);
#7418 = CARTESIAN_POINT('',(197.,-56.5,0.));
#7419 = VECTOR('',#7420,1.);
#7420 = DIRECTION('',(0.,0.,1.));
#7421 = ORIENTED_EDGE('',*,*,#876,.F.);
#7422 = PLANE('',#7423);
#7423 = AXIS2_PLACEMENT_3D('',#7424,#7425,#7426);
#7424 = CARTESIAN_POINT('',(177.,-56.5,0.));
#7425 = DIRECTION('',(0.,1.,0.));
#7426 = DIRECTION('',(1.,0.,0.));
#7427 = ADVANCED_FACE('',(#7428),#7439,.F.);
#7428 = FACE_BOUND('',#7429,.T.);
#7429 = EDGE_LOOP('',(#7430,#7436,#7437,#7438));
#7430 = ORIENTED_EDGE('',*,*,#7431,.T.);
#7431 = EDGE_CURVE('',#433,#3466,#7432,.T.);
#7432 = LINE('',#7433,#7434);
#7433 = CARTESIAN_POINT('',(111.005461,-123.978155,0.));
#7434 = VECTOR('',#7435,1.);
#7435 = DIRECTION('',(0.,0.,1.));
#7436 = ORIENTED_EDGE('',*,*,#3465,.T.);
#7437 = ORIENTED_EDGE('',*,*,#7397,.F.);
#7438 = ORIENTED_EDGE('',*,*,#432,.F.);
#7439 = CYLINDRICAL_SURFACE('',#7440,8.268744829512);
#7440 = AXIS2_PLACEMENT_3D('',#7441,#7442,#7443);
#7441 = CARTESIAN_POINT('',(108.99999821784,-132.0000163852,0.));
#7442 = DIRECTION('',(-0.,-0.,-1.));
#7443 = DIRECTION('',(0.242535333174,0.970142573111,-0.));
#7444 = ADVANCED_FACE('',(#7445),#7456,.T.);
#7445 = FACE_BOUND('',#7446,.T.);
#7446 = EDGE_LOOP('',(#7447,#7448,#7449,#7455));
#7447 = ORIENTED_EDGE('',*,*,#7416,.T.);
#7448 = ORIENTED_EDGE('',*,*,#3901,.T.);
#7449 = ORIENTED_EDGE('',*,*,#7450,.F.);
#7450 = EDGE_CURVE('',#861,#3894,#7451,.T.);
#7451 = LINE('',#7452,#7453);
#7452 = CARTESIAN_POINT('',(200.5,-56.5,0.));
#7453 = VECTOR('',#7454,1.);
#7454 = DIRECTION('',(0.,0.,1.));
#7455 = ORIENTED_EDGE('',*,*,#868,.F.);
#7456 = PLANE('',#7457);
#7457 = AXIS2_PLACEMENT_3D('',#7458,#7459,#7460);
#7458 = CARTESIAN_POINT('',(197.,-56.5,0.));
#7459 = DIRECTION('',(0.,1.,0.));
#7460 = DIRECTION('',(1.,0.,0.));
#7461 = ADVANCED_FACE('',(#7462),#7473,.F.);
#7462 = FACE_BOUND('',#7463,.T.);
#7463 = EDGE_LOOP('',(#7464,#7470,#7471,#7472));
#7464 = ORIENTED_EDGE('',*,*,#7465,.T.);
#7465 = EDGE_CURVE('',#442,#3475,#7466,.T.);
#7466 = LINE('',#7467,#7468);
#7467 = CARTESIAN_POINT('',(112.674765,-124.737852,0.));
#7468 = VECTOR('',#7469,1.);
#7469 = DIRECTION('',(0.,0.,1.));
#7470 = ORIENTED_EDGE('',*,*,#3474,.T.);
#7471 = ORIENTED_EDGE('',*,*,#7431,.F.);
#7472 = ORIENTED_EDGE('',*,*,#441,.F.);
#7473 = CYLINDRICAL_SURFACE('',#7474,5.7233731987);
#7474 = AXIS2_PLACEMENT_3D('',#7475,#7476,#7477);
#7475 = CARTESIAN_POINT('',(109.50000711524,-129.4999852556,0.));
#7476 = DIRECTION('',(-0.,-0.,-1.));
#7477 = DIRECTION('',(0.554700484231,0.832050102334,-0.));
#7478 = ADVANCED_FACE('',(#7479),#7490,.T.);
#7479 = FACE_BOUND('',#7480,.T.);
#7480 = EDGE_LOOP('',(#7481,#7482,#7483,#7489));
#7481 = ORIENTED_EDGE('',*,*,#7450,.T.);
#7482 = ORIENTED_EDGE('',*,*,#3893,.T.);
#7483 = ORIENTED_EDGE('',*,*,#7484,.F.);
#7484 = EDGE_CURVE('',#853,#3886,#7485,.T.);
#7485 = LINE('',#7486,#7487);
#7486 = CARTESIAN_POINT('',(200.528612,-56.500121,0.));
#7487 = VECTOR('',#7488,1.);
#7488 = DIRECTION('',(0.,0.,1.));
#7489 = ORIENTED_EDGE('',*,*,#860,.F.);
#7490 = PLANE('',#7491);
#7491 = AXIS2_PLACEMENT_3D('',#7492,#7493,#7494);
#7492 = CARTESIAN_POINT('',(200.5,-56.5,0.));
#7493 = DIRECTION('',(4.228957011341E-03,0.999991057921,-0.));
#7494 = DIRECTION('',(0.999991057921,-4.228957011341E-03,0.));
#7495 = ADVANCED_FACE('',(#7496),#7507,.F.);
#7496 = FACE_BOUND('',#7497,.T.);
#7497 = EDGE_LOOP('',(#7498,#7504,#7505,#7506));
#7498 = ORIENTED_EDGE('',*,*,#7499,.T.);
#7499 = EDGE_CURVE('',#451,#3484,#7500,.T.);
#7500 = LINE('',#7501,#7502);
#7501 = CARTESIAN_POINT('',(114.156928,-127.468614,0.));
#7502 = VECTOR('',#7503,1.);
#7503 = DIRECTION('',(0.,0.,1.));
#7504 = ORIENTED_EDGE('',*,*,#3483,.T.);
#7505 = ORIENTED_EDGE('',*,*,#7465,.F.);
#7506 = ORIENTED_EDGE('',*,*,#450,.F.);
#7507 = CYLINDRICAL_SURFACE('',#7508,5.2590606445);
#7508 = AXIS2_PLACEMENT_3D('',#7509,#7510,#7511);
#7509 = CARTESIAN_POINT('',(108.99999542348,-128.5000039669,0.));
#7510 = DIRECTION('',(-0.,-0.,-1.));
#7511 = DIRECTION('',(0.980580549476,0.19611676621,-0.));
#7512 = ADVANCED_FACE('',(#7513),#7524,.T.);
#7513 = FACE_BOUND('',#7514,.T.);
#7514 = EDGE_LOOP('',(#7515,#7516,#7517,#7523));
#7515 = ORIENTED_EDGE('',*,*,#7484,.T.);
#7516 = ORIENTED_EDGE('',*,*,#3885,.T.);
#7517 = ORIENTED_EDGE('',*,*,#7518,.F.);
#7518 = EDGE_CURVE('',#845,#3878,#7519,.T.);
#7519 = LINE('',#7520,#7521);
#7520 = CARTESIAN_POINT('',(200.71552,-56.506837,0.));
#7521 = VECTOR('',#7522,1.);
#7522 = DIRECTION('',(0.,0.,1.));
#7523 = ORIENTED_EDGE('',*,*,#852,.F.);
#7524 = PLANE('',#7525);
#7525 = AXIS2_PLACEMENT_3D('',#7526,#7527,#7528);
#7526 = CARTESIAN_POINT('',(200.528612,-56.500121,0.));
#7527 = DIRECTION('',(3.590894249015E-02,0.999355065955,-0.));
#7528 = DIRECTION('',(0.999355065955,-3.590894249015E-02,0.));
#7529 = ADVANCED_FACE('',(#7530),#7541,.T.);
#7530 = FACE_BOUND('',#7531,.T.);
#7531 = EDGE_LOOP('',(#7532,#7538,#7539,#7540));
#7532 = ORIENTED_EDGE('',*,*,#7533,.T.);
#7533 = EDGE_CURVE('',#460,#3493,#7534,.T.);
#7534 = LINE('',#7535,#7536);
#7535 = CARTESIAN_POINT('',(114.540818,-129.493197,0.));
#7536 = VECTOR('',#7537,1.);
#7537 = DIRECTION('',(0.,0.,1.));
#7538 = ORIENTED_EDGE('',*,*,#3492,.T.);
#7539 = ORIENTED_EDGE('',*,*,#7499,.F.);
#7540 = ORIENTED_EDGE('',*,*,#459,.F.);
#7541 = PLANE('',#7542);
#7542 = AXIS2_PLACEMENT_3D('',#7543,#7544,#7545);
#7543 = CARTESIAN_POINT('',(114.540818,-129.493197,0.));
#7544 = DIRECTION('',(-0.982493865159,-0.186294940685,0.));
#7545 = DIRECTION('',(-0.186294940685,0.982493865159,0.));
#7546 = ADVANCED_FACE('',(#7547),#7558,.T.);
#7547 = FACE_BOUND('',#7548,.T.);
#7548 = EDGE_LOOP('',(#7549,#7550,#7551,#7557));
#7549 = ORIENTED_EDGE('',*,*,#7518,.T.);
#7550 = ORIENTED_EDGE('',*,*,#3877,.T.);
#7551 = ORIENTED_EDGE('',*,*,#7552,.F.);
#7552 = EDGE_CURVE('',#837,#3870,#7553,.T.);
#7553 = LINE('',#7554,#7555);
#7554 = CARTESIAN_POINT('',(200.901682,-56.523673,0.));
#7555 = VECTOR('',#7556,1.);
#7556 = DIRECTION('',(0.,0.,1.));
#7557 = ORIENTED_EDGE('',*,*,#844,.F.);
#7558 = PLANE('',#7559);
#7559 = AXIS2_PLACEMENT_3D('',#7560,#7561,#7562);
#7560 = CARTESIAN_POINT('',(200.71552,-56.506837,0.));
#7561 = DIRECTION('',(9.006977452041E-02,0.995935457606,-0.));
#7562 = DIRECTION('',(0.995935457606,-9.006977452041E-02,0.));
#7563 = ADVANCED_FACE('',(#7564),#7575,.T.);
#7564 = FACE_BOUND('',#7565,.T.);
#7565 = EDGE_LOOP('',(#7566,#7572,#7573,#7574));
#7566 = ORIENTED_EDGE('',*,*,#7567,.T.);
#7567 = EDGE_CURVE('',#468,#3501,#7568,.T.);
#7568 = LINE('',#7569,#7570);
#7569 = CARTESIAN_POINT('',(117.5,-132.,0.));
#7570 = VECTOR('',#7571,1.);
#7571 = DIRECTION('',(0.,0.,1.));
#7572 = ORIENTED_EDGE('',*,*,#3500,.T.);
#7573 = ORIENTED_EDGE('',*,*,#7533,.F.);
#7574 = ORIENTED_EDGE('',*,*,#467,.F.);
#7575 = CYLINDRICAL_SURFACE('',#7576,2.999999711072);
#7576 = AXIS2_PLACEMENT_3D('',#7577,#7578,#7579);
#7577 = CARTESIAN_POINT('',(117.49999952039,-129.0000002889,0.));
#7578 = DIRECTION('',(0.,0.,-1.));
#7579 = DIRECTION('',(1.598698903649E-07,-1.,0.));
#7580 = ADVANCED_FACE('',(#7581),#7592,.T.);
#7581 = FACE_BOUND('',#7582,.T.);
#7582 = EDGE_LOOP('',(#7583,#7584,#7585,#7591));
#7583 = ORIENTED_EDGE('',*,*,#7552,.T.);
#7584 = ORIENTED_EDGE('',*,*,#3869,.T.);
#7585 = ORIENTED_EDGE('',*,*,#7586,.F.);
#7586 = EDGE_CURVE('',#829,#3862,#7587,.T.);
#7587 = LINE('',#7588,#7589);
#7588 = CARTESIAN_POINT('',(201.088009,-56.550683,0.));
#7589 = VECTOR('',#7590,1.);
#7590 = DIRECTION('',(0.,0.,1.));
#7591 = ORIENTED_EDGE('',*,*,#836,.F.);
#7592 = PLANE('',#7593);
#7593 = AXIS2_PLACEMENT_3D('',#7594,#7595,#7596);
#7594 = CARTESIAN_POINT('',(200.901682,-56.523673,0.));
#7595 = DIRECTION('',(0.143460737372,0.989656009345,-0.));
#7596 = DIRECTION('',(0.989656009345,-0.143460737372,0.));
#7597 = ADVANCED_FACE('',(#7598),#7609,.T.);
#7598 = FACE_BOUND('',#7599,.T.);
#7599 = EDGE_LOOP('',(#7600,#7606,#7607,#7608));
#7600 = ORIENTED_EDGE('',*,*,#7601,.T.);
#7601 = EDGE_CURVE('',#477,#3510,#7602,.T.);
#7602 = LINE('',#7603,#7604);
#7603 = CARTESIAN_POINT('',(138.5,-132.,0.));
#7604 = VECTOR('',#7605,1.);
#7605 = DIRECTION('',(0.,0.,1.));
#7606 = ORIENTED_EDGE('',*,*,#3509,.T.);
#7607 = ORIENTED_EDGE('',*,*,#7567,.F.);
#7608 = ORIENTED_EDGE('',*,*,#476,.F.);
#7609 = PLANE('',#7610);
#7610 = AXIS2_PLACEMENT_3D('',#7611,#7612,#7613);
#7611 = CARTESIAN_POINT('',(138.5,-132.,0.));
#7612 = DIRECTION('',(0.,-1.,0.));
#7613 = DIRECTION('',(-1.,0.,0.));
#7614 = ADVANCED_FACE('',(#7615),#7626,.T.);
#7615 = FACE_BOUND('',#7616,.T.);
#7616 = EDGE_LOOP('',(#7617,#7618,#7619,#7625));
#7617 = ORIENTED_EDGE('',*,*,#7586,.T.);
#7618 = ORIENTED_EDGE('',*,*,#3861,.T.);
#7619 = ORIENTED_EDGE('',*,*,#7620,.F.);
#7620 = EDGE_CURVE('',#821,#3854,#7621,.T.);
#7621 = LINE('',#7622,#7623);
#7622 = CARTESIAN_POINT('',(201.272256,-56.587545,0.));
#7623 = VECTOR('',#7624,1.);
#7624 = DIRECTION('',(0.,0.,1.));
#7625 = ORIENTED_EDGE('',*,*,#828,.F.);
#7626 = PLANE('',#7627);
#7627 = AXIS2_PLACEMENT_3D('',#7628,#7629,#7630);
#7628 = CARTESIAN_POINT('',(201.088009,-56.550683,0.));
#7629 = DIRECTION('',(0.196180613136,0.980567777887,-0.));
#7630 = DIRECTION('',(0.980567777887,-0.196180613136,0.));
#7631 = ADVANCED_FACE('',(#7632),#7643,.T.);
#7632 = FACE_BOUND('',#7633,.T.);
#7633 = EDGE_LOOP('',(#7634,#7640,#7641,#7642));
#7634 = ORIENTED_EDGE('',*,*,#7635,.T.);
#7635 = EDGE_CURVE('',#485,#3518,#7636,.T.);
#7636 = LINE('',#7637,#7638);
#7637 = CARTESIAN_POINT('',(165.5,-132.,0.));
#7638 = VECTOR('',#7639,1.);
#7639 = DIRECTION('',(0.,0.,1.));
#7640 = ORIENTED_EDGE('',*,*,#3517,.T.);
#7641 = ORIENTED_EDGE('',*,*,#7601,.F.);
#7642 = ORIENTED_EDGE('',*,*,#484,.F.);
#7643 = PLANE('',#7644);
#7644 = AXIS2_PLACEMENT_3D('',#7645,#7646,#7647);
#7645 = CARTESIAN_POINT('',(165.5,-132.,0.));
#7646 = DIRECTION('',(0.,-1.,0.));
#7647 = DIRECTION('',(-1.,0.,0.));
#7648 = ADVANCED_FACE('',(#7649),#7660,.T.);
#7649 = FACE_BOUND('',#7650,.T.);
#7650 = EDGE_LOOP('',(#7651,#7652,#7653,#7659));
#7651 = ORIENTED_EDGE('',*,*,#7620,.T.);
#7652 = ORIENTED_EDGE('',*,*,#3853,.T.);
#7653 = ORIENTED_EDGE('',*,*,#7654,.F.);
#7654 = EDGE_CURVE('',#813,#3846,#7655,.T.);
#7655 = LINE('',#7656,#7657);
#7656 = CARTESIAN_POINT('',(201.631639,-56.689866,0.));
#7657 = VECTOR('',#7658,1.);
#7658 = DIRECTION('',(0.,0.,1.));
#7659 = ORIENTED_EDGE('',*,*,#820,.F.);
#7660 = PLANE('',#7661);
#7661 = AXIS2_PLACEMENT_3D('',#7662,#7663,#7664);
#7662 = CARTESIAN_POINT('',(201.272256,-56.587545,0.));
#7663 = DIRECTION('',(0.273830646072,0.961777925132,-0.));
#7664 = DIRECTION('',(0.961777925132,-0.273830646072,0.));
#7665 = ADVANCED_FACE('',(#7666),#7677,.T.);
#7666 = FACE_BOUND('',#7667,.T.);
#7667 = EDGE_LOOP('',(#7668,#7674,#7675,#7676));
#7668 = ORIENTED_EDGE('',*,*,#7669,.T.);
#7669 = EDGE_CURVE('',#493,#3526,#7670,.T.);
#7670 = LINE('',#7671,#7672);
#7671 = CARTESIAN_POINT('',(175.3125,-132.8634,0.));
#7672 = VECTOR('',#7673,1.);
#7673 = DIRECTION('',(0.,0.,1.));
#7674 = ORIENTED_EDGE('',*,*,#3525,.T.);
#7675 = ORIENTED_EDGE('',*,*,#7635,.F.);
#7676 = ORIENTED_EDGE('',*,*,#492,.F.);
#7677 = PLANE('',#7678);
#7678 = AXIS2_PLACEMENT_3D('',#7679,#7680,#7681);
#7679 = CARTESIAN_POINT('',(175.3125,-132.8634,0.));
#7680 = DIRECTION('',(-8.765115645723E-02,-0.996151230874,0.));
#7681 = DIRECTION('',(-0.996151230874,8.765115645723E-02,0.));
#7682 = ADVANCED_FACE('',(#7683),#7694,.T.);
#7683 = FACE_BOUND('',#7684,.T.);
#7684 = EDGE_LOOP('',(#7685,#7686,#7687,#7693));
#7685 = ORIENTED_EDGE('',*,*,#7654,.T.);
#7686 = ORIENTED_EDGE('',*,*,#3845,.T.);
#7687 = ORIENTED_EDGE('',*,*,#7688,.F.);
#7688 = EDGE_CURVE('',#805,#3838,#7689,.T.);
#7689 = LINE('',#7690,#7691);
#7690 = CARTESIAN_POINT('',(201.971556,-56.827388,0.));
#7691 = VECTOR('',#7692,1.);
#7692 = DIRECTION('',(0.,0.,1.));
#7693 = ORIENTED_EDGE('',*,*,#812,.F.);
#7694 = PLANE('',#7695);
#7695 = AXIS2_PLACEMENT_3D('',#7696,#7697,#7698);
#7696 = CARTESIAN_POINT('',(201.631639,-56.689866,0.));
#7697 = DIRECTION('',(0.375044067729,0.927006983394,-0.));
#7698 = DIRECTION('',(0.927006983394,-0.375044067729,0.));
#7699 = ADVANCED_FACE('',(#7700),#7711,.T.);
#7700 = FACE_BOUND('',#7701,.T.);
#7701 = EDGE_LOOP('',(#7702,#7708,#7709,#7710));
#7702 = ORIENTED_EDGE('',*,*,#7703,.T.);
#7703 = EDGE_CURVE('',#501,#3534,#7704,.T.);
#7704 = LINE('',#7705,#7706);
#7705 = CARTESIAN_POINT('',(176.0906,-132.9794,0.));
#7706 = VECTOR('',#7707,1.);
#7707 = DIRECTION('',(0.,0.,1.));
#7708 = ORIENTED_EDGE('',*,*,#3533,.T.);
#7709 = ORIENTED_EDGE('',*,*,#7669,.F.);
#7710 = ORIENTED_EDGE('',*,*,#500,.F.);
#7711 = PLANE('',#7712);
#7712 = AXIS2_PLACEMENT_3D('',#7713,#7714,#7715);
#7713 = CARTESIAN_POINT('',(176.0906,-132.9794,0.));
#7714 = DIRECTION('',(-0.147451531658,-0.989069282615,0.));
#7715 = DIRECTION('',(-0.989069282615,0.147451531658,0.));
#7716 = ADVANCED_FACE('',(#7717),#7728,.T.);
#7717 = FACE_BOUND('',#7718,.T.);
#7718 = EDGE_LOOP('',(#7719,#7720,#7721,#7727));
#7719 = ORIENTED_EDGE('',*,*,#7688,.T.);
#7720 = ORIENTED_EDGE('',*,*,#3837,.T.);
#7721 = ORIENTED_EDGE('',*,*,#7722,.F.);
#7722 = EDGE_CURVE('',#797,#3830,#7723,.T.);
#7723 = LINE('',#7724,#7725);
#7724 = CARTESIAN_POINT('',(202.284964,-56.995875,0.));
#7725 = VECTOR('',#7726,1.);
#7726 = DIRECTION('',(0.,0.,1.));
#7727 = ORIENTED_EDGE('',*,*,#804,.F.);
#7728 = PLANE('',#7729);
#7729 = AXIS2_PLACEMENT_3D('',#7730,#7731,#7732);
#7730 = CARTESIAN_POINT('',(201.971556,-56.827388,0.));
#7731 = DIRECTION('',(0.473508960805,0.880789000861,-0.));
#7732 = DIRECTION('',(0.880789000861,-0.473508960805,0.));
#7733 = ADVANCED_FACE('',(#7734),#7745,.T.);
#7734 = FACE_BOUND('',#7735,.T.);
#7735 = EDGE_LOOP('',(#7736,#7742,#7743,#7744));
#7736 = ORIENTED_EDGE('',*,*,#7737,.T.);
#7737 = EDGE_CURVE('',#509,#3542,#7738,.T.);
#7738 = LINE('',#7739,#7740);
#7739 = CARTESIAN_POINT('',(176.9829,-133.2378,0.));
#7740 = VECTOR('',#7741,1.);
#7741 = DIRECTION('',(0.,0.,1.));
#7742 = ORIENTED_EDGE('',*,*,#3541,.T.);
#7743 = ORIENTED_EDGE('',*,*,#7703,.F.);
#7744 = ORIENTED_EDGE('',*,*,#508,.F.);
#7745 = PLANE('',#7746);
#7746 = AXIS2_PLACEMENT_3D('',#7747,#7748,#7749);
#7747 = CARTESIAN_POINT('',(176.9829,-133.2378,0.));
#7748 = DIRECTION('',(-0.278160012962,-0.960534750641,0.));
#7749 = DIRECTION('',(-0.960534750641,0.278160012962,0.));
#7750 = ADVANCED_FACE('',(#7751),#7762,.T.);
#7751 = FACE_BOUND('',#7752,.T.);
#7752 = EDGE_LOOP('',(#7753,#7754,#7755,#7761));
#7753 = ORIENTED_EDGE('',*,*,#7722,.T.);
#7754 = ORIENTED_EDGE('',*,*,#3829,.T.);
#7755 = ORIENTED_EDGE('',*,*,#7756,.F.);
#7756 = EDGE_CURVE('',#789,#3822,#7757,.T.);
#7757 = LINE('',#7758,#7759);
#7758 = CARTESIAN_POINT('',(202.566553,-57.190658,0.));
#7759 = VECTOR('',#7760,1.);
#7760 = DIRECTION('',(0.,0.,1.));
#7761 = ORIENTED_EDGE('',*,*,#796,.F.);
#7762 = PLANE('',#7763);
#7763 = AXIS2_PLACEMENT_3D('',#7764,#7765,#7766);
#7764 = CARTESIAN_POINT('',(202.284964,-56.995875,0.));
#7765 = DIRECTION('',(0.568887661907,0.822415240697,-0.));
#7766 = DIRECTION('',(0.822415240697,-0.568887661907,0.));
#7767 = ADVANCED_FACE('',(#7768),#7779,.T.);
#7768 = FACE_BOUND('',#7769,.T.);
#7769 = EDGE_LOOP('',(#7770,#7776,#7777,#7778));
#7770 = ORIENTED_EDGE('',*,*,#7771,.T.);
#7771 = EDGE_CURVE('',#517,#3550,#7772,.T.);
#7772 = LINE('',#7773,#7774);
#7773 = CARTESIAN_POINT('',(192.2085,-138.7782,0.));
#7774 = VECTOR('',#7775,1.);
#7775 = DIRECTION('',(0.,0.,1.));
#7776 = ORIENTED_EDGE('',*,*,#3549,.T.);
#7777 = ORIENTED_EDGE('',*,*,#7737,.F.);
#7778 = ORIENTED_EDGE('',*,*,#516,.F.);
#7779 = PLANE('',#7780);
#7780 = AXIS2_PLACEMENT_3D('',#7781,#7782,#7783);
#7781 = CARTESIAN_POINT('',(192.2085,-138.7782,0.));
#7782 = DIRECTION('',(-0.341951189365,-0.93971771511,0.));
#7783 = DIRECTION('',(-0.93971771511,0.341951189365,0.));
#7784 = ADVANCED_FACE('',(#7785),#7796,.T.);
#7785 = FACE_BOUND('',#7786,.T.);
#7786 = EDGE_LOOP('',(#7787,#7788,#7789,#7795));
#7787 = ORIENTED_EDGE('',*,*,#7756,.T.);
#7788 = ORIENTED_EDGE('',*,*,#3821,.T.);
#7789 = ORIENTED_EDGE('',*,*,#7790,.F.);
#7790 = EDGE_CURVE('',#781,#3814,#7791,.T.);
#7791 = LINE('',#7792,#7793);
#7792 = CARTESIAN_POINT('',(202.812853,-57.407192,0.));
#7793 = VECTOR('',#7794,1.);
#7794 = DIRECTION('',(0.,0.,1.));
#7795 = ORIENTED_EDGE('',*,*,#788,.F.);
#7796 = PLANE('',#7797);
#7797 = AXIS2_PLACEMENT_3D('',#7798,#7799,#7800);
#7798 = CARTESIAN_POINT('',(202.566553,-57.190658,0.));
#7799 = DIRECTION('',(0.660266939886,0.751031003417,-0.));
#7800 = DIRECTION('',(0.751031003417,-0.660266939886,0.));
#7801 = ADVANCED_FACE('',(#7802),#7813,.T.);
#7802 = FACE_BOUND('',#7803,.T.);
#7803 = EDGE_LOOP('',(#7804,#7810,#7811,#7812));
#7804 = ORIENTED_EDGE('',*,*,#7805,.T.);
#7805 = EDGE_CURVE('',#525,#3558,#7806,.T.);
#7806 = LINE('',#7807,#7808);
#7807 = CARTESIAN_POINT('',(192.654,-138.89,0.));
#7808 = VECTOR('',#7809,1.);
#7809 = DIRECTION('',(0.,0.,1.));
#7810 = ORIENTED_EDGE('',*,*,#3557,.T.);
#7811 = ORIENTED_EDGE('',*,*,#7771,.F.);
#7812 = ORIENTED_EDGE('',*,*,#524,.F.);
#7813 = PLANE('',#7814);
#7814 = AXIS2_PLACEMENT_3D('',#7815,#7816,#7817);
#7815 = CARTESIAN_POINT('',(192.654,-138.89,0.));
#7816 = DIRECTION('',(-0.243406390971,-0.96992439336,0.));
#7817 = DIRECTION('',(-0.96992439336,0.243406390971,0.));
#7818 = ADVANCED_FACE('',(#7819),#7830,.T.);
#7819 = FACE_BOUND('',#7820,.T.);
#7820 = EDGE_LOOP('',(#7821,#7822,#7823,#7829));
#7821 = ORIENTED_EDGE('',*,*,#7790,.T.);
#7822 = ORIENTED_EDGE('',*,*,#3813,.T.);
#7823 = ORIENTED_EDGE('',*,*,#7824,.F.);
#7824 = EDGE_CURVE('',#773,#3806,#7825,.T.);
#7825 = LINE('',#7826,#7827);
#7826 = CARTESIAN_POINT('',(203.022006,-57.641496,0.));
#7827 = VECTOR('',#7828,1.);
#7828 = DIRECTION('',(0.,0.,1.));
#7829 = ORIENTED_EDGE('',*,*,#780,.F.);
#7830 = PLANE('',#7831);
#7831 = AXIS2_PLACEMENT_3D('',#7832,#7833,#7834);
#7832 = CARTESIAN_POINT('',(202.812853,-57.407192,0.));
#7833 = DIRECTION('',(0.74601200185,0.665932498903,-0.));
#7834 = DIRECTION('',(0.665932498903,-0.74601200185,0.));
#7835 = ADVANCED_FACE('',(#7836),#7847,.T.);
#7836 = FACE_BOUND('',#7837,.T.);
#7837 = EDGE_LOOP('',(#7838,#7844,#7845,#7846));
#7838 = ORIENTED_EDGE('',*,*,#7839,.T.);
#7839 = EDGE_CURVE('',#533,#3566,#7840,.T.);
#7840 = LINE('',#7841,#7842);
#7841 = CARTESIAN_POINT('',(193.0919,-138.9356,0.));
#7842 = VECTOR('',#7843,1.);
#7843 = DIRECTION('',(0.,0.,1.));
#7844 = ORIENTED_EDGE('',*,*,#3565,.T.);
#7845 = ORIENTED_EDGE('',*,*,#7805,.F.);
#7846 = ORIENTED_EDGE('',*,*,#532,.F.);
#7847 = PLANE('',#7848);
#7848 = AXIS2_PLACEMENT_3D('',#7849,#7850,#7851);
#7849 = CARTESIAN_POINT('',(193.0919,-138.9356,0.));
#7850 = DIRECTION('',(-0.103573315985,-0.994621821707,0.));
#7851 = DIRECTION('',(-0.994621821707,0.103573315985,0.));
#7852 = ADVANCED_FACE('',(#7853),#7864,.T.);
#7853 = FACE_BOUND('',#7854,.T.);
#7854 = EDGE_LOOP('',(#7855,#7856,#7857,#7863));
#7855 = ORIENTED_EDGE('',*,*,#7824,.T.);
#7856 = ORIENTED_EDGE('',*,*,#3805,.T.);
#7857 = ORIENTED_EDGE('',*,*,#7858,.F.);
#7858 = EDGE_CURVE('',#765,#3798,#7859,.T.);
#7859 = LINE('',#7860,#7861);
#7860 = CARTESIAN_POINT('',(203.193322,-57.890414,0.));
#7861 = VECTOR('',#7862,1.);
#7862 = DIRECTION('',(0.,0.,1.));
#7863 = ORIENTED_EDGE('',*,*,#772,.F.);
#7864 = PLANE('',#7865);
#7865 = AXIS2_PLACEMENT_3D('',#7866,#7867,#7868);
#7866 = CARTESIAN_POINT('',(203.022006,-57.641496,0.));
#7867 = DIRECTION('',(0.823756197314,0.566944201299,-0.));
#7868 = DIRECTION('',(0.566944201299,-0.823756197314,0.));
#7869 = ADVANCED_FACE('',(#7870),#7881,.T.);
#7870 = FACE_BOUND('',#7871,.T.);
#7871 = EDGE_LOOP('',(#7872,#7878,#7879,#7880));
#7872 = ORIENTED_EDGE('',*,*,#7873,.T.);
#7873 = EDGE_CURVE('',#541,#3574,#7874,.T.);
#7874 = LINE('',#7875,#7876);
#7875 = CARTESIAN_POINT('',(193.5321,-138.9163,0.));
#7876 = VECTOR('',#7877,1.);
#7877 = DIRECTION('',(0.,0.,1.));
#7878 = ORIENTED_EDGE('',*,*,#3573,.T.);
#7879 = ORIENTED_EDGE('',*,*,#7839,.F.);
#7880 = ORIENTED_EDGE('',*,*,#540,.F.);
#7881 = PLANE('',#7882);
#7882 = AXIS2_PLACEMENT_3D('',#7883,#7884,#7885);
#7883 = CARTESIAN_POINT('',(193.5321,-138.9163,0.));
#7884 = DIRECTION('',(4.380162832492E-02,-0.999040248116,0.));
#7885 = DIRECTION('',(-0.999040248116,-4.380162832492E-02,0.));
#7886 = ADVANCED_FACE('',(#7887),#7898,.T.);
#7887 = FACE_BOUND('',#7888,.T.);
#7888 = EDGE_LOOP('',(#7889,#7890,#7891,#7897));
#7889 = ORIENTED_EDGE('',*,*,#7858,.T.);
#7890 = ORIENTED_EDGE('',*,*,#3797,.T.);
#7891 = ORIENTED_EDGE('',*,*,#7892,.F.);
#7892 = EDGE_CURVE('',#757,#3790,#7893,.T.);
#7893 = LINE('',#7894,#7895);
#7894 = CARTESIAN_POINT('',(203.326772,-58.151714,0.));
#7895 = VECTOR('',#7896,1.);
#7896 = DIRECTION('',(0.,0.,1.));
#7897 = ORIENTED_EDGE('',*,*,#764,.F.);
#7898 = PLANE('',#7899);
#7899 = AXIS2_PLACEMENT_3D('',#7900,#7901,#7902);
#7900 = CARTESIAN_POINT('',(203.193322,-57.890414,0.));
#7901 = DIRECTION('',(0.89057736081,0.454831797934,-0.));
#7902 = DIRECTION('',(0.454831797934,-0.89057736081,0.));
#7903 = ADVANCED_FACE('',(#7904),#7915,.T.);
#7904 = FACE_BOUND('',#7905,.T.);
#7905 = EDGE_LOOP('',(#7906,#7912,#7913,#7914));
#7906 = ORIENTED_EDGE('',*,*,#7907,.T.);
#7907 = EDGE_CURVE('',#549,#3582,#7908,.T.);
#7908 = LINE('',#7909,#7910);
#7909 = CARTESIAN_POINT('',(193.9644,-138.8328,0.));
#7910 = VECTOR('',#7911,1.);
#7911 = DIRECTION('',(0.,0.,1.));
#7912 = ORIENTED_EDGE('',*,*,#3581,.T.);
#7913 = ORIENTED_EDGE('',*,*,#7873,.F.);
#7914 = ORIENTED_EDGE('',*,*,#548,.F.);
#7915 = PLANE('',#7916);
#7916 = AXIS2_PLACEMENT_3D('',#7917,#7918,#7919);
#7917 = CARTESIAN_POINT('',(193.9644,-138.8328,0.));
#7918 = DIRECTION('',(0.189647607004,-0.981852221649,0.));
#7919 = DIRECTION('',(-0.981852221649,-0.189647607004,0.));
#7920 = ADVANCED_FACE('',(#7921),#7932,.T.);
#7921 = FACE_BOUND('',#7922,.T.);
#7922 = EDGE_LOOP('',(#7923,#7924,#7925,#7931));
#7923 = ORIENTED_EDGE('',*,*,#7892,.T.);
#7924 = ORIENTED_EDGE('',*,*,#3789,.T.);
#7925 = ORIENTED_EDGE('',*,*,#7926,.F.);
#7926 = EDGE_CURVE('',#749,#3782,#7927,.T.);
#7927 = LINE('',#7928,#7929);
#7928 = CARTESIAN_POINT('',(203.422505,-58.424045,0.));
#7929 = VECTOR('',#7930,1.);
#7930 = DIRECTION('',(0.,0.,1.));
#7931 = ORIENTED_EDGE('',*,*,#756,.F.);
#7932 = PLANE('',#7933);
#7933 = AXIS2_PLACEMENT_3D('',#7934,#7935,#7936);
#7934 = CARTESIAN_POINT('',(203.326772,-58.151714,0.));
#7935 = DIRECTION('',(0.94340689425,0.331637500715,-0.));
#7936 = DIRECTION('',(0.331637500715,-0.94340689425,0.));
#7937 = ADVANCED_FACE('',(#7938),#7949,.T.);
#7938 = FACE_BOUND('',#7939,.T.);
#7939 = EDGE_LOOP('',(#7940,#7946,#7947,#7948));
#7940 = ORIENTED_EDGE('',*,*,#7941,.T.);
#7941 = EDGE_CURVE('',#557,#3590,#7942,.T.);
#7942 = LINE('',#7943,#7944);
#7943 = CARTESIAN_POINT('',(194.3801,-138.6866,0.));
#7944 = VECTOR('',#7945,1.);
#7945 = DIRECTION('',(0.,0.,1.));
#7946 = ORIENTED_EDGE('',*,*,#3589,.T.);
#7947 = ORIENTED_EDGE('',*,*,#7907,.F.);
#7948 = ORIENTED_EDGE('',*,*,#556,.F.);
#7949 = PLANE('',#7950);
#7950 = AXIS2_PLACEMENT_3D('',#7951,#7952,#7953);
#7951 = CARTESIAN_POINT('',(194.3801,-138.6866,0.));
#7952 = DIRECTION('',(0.331775325748,-0.94335843306,0.));
#7953 = DIRECTION('',(-0.94335843306,-0.331775325748,0.));
#7954 = ADVANCED_FACE('',(#7955),#7966,.T.);
#7955 = FACE_BOUND('',#7956,.T.);
#7956 = EDGE_LOOP('',(#7957,#7958,#7959,#7965));
#7957 = ORIENTED_EDGE('',*,*,#7926,.T.);
#7958 = ORIENTED_EDGE('',*,*,#3781,.T.);
#7959 = ORIENTED_EDGE('',*,*,#7960,.F.);
#7960 = EDGE_CURVE('',#741,#3774,#7961,.T.);
#7961 = LINE('',#7962,#7963);
#7962 = CARTESIAN_POINT('',(203.480444,-58.706815,0.));
#7963 = VECTOR('',#7964,1.);
#7964 = DIRECTION('',(0.,0.,1.));
#7965 = ORIENTED_EDGE('',*,*,#748,.F.);
#7966 = PLANE('',#7967);
#7967 = AXIS2_PLACEMENT_3D('',#7968,#7969,#7970);
#7968 = CARTESIAN_POINT('',(203.422505,-58.424045,0.));
#7969 = DIRECTION('',(0.979647074356,0.200727700396,-0.));
#7970 = DIRECTION('',(0.200727700396,-0.979647074356,0.));
#7971 = ADVANCED_FACE('',(#7972),#7983,.T.);
#7972 = FACE_BOUND('',#7973,.T.);
#7973 = EDGE_LOOP('',(#7974,#7980,#7981,#7982));
#7974 = ORIENTED_EDGE('',*,*,#7975,.T.);
#7975 = EDGE_CURVE('',#565,#3598,#7976,.T.);
#7976 = LINE('',#7977,#7978);
#7977 = CARTESIAN_POINT('',(194.6432,-138.5559,0.));
#7978 = VECTOR('',#7979,1.);
#7979 = DIRECTION('',(0.,0.,1.));
#7980 = ORIENTED_EDGE('',*,*,#3597,.T.);
#7981 = ORIENTED_EDGE('',*,*,#7941,.F.);
#7982 = ORIENTED_EDGE('',*,*,#564,.F.);
#7983 = PLANE('',#7984);
#7984 = AXIS2_PLACEMENT_3D('',#7985,#7986,#7987);
#7985 = CARTESIAN_POINT('',(194.6432,-138.5559,0.));
#7986 = DIRECTION('',(0.444897406011,-0.895581541863,0.));
#7987 = DIRECTION('',(-0.895581541863,-0.444897406011,0.));
#7988 = ADVANCED_FACE('',(#7989),#8000,.T.);
#7989 = FACE_BOUND('',#7990,.T.);
#7990 = EDGE_LOOP('',(#7991,#7992,#7993,#7999));
#7991 = ORIENTED_EDGE('',*,*,#7960,.T.);
#7992 = ORIENTED_EDGE('',*,*,#3773,.T.);
#7993 = ORIENTED_EDGE('',*,*,#7994,.F.);
#7994 = EDGE_CURVE('',#733,#3766,#7995,.T.);
#7995 = LINE('',#7996,#7997);
#7996 = CARTESIAN_POINT('',(203.5,-59.,0.));
#7997 = VECTOR('',#7998,1.);
#7998 = DIRECTION('',(0.,0.,1.));
#7999 = ORIENTED_EDGE('',*,*,#740,.F.);
#8000 = PLANE('',#8001);
#8001 = AXIS2_PLACEMENT_3D('',#8002,#8003,#8004);
#8002 = CARTESIAN_POINT('',(203.480444,-58.706815,0.));
#8003 = DIRECTION('',(0.997782823153,6.655402182775E-02,-0.));
#8004 = DIRECTION('',(6.655402182775E-02,-0.997782823153,0.));
#8005 = ADVANCED_FACE('',(#8006),#8017,.T.);
#8006 = FACE_BOUND('',#8007,.T.);
#8007 = EDGE_LOOP('',(#8008,#8014,#8015,#8016));
#8008 = ORIENTED_EDGE('',*,*,#8009,.T.);
#8009 = EDGE_CURVE('',#573,#3606,#8010,.T.);
#8010 = LINE('',#8011,#8012);
#8011 = CARTESIAN_POINT('',(195.1248,-138.2206,0.));
#8012 = VECTOR('',#8013,1.);
#8013 = DIRECTION('',(0.,0.,1.));
#8014 = ORIENTED_EDGE('',*,*,#3605,.T.);
#8015 = ORIENTED_EDGE('',*,*,#7975,.F.);
#8016 = ORIENTED_EDGE('',*,*,#572,.F.);
#8017 = PLANE('',#8018);
#8018 = AXIS2_PLACEMENT_3D('',#8019,#8020,#8021);
#8019 = CARTESIAN_POINT('',(195.1248,-138.2206,0.));
#8020 = DIRECTION('',(0.5713789961,-0.820686324253,0.));
#8021 = DIRECTION('',(-0.820686324253,-0.5713789961,0.));
#8022 = ADVANCED_FACE('',(#8023),#8034,.T.);
#8023 = FACE_BOUND('',#8024,.T.);
#8024 = EDGE_LOOP('',(#8025,#8026,#8027,#8033));
#8025 = ORIENTED_EDGE('',*,*,#7994,.T.);
#8026 = ORIENTED_EDGE('',*,*,#3765,.T.);
#8027 = ORIENTED_EDGE('',*,*,#8028,.F.);
#8028 = EDGE_CURVE('',#725,#3758,#8029,.T.);
#8029 = LINE('',#8030,#8031);
#8030 = CARTESIAN_POINT('',(203.5,-107.,0.));
#8031 = VECTOR('',#8032,1.);
#8032 = DIRECTION('',(0.,0.,1.));
#8033 = ORIENTED_EDGE('',*,*,#732,.F.);
#8034 = PLANE('',#8035);
#8035 = AXIS2_PLACEMENT_3D('',#8036,#8037,#8038);
#8036 = CARTESIAN_POINT('',(203.5,-59.,0.));
#8037 = DIRECTION('',(1.,0.,-0.));
#8038 = DIRECTION('',(0.,-1.,0.));
#8039 = ADVANCED_FACE('',(#8040),#8051,.T.);
#8040 = FACE_BOUND('',#8041,.T.);
#8041 = EDGE_LOOP('',(#8042,#8048,#8049,#8050));
#8042 = ORIENTED_EDGE('',*,*,#8043,.T.);
#8043 = EDGE_CURVE('',#581,#3614,#8044,.T.);
#8044 = LINE('',#8045,#8046);
#8045 = CARTESIAN_POINT('',(195.4378,-137.911,0.));
#8046 = VECTOR('',#8047,1.);
#8047 = DIRECTION('',(0.,0.,1.));
#8048 = ORIENTED_EDGE('',*,*,#3613,.T.);
#8049 = ORIENTED_EDGE('',*,*,#8009,.F.);
#8050 = ORIENTED_EDGE('',*,*,#580,.F.);
#8051 = PLANE('',#8052);
#8052 = AXIS2_PLACEMENT_3D('',#8053,#8054,#8055);
#8053 = CARTESIAN_POINT('',(195.4378,-137.911,0.));
#8054 = DIRECTION('',(0.703234806255,-0.710957669114,0.));
#8055 = DIRECTION('',(-0.710957669114,-0.703234806255,0.));
#8056 = ADVANCED_FACE('',(#8057),#8068,.T.);
#8057 = FACE_BOUND('',#8058,.T.);
#8058 = EDGE_LOOP('',(#8059,#8060,#8061,#8067));
#8059 = ORIENTED_EDGE('',*,*,#8028,.T.);
#8060 = ORIENTED_EDGE('',*,*,#3757,.T.);
#8061 = ORIENTED_EDGE('',*,*,#8062,.F.);
#8062 = EDGE_CURVE('',#717,#3750,#8063,.T.);
#8063 = LINE('',#8064,#8065);
#8064 = CARTESIAN_POINT('',(203.500298,-107.045672,0.));
#8065 = VECTOR('',#8066,1.);
#8066 = DIRECTION('',(0.,0.,1.));
#8067 = ORIENTED_EDGE('',*,*,#724,.F.);
#8068 = PLANE('',#8069);
#8069 = AXIS2_PLACEMENT_3D('',#8070,#8071,#8072);
#8070 = CARTESIAN_POINT('',(203.5,-107.,0.));
#8071 = DIRECTION('',(0.999978714267,6.524646541387E-03,-0.));
#8072 = DIRECTION('',(6.524646541387E-03,-0.999978714267,0.));
#8073 = ADVANCED_FACE('',(#8074),#8085,.T.);
#8074 = FACE_BOUND('',#8075,.T.);
#8075 = EDGE_LOOP('',(#8076,#8082,#8083,#8084));
#8076 = ORIENTED_EDGE('',*,*,#8077,.T.);
#8077 = EDGE_CURVE('',#589,#3622,#8078,.T.);
#8078 = LINE('',#8079,#8080);
#8079 = CARTESIAN_POINT('',(195.6198,-137.6803,0.));
#8080 = VECTOR('',#8081,1.);
#8081 = DIRECTION('',(0.,0.,1.));
#8082 = ORIENTED_EDGE('',*,*,#3621,.T.);
#8083 = ORIENTED_EDGE('',*,*,#8043,.F.);
#8084 = ORIENTED_EDGE('',*,*,#588,.F.);
#8085 = PLANE('',#8086);
#8086 = AXIS2_PLACEMENT_3D('',#8087,#8088,#8089);
#8087 = CARTESIAN_POINT('',(195.6198,-137.6803,0.));
#8088 = DIRECTION('',(0.785100493706,-0.61936839989,0.));
#8089 = DIRECTION('',(-0.61936839989,-0.785100493706,0.));
#8090 = ADVANCED_FACE('',(#8091),#8102,.T.);
#8091 = FACE_BOUND('',#8092,.T.);
#8092 = EDGE_LOOP('',(#8093,#8094,#8095,#8101));
#8093 = ORIENTED_EDGE('',*,*,#8062,.T.);
#8094 = ORIENTED_EDGE('',*,*,#3749,.T.);
#8095 = ORIENTED_EDGE('',*,*,#8096,.F.);
#8096 = EDGE_CURVE('',#709,#3742,#8097,.T.);
#8097 = LINE('',#8098,#8099);
#8098 = CARTESIAN_POINT('',(203.528048,-107.612869,0.));
#8099 = VECTOR('',#8100,1.);
#8100 = DIRECTION('',(0.,0.,1.));
#8101 = ORIENTED_EDGE('',*,*,#716,.F.);
#8102 = PLANE('',#8103);
#8103 = AXIS2_PLACEMENT_3D('',#8104,#8105,#8106);
#8104 = CARTESIAN_POINT('',(203.500298,-107.045672,0.));
#8105 = DIRECTION('',(0.998805326237,4.886635120269E-02,-0.));
#8106 = DIRECTION('',(4.886635120269E-02,-0.998805326237,0.));
#8107 = ADVANCED_FACE('',(#8108),#8119,.T.);
#8108 = FACE_BOUND('',#8109,.T.);
#8109 = EDGE_LOOP('',(#8110,#8116,#8117,#8118));
#8110 = ORIENTED_EDGE('',*,*,#8111,.T.);
#8111 = EDGE_CURVE('',#597,#3630,#8112,.T.);
#8112 = LINE('',#8113,#8114);
#8113 = CARTESIAN_POINT('',(195.9651,-137.0541,0.));
#8114 = VECTOR('',#8115,1.);
#8115 = DIRECTION('',(0.,0.,1.));
#8116 = ORIENTED_EDGE('',*,*,#3629,.T.);
#8117 = ORIENTED_EDGE('',*,*,#8077,.F.);
#8118 = ORIENTED_EDGE('',*,*,#596,.F.);
#8119 = PLANE('',#8120);
#8120 = AXIS2_PLACEMENT_3D('',#8121,#8122,#8123);
#8121 = CARTESIAN_POINT('',(195.9651,-137.0541,0.));
#8122 = DIRECTION('',(0.875689839865,-0.48287400464,0.));
#8123 = DIRECTION('',(-0.48287400464,-0.875689839865,0.));
#8124 = ADVANCED_FACE('',(#8125),#8136,.T.);
#8125 = FACE_BOUND('',#8126,.T.);
#8126 = EDGE_LOOP('',(#8127,#8128,#8129,#8135));
#8127 = ORIENTED_EDGE('',*,*,#8096,.T.);
#8128 = ORIENTED_EDGE('',*,*,#3741,.T.);
#8129 = ORIENTED_EDGE('',*,*,#8130,.F.);
#8130 = EDGE_CURVE('',#701,#3734,#8131,.T.);
#8131 = LINE('',#8132,#8133);
#8132 = CARTESIAN_POINT('',(203.590931,-108.237347,0.));
#8133 = VECTOR('',#8134,1.);
#8134 = DIRECTION('',(0.,0.,1.));
#8135 = ORIENTED_EDGE('',*,*,#708,.F.);
#8136 = PLANE('',#8137);
#8137 = AXIS2_PLACEMENT_3D('',#8138,#8139,#8140);
#8138 = CARTESIAN_POINT('',(203.528048,-107.612869,0.));
#8139 = DIRECTION('',(0.994968300358,0.100190225487,-0.));
#8140 = DIRECTION('',(0.100190225487,-0.994968300358,0.));
#8141 = ADVANCED_FACE('',(#8142),#8153,.T.);
#8142 = FACE_BOUND('',#8143,.T.);
#8143 = EDGE_LOOP('',(#8144,#8150,#8151,#8152));
#8144 = ORIENTED_EDGE('',*,*,#8145,.T.);
#8145 = EDGE_CURVE('',#605,#3638,#8146,.T.);
#8146 = LINE('',#8147,#8148);
#8147 = CARTESIAN_POINT('',(204.6908,-113.0936,0.));
#8148 = VECTOR('',#8149,1.);
#8149 = DIRECTION('',(0.,0.,1.));
#8150 = ORIENTED_EDGE('',*,*,#3637,.T.);
#8151 = ORIENTED_EDGE('',*,*,#8111,.F.);
#8152 = ORIENTED_EDGE('',*,*,#604,.F.);
#8153 = PLANE('',#8154);
#8154 = AXIS2_PLACEMENT_3D('',#8155,#8156,#8157);
#8155 = CARTESIAN_POINT('',(204.6908,-113.0936,0.));
#8156 = DIRECTION('',(0.939632219064,-0.34218605012,0.));
#8157 = DIRECTION('',(-0.34218605012,-0.939632219064,0.));
#8158 = ADVANCED_FACE('',(#8159),#8170,.T.);
#8159 = FACE_BOUND('',#8160,.T.);
#8160 = EDGE_LOOP('',(#8161,#8162,#8163,#8169));
#8161 = ORIENTED_EDGE('',*,*,#8130,.T.);
#8162 = ORIENTED_EDGE('',*,*,#3733,.T.);
#8163 = ORIENTED_EDGE('',*,*,#8164,.F.);
#8164 = EDGE_CURVE('',#693,#3726,#8165,.T.);
#8165 = LINE('',#8166,#8167);
#8166 = CARTESIAN_POINT('',(203.675763,-108.782035,0.));
#8167 = VECTOR('',#8168,1.);
#8168 = DIRECTION('',(0.,0.,1.));
#8169 = ORIENTED_EDGE('',*,*,#700,.F.);
#8170 = PLANE('',#8171);
#8171 = AXIS2_PLACEMENT_3D('',#8172,#8173,#8174);
#8172 = CARTESIAN_POINT('',(203.590931,-108.237347,0.));
#8173 = DIRECTION('',(0.988088141208,0.153889002869,-0.));
#8174 = DIRECTION('',(0.153889002869,-0.988088141208,0.));
#8175 = ADVANCED_FACE('',(#8176),#8187,.T.);
#8176 = FACE_BOUND('',#8177,.T.);
#8177 = EDGE_LOOP('',(#8178,#8184,#8185,#8186));
#8178 = ORIENTED_EDGE('',*,*,#8179,.T.);
#8179 = EDGE_CURVE('',#613,#3646,#8180,.T.);
#8180 = LINE('',#8181,#8182);
#8181 = CARTESIAN_POINT('',(204.8723,-112.3637,0.));
#8182 = VECTOR('',#8183,1.);
#8183 = DIRECTION('',(0.,0.,1.));
#8184 = ORIENTED_EDGE('',*,*,#3645,.T.);
#8185 = ORIENTED_EDGE('',*,*,#8145,.F.);
#8186 = ORIENTED_EDGE('',*,*,#612,.F.);
#8187 = PLANE('',#8188);
#8188 = AXIS2_PLACEMENT_3D('',#8189,#8190,#8191);
#8189 = CARTESIAN_POINT('',(204.8723,-112.3637,0.));
#8190 = DIRECTION('',(0.970446749946,-0.241315365276,0.));
#8191 = DIRECTION('',(-0.241315365276,-0.970446749946,0.));
#8192 = ADVANCED_FACE('',(#8193),#8204,.T.);
#8193 = FACE_BOUND('',#8194,.T.);
#8194 = EDGE_LOOP('',(#8195,#8196,#8197,#8203));
#8195 = ORIENTED_EDGE('',*,*,#8164,.T.);
#8196 = ORIENTED_EDGE('',*,*,#3725,.T.);
#8197 = ORIENTED_EDGE('',*,*,#8198,.F.);
#8198 = EDGE_CURVE('',#685,#3718,#8199,.T.);
#8199 = LINE('',#8200,#8201);
#8200 = CARTESIAN_POINT('',(203.77303,-109.215231,0.));
#8201 = VECTOR('',#8202,1.);
#8202 = DIRECTION('',(0.,0.,1.));
#8203 = ORIENTED_EDGE('',*,*,#692,.F.);
#8204 = PLANE('',#8205);
#8205 = AXIS2_PLACEMENT_3D('',#8206,#8207,#8208);
#8206 = CARTESIAN_POINT('',(203.675763,-108.782035,0.));
#8207 = DIRECTION('',(0.975707144522,0.219078908453,-0.));
#8208 = DIRECTION('',(0.219078908453,-0.975707144522,0.));
#8209 = ADVANCED_FACE('',(#8210),#8221,.T.);
#8210 = FACE_BOUND('',#8211,.T.);
#8211 = EDGE_LOOP('',(#8212,#8218,#8219,#8220));
#8212 = ORIENTED_EDGE('',*,*,#8213,.T.);
#8213 = EDGE_CURVE('',#621,#3654,#8214,.T.);
#8214 = LINE('',#8215,#8216);
#8215 = CARTESIAN_POINT('',(204.8963,-111.9238,0.));
#8216 = VECTOR('',#8217,1.);
#8217 = DIRECTION('',(0.,0.,1.));
#8218 = ORIENTED_EDGE('',*,*,#3653,.T.);
#8219 = ORIENTED_EDGE('',*,*,#8179,.F.);
#8220 = ORIENTED_EDGE('',*,*,#620,.F.);
#8221 = PLANE('',#8222);
#8222 = AXIS2_PLACEMENT_3D('',#8223,#8224,#8225);
#8223 = CARTESIAN_POINT('',(204.8963,-111.9238,0.));
#8224 = DIRECTION('',(0.998515034525,-5.447683752809E-02,0.));
#8225 = DIRECTION('',(-5.447683752809E-02,-0.998515034525,0.));
#8226 = ADVANCED_FACE('',(#8227),#8238,.T.);
#8227 = FACE_BOUND('',#8228,.T.);
#8228 = EDGE_LOOP('',(#8229,#8230,#8231,#8237));
#8229 = ORIENTED_EDGE('',*,*,#8198,.T.);
#8230 = ORIENTED_EDGE('',*,*,#3717,.T.);
#8231 = ORIENTED_EDGE('',*,*,#8232,.F.);
#8232 = EDGE_CURVE('',#677,#3710,#8233,.T.);
#8233 = LINE('',#8234,#8235);
#8234 = CARTESIAN_POINT('',(203.876016,-109.540249,0.));
#8235 = VECTOR('',#8236,1.);
#8236 = DIRECTION('',(0.,0.,1.));
#8237 = ORIENTED_EDGE('',*,*,#684,.F.);
#8238 = PLANE('',#8239);
#8239 = AXIS2_PLACEMENT_3D('',#8240,#8241,#8242);
#8240 = CARTESIAN_POINT('',(203.77303,-109.215231,0.));
#8241 = DIRECTION('',(0.953288494513,0.302061328591,-0.));
#8242 = DIRECTION('',(0.302061328591,-0.953288494513,0.));
#8243 = ADVANCED_FACE('',(#8244),#8255,.T.);
#8244 = FACE_BOUND('',#8245,.T.);
#8245 = EDGE_LOOP('',(#8246,#8252,#8253,#8254));
#8246 = ORIENTED_EDGE('',*,*,#8247,.T.);
#8247 = EDGE_CURVE('',#629,#3662,#8248,.T.);
#8248 = LINE('',#8249,#8250);
#8249 = CARTESIAN_POINT('',(204.8555,-111.4854,0.));
#8250 = VECTOR('',#8251,1.);
#8251 = DIRECTION('',(0.,0.,1.));
#8252 = ORIENTED_EDGE('',*,*,#3661,.T.);
#8253 = ORIENTED_EDGE('',*,*,#8213,.F.);
#8254 = ORIENTED_EDGE('',*,*,#628,.F.);
#8255 = PLANE('',#8256);
#8256 = AXIS2_PLACEMENT_3D('',#8257,#8258,#8259);
#8257 = CARTESIAN_POINT('',(204.8555,-111.4854,0.));
#8258 = DIRECTION('',(0.995697318133,9.266526135907E-02,-0.));
#8259 = DIRECTION('',(9.266526135907E-02,-0.995697318133,0.));
#8260 = ADVANCED_FACE('',(#8261),#8272,.T.);
#8261 = FACE_BOUND('',#8262,.T.);
#8262 = EDGE_LOOP('',(#8263,#8264,#8265,#8271));
#8263 = ORIENTED_EDGE('',*,*,#8232,.T.);
#8264 = ORIENTED_EDGE('',*,*,#3709,.T.);
#8265 = ORIENTED_EDGE('',*,*,#8266,.F.);
#8266 = EDGE_CURVE('',#669,#3702,#8267,.T.);
#8267 = LINE('',#8268,#8269);
#8268 = CARTESIAN_POINT('',(203.980105,-109.772094,0.));
#8269 = VECTOR('',#8270,1.);
#8270 = DIRECTION('',(0.,0.,1.));
#8271 = ORIENTED_EDGE('',*,*,#676,.F.);
#8272 = PLANE('',#8273);
#8273 = AXIS2_PLACEMENT_3D('',#8274,#8275,#8276);
#8274 = CARTESIAN_POINT('',(203.876016,-109.540249,0.));
#8275 = DIRECTION('',(0.91227640479,0.409575098442,-0.));
#8276 = DIRECTION('',(0.409575098442,-0.91227640479,0.));
#8277 = ADVANCED_FACE('',(#8278),#8289,.T.);
#8278 = FACE_BOUND('',#8279,.T.);
#8279 = EDGE_LOOP('',(#8280,#8286,#8287,#8288));
#8280 = ORIENTED_EDGE('',*,*,#8281,.T.);
#8281 = EDGE_CURVE('',#637,#3670,#8282,.T.);
#8282 = LINE('',#8283,#8284);
#8283 = CARTESIAN_POINT('',(204.7508,-111.0574,0.));
#8284 = VECTOR('',#8285,1.);
#8285 = DIRECTION('',(0.,0.,1.));
#8286 = ORIENTED_EDGE('',*,*,#3669,.T.);
#8287 = ORIENTED_EDGE('',*,*,#8247,.F.);
#8288 = ORIENTED_EDGE('',*,*,#636,.F.);
#8289 = PLANE('',#8290);
#8290 = AXIS2_PLACEMENT_3D('',#8291,#8292,#8293);
#8291 = CARTESIAN_POINT('',(204.7508,-111.0574,0.));
#8292 = DIRECTION('',(0.971358276068,0.237619653047,-0.));
#8293 = DIRECTION('',(0.237619653047,-0.971358276068,0.));
#8294 = ADVANCED_FACE('',(#8295),#8306,.T.);
#8295 = FACE_BOUND('',#8296,.T.);
#8296 = EDGE_LOOP('',(#8297,#8298,#8299,#8305));
#8297 = ORIENTED_EDGE('',*,*,#8266,.T.);
#8298 = ORIENTED_EDGE('',*,*,#3701,.T.);
#8299 = ORIENTED_EDGE('',*,*,#8300,.F.);
#8300 = EDGE_CURVE('',#661,#3694,#8301,.T.);
#8301 = LINE('',#8302,#8303);
#8302 = CARTESIAN_POINT('',(204.0826,-109.9287,0.));
#8303 = VECTOR('',#8304,1.);
#8304 = DIRECTION('',(0.,0.,1.));
#8305 = ORIENTED_EDGE('',*,*,#668,.F.);
#8306 = PLANE('',#8307);
#8307 = AXIS2_PLACEMENT_3D('',#8308,#8309,#8310);
#8308 = CARTESIAN_POINT('',(203.980105,-109.772094,0.));
#8309 = DIRECTION('',(0.836727823547,0.547618981868,-0.));
#8310 = DIRECTION('',(0.547618981868,-0.836727823547,0.));
#8311 = ADVANCED_FACE('',(#8312),#8323,.T.);
#8312 = FACE_BOUND('',#8313,.T.);
#8313 = EDGE_LOOP('',(#8314,#8320,#8321,#8322));
#8314 = ORIENTED_EDGE('',*,*,#8315,.T.);
#8315 = EDGE_CURVE('',#645,#3678,#8316,.T.);
#8316 = LINE('',#8317,#8318);
#8317 = CARTESIAN_POINT('',(204.5845,-110.6497,0.));
#8318 = VECTOR('',#8319,1.);
#8319 = DIRECTION('',(0.,0.,1.));
#8320 = ORIENTED_EDGE('',*,*,#3677,.T.);
#8321 = ORIENTED_EDGE('',*,*,#8281,.F.);
#8322 = ORIENTED_EDGE('',*,*,#644,.F.);
#8323 = PLANE('',#8324);
#8324 = AXIS2_PLACEMENT_3D('',#8325,#8326,#8327);
#8325 = CARTESIAN_POINT('',(204.5845,-110.6497,0.));
#8326 = DIRECTION('',(0.925933566977,0.377686416945,-0.));
#8327 = DIRECTION('',(0.377686416945,-0.925933566977,0.));
#8328 = ADVANCED_FACE('',(#8329),#8340,.T.);
#8329 = FACE_BOUND('',#8330,.T.);
#8330 = EDGE_LOOP('',(#8331,#8332,#8333,#8339));
#8331 = ORIENTED_EDGE('',*,*,#8300,.T.);
#8332 = ORIENTED_EDGE('',*,*,#3693,.T.);
#8333 = ORIENTED_EDGE('',*,*,#8334,.F.);
#8334 = EDGE_CURVE('',#653,#3686,#8335,.T.);
#8335 = LINE('',#8336,#8337);
#8336 = CARTESIAN_POINT('',(204.36,-110.2705,0.));
#8337 = VECTOR('',#8338,1.);
#8338 = DIRECTION('',(0.,0.,1.));
#8339 = ORIENTED_EDGE('',*,*,#660,.F.);
#8340 = PLANE('',#8341);
#8341 = AXIS2_PLACEMENT_3D('',#8342,#8343,#8344);
#8342 = CARTESIAN_POINT('',(204.0826,-109.9287,0.));
#8343 = DIRECTION('',(0.776461316218,0.630164918428,-0.));
#8344 = DIRECTION('',(0.630164918428,-0.776461316218,0.));
#8345 = ADVANCED_FACE('',(#8346),#8352,.T.);
#8346 = FACE_BOUND('',#8347,.T.);
#8347 = EDGE_LOOP('',(#8348,#8349,#8350,#8351));
#8348 = ORIENTED_EDGE('',*,*,#8334,.T.);
#8349 = ORIENTED_EDGE('',*,*,#3685,.T.);
#8350 = ORIENTED_EDGE('',*,*,#8315,.F.);
#8351 = ORIENTED_EDGE('',*,*,#652,.F.);
#8352 = PLANE('',#8353);
#8353 = AXIS2_PLACEMENT_3D('',#8354,#8355,#8356);
#8354 = CARTESIAN_POINT('',(204.36,-110.2705,0.));
#8355 = DIRECTION('',(0.86050156826,0.509447790281,-0.));
#8356 = DIRECTION('',(0.509447790281,-0.86050156826,0.));
#8357 = ADVANCED_FACE('',(#8358),#8369,.F.);
#8358 = FACE_BOUND('',#8359,.T.);
#8359 = EDGE_LOOP('',(#8360,#8361,#8367,#8368));
#8360 = ORIENTED_EDGE('',*,*,#1165,.T.);
#8361 = ORIENTED_EDGE('',*,*,#8362,.T.);
#8362 = EDGE_CURVE('',#1166,#4199,#8363,.T.);
#8363 = LINE('',#8364,#8365);
#8364 = CARTESIAN_POINT('',(77.274602,-120.685363,-4.6E-02));
#8365 = VECTOR('',#8366,1.);
#8366 = DIRECTION('',(0.,0.,1.));
#8367 = ORIENTED_EDGE('',*,*,#4198,.F.);
#8368 = ORIENTED_EDGE('',*,*,#8362,.F.);
#8369 = CYLINDRICAL_SURFACE('',#8370,0.5);
#8370 = AXIS2_PLACEMENT_3D('',#8371,#8372,#8373);
#8371 = CARTESIAN_POINT('',(77.274602,-120.185363,-4.6E-02));
#8372 = DIRECTION('',(-0.,-0.,-1.));
#8373 = DIRECTION('',(-0.,-1.,0.));
#8374 = ADVANCED_FACE('',(#8375),#8386,.F.);
#8375 = FACE_BOUND('',#8376,.T.);
#8376 = EDGE_LOOP('',(#8377,#8378,#8384,#8385));
#8377 = ORIENTED_EDGE('',*,*,#1176,.T.);
#8378 = ORIENTED_EDGE('',*,*,#8379,.T.);
#8379 = EDGE_CURVE('',#1177,#4210,#8380,.T.);
#8380 = LINE('',#8381,#8382);
#8381 = CARTESIAN_POINT('',(80.51833,-120.07036,-4.6E-02));
#8382 = VECTOR('',#8383,1.);
#8383 = DIRECTION('',(0.,0.,1.));
#8384 = ORIENTED_EDGE('',*,*,#4209,.F.);
#8385 = ORIENTED_EDGE('',*,*,#8379,.F.);
#8386 = CYLINDRICAL_SURFACE('',#8387,0.5);
#8387 = AXIS2_PLACEMENT_3D('',#8388,#8389,#8390);
#8388 = CARTESIAN_POINT('',(80.51833,-119.57036,-4.6E-02));
#8389 = DIRECTION('',(-0.,-0.,-1.));
#8390 = DIRECTION('',(-0.,-1.,0.));
#8391 = ADVANCED_FACE('',(#8392),#8403,.F.);
#8392 = FACE_BOUND('',#8393,.T.);
#8393 = EDGE_LOOP('',(#8394,#8395,#8401,#8402));
#8394 = ORIENTED_EDGE('',*,*,#1187,.T.);
#8395 = ORIENTED_EDGE('',*,*,#8396,.T.);
#8396 = EDGE_CURVE('',#1188,#4221,#8397,.T.);
#8397 = LINE('',#8398,#8399);
#8398 = CARTESIAN_POINT('',(76.414213,-115.353077,-4.6E-02));
#8399 = VECTOR('',#8400,1.);
#8400 = DIRECTION('',(0.,0.,1.));
#8401 = ORIENTED_EDGE('',*,*,#4220,.F.);
#8402 = ORIENTED_EDGE('',*,*,#8396,.F.);
#8403 = CYLINDRICAL_SURFACE('',#8404,0.6);
#8404 = AXIS2_PLACEMENT_3D('',#8405,#8406,#8407);
#8405 = CARTESIAN_POINT('',(76.414213,-114.753077,-4.6E-02));
#8406 = DIRECTION('',(-0.,0.,-1.));
#8407 = DIRECTION('',(2.368475785867E-14,-1.,-0.));
#8408 = ADVANCED_FACE('',(#8409),#8420,.F.);
#8409 = FACE_BOUND('',#8410,.T.);
#8410 = EDGE_LOOP('',(#8411,#8412,#8418,#8419));
#8411 = ORIENTED_EDGE('',*,*,#1198,.T.);
#8412 = ORIENTED_EDGE('',*,*,#8413,.T.);
#8413 = EDGE_CURVE('',#1199,#4232,#8414,.T.);
#8414 = LINE('',#8415,#8416);
#8415 = CARTESIAN_POINT('',(85.456772,-119.288188,-4.6E-02));
#8416 = VECTOR('',#8417,1.);
#8417 = DIRECTION('',(0.,0.,1.));
#8418 = ORIENTED_EDGE('',*,*,#4231,.F.);
#8419 = ORIENTED_EDGE('',*,*,#8413,.F.);
#8420 = CYLINDRICAL_SURFACE('',#8421,0.5);
#8421 = AXIS2_PLACEMENT_3D('',#8422,#8423,#8424);
#8422 = CARTESIAN_POINT('',(85.456772,-118.788188,-4.6E-02));
#8423 = DIRECTION('',(-0.,-0.,-1.));
#8424 = DIRECTION('',(-0.,-1.,0.));
#8425 = ADVANCED_FACE('',(#8426),#8437,.F.);
#8426 = FACE_BOUND('',#8427,.T.);
#8427 = EDGE_LOOP('',(#8428,#8429,#8435,#8436));
#8428 = ORIENTED_EDGE('',*,*,#1209,.T.);
#8429 = ORIENTED_EDGE('',*,*,#8430,.T.);
#8430 = EDGE_CURVE('',#1210,#4243,#8431,.T.);
#8431 = LINE('',#8432,#8433);
#8432 = CARTESIAN_POINT('',(88.731787,-118.870723,-4.6E-02));
#8433 = VECTOR('',#8434,1.);
#8434 = DIRECTION('',(0.,0.,1.));
#8435 = ORIENTED_EDGE('',*,*,#4242,.F.);
#8436 = ORIENTED_EDGE('',*,*,#8430,.F.);
#8437 = CYLINDRICAL_SURFACE('',#8438,0.5);
#8438 = AXIS2_PLACEMENT_3D('',#8439,#8440,#8441);
#8439 = CARTESIAN_POINT('',(88.731787,-118.370723,-4.6E-02));
#8440 = DIRECTION('',(-0.,-0.,-1.));
#8441 = DIRECTION('',(-0.,-1.,0.));
#8442 = ADVANCED_FACE('',(#8443),#8454,.F.);
#8443 = FACE_BOUND('',#8444,.T.);
#8444 = EDGE_LOOP('',(#8445,#8446,#8452,#8453));
#8445 = ORIENTED_EDGE('',*,*,#1220,.T.);
#8446 = ORIENTED_EDGE('',*,*,#8447,.T.);
#8447 = EDGE_CURVE('',#1221,#4254,#8448,.T.);
#8448 = LINE('',#8449,#8450);
#8449 = CARTESIAN_POINT('',(94.065302,-118.026063,-4.6E-02));
#8450 = VECTOR('',#8451,1.);
#8451 = DIRECTION('',(0.,0.,1.));
#8452 = ORIENTED_EDGE('',*,*,#4253,.F.);
#8453 = ORIENTED_EDGE('',*,*,#8447,.F.);
#8454 = CYLINDRICAL_SURFACE('',#8455,0.5);
#8455 = AXIS2_PLACEMENT_3D('',#8456,#8457,#8458);
#8456 = CARTESIAN_POINT('',(94.065302,-117.526063,-4.6E-02));
#8457 = DIRECTION('',(-0.,-0.,-1.));
#8458 = DIRECTION('',(-0.,-1.,0.));
#8459 = ADVANCED_FACE('',(#8460),#8471,.F.);
#8460 = FACE_BOUND('',#8461,.T.);
#8461 = EDGE_LOOP('',(#8462,#8463,#8469,#8470));
#8462 = ORIENTED_EDGE('',*,*,#1231,.T.);
#8463 = ORIENTED_EDGE('',*,*,#8464,.T.);
#8464 = EDGE_CURVE('',#1232,#4265,#8465,.T.);
#8465 = LINE('',#8466,#8467);
#8466 = CARTESIAN_POINT('',(97.30903,-117.41106,-4.6E-02));
#8467 = VECTOR('',#8468,1.);
#8468 = DIRECTION('',(0.,0.,1.));
#8469 = ORIENTED_EDGE('',*,*,#4264,.F.);
#8470 = ORIENTED_EDGE('',*,*,#8464,.F.);
#8471 = CYLINDRICAL_SURFACE('',#8472,0.5);
#8472 = AXIS2_PLACEMENT_3D('',#8473,#8474,#8475);
#8473 = CARTESIAN_POINT('',(97.30903,-116.91106,-4.6E-02));
#8474 = DIRECTION('',(-0.,-0.,-1.));
#8475 = DIRECTION('',(-0.,-1.,0.));
#8476 = ADVANCED_FACE('',(#8477),#8488,.F.);
#8477 = FACE_BOUND('',#8478,.T.);
#8478 = EDGE_LOOP('',(#8479,#8480,#8486,#8487));
#8479 = ORIENTED_EDGE('',*,*,#1242,.T.);
#8480 = ORIENTED_EDGE('',*,*,#8481,.T.);
#8481 = EDGE_CURVE('',#1243,#4276,#8482,.T.);
#8482 = LINE('',#8483,#8484);
#8483 = CARTESIAN_POINT('',(87.871398,-113.538437,-4.6E-02));
#8484 = VECTOR('',#8485,1.);
#8485 = DIRECTION('',(0.,0.,1.));
#8486 = ORIENTED_EDGE('',*,*,#4275,.F.);
#8487 = ORIENTED_EDGE('',*,*,#8481,.F.);
#8488 = CYLINDRICAL_SURFACE('',#8489,0.6);
#8489 = AXIS2_PLACEMENT_3D('',#8490,#8491,#8492);
#8490 = CARTESIAN_POINT('',(87.871398,-112.938437,-4.6E-02));
#8491 = DIRECTION('',(-0.,-0.,-1.));
#8492 = DIRECTION('',(-0.,-1.,0.));
#8493 = ADVANCED_FACE('',(#8494),#8505,.F.);
#8494 = FACE_BOUND('',#8495,.T.);
#8495 = EDGE_LOOP('',(#8496,#8497,#8503,#8504));
#8496 = ORIENTED_EDGE('',*,*,#1253,.T.);
#8497 = ORIENTED_EDGE('',*,*,#8498,.T.);
#8498 = EDGE_CURVE('',#1254,#4287,#8499,.T.);
#8499 = LINE('',#8500,#8501);
#8500 = CARTESIAN_POINT('',(116.616507,-130.877058,-4.6E-02));
#8501 = VECTOR('',#8502,1.);
#8502 = DIRECTION('',(0.,0.,1.));
#8503 = ORIENTED_EDGE('',*,*,#4286,.F.);
#8504 = ORIENTED_EDGE('',*,*,#8498,.F.);
#8505 = CYLINDRICAL_SURFACE('',#8506,0.6);
#8506 = AXIS2_PLACEMENT_3D('',#8507,#8508,#8509);
#8507 = CARTESIAN_POINT('',(116.616507,-130.277058,-4.6E-02));
#8508 = DIRECTION('',(-0.,-0.,-1.));
#8509 = DIRECTION('',(-0.,-1.,0.));
#8510 = ADVANCED_FACE('',(#8511),#8522,.F.);
#8511 = FACE_BOUND('',#8512,.T.);
#8512 = EDGE_LOOP('',(#8513,#8514,#8520,#8521));
#8513 = ORIENTED_EDGE('',*,*,#1264,.T.);
#8514 = ORIENTED_EDGE('',*,*,#8515,.T.);
#8515 = EDGE_CURVE('',#1265,#4298,#8516,.T.);
#8516 = LINE('',#8517,#8518);
#8517 = CARTESIAN_POINT('',(126.217976,-127.9325,-4.6E-02));
#8518 = VECTOR('',#8519,1.);
#8519 = DIRECTION('',(0.,0.,1.));
#8520 = ORIENTED_EDGE('',*,*,#4297,.F.);
#8521 = ORIENTED_EDGE('',*,*,#8515,.F.);
#8522 = CYLINDRICAL_SURFACE('',#8523,0.4);
#8523 = AXIS2_PLACEMENT_3D('',#8524,#8525,#8526);
#8524 = CARTESIAN_POINT('',(126.217976,-127.5325,-4.6E-02));
#8525 = DIRECTION('',(-0.,-0.,-1.));
#8526 = DIRECTION('',(-0.,-1.,0.));
#8527 = ADVANCED_FACE('',(#8528),#8539,.F.);
#8528 = FACE_BOUND('',#8529,.T.);
#8529 = EDGE_LOOP('',(#8530,#8531,#8537,#8538));
#8530 = ORIENTED_EDGE('',*,*,#1275,.T.);
#8531 = ORIENTED_EDGE('',*,*,#8532,.T.);
#8532 = EDGE_CURVE('',#1276,#4309,#8533,.T.);
#8533 = LINE('',#8534,#8535);
#8534 = CARTESIAN_POINT('',(128.77,-127.9325,-4.6E-02));
#8535 = VECTOR('',#8536,1.);
#8536 = DIRECTION('',(0.,0.,1.));
#8537 = ORIENTED_EDGE('',*,*,#4308,.F.);
#8538 = ORIENTED_EDGE('',*,*,#8532,.F.);
#8539 = CYLINDRICAL_SURFACE('',#8540,0.4);
#8540 = AXIS2_PLACEMENT_3D('',#8541,#8542,#8543);
#8541 = CARTESIAN_POINT('',(128.77,-127.5325,-4.6E-02));
#8542 = DIRECTION('',(-0.,0.,-1.));
#8543 = DIRECTION('',(7.105427357601E-14,-1.,-0.));
#8544 = ADVANCED_FACE('',(#8545),#8556,.F.);
#8545 = FACE_BOUND('',#8546,.T.);
#8546 = EDGE_LOOP('',(#8547,#8548,#8554,#8555));
#8547 = ORIENTED_EDGE('',*,*,#1286,.T.);
#8548 = ORIENTED_EDGE('',*,*,#8549,.T.);
#8549 = EDGE_CURVE('',#1287,#4320,#8550,.T.);
#8550 = LINE('',#8551,#8552);
#8551 = CARTESIAN_POINT('',(102.247472,-116.628888,-4.6E-02));
#8552 = VECTOR('',#8553,1.);
#8553 = DIRECTION('',(0.,0.,1.));
#8554 = ORIENTED_EDGE('',*,*,#4319,.F.);
#8555 = ORIENTED_EDGE('',*,*,#8549,.F.);
#8556 = CYLINDRICAL_SURFACE('',#8557,0.5);
#8557 = AXIS2_PLACEMENT_3D('',#8558,#8559,#8560);
#8558 = CARTESIAN_POINT('',(102.247472,-116.128888,-4.6E-02));
#8559 = DIRECTION('',(-0.,-0.,-1.));
#8560 = DIRECTION('',(-0.,-1.,0.));
#8561 = ADVANCED_FACE('',(#8562),#8573,.F.);
#8562 = FACE_BOUND('',#8563,.T.);
#8563 = EDGE_LOOP('',(#8564,#8565,#8571,#8572));
#8564 = ORIENTED_EDGE('',*,*,#1297,.T.);
#8565 = ORIENTED_EDGE('',*,*,#8566,.T.);
#8566 = EDGE_CURVE('',#1298,#4331,#8567,.T.);
#8567 = LINE('',#8568,#8569);
#8568 = CARTESIAN_POINT('',(105.522487,-116.211423,-4.6E-02));
#8569 = VECTOR('',#8570,1.);
#8570 = DIRECTION('',(0.,0.,1.));
#8571 = ORIENTED_EDGE('',*,*,#4330,.F.);
#8572 = ORIENTED_EDGE('',*,*,#8566,.F.);
#8573 = CYLINDRICAL_SURFACE('',#8574,0.5);
#8574 = AXIS2_PLACEMENT_3D('',#8575,#8576,#8577);
#8575 = CARTESIAN_POINT('',(105.522487,-115.711423,-4.6E-02));
#8576 = DIRECTION('',(-0.,-0.,-1.));
#8577 = DIRECTION('',(-0.,-1.,0.));
#8578 = ADVANCED_FACE('',(#8579),#8590,.F.);
#8579 = FACE_BOUND('',#8580,.T.);
#8580 = EDGE_LOOP('',(#8581,#8582,#8588,#8589));
#8581 = ORIENTED_EDGE('',*,*,#1308,.T.);
#8582 = ORIENTED_EDGE('',*,*,#8583,.T.);
#8583 = EDGE_CURVE('',#1309,#4342,#8584,.T.);
#8584 = LINE('',#8585,#8586);
#8585 = CARTESIAN_POINT('',(126.493988,-116.382177,-4.6E-02));
#8586 = VECTOR('',#8587,1.);
#8587 = DIRECTION('',(0.,0.,1.));
#8588 = ORIENTED_EDGE('',*,*,#4341,.F.);
#8589 = ORIENTED_EDGE('',*,*,#8583,.F.);
#8590 = CYLINDRICAL_SURFACE('',#8591,0.4);
#8591 = AXIS2_PLACEMENT_3D('',#8592,#8593,#8594);
#8592 = CARTESIAN_POINT('',(126.493988,-115.982177,-4.6E-02));
#8593 = DIRECTION('',(-0.,-0.,-1.));
#8594 = DIRECTION('',(-0.,-1.,0.));
#8595 = ADVANCED_FACE('',(#8596),#8607,.F.);
#8596 = FACE_BOUND('',#8597,.T.);
#8597 = EDGE_LOOP('',(#8598,#8599,#8605,#8606));
#8598 = ORIENTED_EDGE('',*,*,#1319,.T.);
#8599 = ORIENTED_EDGE('',*,*,#8600,.T.);
#8600 = EDGE_CURVE('',#1320,#4353,#8601,.T.);
#8601 = LINE('',#8602,#8603);
#8602 = CARTESIAN_POINT('',(128.493988,-116.382177,-4.6E-02));
#8603 = VECTOR('',#8604,1.);
#8604 = DIRECTION('',(0.,0.,1.));
#8605 = ORIENTED_EDGE('',*,*,#4352,.F.);
#8606 = ORIENTED_EDGE('',*,*,#8600,.F.);
#8607 = CYLINDRICAL_SURFACE('',#8608,0.4);
#8608 = AXIS2_PLACEMENT_3D('',#8609,#8610,#8611);
#8609 = CARTESIAN_POINT('',(128.493988,-115.982177,-4.6E-02));
#8610 = DIRECTION('',(-0.,-0.,-1.));
#8611 = DIRECTION('',(-0.,-1.,0.));
#8612 = ADVANCED_FACE('',(#8613),#8624,.F.);
#8613 = FACE_BOUND('',#8614,.T.);
#8614 = EDGE_LOOP('',(#8615,#8616,#8622,#8623));
#8615 = ORIENTED_EDGE('',*,*,#1330,.T.);
#8616 = ORIENTED_EDGE('',*,*,#8617,.T.);
#8617 = EDGE_CURVE('',#1331,#4364,#8618,.T.);
#8618 = LINE('',#8619,#8620);
#8619 = CARTESIAN_POINT('',(74.615202,-103.894663,-4.6E-02));
#8620 = VECTOR('',#8621,1.);
#8621 = DIRECTION('',(0.,0.,1.));
#8622 = ORIENTED_EDGE('',*,*,#4363,.F.);
#8623 = ORIENTED_EDGE('',*,*,#8617,.F.);
#8624 = CYLINDRICAL_SURFACE('',#8625,0.5);
#8625 = AXIS2_PLACEMENT_3D('',#8626,#8627,#8628);
#8626 = CARTESIAN_POINT('',(74.615202,-103.394663,-4.6E-02));
#8627 = DIRECTION('',(-0.,-0.,-1.));
#8628 = DIRECTION('',(-0.,-1.,0.));
#8629 = ADVANCED_FACE('',(#8630),#8641,.F.);
#8630 = FACE_BOUND('',#8631,.T.);
#8631 = EDGE_LOOP('',(#8632,#8633,#8639,#8640));
#8632 = ORIENTED_EDGE('',*,*,#1341,.T.);
#8633 = ORIENTED_EDGE('',*,*,#8634,.T.);
#8634 = EDGE_CURVE('',#1342,#4375,#8635,.T.);
#8635 = LINE('',#8636,#8637);
#8636 = CARTESIAN_POINT('',(93.204913,-112.693777,-4.6E-02));
#8637 = VECTOR('',#8638,1.);
#8638 = DIRECTION('',(0.,0.,1.));
#8639 = ORIENTED_EDGE('',*,*,#4374,.F.);
#8640 = ORIENTED_EDGE('',*,*,#8634,.F.);
#8641 = CYLINDRICAL_SURFACE('',#8642,0.6);
#8642 = AXIS2_PLACEMENT_3D('',#8643,#8644,#8645);
#8643 = CARTESIAN_POINT('',(93.204913,-112.093777,-4.6E-02));
#8644 = DIRECTION('',(-0.,-0.,-1.));
#8645 = DIRECTION('',(-0.,-1.,0.));
#8646 = ADVANCED_FACE('',(#8647),#8658,.F.);
#8647 = FACE_BOUND('',#8648,.T.);
#8648 = EDGE_LOOP('',(#8649,#8650,#8656,#8657));
#8649 = ORIENTED_EDGE('',*,*,#1352,.T.);
#8650 = ORIENTED_EDGE('',*,*,#8651,.T.);
#8651 = EDGE_CURVE('',#1353,#4386,#8652,.T.);
#8652 = LINE('',#8653,#8654);
#8653 = CARTESIAN_POINT('',(77.85893,-103.27966,-4.6E-02));
#8654 = VECTOR('',#8655,1.);
#8655 = DIRECTION('',(0.,0.,1.));
#8656 = ORIENTED_EDGE('',*,*,#4385,.F.);
#8657 = ORIENTED_EDGE('',*,*,#8651,.F.);
#8658 = CYLINDRICAL_SURFACE('',#8659,0.5);
#8659 = AXIS2_PLACEMENT_3D('',#8660,#8661,#8662);
#8660 = CARTESIAN_POINT('',(77.85893,-102.77966,-4.6E-02));
#8661 = DIRECTION('',(-0.,-0.,-1.));
#8662 = DIRECTION('',(-0.,-1.,0.));
#8663 = ADVANCED_FACE('',(#8664),#8675,.F.);
#8664 = FACE_BOUND('',#8665,.T.);
#8665 = EDGE_LOOP('',(#8666,#8667,#8673,#8674));
#8666 = ORIENTED_EDGE('',*,*,#1363,.T.);
#8667 = ORIENTED_EDGE('',*,*,#8668,.T.);
#8668 = EDGE_CURVE('',#1364,#4397,#8669,.T.);
#8669 = LINE('',#8670,#8671);
#8670 = CARTESIAN_POINT('',(73.754813,-98.562377,-4.6E-02));
#8671 = VECTOR('',#8672,1.);
#8672 = DIRECTION('',(0.,0.,1.));
#8673 = ORIENTED_EDGE('',*,*,#4396,.F.);
#8674 = ORIENTED_EDGE('',*,*,#8668,.F.);
#8675 = CYLINDRICAL_SURFACE('',#8676,0.6);
#8676 = AXIS2_PLACEMENT_3D('',#8677,#8678,#8679);
#8677 = CARTESIAN_POINT('',(73.754813,-97.962377,-4.6E-02));
#8678 = DIRECTION('',(-0.,-0.,-1.));
#8679 = DIRECTION('',(-0.,-1.,0.));
#8680 = ADVANCED_FACE('',(#8681),#8692,.F.);
#8681 = FACE_BOUND('',#8682,.T.);
#8682 = EDGE_LOOP('',(#8683,#8684,#8690,#8691));
#8683 = ORIENTED_EDGE('',*,*,#1374,.T.);
#8684 = ORIENTED_EDGE('',*,*,#8685,.T.);
#8685 = EDGE_CURVE('',#1375,#4408,#8686,.T.);
#8686 = LINE('',#8687,#8688);
#8687 = CARTESIAN_POINT('',(82.797372,-102.497488,-4.6E-02));
#8688 = VECTOR('',#8689,1.);
#8689 = DIRECTION('',(0.,0.,1.));
#8690 = ORIENTED_EDGE('',*,*,#4407,.F.);
#8691 = ORIENTED_EDGE('',*,*,#8685,.F.);
#8692 = CYLINDRICAL_SURFACE('',#8693,0.5);
#8693 = AXIS2_PLACEMENT_3D('',#8694,#8695,#8696);
#8694 = CARTESIAN_POINT('',(82.797372,-101.997488,-4.6E-02));
#8695 = DIRECTION('',(-0.,-0.,-1.));
#8696 = DIRECTION('',(-0.,-1.,0.));
#8697 = ADVANCED_FACE('',(#8698),#8709,.F.);
#8698 = FACE_BOUND('',#8699,.T.);
#8699 = EDGE_LOOP('',(#8700,#8701,#8707,#8708));
#8700 = ORIENTED_EDGE('',*,*,#1385,.T.);
#8701 = ORIENTED_EDGE('',*,*,#8702,.T.);
#8702 = EDGE_CURVE('',#1386,#4419,#8703,.T.);
#8703 = LINE('',#8704,#8705);
#8704 = CARTESIAN_POINT('',(86.072387,-102.080023,-4.6E-02));
#8705 = VECTOR('',#8706,1.);
#8706 = DIRECTION('',(0.,0.,1.));
#8707 = ORIENTED_EDGE('',*,*,#4418,.F.);
#8708 = ORIENTED_EDGE('',*,*,#8702,.F.);
#8709 = CYLINDRICAL_SURFACE('',#8710,0.5);
#8710 = AXIS2_PLACEMENT_3D('',#8711,#8712,#8713);
#8711 = CARTESIAN_POINT('',(86.072387,-101.580023,-4.6E-02));
#8712 = DIRECTION('',(-0.,-0.,-1.));
#8713 = DIRECTION('',(-0.,-1.,0.));
#8714 = ADVANCED_FACE('',(#8715),#8726,.F.);
#8715 = FACE_BOUND('',#8716,.T.);
#8716 = EDGE_LOOP('',(#8717,#8718,#8724,#8725));
#8717 = ORIENTED_EDGE('',*,*,#1396,.T.);
#8718 = ORIENTED_EDGE('',*,*,#8719,.T.);
#8719 = EDGE_CURVE('',#1397,#4430,#8720,.T.);
#8720 = LINE('',#8721,#8722);
#8721 = CARTESIAN_POINT('',(91.405902,-101.235263,-4.6E-02));
#8722 = VECTOR('',#8723,1.);
#8723 = DIRECTION('',(0.,0.,1.));
#8724 = ORIENTED_EDGE('',*,*,#4429,.F.);
#8725 = ORIENTED_EDGE('',*,*,#8719,.F.);
#8726 = CYLINDRICAL_SURFACE('',#8727,0.5);
#8727 = AXIS2_PLACEMENT_3D('',#8728,#8729,#8730);
#8728 = CARTESIAN_POINT('',(91.405902,-100.735263,-4.6E-02));
#8729 = DIRECTION('',(-0.,-0.,-1.));
#8730 = DIRECTION('',(-0.,-1.,0.));
#8731 = ADVANCED_FACE('',(#8732),#8743,.F.);
#8732 = FACE_BOUND('',#8733,.T.);
#8733 = EDGE_LOOP('',(#8734,#8735,#8741,#8742));
#8734 = ORIENTED_EDGE('',*,*,#1407,.T.);
#8735 = ORIENTED_EDGE('',*,*,#8736,.T.);
#8736 = EDGE_CURVE('',#1408,#4441,#8737,.T.);
#8737 = LINE('',#8738,#8739);
#8738 = CARTESIAN_POINT('',(94.64963,-100.62026,-4.6E-02));
#8739 = VECTOR('',#8740,1.);
#8740 = DIRECTION('',(0.,0.,1.));
#8741 = ORIENTED_EDGE('',*,*,#4440,.F.);
#8742 = ORIENTED_EDGE('',*,*,#8736,.F.);
#8743 = CYLINDRICAL_SURFACE('',#8744,0.5);
#8744 = AXIS2_PLACEMENT_3D('',#8745,#8746,#8747);
#8745 = CARTESIAN_POINT('',(94.64963,-100.12026,-4.6E-02));
#8746 = DIRECTION('',(-0.,-0.,-1.));
#8747 = DIRECTION('',(-0.,-1.,0.));
#8748 = ADVANCED_FACE('',(#8749),#8760,.F.);
#8749 = FACE_BOUND('',#8750,.T.);
#8750 = EDGE_LOOP('',(#8751,#8752,#8758,#8759));
#8751 = ORIENTED_EDGE('',*,*,#1418,.T.);
#8752 = ORIENTED_EDGE('',*,*,#8753,.T.);
#8753 = EDGE_CURVE('',#1419,#4452,#8754,.T.);
#8754 = LINE('',#8755,#8756);
#8755 = CARTESIAN_POINT('',(85.211998,-96.747737,-4.6E-02));
#8756 = VECTOR('',#8757,1.);
#8757 = DIRECTION('',(0.,0.,1.));
#8758 = ORIENTED_EDGE('',*,*,#4451,.F.);
#8759 = ORIENTED_EDGE('',*,*,#8753,.F.);
#8760 = CYLINDRICAL_SURFACE('',#8761,0.6);
#8761 = AXIS2_PLACEMENT_3D('',#8762,#8763,#8764);
#8762 = CARTESIAN_POINT('',(85.211998,-96.147737,-4.6E-02));
#8763 = DIRECTION('',(-0.,-0.,-1.));
#8764 = DIRECTION('',(-0.,-1.,0.));
#8765 = ADVANCED_FACE('',(#8766),#8777,.F.);
#8766 = FACE_BOUND('',#8767,.T.);
#8767 = EDGE_LOOP('',(#8768,#8769,#8775,#8776));
#8768 = ORIENTED_EDGE('',*,*,#1429,.T.);
#8769 = ORIENTED_EDGE('',*,*,#8770,.T.);
#8770 = EDGE_CURVE('',#1430,#4463,#8771,.T.);
#8771 = LINE('',#8772,#8773);
#8772 = CARTESIAN_POINT('',(90.545513,-95.902977,-4.6E-02));
#8773 = VECTOR('',#8774,1.);
#8774 = DIRECTION('',(0.,0.,1.));
#8775 = ORIENTED_EDGE('',*,*,#4462,.F.);
#8776 = ORIENTED_EDGE('',*,*,#8770,.F.);
#8777 = CYLINDRICAL_SURFACE('',#8778,0.6);
#8778 = AXIS2_PLACEMENT_3D('',#8779,#8780,#8781);
#8779 = CARTESIAN_POINT('',(90.545513,-95.302977,-4.6E-02));
#8780 = DIRECTION('',(-0.,-0.,-1.));
#8781 = DIRECTION('',(-0.,-1.,0.));
#8782 = ADVANCED_FACE('',(#8783),#8794,.F.);
#8783 = FACE_BOUND('',#8784,.T.);
#8784 = EDGE_LOOP('',(#8785,#8786,#8792,#8793));
#8785 = ORIENTED_EDGE('',*,*,#1440,.T.);
#8786 = ORIENTED_EDGE('',*,*,#8787,.T.);
#8787 = EDGE_CURVE('',#1441,#4474,#8788,.T.);
#8788 = LINE('',#8789,#8790);
#8789 = CARTESIAN_POINT('',(104.662098,-110.879137,-4.6E-02));
#8790 = VECTOR('',#8791,1.);
#8791 = DIRECTION('',(0.,0.,1.));
#8792 = ORIENTED_EDGE('',*,*,#4473,.F.);
#8793 = ORIENTED_EDGE('',*,*,#8787,.F.);
#8794 = CYLINDRICAL_SURFACE('',#8795,0.6);
#8795 = AXIS2_PLACEMENT_3D('',#8796,#8797,#8798);
#8796 = CARTESIAN_POINT('',(104.662098,-110.279137,-4.6E-02));
#8797 = DIRECTION('',(-0.,-0.,-1.));
#8798 = DIRECTION('',(-0.,-1.,0.));
#8799 = ADVANCED_FACE('',(#8800),#8811,.F.);
#8800 = FACE_BOUND('',#8801,.T.);
#8801 = EDGE_LOOP('',(#8802,#8803,#8809,#8810));
#8802 = ORIENTED_EDGE('',*,*,#1451,.T.);
#8803 = ORIENTED_EDGE('',*,*,#8804,.T.);
#8804 = EDGE_CURVE('',#1452,#4485,#8805,.T.);
#8805 = LINE('',#8806,#8807);
#8806 = CARTESIAN_POINT('',(110.448559,-103.891289,-4.6E-02));
#8807 = VECTOR('',#8808,1.);
#8808 = DIRECTION('',(0.,0.,1.));
#8809 = ORIENTED_EDGE('',*,*,#4484,.F.);
#8810 = ORIENTED_EDGE('',*,*,#8804,.F.);
#8811 = CYLINDRICAL_SURFACE('',#8812,0.5);
#8812 = AXIS2_PLACEMENT_3D('',#8813,#8814,#8815);
#8813 = CARTESIAN_POINT('',(110.448559,-103.391289,-4.6E-02));
#8814 = DIRECTION('',(-0.,-0.,-1.));
#8815 = DIRECTION('',(-0.,-1.,0.));
#8816 = ADVANCED_FACE('',(#8817),#8828,.F.);
#8817 = FACE_BOUND('',#8818,.T.);
#8818 = EDGE_LOOP('',(#8819,#8820,#8826,#8827));
#8819 = ORIENTED_EDGE('',*,*,#1462,.T.);
#8820 = ORIENTED_EDGE('',*,*,#8821,.T.);
#8821 = EDGE_CURVE('',#1463,#4496,#8822,.T.);
#8822 = LINE('',#8823,#8824);
#8823 = CARTESIAN_POINT('',(113.733545,-103.561336,-4.6E-02));
#8824 = VECTOR('',#8825,1.);
#8825 = DIRECTION('',(0.,0.,1.));
#8826 = ORIENTED_EDGE('',*,*,#4495,.F.);
#8827 = ORIENTED_EDGE('',*,*,#8821,.F.);
#8828 = CYLINDRICAL_SURFACE('',#8829,0.5);
#8829 = AXIS2_PLACEMENT_3D('',#8830,#8831,#8832);
#8830 = CARTESIAN_POINT('',(113.733545,-103.061336,-4.6E-02));
#8831 = DIRECTION('',(-0.,-0.,-1.));
#8832 = DIRECTION('',(-0.,-1.,0.));
#8833 = ADVANCED_FACE('',(#8834),#8845,.F.);
#8834 = FACE_BOUND('',#8835,.T.);
#8835 = EDGE_LOOP('',(#8836,#8837,#8843,#8844));
#8836 = ORIENTED_EDGE('',*,*,#1473,.T.);
#8837 = ORIENTED_EDGE('',*,*,#8838,.T.);
#8838 = EDGE_CURVE('',#1474,#4507,#8839,.T.);
#8839 = LINE('',#8840,#8841);
#8840 = CARTESIAN_POINT('',(99.588072,-99.838088,-4.6E-02));
#8841 = VECTOR('',#8842,1.);
#8842 = DIRECTION('',(0.,0.,1.));
#8843 = ORIENTED_EDGE('',*,*,#4506,.F.);
#8844 = ORIENTED_EDGE('',*,*,#8838,.F.);
#8845 = CYLINDRICAL_SURFACE('',#8846,0.5);
#8846 = AXIS2_PLACEMENT_3D('',#8847,#8848,#8849);
#8847 = CARTESIAN_POINT('',(99.588072,-99.338088,-4.6E-02));
#8848 = DIRECTION('',(-0.,-0.,-1.));
#8849 = DIRECTION('',(-0.,-1.,0.));
#8850 = ADVANCED_FACE('',(#8851),#8862,.F.);
#8851 = FACE_BOUND('',#8852,.T.);
#8852 = EDGE_LOOP('',(#8853,#8854,#8860,#8861));
#8853 = ORIENTED_EDGE('',*,*,#1484,.T.);
#8854 = ORIENTED_EDGE('',*,*,#8855,.T.);
#8855 = EDGE_CURVE('',#1485,#4518,#8856,.T.);
#8856 = LINE('',#8857,#8858);
#8857 = CARTESIAN_POINT('',(102.863087,-99.420623,-4.6E-02));
#8858 = VECTOR('',#8859,1.);
#8859 = DIRECTION('',(0.,0.,1.));
#8860 = ORIENTED_EDGE('',*,*,#4517,.F.);
#8861 = ORIENTED_EDGE('',*,*,#8855,.F.);
#8862 = CYLINDRICAL_SURFACE('',#8863,0.5);
#8863 = AXIS2_PLACEMENT_3D('',#8864,#8865,#8866);
#8864 = CARTESIAN_POINT('',(102.863087,-98.920623,-4.6E-02));
#8865 = DIRECTION('',(-0.,-0.,-1.));
#8866 = DIRECTION('',(-0.,-1.,0.));
#8867 = ADVANCED_FACE('',(#8868),#8879,.F.);
#8868 = FACE_BOUND('',#8869,.T.);
#8869 = EDGE_LOOP('',(#8870,#8871,#8877,#8878));
#8870 = ORIENTED_EDGE('',*,*,#1495,.T.);
#8871 = ORIENTED_EDGE('',*,*,#8872,.T.);
#8872 = EDGE_CURVE('',#1496,#4529,#8873,.T.);
#8873 = LINE('',#8874,#8875);
#8874 = CARTESIAN_POINT('',(102.002698,-94.088337,-4.6E-02));
#8875 = VECTOR('',#8876,1.);
#8876 = DIRECTION('',(0.,0.,1.));
#8877 = ORIENTED_EDGE('',*,*,#4528,.F.);
#8878 = ORIENTED_EDGE('',*,*,#8872,.F.);
#8879 = CYLINDRICAL_SURFACE('',#8880,0.6);
#8880 = AXIS2_PLACEMENT_3D('',#8881,#8882,#8883);
#8881 = CARTESIAN_POINT('',(102.002698,-93.488337,-4.6E-02));
#8882 = DIRECTION('',(-0.,-0.,-1.));
#8883 = DIRECTION('',(-2.368475785867E-14,-1.,0.));
#8884 = ADVANCED_FACE('',(#8885),#8896,.F.);
#8885 = FACE_BOUND('',#8886,.T.);
#8886 = EDGE_LOOP('',(#8887,#8888,#8894,#8895));
#8887 = ORIENTED_EDGE('',*,*,#1506,.T.);
#8888 = ORIENTED_EDGE('',*,*,#8889,.T.);
#8889 = EDGE_CURVE('',#1507,#4540,#8890,.T.);
#8890 = LINE('',#8891,#8892);
#8891 = CARTESIAN_POINT('',(110.064898,-98.504686,-4.6E-02));
#8892 = VECTOR('',#8893,1.);
#8893 = DIRECTION('',(0.,0.,1.));
#8894 = ORIENTED_EDGE('',*,*,#4539,.F.);
#8895 = ORIENTED_EDGE('',*,*,#8889,.F.);
#8896 = CYLINDRICAL_SURFACE('',#8897,0.6);
#8897 = AXIS2_PLACEMENT_3D('',#8898,#8899,#8900);
#8898 = CARTESIAN_POINT('',(110.064898,-97.904686,-4.6E-02));
#8899 = DIRECTION('',(-0.,-0.,-1.));
#8900 = DIRECTION('',(-0.,-1.,0.));
#8901 = ADVANCED_FACE('',(#8902),#8913,.F.);
#8902 = FACE_BOUND('',#8903,.T.);
#8903 = EDGE_LOOP('',(#8904,#8905,#8911,#8912));
#8904 = ORIENTED_EDGE('',*,*,#1517,.T.);
#8905 = ORIENTED_EDGE('',*,*,#8906,.T.);
#8906 = EDGE_CURVE('',#1518,#4551,#8907,.T.);
#8907 = LINE('',#8908,#8909);
#8908 = CARTESIAN_POINT('',(118.721365,-103.212554,-4.6E-02));
#8909 = VECTOR('',#8910,1.);
#8910 = DIRECTION('',(0.,0.,1.));
#8911 = ORIENTED_EDGE('',*,*,#4550,.F.);
#8912 = ORIENTED_EDGE('',*,*,#8906,.F.);
#8913 = CYLINDRICAL_SURFACE('',#8914,0.5);
#8914 = AXIS2_PLACEMENT_3D('',#8915,#8916,#8917);
#8915 = CARTESIAN_POINT('',(118.721365,-102.712554,-4.6E-02));
#8916 = DIRECTION('',(-0.,-0.,-1.));
#8917 = DIRECTION('',(-0.,-1.,0.));
#8918 = ADVANCED_FACE('',(#8919),#8930,.F.);
#8919 = FACE_BOUND('',#8920,.T.);
#8920 = EDGE_LOOP('',(#8921,#8922,#8928,#8929));
#8921 = ORIENTED_EDGE('',*,*,#1528,.T.);
#8922 = ORIENTED_EDGE('',*,*,#8923,.T.);
#8923 = EDGE_CURVE('',#1529,#4562,#8924,.T.);
#8924 = LINE('',#8925,#8926);
#8925 = CARTESIAN_POINT('',(122.020302,-103.082114,-4.6E-02));
#8926 = VECTOR('',#8927,1.);
#8927 = DIRECTION('',(0.,0.,1.));
#8928 = ORIENTED_EDGE('',*,*,#4561,.F.);
#8929 = ORIENTED_EDGE('',*,*,#8923,.F.);
#8930 = CYLINDRICAL_SURFACE('',#8931,0.5);
#8931 = AXIS2_PLACEMENT_3D('',#8932,#8933,#8934);
#8932 = CARTESIAN_POINT('',(122.020302,-102.582114,-4.6E-02));
#8933 = DIRECTION('',(-0.,-0.,-1.));
#8934 = DIRECTION('',(-0.,-1.,0.));
#8935 = ADVANCED_FACE('',(#8936),#8947,.F.);
#8936 = FACE_BOUND('',#8937,.T.);
#8937 = EDGE_LOOP('',(#8938,#8939,#8945,#8946));
#8938 = ORIENTED_EDGE('',*,*,#1539,.T.);
#8939 = ORIENTED_EDGE('',*,*,#8940,.T.);
#8940 = EDGE_CURVE('',#1540,#4573,#8941,.T.);
#8941 = LINE('',#8942,#8943);
#8942 = CARTESIAN_POINT('',(121.636641,-97.695511,-4.6E-02));
#8943 = VECTOR('',#8944,1.);
#8944 = DIRECTION('',(0.,0.,1.));
#8945 = ORIENTED_EDGE('',*,*,#4572,.F.);
#8946 = ORIENTED_EDGE('',*,*,#8940,.F.);
#8947 = CYLINDRICAL_SURFACE('',#8948,0.6);
#8948 = AXIS2_PLACEMENT_3D('',#8949,#8950,#8951);
#8949 = CARTESIAN_POINT('',(121.636641,-97.095511,-4.6E-02));
#8950 = DIRECTION('',(-0.,-0.,-1.));
#8951 = DIRECTION('',(-0.,-1.,0.));
#8952 = ADVANCED_FACE('',(#8953),#8964,.F.);
#8953 = FACE_BOUND('',#8954,.T.);
#8954 = EDGE_LOOP('',(#8955,#8956,#8962,#8963));
#8955 = ORIENTED_EDGE('',*,*,#1550,.T.);
#8956 = ORIENTED_EDGE('',*,*,#8957,.T.);
#8957 = EDGE_CURVE('',#1551,#4584,#8958,.T.);
#8958 = LINE('',#8959,#8960);
#8959 = CARTESIAN_POINT('',(127.85,-97.25,-4.6E-02));
#8960 = VECTOR('',#8961,1.);
#8961 = DIRECTION('',(0.,0.,1.));
#8962 = ORIENTED_EDGE('',*,*,#4583,.F.);
#8963 = ORIENTED_EDGE('',*,*,#8957,.F.);
#8964 = CYLINDRICAL_SURFACE('',#8965,0.5);
#8965 = AXIS2_PLACEMENT_3D('',#8966,#8967,#8968);
#8966 = CARTESIAN_POINT('',(127.85,-96.75,-4.6E-02));
#8967 = DIRECTION('',(-0.,-0.,-1.));
#8968 = DIRECTION('',(-0.,-1.,0.));
#8969 = ADVANCED_FACE('',(#8970),#8981,.F.);
#8970 = FACE_BOUND('',#8971,.T.);
#8971 = EDGE_LOOP('',(#8972,#8973,#8979,#8980));
#8972 = ORIENTED_EDGE('',*,*,#1561,.T.);
#8973 = ORIENTED_EDGE('',*,*,#8974,.T.);
#8974 = EDGE_CURVE('',#1562,#4595,#8975,.T.);
#8975 = LINE('',#8976,#8977);
#8976 = CARTESIAN_POINT('',(131.15,-97.15,-4.6E-02));
#8977 = VECTOR('',#8978,1.);
#8978 = DIRECTION('',(0.,0.,1.));
#8979 = ORIENTED_EDGE('',*,*,#4594,.F.);
#8980 = ORIENTED_EDGE('',*,*,#8974,.F.);
#8981 = CYLINDRICAL_SURFACE('',#8982,0.5);
#8982 = AXIS2_PLACEMENT_3D('',#8983,#8984,#8985);
#8983 = CARTESIAN_POINT('',(131.15,-96.65,-4.6E-02));
#8984 = DIRECTION('',(-0.,-0.,-1.));
#8985 = DIRECTION('',(-0.,-1.,0.));
#8986 = ADVANCED_FACE('',(#8987),#8998,.F.);
#8987 = FACE_BOUND('',#8988,.T.);
#8988 = EDGE_LOOP('',(#8989,#8990,#8996,#8997));
#8989 = ORIENTED_EDGE('',*,*,#1572,.T.);
#8990 = ORIENTED_EDGE('',*,*,#8991,.T.);
#8991 = EDGE_CURVE('',#1573,#4606,#8992,.T.);
#8992 = LINE('',#8993,#8994);
#8993 = CARTESIAN_POINT('',(138.612806,-130.978892,-4.6E-02));
#8994 = VECTOR('',#8995,1.);
#8995 = DIRECTION('',(0.,0.,1.));
#8996 = ORIENTED_EDGE('',*,*,#4605,.F.);
#8997 = ORIENTED_EDGE('',*,*,#8991,.F.);
#8998 = CYLINDRICAL_SURFACE('',#8999,0.6);
#8999 = AXIS2_PLACEMENT_3D('',#9000,#9001,#9002);
#9000 = CARTESIAN_POINT('',(138.612806,-130.378892,-4.6E-02));
#9001 = DIRECTION('',(-0.,-0.,-1.));
#9002 = DIRECTION('',(-0.,-1.,0.));
#9003 = ADVANCED_FACE('',(#9004),#9015,.F.);
#9004 = FACE_BOUND('',#9005,.T.);
#9005 = EDGE_LOOP('',(#9006,#9007,#9013,#9014));
#9006 = ORIENTED_EDGE('',*,*,#1583,.T.);
#9007 = ORIENTED_EDGE('',*,*,#9008,.T.);
#9008 = EDGE_CURVE('',#1584,#4617,#9009,.T.);
#9009 = LINE('',#9010,#9011);
#9010 = CARTESIAN_POINT('',(143.85,-123.25,-4.6E-02));
#9011 = VECTOR('',#9012,1.);
#9012 = DIRECTION('',(0.,0.,1.));
#9013 = ORIENTED_EDGE('',*,*,#4616,.F.);
#9014 = ORIENTED_EDGE('',*,*,#9008,.F.);
#9015 = CYLINDRICAL_SURFACE('',#9016,0.5);
#9016 = AXIS2_PLACEMENT_3D('',#9017,#9018,#9019);
#9017 = CARTESIAN_POINT('',(143.85,-122.75,-4.6E-02));
#9018 = DIRECTION('',(-0.,-0.,-1.));
#9019 = DIRECTION('',(-0.,-1.,0.));
#9020 = ADVANCED_FACE('',(#9021),#9032,.F.);
#9021 = FACE_BOUND('',#9022,.T.);
#9022 = EDGE_LOOP('',(#9023,#9024,#9030,#9031));
#9023 = ORIENTED_EDGE('',*,*,#1594,.T.);
#9024 = ORIENTED_EDGE('',*,*,#9025,.T.);
#9025 = EDGE_CURVE('',#1595,#4628,#9026,.T.);
#9026 = LINE('',#9027,#9028);
#9027 = CARTESIAN_POINT('',(147.15,-123.15,-4.6E-02));
#9028 = VECTOR('',#9029,1.);
#9029 = DIRECTION('',(0.,0.,1.));
#9030 = ORIENTED_EDGE('',*,*,#4627,.F.);
#9031 = ORIENTED_EDGE('',*,*,#9025,.F.);
#9032 = CYLINDRICAL_SURFACE('',#9033,0.5);
#9033 = AXIS2_PLACEMENT_3D('',#9034,#9035,#9036);
#9034 = CARTESIAN_POINT('',(147.15,-122.65,-4.6E-02));
#9035 = DIRECTION('',(-0.,-0.,-1.));
#9036 = DIRECTION('',(-0.,-1.,0.));
#9037 = ADVANCED_FACE('',(#9038),#9049,.F.);
#9038 = FACE_BOUND('',#9039,.T.);
#9039 = EDGE_LOOP('',(#9040,#9041,#9047,#9048));
#9040 = ORIENTED_EDGE('',*,*,#1605,.T.);
#9041 = ORIENTED_EDGE('',*,*,#9042,.T.);
#9042 = EDGE_CURVE('',#1606,#4639,#9043,.T.);
#9043 = LINE('',#9044,#9045);
#9044 = CARTESIAN_POINT('',(152.15,-123.15,-4.6E-02));
#9045 = VECTOR('',#9046,1.);
#9046 = DIRECTION('',(0.,0.,1.));
#9047 = ORIENTED_EDGE('',*,*,#4638,.F.);
#9048 = ORIENTED_EDGE('',*,*,#9042,.F.);
#9049 = CYLINDRICAL_SURFACE('',#9050,0.5);
#9050 = AXIS2_PLACEMENT_3D('',#9051,#9052,#9053);
#9051 = CARTESIAN_POINT('',(152.15,-122.65,-4.6E-02));
#9052 = DIRECTION('',(-0.,-0.,-1.));
#9053 = DIRECTION('',(-0.,-1.,0.));
#9054 = ADVANCED_FACE('',(#9055),#9066,.F.);
#9055 = FACE_BOUND('',#9056,.T.);
#9056 = EDGE_LOOP('',(#9057,#9058,#9064,#9065));
#9057 = ORIENTED_EDGE('',*,*,#1616,.T.);
#9058 = ORIENTED_EDGE('',*,*,#9059,.T.);
#9059 = EDGE_CURVE('',#1617,#4650,#9060,.T.);
#9060 = LINE('',#9061,#9062);
#9061 = CARTESIAN_POINT('',(155.45,-123.25,-4.6E-02));
#9062 = VECTOR('',#9063,1.);
#9063 = DIRECTION('',(0.,0.,1.));
#9064 = ORIENTED_EDGE('',*,*,#4649,.F.);
#9065 = ORIENTED_EDGE('',*,*,#9059,.F.);
#9066 = CYLINDRICAL_SURFACE('',#9067,0.5);
#9067 = AXIS2_PLACEMENT_3D('',#9068,#9069,#9070);
#9068 = CARTESIAN_POINT('',(155.45,-122.75,-4.6E-02));
#9069 = DIRECTION('',(-0.,-0.,-1.));
#9070 = DIRECTION('',(-0.,-1.,0.));
#9071 = ADVANCED_FACE('',(#9072),#9083,.F.);
#9072 = FACE_BOUND('',#9073,.T.);
#9073 = EDGE_LOOP('',(#9074,#9075,#9081,#9082));
#9074 = ORIENTED_EDGE('',*,*,#1627,.T.);
#9075 = ORIENTED_EDGE('',*,*,#9076,.T.);
#9076 = EDGE_CURVE('',#1628,#4661,#9077,.T.);
#9077 = LINE('',#9078,#9079);
#9078 = CARTESIAN_POINT('',(163.368492,-123.911432,-4.6E-02));
#9079 = VECTOR('',#9080,1.);
#9080 = DIRECTION('',(0.,0.,1.));
#9081 = ORIENTED_EDGE('',*,*,#4660,.F.);
#9082 = ORIENTED_EDGE('',*,*,#9076,.F.);
#9083 = CYLINDRICAL_SURFACE('',#9084,0.5);
#9084 = AXIS2_PLACEMENT_3D('',#9085,#9086,#9087);
#9085 = CARTESIAN_POINT('',(163.368492,-123.411432,-4.6E-02));
#9086 = DIRECTION('',(-0.,-0.,-1.));
#9087 = DIRECTION('',(-0.,-1.,0.));
#9088 = ADVANCED_FACE('',(#9089),#9100,.F.);
#9089 = FACE_BOUND('',#9090,.T.);
#9090 = EDGE_LOOP('',(#9091,#9092,#9098,#9099));
#9091 = ORIENTED_EDGE('',*,*,#1638,.T.);
#9092 = ORIENTED_EDGE('',*,*,#9093,.T.);
#9093 = EDGE_CURVE('',#1639,#4672,#9094,.T.);
#9094 = LINE('',#9095,#9096);
#9095 = CARTESIAN_POINT('',(166.664651,-124.099427,-4.6E-02));
#9096 = VECTOR('',#9097,1.);
#9097 = DIRECTION('',(0.,0.,1.));
#9098 = ORIENTED_EDGE('',*,*,#4671,.F.);
#9099 = ORIENTED_EDGE('',*,*,#9093,.F.);
#9100 = CYLINDRICAL_SURFACE('',#9101,0.5);
#9101 = AXIS2_PLACEMENT_3D('',#9102,#9103,#9104);
#9102 = CARTESIAN_POINT('',(166.664651,-123.599427,-4.6E-02));
#9103 = DIRECTION('',(-0.,-0.,-1.));
#9104 = DIRECTION('',(-0.,-1.,0.));
#9105 = ADVANCED_FACE('',(#9106),#9117,.F.);
#9106 = FACE_BOUND('',#9107,.T.);
#9107 = EDGE_LOOP('',(#9108,#9109,#9115,#9116));
#9108 = ORIENTED_EDGE('',*,*,#1649,.T.);
#9109 = ORIENTED_EDGE('',*,*,#9110,.T.);
#9110 = EDGE_CURVE('',#1650,#4683,#9111,.T.);
#9111 = LINE('',#9112,#9113);
#9112 = CARTESIAN_POINT('',(143.85,-117.85,-4.6E-02));
#9113 = VECTOR('',#9114,1.);
#9114 = DIRECTION('',(0.,0.,1.));
#9115 = ORIENTED_EDGE('',*,*,#4682,.F.);
#9116 = ORIENTED_EDGE('',*,*,#9110,.F.);
#9117 = CYLINDRICAL_SURFACE('',#9118,0.6);
#9118 = AXIS2_PLACEMENT_3D('',#9119,#9120,#9121);
#9119 = CARTESIAN_POINT('',(143.85,-117.25,-4.6E-02));
#9120 = DIRECTION('',(-0.,-0.,-1.));
#9121 = DIRECTION('',(-0.,-1.,0.));
#9122 = ADVANCED_FACE('',(#9123),#9134,.F.);
#9123 = FACE_BOUND('',#9124,.T.);
#9124 = EDGE_LOOP('',(#9125,#9126,#9132,#9133));
#9125 = ORIENTED_EDGE('',*,*,#1660,.T.);
#9126 = ORIENTED_EDGE('',*,*,#9127,.T.);
#9127 = EDGE_CURVE('',#1661,#4694,#9128,.T.);
#9128 = LINE('',#9129,#9130);
#9129 = CARTESIAN_POINT('',(155.45,-117.85,-4.6E-02));
#9130 = VECTOR('',#9131,1.);
#9131 = DIRECTION('',(0.,0.,1.));
#9132 = ORIENTED_EDGE('',*,*,#4693,.F.);
#9133 = ORIENTED_EDGE('',*,*,#9127,.F.);
#9134 = CYLINDRICAL_SURFACE('',#9135,0.6);
#9135 = AXIS2_PLACEMENT_3D('',#9136,#9137,#9138);
#9136 = CARTESIAN_POINT('',(155.45,-117.25,-4.6E-02));
#9137 = DIRECTION('',(-0.,-0.,-1.));
#9138 = DIRECTION('',(-0.,-1.,0.));
#9139 = ADVANCED_FACE('',(#9140),#9151,.F.);
#9140 = FACE_BOUND('',#9141,.T.);
#9141 = EDGE_LOOP('',(#9142,#9143,#9149,#9150));
#9142 = ORIENTED_EDGE('',*,*,#1671,.T.);
#9143 = ORIENTED_EDGE('',*,*,#9144,.T.);
#9144 = EDGE_CURVE('',#1672,#4705,#9145,.T.);
#9145 = LINE('',#9146,#9147);
#9146 = CARTESIAN_POINT('',(163.847849,-118.532361,-4.6E-02));
#9147 = VECTOR('',#9148,1.);
#9148 = DIRECTION('',(0.,0.,1.));
#9149 = ORIENTED_EDGE('',*,*,#4704,.F.);
#9150 = ORIENTED_EDGE('',*,*,#9144,.F.);
#9151 = CYLINDRICAL_SURFACE('',#9152,0.6);
#9152 = AXIS2_PLACEMENT_3D('',#9153,#9154,#9155);
#9153 = CARTESIAN_POINT('',(163.847849,-117.932361,-4.6E-02));
#9154 = DIRECTION('',(-0.,-0.,-1.));
#9155 = DIRECTION('',(-0.,-1.,0.));
#9156 = ADVANCED_FACE('',(#9157),#9168,.F.);
#9157 = FACE_BOUND('',#9158,.T.);
#9158 = EDGE_LOOP('',(#9159,#9160,#9166,#9167));
#9159 = ORIENTED_EDGE('',*,*,#1682,.T.);
#9160 = ORIENTED_EDGE('',*,*,#9161,.T.);
#9161 = EDGE_CURVE('',#1683,#4716,#9162,.T.);
#9162 = LINE('',#9163,#9164);
#9163 = CARTESIAN_POINT('',(171.645624,-124.535205,-4.6E-02));
#9164 = VECTOR('',#9165,1.);
#9165 = DIRECTION('',(0.,0.,1.));
#9166 = ORIENTED_EDGE('',*,*,#4715,.F.);
#9167 = ORIENTED_EDGE('',*,*,#9161,.F.);
#9168 = CYLINDRICAL_SURFACE('',#9169,0.5);
#9169 = AXIS2_PLACEMENT_3D('',#9170,#9171,#9172);
#9170 = CARTESIAN_POINT('',(171.645624,-124.035205,-4.6E-02));
#9171 = DIRECTION('',(-0.,-0.,-1.));
#9172 = DIRECTION('',(-0.,-1.,0.));
#9173 = ADVANCED_FACE('',(#9174),#9185,.F.);
#9174 = FACE_BOUND('',#9175,.T.);
#9175 = EDGE_LOOP('',(#9176,#9177,#9183,#9184));
#9176 = ORIENTED_EDGE('',*,*,#1693,.T.);
#9177 = ORIENTED_EDGE('',*,*,#9178,.T.);
#9178 = EDGE_CURVE('',#1694,#4727,#9179,.T.);
#9179 = LINE('',#9180,#9181);
#9180 = CARTESIAN_POINT('',(174.924351,-124.922439,-4.6E-02));
#9181 = VECTOR('',#9182,1.);
#9182 = DIRECTION('',(0.,0.,1.));
#9183 = ORIENTED_EDGE('',*,*,#4726,.F.);
#9184 = ORIENTED_EDGE('',*,*,#9178,.F.);
#9185 = CYLINDRICAL_SURFACE('',#9186,0.5);
#9186 = AXIS2_PLACEMENT_3D('',#9187,#9188,#9189);
#9187 = CARTESIAN_POINT('',(174.924351,-124.422439,-4.6E-02));
#9188 = DIRECTION('',(-0.,-0.,-1.));
#9189 = DIRECTION('',(-0.,-1.,0.));
#9190 = ADVANCED_FACE('',(#9191),#9202,.F.);
#9191 = FACE_BOUND('',#9192,.T.);
#9192 = EDGE_LOOP('',(#9193,#9194,#9200,#9201));
#9193 = ORIENTED_EDGE('',*,*,#1704,.T.);
#9194 = ORIENTED_EDGE('',*,*,#9195,.T.);
#9195 = EDGE_CURVE('',#1705,#4738,#9196,.T.);
#9196 = LINE('',#9197,#9198);
#9197 = CARTESIAN_POINT('',(190.625338,-128.116773,-4.6E-02));
#9198 = VECTOR('',#9199,1.);
#9199 = DIRECTION('',(0.,0.,1.));
#9200 = ORIENTED_EDGE('',*,*,#4737,.F.);
#9201 = ORIENTED_EDGE('',*,*,#9195,.F.);
#9202 = CYLINDRICAL_SURFACE('',#9203,0.5);
#9203 = AXIS2_PLACEMENT_3D('',#9204,#9205,#9206);
#9204 = CARTESIAN_POINT('',(190.625338,-127.616773,-4.6E-02));
#9205 = DIRECTION('',(-0.,-0.,-1.));
#9206 = DIRECTION('',(-0.,-1.,0.));
#9207 = ADVANCED_FACE('',(#9208),#9219,.F.);
#9208 = FACE_BOUND('',#9209,.T.);
#9209 = EDGE_LOOP('',(#9210,#9211,#9217,#9218));
#9210 = ORIENTED_EDGE('',*,*,#1715,.T.);
#9211 = ORIENTED_EDGE('',*,*,#9212,.T.);
#9212 = EDGE_CURVE('',#1716,#4749,#9213,.T.);
#9213 = LINE('',#9214,#9215);
#9214 = CARTESIAN_POINT('',(185.457028,-126.335662,-4.6E-02));
#9215 = VECTOR('',#9216,1.);
#9216 = DIRECTION('',(0.,0.,1.));
#9217 = ORIENTED_EDGE('',*,*,#4748,.F.);
#9218 = ORIENTED_EDGE('',*,*,#9212,.F.);
#9219 = CYLINDRICAL_SURFACE('',#9220,0.6);
#9220 = AXIS2_PLACEMENT_3D('',#9221,#9222,#9223);
#9221 = CARTESIAN_POINT('',(185.457028,-125.735662,-4.6E-02));
#9222 = DIRECTION('',(-0.,-0.,-1.));
#9223 = DIRECTION('',(-0.,-1.,0.));
#9224 = ADVANCED_FACE('',(#9225),#9236,.F.);
#9225 = FACE_BOUND('',#9226,.T.);
#9226 = EDGE_LOOP('',(#9227,#9228,#9234,#9235));
#9227 = ORIENTED_EDGE('',*,*,#1726,.T.);
#9228 = ORIENTED_EDGE('',*,*,#9229,.T.);
#9229 = EDGE_CURVE('',#1727,#4760,#9230,.T.);
#9230 = LINE('',#9231,#9232);
#9231 = CARTESIAN_POINT('',(191.660035,-124.981585,-4.6E-02));
#9232 = VECTOR('',#9233,1.);
#9233 = DIRECTION('',(0.,0.,1.));
#9234 = ORIENTED_EDGE('',*,*,#4759,.F.);
#9235 = ORIENTED_EDGE('',*,*,#9229,.F.);
#9236 = CYLINDRICAL_SURFACE('',#9237,0.5);
#9237 = AXIS2_PLACEMENT_3D('',#9238,#9239,#9240);
#9238 = CARTESIAN_POINT('',(191.660035,-124.481585,-4.6E-02));
#9239 = DIRECTION('',(-0.,-0.,-1.));
#9240 = DIRECTION('',(-0.,-1.,0.));
#9241 = ADVANCED_FACE('',(#9242),#9253,.F.);
#9242 = FACE_BOUND('',#9243,.T.);
#9243 = EDGE_LOOP('',(#9244,#9245,#9251,#9252));
#9244 = ORIENTED_EDGE('',*,*,#1737,.T.);
#9245 = ORIENTED_EDGE('',*,*,#9246,.T.);
#9246 = EDGE_CURVE('',#1738,#4771,#9247,.T.);
#9247 = LINE('',#9248,#9249);
#9248 = CARTESIAN_POINT('',(175.403708,-119.543368,-4.6E-02));
#9249 = VECTOR('',#9250,1.);
#9250 = DIRECTION('',(0.,0.,1.));
#9251 = ORIENTED_EDGE('',*,*,#4770,.F.);
#9252 = ORIENTED_EDGE('',*,*,#9246,.F.);
#9253 = CYLINDRICAL_SURFACE('',#9254,0.6);
#9254 = AXIS2_PLACEMENT_3D('',#9255,#9256,#9257);
#9255 = CARTESIAN_POINT('',(175.403708,-118.943368,-4.6E-02));
#9256 = DIRECTION('',(-0.,-0.,-1.));
#9257 = DIRECTION('',(-0.,-1.,0.));
#9258 = ADVANCED_FACE('',(#9259),#9270,.F.);
#9259 = FACE_BOUND('',#9260,.T.);
#9260 = EDGE_LOOP('',(#9261,#9262,#9268,#9269));
#9261 = ORIENTED_EDGE('',*,*,#1748,.T.);
#9262 = ORIENTED_EDGE('',*,*,#9263,.T.);
#9263 = EDGE_CURVE('',#1749,#4782,#9264,.T.);
#9264 = LINE('',#9265,#9266);
#9265 = CARTESIAN_POINT('',(193.370136,-120.283122,-4.6E-02));
#9266 = VECTOR('',#9267,1.);
#9267 = DIRECTION('',(0.,0.,1.));
#9268 = ORIENTED_EDGE('',*,*,#4781,.F.);
#9269 = ORIENTED_EDGE('',*,*,#9263,.F.);
#9270 = CYLINDRICAL_SURFACE('',#9271,0.5);
#9271 = AXIS2_PLACEMENT_3D('',#9272,#9273,#9274);
#9272 = CARTESIAN_POINT('',(193.370136,-119.783122,-4.6E-02));
#9273 = DIRECTION('',(-0.,-0.,-1.));
#9274 = DIRECTION('',(-0.,-1.,0.));
#9275 = ADVANCED_FACE('',(#9276),#9287,.F.);
#9276 = FACE_BOUND('',#9277,.T.);
#9277 = EDGE_LOOP('',(#9278,#9279,#9285,#9286));
#9278 = ORIENTED_EDGE('',*,*,#1759,.T.);
#9279 = ORIENTED_EDGE('',*,*,#9280,.T.);
#9280 = EDGE_CURVE('',#1760,#4793,#9281,.T.);
#9281 = LINE('',#9282,#9283);
#9282 = CARTESIAN_POINT('',(189.424462,-115.435227,-4.6E-02));
#9283 = VECTOR('',#9284,1.);
#9284 = DIRECTION('',(0.,0.,1.));
#9285 = ORIENTED_EDGE('',*,*,#4792,.F.);
#9286 = ORIENTED_EDGE('',*,*,#9280,.F.);
#9287 = CYLINDRICAL_SURFACE('',#9288,0.6);
#9288 = AXIS2_PLACEMENT_3D('',#9289,#9290,#9291);
#9289 = CARTESIAN_POINT('',(189.424462,-114.835227,-4.6E-02));
#9290 = DIRECTION('',(-0.,-0.,-1.));
#9291 = DIRECTION('',(-0.,-1.,0.));
#9292 = ADVANCED_FACE('',(#9293),#9304,.F.);
#9293 = FACE_BOUND('',#9294,.T.);
#9294 = EDGE_LOOP('',(#9295,#9296,#9302,#9303));
#9295 = ORIENTED_EDGE('',*,*,#1770,.T.);
#9296 = ORIENTED_EDGE('',*,*,#9297,.T.);
#9297 = EDGE_CURVE('',#1771,#4804,#9298,.T.);
#9298 = LINE('',#9299,#9300);
#9299 = CARTESIAN_POINT('',(194.592772,-117.216338,-4.6E-02));
#9300 = VECTOR('',#9301,1.);
#9301 = DIRECTION('',(0.,0.,1.));
#9302 = ORIENTED_EDGE('',*,*,#4803,.F.);
#9303 = ORIENTED_EDGE('',*,*,#9297,.F.);
#9304 = CYLINDRICAL_SURFACE('',#9305,0.5);
#9305 = AXIS2_PLACEMENT_3D('',#9306,#9307,#9308);
#9306 = CARTESIAN_POINT('',(194.592772,-116.716338,-4.6E-02));
#9307 = DIRECTION('',(-0.,-0.,-1.));
#9308 = DIRECTION('',(-0.,-1.,0.));
#9309 = ADVANCED_FACE('',(#9310),#9321,.F.);
#9310 = FACE_BOUND('',#9311,.T.);
#9311 = EDGE_LOOP('',(#9312,#9313,#9319,#9320));
#9312 = ORIENTED_EDGE('',*,*,#1781,.T.);
#9313 = ORIENTED_EDGE('',*,*,#9314,.T.);
#9314 = EDGE_CURVE('',#1782,#4815,#9315,.T.);
#9315 = LINE('',#9316,#9317);
#9316 = CARTESIAN_POINT('',(134.5,-110.1,-4.6E-02));
#9317 = VECTOR('',#9318,1.);
#9318 = DIRECTION('',(0.,0.,1.));
#9319 = ORIENTED_EDGE('',*,*,#4814,.F.);
#9320 = ORIENTED_EDGE('',*,*,#9314,.F.);
#9321 = CYLINDRICAL_SURFACE('',#9322,0.6);
#9322 = AXIS2_PLACEMENT_3D('',#9323,#9324,#9325);
#9323 = CARTESIAN_POINT('',(134.5,-109.5,-4.6E-02));
#9324 = DIRECTION('',(-0.,-0.,-1.));
#9325 = DIRECTION('',(-0.,-1.,0.));
#9326 = ADVANCED_FACE('',(#9327),#9338,.F.);
#9327 = FACE_BOUND('',#9328,.T.);
#9328 = EDGE_LOOP('',(#9329,#9330,#9336,#9337));
#9329 = ORIENTED_EDGE('',*,*,#1792,.T.);
#9330 = ORIENTED_EDGE('',*,*,#9331,.T.);
#9331 = EDGE_CURVE('',#1793,#4826,#9332,.T.);
#9332 = LINE('',#9333,#9334);
#9333 = CARTESIAN_POINT('',(161.85,-105.25,-4.6E-02));
#9334 = VECTOR('',#9335,1.);
#9335 = DIRECTION('',(0.,0.,1.));
#9336 = ORIENTED_EDGE('',*,*,#4825,.F.);
#9337 = ORIENTED_EDGE('',*,*,#9331,.F.);
#9338 = CYLINDRICAL_SURFACE('',#9339,0.5);
#9339 = AXIS2_PLACEMENT_3D('',#9340,#9341,#9342);
#9340 = CARTESIAN_POINT('',(161.85,-104.75,-4.6E-02));
#9341 = DIRECTION('',(-0.,-0.,-1.));
#9342 = DIRECTION('',(-0.,-1.,0.));
#9343 = ADVANCED_FACE('',(#9344),#9355,.F.);
#9344 = FACE_BOUND('',#9345,.T.);
#9345 = EDGE_LOOP('',(#9346,#9347,#9353,#9354));
#9346 = ORIENTED_EDGE('',*,*,#1803,.T.);
#9347 = ORIENTED_EDGE('',*,*,#9348,.T.);
#9348 = EDGE_CURVE('',#1804,#4837,#9349,.T.);
#9349 = LINE('',#9350,#9351);
#9350 = CARTESIAN_POINT('',(165.15,-105.15,-4.6E-02));
#9351 = VECTOR('',#9352,1.);
#9352 = DIRECTION('',(0.,0.,1.));
#9353 = ORIENTED_EDGE('',*,*,#4836,.F.);
#9354 = ORIENTED_EDGE('',*,*,#9348,.F.);
#9355 = CYLINDRICAL_SURFACE('',#9356,0.5);
#9356 = AXIS2_PLACEMENT_3D('',#9357,#9358,#9359);
#9357 = CARTESIAN_POINT('',(165.15,-104.65,-4.6E-02));
#9358 = DIRECTION('',(-0.,-0.,-1.));
#9359 = DIRECTION('',(-0.,-1.,0.));
#9360 = ADVANCED_FACE('',(#9361),#9372,.F.);
#9361 = FACE_BOUND('',#9362,.T.);
#9362 = EDGE_LOOP('',(#9363,#9364,#9370,#9371));
#9363 = ORIENTED_EDGE('',*,*,#1814,.T.);
#9364 = ORIENTED_EDGE('',*,*,#9365,.T.);
#9365 = EDGE_CURVE('',#1815,#4848,#9366,.T.);
#9366 = LINE('',#9367,#9368);
#9367 = CARTESIAN_POINT('',(144.85,-103.25,-4.6E-02));
#9368 = VECTOR('',#9369,1.);
#9369 = DIRECTION('',(0.,0.,1.));
#9370 = ORIENTED_EDGE('',*,*,#4847,.F.);
#9371 = ORIENTED_EDGE('',*,*,#9365,.F.);
#9372 = CYLINDRICAL_SURFACE('',#9373,0.5);
#9373 = AXIS2_PLACEMENT_3D('',#9374,#9375,#9376);
#9374 = CARTESIAN_POINT('',(144.85,-102.75,-4.6E-02));
#9375 = DIRECTION('',(-0.,-0.,-1.));
#9376 = DIRECTION('',(-0.,-1.,0.));
#9377 = ADVANCED_FACE('',(#9378),#9389,.F.);
#9378 = FACE_BOUND('',#9379,.T.);
#9379 = EDGE_LOOP('',(#9380,#9381,#9387,#9388));
#9380 = ORIENTED_EDGE('',*,*,#1825,.T.);
#9381 = ORIENTED_EDGE('',*,*,#9382,.T.);
#9382 = EDGE_CURVE('',#1826,#4859,#9383,.T.);
#9383 = LINE('',#9384,#9385);
#9384 = CARTESIAN_POINT('',(148.15,-103.15,-4.6E-02));
#9385 = VECTOR('',#9386,1.);
#9386 = DIRECTION('',(0.,0.,1.));
#9387 = ORIENTED_EDGE('',*,*,#4858,.F.);
#9388 = ORIENTED_EDGE('',*,*,#9382,.F.);
#9389 = CYLINDRICAL_SURFACE('',#9390,0.5);
#9390 = AXIS2_PLACEMENT_3D('',#9391,#9392,#9393);
#9391 = CARTESIAN_POINT('',(148.15,-102.65,-4.6E-02));
#9392 = DIRECTION('',(-0.,-0.,-1.));
#9393 = DIRECTION('',(-0.,-1.,0.));
#9394 = ADVANCED_FACE('',(#9395),#9406,.F.);
#9395 = FACE_BOUND('',#9396,.T.);
#9396 = EDGE_LOOP('',(#9397,#9398,#9404,#9405));
#9397 = ORIENTED_EDGE('',*,*,#1836,.T.);
#9398 = ORIENTED_EDGE('',*,*,#9399,.T.);
#9399 = EDGE_CURVE('',#1837,#4870,#9400,.T.);
#9400 = LINE('',#9401,#9402);
#9401 = CARTESIAN_POINT('',(136.15,-97.15,-4.6E-02));
#9402 = VECTOR('',#9403,1.);
#9403 = DIRECTION('',(0.,0.,1.));
#9404 = ORIENTED_EDGE('',*,*,#4869,.F.);
#9405 = ORIENTED_EDGE('',*,*,#9399,.F.);
#9406 = CYLINDRICAL_SURFACE('',#9407,0.5);
#9407 = AXIS2_PLACEMENT_3D('',#9408,#9409,#9410);
#9408 = CARTESIAN_POINT('',(136.15,-96.65,-4.6E-02));
#9409 = DIRECTION('',(-0.,-0.,-1.));
#9410 = DIRECTION('',(-0.,-1.,0.));
#9411 = ADVANCED_FACE('',(#9412),#9423,.F.);
#9412 = FACE_BOUND('',#9413,.T.);
#9413 = EDGE_LOOP('',(#9414,#9415,#9421,#9422));
#9414 = ORIENTED_EDGE('',*,*,#1847,.T.);
#9415 = ORIENTED_EDGE('',*,*,#9416,.T.);
#9416 = EDGE_CURVE('',#1848,#4881,#9417,.T.);
#9417 = LINE('',#9418,#9419);
#9418 = CARTESIAN_POINT('',(139.45,-97.25,-4.6E-02));
#9419 = VECTOR('',#9420,1.);
#9420 = DIRECTION('',(0.,0.,1.));
#9421 = ORIENTED_EDGE('',*,*,#4880,.F.);
#9422 = ORIENTED_EDGE('',*,*,#9416,.F.);
#9423 = CYLINDRICAL_SURFACE('',#9424,0.5);
#9424 = AXIS2_PLACEMENT_3D('',#9425,#9426,#9427);
#9425 = CARTESIAN_POINT('',(139.45,-96.75,-4.6E-02));
#9426 = DIRECTION('',(-0.,-0.,-1.));
#9427 = DIRECTION('',(-0.,-1.,0.));
#9428 = ADVANCED_FACE('',(#9429),#9440,.F.);
#9429 = FACE_BOUND('',#9430,.T.);
#9430 = EDGE_LOOP('',(#9431,#9432,#9438,#9439));
#9431 = ORIENTED_EDGE('',*,*,#1858,.T.);
#9432 = ORIENTED_EDGE('',*,*,#9433,.T.);
#9433 = EDGE_CURVE('',#1859,#4892,#9434,.T.);
#9434 = LINE('',#9435,#9436);
#9435 = CARTESIAN_POINT('',(144.85,-97.85,-4.6E-02));
#9436 = VECTOR('',#9437,1.);
#9437 = DIRECTION('',(0.,0.,1.));
#9438 = ORIENTED_EDGE('',*,*,#4891,.F.);
#9439 = ORIENTED_EDGE('',*,*,#9433,.F.);
#9440 = CYLINDRICAL_SURFACE('',#9441,0.6);
#9441 = AXIS2_PLACEMENT_3D('',#9442,#9443,#9444);
#9442 = CARTESIAN_POINT('',(144.85,-97.25,-4.6E-02));
#9443 = DIRECTION('',(-0.,-0.,-1.));
#9444 = DIRECTION('',(-0.,-1.,0.));
#9445 = ADVANCED_FACE('',(#9446),#9457,.F.);
#9446 = FACE_BOUND('',#9447,.T.);
#9447 = EDGE_LOOP('',(#9448,#9449,#9455,#9456));
#9448 = ORIENTED_EDGE('',*,*,#1869,.T.);
#9449 = ORIENTED_EDGE('',*,*,#9450,.T.);
#9450 = EDGE_CURVE('',#1870,#4903,#9451,.T.);
#9451 = LINE('',#9452,#9453);
#9452 = CARTESIAN_POINT('',(153.15,-103.15,-4.6E-02));
#9453 = VECTOR('',#9454,1.);
#9454 = DIRECTION('',(0.,0.,1.));
#9455 = ORIENTED_EDGE('',*,*,#4902,.F.);
#9456 = ORIENTED_EDGE('',*,*,#9450,.F.);
#9457 = CYLINDRICAL_SURFACE('',#9458,0.5);
#9458 = AXIS2_PLACEMENT_3D('',#9459,#9460,#9461);
#9459 = CARTESIAN_POINT('',(153.15,-102.65,-4.6E-02));
#9460 = DIRECTION('',(-0.,-0.,-1.));
#9461 = DIRECTION('',(-0.,-1.,0.));
#9462 = ADVANCED_FACE('',(#9463),#9474,.F.);
#9463 = FACE_BOUND('',#9464,.T.);
#9464 = EDGE_LOOP('',(#9465,#9466,#9472,#9473));
#9465 = ORIENTED_EDGE('',*,*,#1880,.T.);
#9466 = ORIENTED_EDGE('',*,*,#9467,.T.);
#9467 = EDGE_CURVE('',#1881,#4914,#9468,.T.);
#9468 = LINE('',#9469,#9470);
#9469 = CARTESIAN_POINT('',(156.45,-103.25,-4.6E-02));
#9470 = VECTOR('',#9471,1.);
#9471 = DIRECTION('',(0.,0.,1.));
#9472 = ORIENTED_EDGE('',*,*,#4913,.F.);
#9473 = ORIENTED_EDGE('',*,*,#9467,.F.);
#9474 = CYLINDRICAL_SURFACE('',#9475,0.5);
#9475 = AXIS2_PLACEMENT_3D('',#9476,#9477,#9478);
#9476 = CARTESIAN_POINT('',(156.45,-102.75,-4.6E-02));
#9477 = DIRECTION('',(-0.,-0.,-1.));
#9478 = DIRECTION('',(-0.,-1.,0.));
#9479 = ADVANCED_FACE('',(#9480),#9491,.F.);
#9480 = FACE_BOUND('',#9481,.T.);
#9481 = EDGE_LOOP('',(#9482,#9483,#9489,#9490));
#9482 = ORIENTED_EDGE('',*,*,#1891,.T.);
#9483 = ORIENTED_EDGE('',*,*,#9484,.T.);
#9484 = EDGE_CURVE('',#1892,#4925,#9485,.T.);
#9485 = LINE('',#9486,#9487);
#9486 = CARTESIAN_POINT('',(161.85,-99.85,-4.6E-02));
#9487 = VECTOR('',#9488,1.);
#9488 = DIRECTION('',(0.,0.,1.));
#9489 = ORIENTED_EDGE('',*,*,#4924,.F.);
#9490 = ORIENTED_EDGE('',*,*,#9484,.F.);
#9491 = CYLINDRICAL_SURFACE('',#9492,0.6);
#9492 = AXIS2_PLACEMENT_3D('',#9493,#9494,#9495);
#9493 = CARTESIAN_POINT('',(161.85,-99.25,-4.6E-02));
#9494 = DIRECTION('',(-0.,-0.,-1.));
#9495 = DIRECTION('',(-0.,-1.,0.));
#9496 = ADVANCED_FACE('',(#9497),#9508,.F.);
#9497 = FACE_BOUND('',#9498,.T.);
#9498 = EDGE_LOOP('',(#9499,#9500,#9506,#9507));
#9499 = ORIENTED_EDGE('',*,*,#1902,.T.);
#9500 = ORIENTED_EDGE('',*,*,#9501,.T.);
#9501 = EDGE_CURVE('',#1903,#4936,#9502,.T.);
#9502 = LINE('',#9503,#9504);
#9503 = CARTESIAN_POINT('',(156.45,-97.85,-4.6E-02));
#9504 = VECTOR('',#9505,1.);
#9505 = DIRECTION('',(0.,0.,1.));
#9506 = ORIENTED_EDGE('',*,*,#4935,.F.);
#9507 = ORIENTED_EDGE('',*,*,#9501,.F.);
#9508 = CYLINDRICAL_SURFACE('',#9509,0.6);
#9509 = AXIS2_PLACEMENT_3D('',#9510,#9511,#9512);
#9510 = CARTESIAN_POINT('',(156.45,-97.25,-4.6E-02));
#9511 = DIRECTION('',(-0.,-0.,-1.));
#9512 = DIRECTION('',(-0.,-1.,0.));
#9513 = ADVANCED_FACE('',(#9514),#9525,.F.);
#9514 = FACE_BOUND('',#9515,.T.);
#9515 = EDGE_LOOP('',(#9516,#9517,#9523,#9524));
#9516 = ORIENTED_EDGE('',*,*,#1913,.T.);
#9517 = ORIENTED_EDGE('',*,*,#9518,.T.);
#9518 = EDGE_CURVE('',#1914,#4947,#9519,.T.);
#9519 = LINE('',#9520,#9521);
#9520 = CARTESIAN_POINT('',(170.15,-105.15,-4.6E-02));
#9521 = VECTOR('',#9522,1.);
#9522 = DIRECTION('',(0.,0.,1.));
#9523 = ORIENTED_EDGE('',*,*,#4946,.F.);
#9524 = ORIENTED_EDGE('',*,*,#9518,.F.);
#9525 = CYLINDRICAL_SURFACE('',#9526,0.5);
#9526 = AXIS2_PLACEMENT_3D('',#9527,#9528,#9529);
#9527 = CARTESIAN_POINT('',(170.15,-104.65,-4.6E-02));
#9528 = DIRECTION('',(-0.,-0.,-1.));
#9529 = DIRECTION('',(-0.,-1.,0.));
#9530 = ADVANCED_FACE('',(#9531),#9542,.F.);
#9531 = FACE_BOUND('',#9532,.T.);
#9532 = EDGE_LOOP('',(#9533,#9534,#9540,#9541));
#9533 = ORIENTED_EDGE('',*,*,#1924,.T.);
#9534 = ORIENTED_EDGE('',*,*,#9535,.T.);
#9535 = EDGE_CURVE('',#1925,#4958,#9536,.T.);
#9536 = LINE('',#9537,#9538);
#9537 = CARTESIAN_POINT('',(173.45,-105.25,-4.6E-02));
#9538 = VECTOR('',#9539,1.);
#9539 = DIRECTION('',(0.,0.,1.));
#9540 = ORIENTED_EDGE('',*,*,#4957,.F.);
#9541 = ORIENTED_EDGE('',*,*,#9535,.F.);
#9542 = CYLINDRICAL_SURFACE('',#9543,0.5);
#9543 = AXIS2_PLACEMENT_3D('',#9544,#9545,#9546);
#9544 = CARTESIAN_POINT('',(173.45,-104.75,-4.6E-02));
#9545 = DIRECTION('',(-0.,-0.,-1.));
#9546 = DIRECTION('',(-0.,-1.,0.));
#9547 = ADVANCED_FACE('',(#9548),#9559,.F.);
#9548 = FACE_BOUND('',#9549,.T.);
#9549 = EDGE_LOOP('',(#9550,#9551,#9557,#9558));
#9550 = ORIENTED_EDGE('',*,*,#1935,.T.);
#9551 = ORIENTED_EDGE('',*,*,#9552,.T.);
#9552 = EDGE_CURVE('',#1936,#4969,#9553,.T.);
#9553 = LINE('',#9554,#9555);
#9554 = CARTESIAN_POINT('',(201.475,-107.45,-4.6E-02));
#9555 = VECTOR('',#9556,1.);
#9556 = DIRECTION('',(0.,0.,1.));
#9557 = ORIENTED_EDGE('',*,*,#4968,.F.);
#9558 = ORIENTED_EDGE('',*,*,#9552,.F.);
#9559 = CYLINDRICAL_SURFACE('',#9560,0.45);
#9560 = AXIS2_PLACEMENT_3D('',#9561,#9562,#9563);
#9561 = CARTESIAN_POINT('',(201.475,-107.,-4.6E-02));
#9562 = DIRECTION('',(-0.,-0.,-1.));
#9563 = DIRECTION('',(-6.315935428979E-14,-1.,0.));
#9564 = ADVANCED_FACE('',(#9565),#9576,.F.);
#9565 = FACE_BOUND('',#9566,.T.);
#9566 = EDGE_LOOP('',(#9567,#9568,#9574,#9575));
#9567 = ORIENTED_EDGE('',*,*,#1946,.T.);
#9568 = ORIENTED_EDGE('',*,*,#9569,.T.);
#9569 = EDGE_CURVE('',#1947,#4980,#9570,.T.);
#9570 = LINE('',#9571,#9572);
#9571 = CARTESIAN_POINT('',(201.475,-104.45,-4.6E-02));
#9572 = VECTOR('',#9573,1.);
#9573 = DIRECTION('',(0.,0.,1.));
#9574 = ORIENTED_EDGE('',*,*,#4979,.F.);
#9575 = ORIENTED_EDGE('',*,*,#9569,.F.);
#9576 = CYLINDRICAL_SURFACE('',#9577,0.45);
#9577 = AXIS2_PLACEMENT_3D('',#9578,#9579,#9580);
#9578 = CARTESIAN_POINT('',(201.475,-104.,-4.6E-02));
#9579 = DIRECTION('',(-0.,-0.,-1.));
#9580 = DIRECTION('',(-6.315935428979E-14,-1.,0.));
#9581 = ADVANCED_FACE('',(#9582),#9593,.F.);
#9582 = FACE_BOUND('',#9583,.T.);
#9583 = EDGE_LOOP('',(#9584,#9585,#9591,#9592));
#9584 = ORIENTED_EDGE('',*,*,#1957,.T.);
#9585 = ORIENTED_EDGE('',*,*,#9586,.T.);
#9586 = EDGE_CURVE('',#1958,#4991,#9587,.T.);
#9587 = LINE('',#9588,#9589);
#9588 = CARTESIAN_POINT('',(173.45,-99.85,-4.6E-02));
#9589 = VECTOR('',#9590,1.);
#9590 = DIRECTION('',(0.,0.,1.));
#9591 = ORIENTED_EDGE('',*,*,#4990,.F.);
#9592 = ORIENTED_EDGE('',*,*,#9586,.F.);
#9593 = CYLINDRICAL_SURFACE('',#9594,0.6);
#9594 = AXIS2_PLACEMENT_3D('',#9595,#9596,#9597);
#9595 = CARTESIAN_POINT('',(173.45,-99.25,-4.6E-02));
#9596 = DIRECTION('',(-0.,-0.,-1.));
#9597 = DIRECTION('',(-0.,-1.,0.));
#9598 = ADVANCED_FACE('',(#9599),#9610,.F.);
#9599 = FACE_BOUND('',#9600,.T.);
#9600 = EDGE_LOOP('',(#9601,#9602,#9608,#9609));
#9601 = ORIENTED_EDGE('',*,*,#1968,.T.);
#9602 = ORIENTED_EDGE('',*,*,#9603,.T.);
#9603 = EDGE_CURVE('',#1969,#5002,#9604,.T.);
#9604 = LINE('',#9605,#9606);
#9605 = CARTESIAN_POINT('',(180.,-100.1,-4.6E-02));
#9606 = VECTOR('',#9607,1.);
#9607 = DIRECTION('',(0.,0.,1.));
#9608 = ORIENTED_EDGE('',*,*,#5001,.F.);
#9609 = ORIENTED_EDGE('',*,*,#9603,.F.);
#9610 = CYLINDRICAL_SURFACE('',#9611,0.6);
#9611 = AXIS2_PLACEMENT_3D('',#9612,#9613,#9614);
#9612 = CARTESIAN_POINT('',(180.,-99.5,-4.6E-02));
#9613 = DIRECTION('',(-0.,-0.,-1.));
#9614 = DIRECTION('',(-0.,-1.,0.));
#9615 = ADVANCED_FACE('',(#9616),#9627,.F.);
#9616 = FACE_BOUND('',#9617,.T.);
#9617 = EDGE_LOOP('',(#9618,#9619,#9625,#9626));
#9618 = ORIENTED_EDGE('',*,*,#1979,.T.);
#9619 = ORIENTED_EDGE('',*,*,#9620,.T.);
#9620 = EDGE_CURVE('',#1980,#5013,#9621,.T.);
#9621 = LINE('',#9622,#9623);
#9622 = CARTESIAN_POINT('',(199.,-100.1,-4.6E-02));
#9623 = VECTOR('',#9624,1.);
#9624 = DIRECTION('',(0.,0.,1.));
#9625 = ORIENTED_EDGE('',*,*,#5012,.F.);
#9626 = ORIENTED_EDGE('',*,*,#9620,.F.);
#9627 = CYLINDRICAL_SURFACE('',#9628,0.6);
#9628 = AXIS2_PLACEMENT_3D('',#9629,#9630,#9631);
#9629 = CARTESIAN_POINT('',(199.,-99.5,-4.6E-02));
#9630 = DIRECTION('',(-0.,-0.,-1.));
#9631 = DIRECTION('',(-0.,-1.,0.));
#9632 = ADVANCED_FACE('',(#9633),#9644,.F.);
#9633 = FACE_BOUND('',#9634,.T.);
#9634 = EDGE_LOOP('',(#9635,#9636,#9642,#9643));
#9635 = ORIENTED_EDGE('',*,*,#1990,.T.);
#9636 = ORIENTED_EDGE('',*,*,#9637,.T.);
#9637 = EDGE_CURVE('',#1991,#5024,#9638,.T.);
#9638 = LINE('',#9639,#9640);
#9639 = CARTESIAN_POINT('',(71.955802,-87.103963,-4.6E-02));
#9640 = VECTOR('',#9641,1.);
#9641 = DIRECTION('',(0.,0.,1.));
#9642 = ORIENTED_EDGE('',*,*,#5023,.F.);
#9643 = ORIENTED_EDGE('',*,*,#9637,.F.);
#9644 = CYLINDRICAL_SURFACE('',#9645,0.5);
#9645 = AXIS2_PLACEMENT_3D('',#9646,#9647,#9648);
#9646 = CARTESIAN_POINT('',(71.955802,-86.603963,-4.6E-02));
#9647 = DIRECTION('',(-0.,-0.,-1.));
#9648 = DIRECTION('',(-0.,-1.,0.));
#9649 = ADVANCED_FACE('',(#9650),#9661,.F.);
#9650 = FACE_BOUND('',#9651,.T.);
#9651 = EDGE_LOOP('',(#9652,#9653,#9659,#9660));
#9652 = ORIENTED_EDGE('',*,*,#2001,.T.);
#9653 = ORIENTED_EDGE('',*,*,#9654,.T.);
#9654 = EDGE_CURVE('',#2002,#5035,#9655,.T.);
#9655 = LINE('',#9656,#9657);
#9656 = CARTESIAN_POINT('',(75.19953,-86.48896,-4.6E-02));
#9657 = VECTOR('',#9658,1.);
#9658 = DIRECTION('',(0.,0.,1.));
#9659 = ORIENTED_EDGE('',*,*,#5034,.F.);
#9660 = ORIENTED_EDGE('',*,*,#9654,.F.);
#9661 = CYLINDRICAL_SURFACE('',#9662,0.5);
#9662 = AXIS2_PLACEMENT_3D('',#9663,#9664,#9665);
#9663 = CARTESIAN_POINT('',(75.19953,-85.98896,-4.6E-02));
#9664 = DIRECTION('',(-0.,-0.,-1.));
#9665 = DIRECTION('',(-0.,-1.,0.));
#9666 = ADVANCED_FACE('',(#9667),#9678,.F.);
#9667 = FACE_BOUND('',#9668,.T.);
#9668 = EDGE_LOOP('',(#9669,#9670,#9676,#9677));
#9669 = ORIENTED_EDGE('',*,*,#2012,.T.);
#9670 = ORIENTED_EDGE('',*,*,#9671,.T.);
#9671 = EDGE_CURVE('',#2013,#5046,#9672,.T.);
#9672 = LINE('',#9673,#9674);
#9673 = CARTESIAN_POINT('',(80.137972,-85.706788,-4.6E-02));
#9674 = VECTOR('',#9675,1.);
#9675 = DIRECTION('',(0.,0.,1.));
#9676 = ORIENTED_EDGE('',*,*,#5045,.F.);
#9677 = ORIENTED_EDGE('',*,*,#9671,.F.);
#9678 = CYLINDRICAL_SURFACE('',#9679,0.5);
#9679 = AXIS2_PLACEMENT_3D('',#9680,#9681,#9682);
#9680 = CARTESIAN_POINT('',(80.137972,-85.206788,-4.6E-02));
#9681 = DIRECTION('',(-0.,-0.,-1.));
#9682 = DIRECTION('',(-0.,-1.,0.));
#9683 = ADVANCED_FACE('',(#9684),#9695,.F.);
#9684 = FACE_BOUND('',#9685,.T.);
#9685 = EDGE_LOOP('',(#9686,#9687,#9693,#9694));
#9686 = ORIENTED_EDGE('',*,*,#2023,.T.);
#9687 = ORIENTED_EDGE('',*,*,#9688,.T.);
#9688 = EDGE_CURVE('',#2024,#5057,#9689,.T.);
#9689 = LINE('',#9690,#9691);
#9690 = CARTESIAN_POINT('',(83.412987,-85.289323,-4.6E-02));
#9691 = VECTOR('',#9692,1.);
#9692 = DIRECTION('',(0.,0.,1.));
#9693 = ORIENTED_EDGE('',*,*,#5056,.F.);
#9694 = ORIENTED_EDGE('',*,*,#9688,.F.);
#9695 = CYLINDRICAL_SURFACE('',#9696,0.5);
#9696 = AXIS2_PLACEMENT_3D('',#9697,#9698,#9699);
#9697 = CARTESIAN_POINT('',(83.412987,-84.789323,-4.6E-02));
#9698 = DIRECTION('',(-0.,-0.,-1.));
#9699 = DIRECTION('',(-0.,-1.,0.));
#9700 = ADVANCED_FACE('',(#9701),#9712,.F.);
#9701 = FACE_BOUND('',#9702,.T.);
#9702 = EDGE_LOOP('',(#9703,#9704,#9710,#9711));
#9703 = ORIENTED_EDGE('',*,*,#2034,.T.);
#9704 = ORIENTED_EDGE('',*,*,#9705,.T.);
#9705 = EDGE_CURVE('',#2035,#5068,#9706,.T.);
#9706 = LINE('',#9707,#9708);
#9707 = CARTESIAN_POINT('',(71.095413,-81.771677,-4.6E-02));
#9708 = VECTOR('',#9709,1.);
#9709 = DIRECTION('',(0.,0.,1.));
#9710 = ORIENTED_EDGE('',*,*,#5067,.F.);
#9711 = ORIENTED_EDGE('',*,*,#9705,.F.);
#9712 = CYLINDRICAL_SURFACE('',#9713,0.6);
#9713 = AXIS2_PLACEMENT_3D('',#9714,#9715,#9716);
#9714 = CARTESIAN_POINT('',(71.095413,-81.171677,-4.6E-02));
#9715 = DIRECTION('',(-0.,-0.,-1.));
#9716 = DIRECTION('',(-2.368475785867E-14,-1.,0.));
#9717 = ADVANCED_FACE('',(#9718),#9729,.F.);
#9718 = FACE_BOUND('',#9719,.T.);
#9719 = EDGE_LOOP('',(#9720,#9721,#9727,#9728));
#9720 = ORIENTED_EDGE('',*,*,#2045,.T.);
#9721 = ORIENTED_EDGE('',*,*,#9722,.T.);
#9722 = EDGE_CURVE('',#2046,#5079,#9723,.T.);
#9723 = LINE('',#9724,#9725);
#9724 = CARTESIAN_POINT('',(88.746502,-84.444563,-4.6E-02));
#9725 = VECTOR('',#9726,1.);
#9726 = DIRECTION('',(0.,0.,1.));
#9727 = ORIENTED_EDGE('',*,*,#5078,.F.);
#9728 = ORIENTED_EDGE('',*,*,#9722,.F.);
#9729 = CYLINDRICAL_SURFACE('',#9730,0.5);
#9730 = AXIS2_PLACEMENT_3D('',#9731,#9732,#9733);
#9731 = CARTESIAN_POINT('',(88.746502,-83.944563,-4.6E-02));
#9732 = DIRECTION('',(-0.,-0.,-1.));
#9733 = DIRECTION('',(-0.,-1.,0.));
#9734 = ADVANCED_FACE('',(#9735),#9746,.F.);
#9735 = FACE_BOUND('',#9736,.T.);
#9736 = EDGE_LOOP('',(#9737,#9738,#9744,#9745));
#9737 = ORIENTED_EDGE('',*,*,#2056,.T.);
#9738 = ORIENTED_EDGE('',*,*,#9739,.T.);
#9739 = EDGE_CURVE('',#2057,#5090,#9740,.T.);
#9740 = LINE('',#9741,#9742);
#9741 = CARTESIAN_POINT('',(91.99023,-83.82956,-4.6E-02));
#9742 = VECTOR('',#9743,1.);
#9743 = DIRECTION('',(0.,0.,1.));
#9744 = ORIENTED_EDGE('',*,*,#5089,.F.);
#9745 = ORIENTED_EDGE('',*,*,#9739,.F.);
#9746 = CYLINDRICAL_SURFACE('',#9747,0.5);
#9747 = AXIS2_PLACEMENT_3D('',#9748,#9749,#9750);
#9748 = CARTESIAN_POINT('',(91.99023,-83.32956,-4.6E-02));
#9749 = DIRECTION('',(-0.,-0.,-1.));
#9750 = DIRECTION('',(-0.,-1.,0.));
#9751 = ADVANCED_FACE('',(#9752),#9763,.F.);
#9752 = FACE_BOUND('',#9753,.T.);
#9753 = EDGE_LOOP('',(#9754,#9755,#9761,#9762));
#9754 = ORIENTED_EDGE('',*,*,#2067,.T.);
#9755 = ORIENTED_EDGE('',*,*,#9756,.T.);
#9756 = EDGE_CURVE('',#2068,#5101,#9757,.T.);
#9757 = LINE('',#9758,#9759);
#9758 = CARTESIAN_POINT('',(96.928672,-83.047388,-4.6E-02));
#9759 = VECTOR('',#9760,1.);
#9760 = DIRECTION('',(0.,0.,1.));
#9761 = ORIENTED_EDGE('',*,*,#5100,.F.);
#9762 = ORIENTED_EDGE('',*,*,#9756,.F.);
#9763 = CYLINDRICAL_SURFACE('',#9764,0.5);
#9764 = AXIS2_PLACEMENT_3D('',#9765,#9766,#9767);
#9765 = CARTESIAN_POINT('',(96.928672,-82.547388,-4.6E-02));
#9766 = DIRECTION('',(-0.,-0.,-1.));
#9767 = DIRECTION('',(-0.,-1.,0.));
#9768 = ADVANCED_FACE('',(#9769),#9780,.F.);
#9769 = FACE_BOUND('',#9770,.T.);
#9770 = EDGE_LOOP('',(#9771,#9772,#9778,#9779));
#9771 = ORIENTED_EDGE('',*,*,#2078,.T.);
#9772 = ORIENTED_EDGE('',*,*,#9773,.T.);
#9773 = EDGE_CURVE('',#2079,#5112,#9774,.T.);
#9774 = LINE('',#9775,#9776);
#9775 = CARTESIAN_POINT('',(82.552598,-79.957037,-4.6E-02));
#9776 = VECTOR('',#9777,1.);
#9777 = DIRECTION('',(0.,0.,1.));
#9778 = ORIENTED_EDGE('',*,*,#5111,.F.);
#9779 = ORIENTED_EDGE('',*,*,#9773,.F.);
#9780 = CYLINDRICAL_SURFACE('',#9781,0.6);
#9781 = AXIS2_PLACEMENT_3D('',#9782,#9783,#9784);
#9782 = CARTESIAN_POINT('',(82.552598,-79.357037,-4.6E-02));
#9783 = DIRECTION('',(-0.,0.,-1.));
#9784 = DIRECTION('',(2.368475785867E-14,-1.,-0.));
#9785 = ADVANCED_FACE('',(#9786),#9797,.F.);
#9786 = FACE_BOUND('',#9787,.T.);
#9787 = EDGE_LOOP('',(#9788,#9789,#9795,#9796));
#9788 = ORIENTED_EDGE('',*,*,#2089,.T.);
#9789 = ORIENTED_EDGE('',*,*,#9790,.T.);
#9790 = EDGE_CURVE('',#2090,#5123,#9791,.T.);
#9791 = LINE('',#9792,#9793);
#9792 = CARTESIAN_POINT('',(87.886113,-79.112277,-4.6E-02));
#9793 = VECTOR('',#9794,1.);
#9794 = DIRECTION('',(0.,0.,1.));
#9795 = ORIENTED_EDGE('',*,*,#5122,.F.);
#9796 = ORIENTED_EDGE('',*,*,#9790,.F.);
#9797 = CYLINDRICAL_SURFACE('',#9798,0.6);
#9798 = AXIS2_PLACEMENT_3D('',#9799,#9800,#9801);
#9799 = CARTESIAN_POINT('',(87.886113,-78.512277,-4.6E-02));
#9800 = DIRECTION('',(-0.,-0.,-1.));
#9801 = DIRECTION('',(-0.,-1.,0.));
#9802 = ADVANCED_FACE('',(#9803),#9814,.F.);
#9803 = FACE_BOUND('',#9804,.T.);
#9804 = EDGE_LOOP('',(#9805,#9806,#9812,#9813));
#9805 = ORIENTED_EDGE('',*,*,#2100,.T.);
#9806 = ORIENTED_EDGE('',*,*,#9807,.T.);
#9807 = EDGE_CURVE('',#2101,#5134,#9808,.T.);
#9808 = LINE('',#9809,#9810);
#9809 = CARTESIAN_POINT('',(109.262659,-86.932689,-4.6E-02));
#9810 = VECTOR('',#9811,1.);
#9811 = DIRECTION('',(0.,0.,1.));
#9812 = ORIENTED_EDGE('',*,*,#5133,.F.);
#9813 = ORIENTED_EDGE('',*,*,#9807,.F.);
#9814 = CYLINDRICAL_SURFACE('',#9815,0.5);
#9815 = AXIS2_PLACEMENT_3D('',#9816,#9817,#9818);
#9816 = CARTESIAN_POINT('',(109.262659,-86.432689,-4.6E-02));
#9817 = DIRECTION('',(-0.,-0.,-1.));
#9818 = DIRECTION('',(-0.,-1.,0.));
#9819 = ADVANCED_FACE('',(#9820),#9831,.F.);
#9820 = FACE_BOUND('',#9821,.T.);
#9821 = EDGE_LOOP('',(#9822,#9823,#9829,#9830));
#9822 = ORIENTED_EDGE('',*,*,#2111,.T.);
#9823 = ORIENTED_EDGE('',*,*,#9824,.T.);
#9824 = EDGE_CURVE('',#2112,#5145,#9825,.T.);
#9825 = LINE('',#9826,#9827);
#9826 = CARTESIAN_POINT('',(112.547645,-86.602736,-4.6E-02));
#9827 = VECTOR('',#9828,1.);
#9828 = DIRECTION('',(0.,0.,1.));
#9829 = ORIENTED_EDGE('',*,*,#5144,.F.);
#9830 = ORIENTED_EDGE('',*,*,#9824,.F.);
#9831 = CYLINDRICAL_SURFACE('',#9832,0.5);
#9832 = AXIS2_PLACEMENT_3D('',#9833,#9834,#9835);
#9833 = CARTESIAN_POINT('',(112.547645,-86.102736,-4.6E-02));
#9834 = DIRECTION('',(-0.,-0.,-1.));
#9835 = DIRECTION('',(-0.,-1.,0.));
#9836 = ADVANCED_FACE('',(#9837),#9848,.F.);
#9837 = FACE_BOUND('',#9838,.T.);
#9838 = EDGE_LOOP('',(#9839,#9840,#9846,#9847));
#9839 = ORIENTED_EDGE('',*,*,#2122,.T.);
#9840 = ORIENTED_EDGE('',*,*,#9841,.T.);
#9841 = EDGE_CURVE('',#2123,#5156,#9842,.T.);
#9842 = LINE('',#9843,#9844);
#9843 = CARTESIAN_POINT('',(127.85,-91.85,-4.6E-02));
#9844 = VECTOR('',#9845,1.);
#9845 = DIRECTION('',(0.,0.,1.));
#9846 = ORIENTED_EDGE('',*,*,#5155,.F.);
#9847 = ORIENTED_EDGE('',*,*,#9841,.F.);
#9848 = CYLINDRICAL_SURFACE('',#9849,0.6);
#9849 = AXIS2_PLACEMENT_3D('',#9850,#9851,#9852);
#9850 = CARTESIAN_POINT('',(127.85,-91.25,-4.6E-02));
#9851 = DIRECTION('',(-0.,-0.,-1.));
#9852 = DIRECTION('',(-0.,-1.,0.));
#9853 = ADVANCED_FACE('',(#9854),#9865,.F.);
#9854 = FACE_BOUND('',#9855,.T.);
#9855 = EDGE_LOOP('',(#9856,#9857,#9863,#9864));
#9856 = ORIENTED_EDGE('',*,*,#2133,.T.);
#9857 = ORIENTED_EDGE('',*,*,#9858,.T.);
#9858 = EDGE_CURVE('',#2134,#5167,#9859,.T.);
#9859 = LINE('',#9860,#9861);
#9860 = CARTESIAN_POINT('',(117.535465,-86.253954,-4.6E-02));
#9861 = VECTOR('',#9862,1.);
#9862 = DIRECTION('',(0.,0.,1.));
#9863 = ORIENTED_EDGE('',*,*,#5166,.F.);
#9864 = ORIENTED_EDGE('',*,*,#9858,.F.);
#9865 = CYLINDRICAL_SURFACE('',#9866,0.5);
#9866 = AXIS2_PLACEMENT_3D('',#9867,#9868,#9869);
#9867 = CARTESIAN_POINT('',(117.535465,-85.753954,-4.6E-02));
#9868 = DIRECTION('',(-0.,-0.,-1.));
#9869 = DIRECTION('',(-0.,-1.,0.));
#9870 = ADVANCED_FACE('',(#9871),#9882,.F.);
#9871 = FACE_BOUND('',#9872,.T.);
#9872 = EDGE_LOOP('',(#9873,#9874,#9880,#9881));
#9873 = ORIENTED_EDGE('',*,*,#2144,.T.);
#9874 = ORIENTED_EDGE('',*,*,#9875,.T.);
#9875 = EDGE_CURVE('',#2145,#5178,#9876,.T.);
#9876 = LINE('',#9877,#9878);
#9877 = CARTESIAN_POINT('',(120.834402,-86.123514,-4.6E-02));
#9878 = VECTOR('',#9879,1.);
#9879 = DIRECTION('',(0.,0.,1.));
#9880 = ORIENTED_EDGE('',*,*,#5177,.F.);
#9881 = ORIENTED_EDGE('',*,*,#9875,.F.);
#9882 = CYLINDRICAL_SURFACE('',#9883,0.5);
#9883 = AXIS2_PLACEMENT_3D('',#9884,#9885,#9886);
#9884 = CARTESIAN_POINT('',(120.834402,-85.623514,-4.6E-02));
#9885 = DIRECTION('',(-0.,-0.,-1.));
#9886 = DIRECTION('',(-0.,-1.,0.));
#9887 = ADVANCED_FACE('',(#9888),#9899,.F.);
#9888 = FACE_BOUND('',#9889,.T.);
#9889 = EDGE_LOOP('',(#9890,#9891,#9897,#9898));
#9890 = ORIENTED_EDGE('',*,*,#2155,.T.);
#9891 = ORIENTED_EDGE('',*,*,#9892,.T.);
#9892 = EDGE_CURVE('',#2156,#5189,#9893,.T.);
#9893 = LINE('',#9894,#9895);
#9894 = CARTESIAN_POINT('',(100.203687,-82.629923,-4.6E-02));
#9895 = VECTOR('',#9896,1.);
#9896 = DIRECTION('',(0.,0.,1.));
#9897 = ORIENTED_EDGE('',*,*,#5188,.F.);
#9898 = ORIENTED_EDGE('',*,*,#9892,.F.);
#9899 = CYLINDRICAL_SURFACE('',#9900,0.5);
#9900 = AXIS2_PLACEMENT_3D('',#9901,#9902,#9903);
#9901 = CARTESIAN_POINT('',(100.203687,-82.129923,-4.6E-02));
#9902 = DIRECTION('',(-0.,-0.,-1.));
#9903 = DIRECTION('',(-0.,-1.,0.));
#9904 = ADVANCED_FACE('',(#9905),#9916,.F.);
#9905 = FACE_BOUND('',#9906,.T.);
#9906 = EDGE_LOOP('',(#9907,#9908,#9914,#9915));
#9907 = ORIENTED_EDGE('',*,*,#2166,.T.);
#9908 = ORIENTED_EDGE('',*,*,#9909,.T.);
#9909 = EDGE_CURVE('',#2167,#5200,#9910,.T.);
#9910 = LINE('',#9911,#9912);
#9911 = CARTESIAN_POINT('',(108.878998,-81.546086,-4.6E-02));
#9912 = VECTOR('',#9913,1.);
#9913 = DIRECTION('',(0.,0.,1.));
#9914 = ORIENTED_EDGE('',*,*,#5199,.F.);
#9915 = ORIENTED_EDGE('',*,*,#9909,.F.);
#9916 = CYLINDRICAL_SURFACE('',#9917,0.6);
#9917 = AXIS2_PLACEMENT_3D('',#9918,#9919,#9920);
#9918 = CARTESIAN_POINT('',(108.878998,-80.946086,-4.6E-02));
#9919 = DIRECTION('',(-0.,-0.,-1.));
#9920 = DIRECTION('',(-0.,-1.,0.));
#9921 = ADVANCED_FACE('',(#9922),#9933,.F.);
#9922 = FACE_BOUND('',#9923,.T.);
#9923 = EDGE_LOOP('',(#9924,#9925,#9931,#9932));
#9924 = ORIENTED_EDGE('',*,*,#2177,.T.);
#9925 = ORIENTED_EDGE('',*,*,#9926,.T.);
#9926 = EDGE_CURVE('',#2178,#5211,#9927,.T.);
#9927 = LINE('',#9928,#9929);
#9928 = CARTESIAN_POINT('',(99.343298,-77.297637,-4.6E-02));
#9929 = VECTOR('',#9930,1.);
#9930 = DIRECTION('',(0.,0.,1.));
#9931 = ORIENTED_EDGE('',*,*,#5210,.F.);
#9932 = ORIENTED_EDGE('',*,*,#9926,.F.);
#9933 = CYLINDRICAL_SURFACE('',#9934,0.6);
#9934 = AXIS2_PLACEMENT_3D('',#9935,#9936,#9937);
#9935 = CARTESIAN_POINT('',(99.343298,-76.697637,-4.6E-02));
#9936 = DIRECTION('',(-0.,-0.,-1.));
#9937 = DIRECTION('',(-0.,-1.,0.));
#9938 = ADVANCED_FACE('',(#9939),#9950,.F.);
#9939 = FACE_BOUND('',#9940,.T.);
#9940 = EDGE_LOOP('',(#9941,#9942,#9948,#9949));
#9941 = ORIENTED_EDGE('',*,*,#2188,.T.);
#9942 = ORIENTED_EDGE('',*,*,#9943,.T.);
#9943 = EDGE_CURVE('',#2189,#5222,#9944,.T.);
#9944 = LINE('',#9945,#9946);
#9945 = CARTESIAN_POINT('',(120.450741,-80.736911,-4.6E-02));
#9946 = VECTOR('',#9947,1.);
#9947 = DIRECTION('',(0.,0.,1.));
#9948 = ORIENTED_EDGE('',*,*,#5221,.F.);
#9949 = ORIENTED_EDGE('',*,*,#9943,.F.);
#9950 = CYLINDRICAL_SURFACE('',#9951,0.6);
#9951 = AXIS2_PLACEMENT_3D('',#9952,#9953,#9954);
#9952 = CARTESIAN_POINT('',(120.450741,-80.136911,-4.6E-02));
#9953 = DIRECTION('',(-0.,-0.,-1.));
#9954 = DIRECTION('',(-0.,-1.,0.));
#9955 = ADVANCED_FACE('',(#9956),#9967,.F.);
#9956 = FACE_BOUND('',#9957,.T.);
#9957 = EDGE_LOOP('',(#9958,#9959,#9965,#9966));
#9958 = ORIENTED_EDGE('',*,*,#2199,.T.);
#9959 = ORIENTED_EDGE('',*,*,#9960,.T.);
#9960 = EDGE_CURVE('',#2200,#5233,#9961,.T.);
#9961 = LINE('',#9962,#9963);
#9962 = CARTESIAN_POINT('',(127.85,-80.25,-4.6E-02));
#9963 = VECTOR('',#9964,1.);
#9964 = DIRECTION('',(0.,0.,1.));
#9965 = ORIENTED_EDGE('',*,*,#5232,.F.);
#9966 = ORIENTED_EDGE('',*,*,#9960,.F.);
#9967 = CYLINDRICAL_SURFACE('',#9968,0.5);
#9968 = AXIS2_PLACEMENT_3D('',#9969,#9970,#9971);
#9969 = CARTESIAN_POINT('',(127.85,-79.75,-4.6E-02));
#9970 = DIRECTION('',(-0.,-0.,-1.));
#9971 = DIRECTION('',(-0.,-1.,0.));
#9972 = ADVANCED_FACE('',(#9973),#9984,.F.);
#9973 = FACE_BOUND('',#9974,.T.);
#9974 = EDGE_LOOP('',(#9975,#9976,#9982,#9983));
#9975 = ORIENTED_EDGE('',*,*,#2210,.T.);
#9976 = ORIENTED_EDGE('',*,*,#9977,.T.);
#9977 = EDGE_CURVE('',#2211,#5244,#9978,.T.);
#9978 = LINE('',#9979,#9980);
#9979 = CARTESIAN_POINT('',(131.15,-80.15,-4.6E-02));
#9980 = VECTOR('',#9981,1.);
#9981 = DIRECTION('',(0.,0.,1.));
#9982 = ORIENTED_EDGE('',*,*,#5243,.F.);
#9983 = ORIENTED_EDGE('',*,*,#9977,.F.);
#9984 = CYLINDRICAL_SURFACE('',#9985,0.5);
#9985 = AXIS2_PLACEMENT_3D('',#9986,#9987,#9988);
#9986 = CARTESIAN_POINT('',(131.15,-79.65,-4.6E-02));
#9987 = DIRECTION('',(-0.,-0.,-1.));
#9988 = DIRECTION('',(-0.,-1.,0.));
#9989 = ADVANCED_FACE('',(#9990),#10001,.F.);
#9990 = FACE_BOUND('',#9991,.T.);
#9991 = EDGE_LOOP('',(#9992,#9993,#9999,#10000));
#9992 = ORIENTED_EDGE('',*,*,#2221,.T.);
#9993 = ORIENTED_EDGE('',*,*,#9994,.T.);
#9994 = EDGE_CURVE('',#2222,#5255,#9995,.T.);
#9995 = LINE('',#9996,#9997);
#9996 = CARTESIAN_POINT('',(66.299106,-74.9289,-4.6E-02));
#9997 = VECTOR('',#9998,1.);
#9998 = DIRECTION('',(0.,0.,1.));
#9999 = ORIENTED_EDGE('',*,*,#5254,.F.);
#10000 = ORIENTED_EDGE('',*,*,#9994,.F.);
#10001 = CYLINDRICAL_SURFACE('',#10002,0.6);
#10002 = AXIS2_PLACEMENT_3D('',#10003,#10004,#10005);
#10003 = CARTESIAN_POINT('',(66.299106,-74.3289,-4.6E-02));
#10004 = DIRECTION('',(-0.,-0.,-1.));
#10005 = DIRECTION('',(-0.,-1.,0.));
#10006 = ADVANCED_FACE('',(#10007),#10018,.F.);
#10007 = FACE_BOUND('',#10008,.T.);
#10008 = EDGE_LOOP('',(#10009,#10010,#10016,#10017));
#10009 = ORIENTED_EDGE('',*,*,#2232,.T.);
#10010 = ORIENTED_EDGE('',*,*,#10011,.T.);
#10011 = EDGE_CURVE('',#2233,#5266,#10012,.T.);
#10012 = LINE('',#10013,#10014);
#10013 = CARTESIAN_POINT('',(64.66975,-64.439924,-4.6E-02));
#10014 = VECTOR('',#10015,1.);
#10015 = DIRECTION('',(0.,0.,1.));
#10016 = ORIENTED_EDGE('',*,*,#5265,.F.);
#10017 = ORIENTED_EDGE('',*,*,#10011,.F.);
#10018 = CYLINDRICAL_SURFACE('',#10019,0.6);
#10019 = AXIS2_PLACEMENT_3D('',#10020,#10021,#10022);
#10020 = CARTESIAN_POINT('',(64.66975,-63.839924,-4.6E-02));
#10021 = DIRECTION('',(-0.,-0.,-1.));
#10022 = DIRECTION('',(-0.,-1.,0.));
#10023 = ADVANCED_FACE('',(#10024),#10035,.F.);
#10024 = FACE_BOUND('',#10025,.T.);
#10025 = EDGE_LOOP('',(#10026,#10027,#10033,#10034));
#10026 = ORIENTED_EDGE('',*,*,#2243,.T.);
#10027 = ORIENTED_EDGE('',*,*,#10028,.T.);
#10028 = EDGE_CURVE('',#2244,#5277,#10029,.T.);
#10029 = LINE('',#10030,#10031);
#10030 = CARTESIAN_POINT('',(102.101422,-68.980824,-4.6E-02));
#10031 = VECTOR('',#10032,1.);
#10032 = DIRECTION('',(0.,0.,1.));
#10033 = ORIENTED_EDGE('',*,*,#5276,.F.);
#10034 = ORIENTED_EDGE('',*,*,#10028,.F.);
#10035 = CYLINDRICAL_SURFACE('',#10036,0.5461);
#10036 = AXIS2_PLACEMENT_3D('',#10037,#10038,#10039);
#10037 = CARTESIAN_POINT('',(102.101422,-68.434724,-4.6E-02));
#10038 = DIRECTION('',(-0.,-0.,-1.));
#10039 = DIRECTION('',(-0.,-1.,0.));
#10040 = ADVANCED_FACE('',(#10041),#10052,.F.);
#10041 = FACE_BOUND('',#10042,.T.);
#10042 = EDGE_LOOP('',(#10043,#10044,#10050,#10051));
#10043 = ORIENTED_EDGE('',*,*,#2254,.T.);
#10044 = ORIENTED_EDGE('',*,*,#10045,.T.);
#10045 = EDGE_CURVE('',#2255,#5288,#10046,.T.);
#10046 = LINE('',#10047,#10048);
#10047 = CARTESIAN_POINT('',(101.704078,-66.472095,-4.6E-02));
#10048 = VECTOR('',#10049,1.);
#10049 = DIRECTION('',(0.,0.,1.));
#10050 = ORIENTED_EDGE('',*,*,#5287,.F.);
#10051 = ORIENTED_EDGE('',*,*,#10045,.F.);
#10052 = CYLINDRICAL_SURFACE('',#10053,0.5461);
#10053 = AXIS2_PLACEMENT_3D('',#10054,#10055,#10056);
#10054 = CARTESIAN_POINT('',(101.704078,-65.925995,-4.6E-02));
#10055 = DIRECTION('',(-0.,-0.,-1.));
#10056 = DIRECTION('',(-2.602244042337E-14,-1.,0.));
#10057 = ADVANCED_FACE('',(#10058),#10069,.F.);
#10058 = FACE_BOUND('',#10059,.T.);
#10059 = EDGE_LOOP('',(#10060,#10061,#10067,#10068));
#10060 = ORIENTED_EDGE('',*,*,#2265,.T.);
#10061 = ORIENTED_EDGE('',*,*,#10062,.T.);
#10062 = EDGE_CURVE('',#2266,#5299,#10063,.T.);
#10063 = LINE('',#10064,#10065);
#10064 = CARTESIAN_POINT('',(108.076859,-69.974089,-4.6E-02));
#10065 = VECTOR('',#10066,1.);
#10066 = DIRECTION('',(0.,0.,1.));
#10067 = ORIENTED_EDGE('',*,*,#5298,.F.);
#10068 = ORIENTED_EDGE('',*,*,#10062,.F.);
#10069 = CYLINDRICAL_SURFACE('',#10070,0.5);
#10070 = AXIS2_PLACEMENT_3D('',#10071,#10072,#10073);
#10071 = CARTESIAN_POINT('',(108.076859,-69.474089,-4.6E-02));
#10072 = DIRECTION('',(-0.,-0.,-1.));
#10073 = DIRECTION('',(-0.,-1.,0.));
#10074 = ADVANCED_FACE('',(#10075),#10086,.F.);
#10075 = FACE_BOUND('',#10076,.T.);
#10076 = EDGE_LOOP('',(#10077,#10078,#10084,#10085));
#10077 = ORIENTED_EDGE('',*,*,#2276,.T.);
#10078 = ORIENTED_EDGE('',*,*,#10079,.T.);
#10079 = EDGE_CURVE('',#2277,#5310,#10080,.T.);
#10080 = LINE('',#10081,#10082);
#10081 = CARTESIAN_POINT('',(111.361845,-69.644136,-4.6E-02));
#10082 = VECTOR('',#10083,1.);
#10083 = DIRECTION('',(0.,0.,1.));
#10084 = ORIENTED_EDGE('',*,*,#5309,.F.);
#10085 = ORIENTED_EDGE('',*,*,#10079,.F.);
#10086 = CYLINDRICAL_SURFACE('',#10087,0.5);
#10087 = AXIS2_PLACEMENT_3D('',#10088,#10089,#10090);
#10088 = CARTESIAN_POINT('',(111.361845,-69.144136,-4.6E-02));
#10089 = DIRECTION('',(-0.,-0.,-1.));
#10090 = DIRECTION('',(-0.,-1.,0.));
#10091 = ADVANCED_FACE('',(#10092),#10103,.F.);
#10092 = FACE_BOUND('',#10093,.T.);
#10093 = EDGE_LOOP('',(#10094,#10095,#10101,#10102));
#10094 = ORIENTED_EDGE('',*,*,#2287,.T.);
#10095 = ORIENTED_EDGE('',*,*,#10096,.T.);
#10096 = EDGE_CURVE('',#2288,#5321,#10097,.T.);
#10097 = LINE('',#10098,#10099);
#10098 = CARTESIAN_POINT('',(127.85,-74.85,-4.6E-02));
#10099 = VECTOR('',#10100,1.);
#10100 = DIRECTION('',(0.,0.,1.));
#10101 = ORIENTED_EDGE('',*,*,#5320,.F.);
#10102 = ORIENTED_EDGE('',*,*,#10096,.F.);
#10103 = CYLINDRICAL_SURFACE('',#10104,0.6);
#10104 = AXIS2_PLACEMENT_3D('',#10105,#10106,#10107);
#10105 = CARTESIAN_POINT('',(127.85,-74.25,-4.6E-02));
#10106 = DIRECTION('',(-0.,-0.,-1.));
#10107 = DIRECTION('',(-0.,-1.,0.));
#10108 = ADVANCED_FACE('',(#10109),#10120,.F.);
#10109 = FACE_BOUND('',#10110,.T.);
#10110 = EDGE_LOOP('',(#10111,#10112,#10118,#10119));
#10111 = ORIENTED_EDGE('',*,*,#2298,.T.);
#10112 = ORIENTED_EDGE('',*,*,#10113,.T.);
#10113 = EDGE_CURVE('',#2299,#5332,#10114,.T.);
#10114 = LINE('',#10115,#10116);
#10115 = CARTESIAN_POINT('',(116.349665,-69.295354,-4.6E-02));
#10116 = VECTOR('',#10117,1.);
#10117 = DIRECTION('',(0.,0.,1.));
#10118 = ORIENTED_EDGE('',*,*,#5331,.F.);
#10119 = ORIENTED_EDGE('',*,*,#10113,.F.);
#10120 = CYLINDRICAL_SURFACE('',#10121,0.5);
#10121 = AXIS2_PLACEMENT_3D('',#10122,#10123,#10124);
#10122 = CARTESIAN_POINT('',(116.349665,-68.795354,-4.6E-02));
#10123 = DIRECTION('',(-0.,-0.,-1.));
#10124 = DIRECTION('',(-0.,-1.,0.));
#10125 = ADVANCED_FACE('',(#10126),#10137,.F.);
#10126 = FACE_BOUND('',#10127,.T.);
#10127 = EDGE_LOOP('',(#10128,#10129,#10135,#10136));
#10128 = ORIENTED_EDGE('',*,*,#2309,.T.);
#10129 = ORIENTED_EDGE('',*,*,#10130,.T.);
#10130 = EDGE_CURVE('',#2310,#5343,#10131,.T.);
#10131 = LINE('',#10132,#10133);
#10132 = CARTESIAN_POINT('',(119.648602,-69.164914,-4.6E-02));
#10133 = VECTOR('',#10134,1.);
#10134 = DIRECTION('',(0.,0.,1.));
#10135 = ORIENTED_EDGE('',*,*,#5342,.F.);
#10136 = ORIENTED_EDGE('',*,*,#10130,.F.);
#10137 = CYLINDRICAL_SURFACE('',#10138,0.5);
#10138 = AXIS2_PLACEMENT_3D('',#10139,#10140,#10141);
#10139 = CARTESIAN_POINT('',(119.648602,-68.664914,-4.6E-02));
#10140 = DIRECTION('',(-0.,-0.,-1.));
#10141 = DIRECTION('',(-0.,-1.,0.));
#10142 = ADVANCED_FACE('',(#10143),#10154,.F.);
#10143 = FACE_BOUND('',#10144,.T.);
#10144 = EDGE_LOOP('',(#10145,#10146,#10152,#10153));
#10145 = ORIENTED_EDGE('',*,*,#2320,.T.);
#10146 = ORIENTED_EDGE('',*,*,#10147,.T.);
#10147 = EDGE_CURVE('',#2321,#5354,#10148,.T.);
#10148 = LINE('',#10149,#10150);
#10149 = CARTESIAN_POINT('',(101.306735,-63.963367,-4.6E-02));
#10150 = VECTOR('',#10151,1.);
#10151 = DIRECTION('',(0.,0.,1.));
#10152 = ORIENTED_EDGE('',*,*,#5353,.F.);
#10153 = ORIENTED_EDGE('',*,*,#10147,.F.);
#10154 = CYLINDRICAL_SURFACE('',#10155,0.5461);
#10155 = AXIS2_PLACEMENT_3D('',#10156,#10157,#10158);
#10156 = CARTESIAN_POINT('',(101.306735,-63.417267,-4.6E-02));
#10157 = DIRECTION('',(-0.,-0.,-1.));
#10158 = DIRECTION('',(-0.,-1.,0.));
#10159 = ADVANCED_FACE('',(#10160),#10171,.F.);
#10160 = FACE_BOUND('',#10161,.T.);
#10161 = EDGE_LOOP('',(#10162,#10163,#10169,#10170));
#10162 = ORIENTED_EDGE('',*,*,#2331,.T.);
#10163 = ORIENTED_EDGE('',*,*,#10164,.T.);
#10164 = EDGE_CURVE('',#2332,#5365,#10165,.T.);
#10165 = LINE('',#10166,#10167);
#10166 = CARTESIAN_POINT('',(100.909391,-61.454639,-4.6E-02));
#10167 = VECTOR('',#10168,1.);
#10168 = DIRECTION('',(0.,0.,1.));
#10169 = ORIENTED_EDGE('',*,*,#5364,.F.);
#10170 = ORIENTED_EDGE('',*,*,#10164,.F.);
#10171 = CYLINDRICAL_SURFACE('',#10172,0.5461);
#10172 = AXIS2_PLACEMENT_3D('',#10173,#10174,#10175);
#10173 = CARTESIAN_POINT('',(100.909391,-60.908539,-4.6E-02));
#10174 = DIRECTION('',(-0.,-0.,-1.));
#10175 = DIRECTION('',(-0.,-1.,0.));
#10176 = ADVANCED_FACE('',(#10177),#10188,.F.);
#10177 = FACE_BOUND('',#10178,.T.);
#10178 = EDGE_LOOP('',(#10179,#10180,#10186,#10187));
#10179 = ORIENTED_EDGE('',*,*,#2342,.T.);
#10180 = ORIENTED_EDGE('',*,*,#10181,.T.);
#10181 = EDGE_CURVE('',#2343,#5376,#10182,.T.);
#10182 = LINE('',#10183,#10184);
#10183 = CARTESIAN_POINT('',(107.693198,-64.587486,-4.6E-02));
#10184 = VECTOR('',#10185,1.);
#10185 = DIRECTION('',(0.,0.,1.));
#10186 = ORIENTED_EDGE('',*,*,#5375,.F.);
#10187 = ORIENTED_EDGE('',*,*,#10181,.F.);
#10188 = CYLINDRICAL_SURFACE('',#10189,0.6);
#10189 = AXIS2_PLACEMENT_3D('',#10190,#10191,#10192);
#10190 = CARTESIAN_POINT('',(107.693198,-63.987486,-4.6E-02));
#10191 = DIRECTION('',(-0.,-0.,-1.));
#10192 = DIRECTION('',(-0.,-1.,0.));
#10193 = ADVANCED_FACE('',(#10194),#10205,.F.);
#10194 = FACE_BOUND('',#10195,.T.);
#10195 = EDGE_LOOP('',(#10196,#10197,#10203,#10204));
#10196 = ORIENTED_EDGE('',*,*,#2353,.T.);
#10197 = ORIENTED_EDGE('',*,*,#10198,.T.);
#10198 = EDGE_CURVE('',#2354,#5387,#10199,.T.);
#10199 = LINE('',#10200,#10201);
#10200 = CARTESIAN_POINT('',(100.512047,-58.94591,-4.6E-02));
#10201 = VECTOR('',#10202,1.);
#10202 = DIRECTION('',(0.,0.,1.));
#10203 = ORIENTED_EDGE('',*,*,#5386,.F.);
#10204 = ORIENTED_EDGE('',*,*,#10198,.F.);
#10205 = CYLINDRICAL_SURFACE('',#10206,0.5461);
#10206 = AXIS2_PLACEMENT_3D('',#10207,#10208,#10209);
#10207 = CARTESIAN_POINT('',(100.512047,-58.39981,-4.6E-02));
#10208 = DIRECTION('',(-0.,-0.,-1.));
#10209 = DIRECTION('',(-0.,-1.,0.));
#10210 = ADVANCED_FACE('',(#10211),#10222,.F.);
#10211 = FACE_BOUND('',#10212,.T.);
#10212 = EDGE_LOOP('',(#10213,#10214,#10220,#10221));
#10213 = ORIENTED_EDGE('',*,*,#2364,.T.);
#10214 = ORIENTED_EDGE('',*,*,#10215,.T.);
#10215 = EDGE_CURVE('',#2365,#5398,#10216,.T.);
#10216 = LINE('',#10217,#10218);
#10217 = CARTESIAN_POINT('',(104.5,-57.1,-4.6E-02));
#10218 = VECTOR('',#10219,1.);
#10219 = DIRECTION('',(0.,0.,1.));
#10220 = ORIENTED_EDGE('',*,*,#5397,.F.);
#10221 = ORIENTED_EDGE('',*,*,#10215,.F.);
#10222 = CYLINDRICAL_SURFACE('',#10223,0.6);
#10223 = AXIS2_PLACEMENT_3D('',#10224,#10225,#10226);
#10224 = CARTESIAN_POINT('',(104.5,-56.5,-4.6E-02));
#10225 = DIRECTION('',(-0.,-0.,-1.));
#10226 = DIRECTION('',(-0.,-1.,0.));
#10227 = ADVANCED_FACE('',(#10228),#10239,.F.);
#10228 = FACE_BOUND('',#10229,.T.);
#10229 = EDGE_LOOP('',(#10230,#10231,#10237,#10238));
#10230 = ORIENTED_EDGE('',*,*,#2375,.T.);
#10231 = ORIENTED_EDGE('',*,*,#10232,.T.);
#10232 = EDGE_CURVE('',#2376,#5409,#10233,.T.);
#10233 = LINE('',#10234,#10235);
#10234 = CARTESIAN_POINT('',(119.264941,-63.778311,-4.6E-02));
#10235 = VECTOR('',#10236,1.);
#10236 = DIRECTION('',(0.,0.,1.));
#10237 = ORIENTED_EDGE('',*,*,#5408,.F.);
#10238 = ORIENTED_EDGE('',*,*,#10232,.F.);
#10239 = CYLINDRICAL_SURFACE('',#10240,0.6);
#10240 = AXIS2_PLACEMENT_3D('',#10241,#10242,#10243);
#10241 = CARTESIAN_POINT('',(119.264941,-63.178311,-4.6E-02));
#10242 = DIRECTION('',(-0.,-0.,-1.));
#10243 = DIRECTION('',(-0.,-1.,0.));
#10244 = ADVANCED_FACE('',(#10245),#10256,.F.);
#10245 = FACE_BOUND('',#10246,.T.);
#10246 = EDGE_LOOP('',(#10247,#10248,#10254,#10255));
#10247 = ORIENTED_EDGE('',*,*,#2386,.T.);
#10248 = ORIENTED_EDGE('',*,*,#10249,.T.);
#10249 = EDGE_CURVE('',#2387,#5420,#10250,.T.);
#10250 = LINE('',#10251,#10252);
#10251 = CARTESIAN_POINT('',(127.85,-63.25,-4.6E-02));
#10252 = VECTOR('',#10253,1.);
#10253 = DIRECTION('',(0.,0.,1.));
#10254 = ORIENTED_EDGE('',*,*,#5419,.F.);
#10255 = ORIENTED_EDGE('',*,*,#10249,.F.);
#10256 = CYLINDRICAL_SURFACE('',#10257,0.5);
#10257 = AXIS2_PLACEMENT_3D('',#10258,#10259,#10260);
#10258 = CARTESIAN_POINT('',(127.85,-62.75,-4.6E-02));
#10259 = DIRECTION('',(-0.,-0.,-1.));
#10260 = DIRECTION('',(-0.,-1.,0.));
#10261 = ADVANCED_FACE('',(#10262),#10273,.F.);
#10262 = FACE_BOUND('',#10263,.T.);
#10263 = EDGE_LOOP('',(#10264,#10265,#10271,#10272));
#10264 = ORIENTED_EDGE('',*,*,#2397,.T.);
#10265 = ORIENTED_EDGE('',*,*,#10266,.T.);
#10266 = EDGE_CURVE('',#2398,#5431,#10267,.T.);
#10267 = LINE('',#10268,#10269);
#10268 = CARTESIAN_POINT('',(131.15,-63.15,-4.6E-02));
#10269 = VECTOR('',#10270,1.);
#10270 = DIRECTION('',(0.,0.,1.));
#10271 = ORIENTED_EDGE('',*,*,#5430,.F.);
#10272 = ORIENTED_EDGE('',*,*,#10266,.F.);
#10273 = CYLINDRICAL_SURFACE('',#10274,0.5);
#10274 = AXIS2_PLACEMENT_3D('',#10275,#10276,#10277);
#10275 = CARTESIAN_POINT('',(131.15,-62.65,-4.6E-02));
#10276 = DIRECTION('',(-0.,-0.,-1.));
#10277 = DIRECTION('',(-0.,-1.,0.));
#10278 = ADVANCED_FACE('',(#10279),#10290,.F.);
#10279 = FACE_BOUND('',#10280,.T.);
#10280 = EDGE_LOOP('',(#10281,#10282,#10288,#10289));
#10281 = ORIENTED_EDGE('',*,*,#2408,.T.);
#10282 = ORIENTED_EDGE('',*,*,#10283,.T.);
#10283 = EDGE_CURVE('',#2409,#5442,#10284,.T.);
#10284 = LINE('',#10285,#10286);
#10285 = CARTESIAN_POINT('',(127.85,-57.85,-4.6E-02));
#10286 = VECTOR('',#10287,1.);
#10287 = DIRECTION('',(0.,0.,1.));
#10288 = ORIENTED_EDGE('',*,*,#5441,.F.);
#10289 = ORIENTED_EDGE('',*,*,#10283,.F.);
#10290 = CYLINDRICAL_SURFACE('',#10291,0.6);
#10291 = AXIS2_PLACEMENT_3D('',#10292,#10293,#10294);
#10292 = CARTESIAN_POINT('',(127.85,-57.25,-4.6E-02));
#10293 = DIRECTION('',(-0.,-0.,-1.));
#10294 = DIRECTION('',(-0.,-1.,0.));
#10295 = ADVANCED_FACE('',(#10296),#10307,.F.);
#10296 = FACE_BOUND('',#10297,.T.);
#10297 = EDGE_LOOP('',(#10298,#10299,#10305,#10306));
#10298 = ORIENTED_EDGE('',*,*,#2419,.T.);
#10299 = ORIENTED_EDGE('',*,*,#10300,.T.);
#10300 = EDGE_CURVE('',#2420,#5453,#10301,.T.);
#10301 = LINE('',#10302,#10303);
#10302 = CARTESIAN_POINT('',(139.45,-91.85,-4.6E-02));
#10303 = VECTOR('',#10304,1.);
#10304 = DIRECTION('',(0.,0.,1.));
#10305 = ORIENTED_EDGE('',*,*,#5452,.F.);
#10306 = ORIENTED_EDGE('',*,*,#10300,.F.);
#10307 = CYLINDRICAL_SURFACE('',#10308,0.6);
#10308 = AXIS2_PLACEMENT_3D('',#10309,#10310,#10311);
#10309 = CARTESIAN_POINT('',(139.45,-91.25,-4.6E-02));
#10310 = DIRECTION('',(-0.,-0.,-1.));
#10311 = DIRECTION('',(-0.,-1.,0.));
#10312 = ADVANCED_FACE('',(#10313),#10324,.F.);
#10313 = FACE_BOUND('',#10314,.T.);
#10314 = EDGE_LOOP('',(#10315,#10316,#10322,#10323));
#10315 = ORIENTED_EDGE('',*,*,#2430,.T.);
#10316 = ORIENTED_EDGE('',*,*,#10317,.T.);
#10317 = EDGE_CURVE('',#2431,#5464,#10318,.T.);
#10318 = LINE('',#10319,#10320);
#10319 = CARTESIAN_POINT('',(144.85,-86.25,-4.6E-02));
#10320 = VECTOR('',#10321,1.);
#10321 = DIRECTION('',(0.,0.,1.));
#10322 = ORIENTED_EDGE('',*,*,#5463,.F.);
#10323 = ORIENTED_EDGE('',*,*,#10317,.F.);
#10324 = CYLINDRICAL_SURFACE('',#10325,0.5);
#10325 = AXIS2_PLACEMENT_3D('',#10326,#10327,#10328);
#10326 = CARTESIAN_POINT('',(144.85,-85.75,-4.6E-02));
#10327 = DIRECTION('',(-0.,-0.,-1.));
#10328 = DIRECTION('',(-0.,-1.,0.));
#10329 = ADVANCED_FACE('',(#10330),#10341,.F.);
#10330 = FACE_BOUND('',#10331,.T.);
#10331 = EDGE_LOOP('',(#10332,#10333,#10339,#10340));
#10332 = ORIENTED_EDGE('',*,*,#2441,.T.);
#10333 = ORIENTED_EDGE('',*,*,#10334,.T.);
#10334 = EDGE_CURVE('',#2442,#5475,#10335,.T.);
#10335 = LINE('',#10336,#10337);
#10336 = CARTESIAN_POINT('',(148.15,-86.15,-4.6E-02));
#10337 = VECTOR('',#10338,1.);
#10338 = DIRECTION('',(0.,0.,1.));
#10339 = ORIENTED_EDGE('',*,*,#5474,.F.);
#10340 = ORIENTED_EDGE('',*,*,#10334,.F.);
#10341 = CYLINDRICAL_SURFACE('',#10342,0.5);
#10342 = AXIS2_PLACEMENT_3D('',#10343,#10344,#10345);
#10343 = CARTESIAN_POINT('',(148.15,-85.65,-4.6E-02));
#10344 = DIRECTION('',(-0.,-0.,-1.));
#10345 = DIRECTION('',(-0.,-1.,0.));
#10346 = ADVANCED_FACE('',(#10347),#10358,.F.);
#10347 = FACE_BOUND('',#10348,.T.);
#10348 = EDGE_LOOP('',(#10349,#10350,#10356,#10357));
#10349 = ORIENTED_EDGE('',*,*,#2452,.T.);
#10350 = ORIENTED_EDGE('',*,*,#10351,.T.);
#10351 = EDGE_CURVE('',#2453,#5486,#10352,.T.);
#10352 = LINE('',#10353,#10354);
#10353 = CARTESIAN_POINT('',(153.15,-86.15,-4.6E-02));
#10354 = VECTOR('',#10355,1.);
#10355 = DIRECTION('',(0.,0.,1.));
#10356 = ORIENTED_EDGE('',*,*,#5485,.F.);
#10357 = ORIENTED_EDGE('',*,*,#10351,.F.);
#10358 = CYLINDRICAL_SURFACE('',#10359,0.5);
#10359 = AXIS2_PLACEMENT_3D('',#10360,#10361,#10362);
#10360 = CARTESIAN_POINT('',(153.15,-85.65,-4.6E-02));
#10361 = DIRECTION('',(-0.,-0.,-1.));
#10362 = DIRECTION('',(-0.,-1.,0.));
#10363 = ADVANCED_FACE('',(#10364),#10375,.F.);
#10364 = FACE_BOUND('',#10365,.T.);
#10365 = EDGE_LOOP('',(#10366,#10367,#10373,#10374));
#10366 = ORIENTED_EDGE('',*,*,#2463,.T.);
#10367 = ORIENTED_EDGE('',*,*,#10368,.T.);
#10368 = EDGE_CURVE('',#2464,#5497,#10369,.T.);
#10369 = LINE('',#10370,#10371);
#10370 = CARTESIAN_POINT('',(156.45,-86.25,-4.6E-02));
#10371 = VECTOR('',#10372,1.);
#10372 = DIRECTION('',(0.,0.,1.));
#10373 = ORIENTED_EDGE('',*,*,#5496,.F.);
#10374 = ORIENTED_EDGE('',*,*,#10368,.F.);
#10375 = CYLINDRICAL_SURFACE('',#10376,0.5);
#10376 = AXIS2_PLACEMENT_3D('',#10377,#10378,#10379);
#10377 = CARTESIAN_POINT('',(156.45,-85.75,-4.6E-02));
#10378 = DIRECTION('',(-0.,-0.,-1.));
#10379 = DIRECTION('',(-0.,-1.,0.));
#10380 = ADVANCED_FACE('',(#10381),#10392,.F.);
#10381 = FACE_BOUND('',#10382,.T.);
#10382 = EDGE_LOOP('',(#10383,#10384,#10390,#10391));
#10383 = ORIENTED_EDGE('',*,*,#2474,.T.);
#10384 = ORIENTED_EDGE('',*,*,#10385,.T.);
#10385 = EDGE_CURVE('',#2475,#5508,#10386,.T.);
#10386 = LINE('',#10387,#10388);
#10387 = CARTESIAN_POINT('',(161.85,-88.25,-4.6E-02));
#10388 = VECTOR('',#10389,1.);
#10389 = DIRECTION('',(0.,0.,1.));
#10390 = ORIENTED_EDGE('',*,*,#5507,.F.);
#10391 = ORIENTED_EDGE('',*,*,#10385,.F.);
#10392 = CYLINDRICAL_SURFACE('',#10393,0.5);
#10393 = AXIS2_PLACEMENT_3D('',#10394,#10395,#10396);
#10394 = CARTESIAN_POINT('',(161.85,-87.75,-4.6E-02));
#10395 = DIRECTION('',(-0.,-0.,-1.));
#10396 = DIRECTION('',(-0.,-1.,0.));
#10397 = ADVANCED_FACE('',(#10398),#10409,.F.);
#10398 = FACE_BOUND('',#10399,.T.);
#10399 = EDGE_LOOP('',(#10400,#10401,#10407,#10408));
#10400 = ORIENTED_EDGE('',*,*,#2485,.T.);
#10401 = ORIENTED_EDGE('',*,*,#10402,.T.);
#10402 = EDGE_CURVE('',#2486,#5519,#10403,.T.);
#10403 = LINE('',#10404,#10405);
#10404 = CARTESIAN_POINT('',(165.15,-88.15,-4.6E-02));
#10405 = VECTOR('',#10406,1.);
#10406 = DIRECTION('',(0.,0.,1.));
#10407 = ORIENTED_EDGE('',*,*,#5518,.F.);
#10408 = ORIENTED_EDGE('',*,*,#10402,.F.);
#10409 = CYLINDRICAL_SURFACE('',#10410,0.5);
#10410 = AXIS2_PLACEMENT_3D('',#10411,#10412,#10413);
#10411 = CARTESIAN_POINT('',(165.15,-87.65,-4.6E-02));
#10412 = DIRECTION('',(-0.,-0.,-1.));
#10413 = DIRECTION('',(-0.,-1.,0.));
#10414 = ADVANCED_FACE('',(#10415),#10426,.F.);
#10415 = FACE_BOUND('',#10416,.T.);
#10416 = EDGE_LOOP('',(#10417,#10418,#10424,#10425));
#10417 = ORIENTED_EDGE('',*,*,#2496,.T.);
#10418 = ORIENTED_EDGE('',*,*,#10419,.T.);
#10419 = EDGE_CURVE('',#2497,#5530,#10420,.T.);
#10420 = LINE('',#10421,#10422);
#10421 = CARTESIAN_POINT('',(136.15,-80.15,-4.6E-02));
#10422 = VECTOR('',#10423,1.);
#10423 = DIRECTION('',(0.,0.,1.));
#10424 = ORIENTED_EDGE('',*,*,#5529,.F.);
#10425 = ORIENTED_EDGE('',*,*,#10419,.F.);
#10426 = CYLINDRICAL_SURFACE('',#10427,0.5);
#10427 = AXIS2_PLACEMENT_3D('',#10428,#10429,#10430);
#10428 = CARTESIAN_POINT('',(136.15,-79.65,-4.6E-02));
#10429 = DIRECTION('',(-0.,-0.,-1.));
#10430 = DIRECTION('',(-0.,-1.,0.));
#10431 = ADVANCED_FACE('',(#10432),#10443,.F.);
#10432 = FACE_BOUND('',#10433,.T.);
#10433 = EDGE_LOOP('',(#10434,#10435,#10441,#10442));
#10434 = ORIENTED_EDGE('',*,*,#2507,.T.);
#10435 = ORIENTED_EDGE('',*,*,#10436,.T.);
#10436 = EDGE_CURVE('',#2508,#5541,#10437,.T.);
#10437 = LINE('',#10438,#10439);
#10438 = CARTESIAN_POINT('',(139.45,-80.25,-4.6E-02));
#10439 = VECTOR('',#10440,1.);
#10440 = DIRECTION('',(0.,0.,1.));
#10441 = ORIENTED_EDGE('',*,*,#5540,.F.);
#10442 = ORIENTED_EDGE('',*,*,#10436,.F.);
#10443 = CYLINDRICAL_SURFACE('',#10444,0.5);
#10444 = AXIS2_PLACEMENT_3D('',#10445,#10446,#10447);
#10445 = CARTESIAN_POINT('',(139.45,-79.75,-4.6E-02));
#10446 = DIRECTION('',(-0.,-0.,-1.));
#10447 = DIRECTION('',(-0.,-1.,0.));
#10448 = ADVANCED_FACE('',(#10449),#10460,.F.);
#10449 = FACE_BOUND('',#10450,.T.);
#10450 = EDGE_LOOP('',(#10451,#10452,#10458,#10459));
#10451 = ORIENTED_EDGE('',*,*,#2518,.T.);
#10452 = ORIENTED_EDGE('',*,*,#10453,.T.);
#10453 = EDGE_CURVE('',#2519,#5552,#10454,.T.);
#10454 = LINE('',#10455,#10456);
#10455 = CARTESIAN_POINT('',(144.85,-80.85,-4.6E-02));
#10456 = VECTOR('',#10457,1.);
#10457 = DIRECTION('',(0.,0.,1.));
#10458 = ORIENTED_EDGE('',*,*,#5551,.F.);
#10459 = ORIENTED_EDGE('',*,*,#10453,.F.);
#10460 = CYLINDRICAL_SURFACE('',#10461,0.6);
#10461 = AXIS2_PLACEMENT_3D('',#10462,#10463,#10464);
#10462 = CARTESIAN_POINT('',(144.85,-80.25,-4.6E-02));
#10463 = DIRECTION('',(-0.,-0.,-1.));
#10464 = DIRECTION('',(-0.,-1.,0.));
#10465 = ADVANCED_FACE('',(#10466),#10477,.F.);
#10466 = FACE_BOUND('',#10467,.T.);
#10467 = EDGE_LOOP('',(#10468,#10469,#10475,#10476));
#10468 = ORIENTED_EDGE('',*,*,#2529,.T.);
#10469 = ORIENTED_EDGE('',*,*,#10470,.T.);
#10470 = EDGE_CURVE('',#2530,#5563,#10471,.T.);
#10471 = LINE('',#10472,#10473);
#10472 = CARTESIAN_POINT('',(156.45,-80.85,-4.6E-02));
#10473 = VECTOR('',#10474,1.);
#10474 = DIRECTION('',(0.,0.,1.));
#10475 = ORIENTED_EDGE('',*,*,#5562,.F.);
#10476 = ORIENTED_EDGE('',*,*,#10470,.F.);
#10477 = CYLINDRICAL_SURFACE('',#10478,0.6);
#10478 = AXIS2_PLACEMENT_3D('',#10479,#10480,#10481);
#10479 = CARTESIAN_POINT('',(156.45,-80.25,-4.6E-02));
#10480 = DIRECTION('',(-0.,-0.,-1.));
#10481 = DIRECTION('',(-0.,-1.,0.));
#10482 = ADVANCED_FACE('',(#10483),#10494,.F.);
#10483 = FACE_BOUND('',#10484,.T.);
#10484 = EDGE_LOOP('',(#10485,#10486,#10492,#10493));
#10485 = ORIENTED_EDGE('',*,*,#2540,.T.);
#10486 = ORIENTED_EDGE('',*,*,#10487,.T.);
#10487 = EDGE_CURVE('',#2541,#5574,#10488,.T.);
#10488 = LINE('',#10489,#10490);
#10489 = CARTESIAN_POINT('',(161.85,-82.85,-4.6E-02));
#10490 = VECTOR('',#10491,1.);
#10491 = DIRECTION('',(0.,0.,1.));
#10492 = ORIENTED_EDGE('',*,*,#5573,.F.);
#10493 = ORIENTED_EDGE('',*,*,#10487,.F.);
#10494 = CYLINDRICAL_SURFACE('',#10495,0.6);
#10495 = AXIS2_PLACEMENT_3D('',#10496,#10497,#10498);
#10496 = CARTESIAN_POINT('',(161.85,-82.25,-4.6E-02));
#10497 = DIRECTION('',(-0.,-0.,-1.));
#10498 = DIRECTION('',(-0.,-1.,0.));
#10499 = ADVANCED_FACE('',(#10500),#10511,.F.);
#10500 = FACE_BOUND('',#10501,.T.);
#10501 = EDGE_LOOP('',(#10502,#10503,#10509,#10510));
#10502 = ORIENTED_EDGE('',*,*,#2551,.T.);
#10503 = ORIENTED_EDGE('',*,*,#10504,.T.);
#10504 = EDGE_CURVE('',#2552,#5585,#10505,.T.);
#10505 = LINE('',#10506,#10507);
#10506 = CARTESIAN_POINT('',(170.15,-88.15,-4.6E-02));
#10507 = VECTOR('',#10508,1.);
#10508 = DIRECTION('',(0.,0.,1.));
#10509 = ORIENTED_EDGE('',*,*,#5584,.F.);
#10510 = ORIENTED_EDGE('',*,*,#10504,.F.);
#10511 = CYLINDRICAL_SURFACE('',#10512,0.5);
#10512 = AXIS2_PLACEMENT_3D('',#10513,#10514,#10515);
#10513 = CARTESIAN_POINT('',(170.15,-87.65,-4.6E-02));
#10514 = DIRECTION('',(-0.,-0.,-1.));
#10515 = DIRECTION('',(-0.,-1.,0.));
#10516 = ADVANCED_FACE('',(#10517),#10528,.F.);
#10517 = FACE_BOUND('',#10518,.T.);
#10518 = EDGE_LOOP('',(#10519,#10520,#10526,#10527));
#10519 = ORIENTED_EDGE('',*,*,#2562,.T.);
#10520 = ORIENTED_EDGE('',*,*,#10521,.T.);
#10521 = EDGE_CURVE('',#2563,#5596,#10522,.T.);
#10522 = LINE('',#10523,#10524);
#10523 = CARTESIAN_POINT('',(173.45,-88.25,-4.6E-02));
#10524 = VECTOR('',#10525,1.);
#10525 = DIRECTION('',(0.,0.,1.));
#10526 = ORIENTED_EDGE('',*,*,#5595,.F.);
#10527 = ORIENTED_EDGE('',*,*,#10521,.F.);
#10528 = CYLINDRICAL_SURFACE('',#10529,0.5);
#10529 = AXIS2_PLACEMENT_3D('',#10530,#10531,#10532);
#10530 = CARTESIAN_POINT('',(173.45,-87.75,-4.6E-02));
#10531 = DIRECTION('',(-0.,-0.,-1.));
#10532 = DIRECTION('',(-0.,-1.,0.));
#10533 = ADVANCED_FACE('',(#10534),#10545,.F.);
#10534 = FACE_BOUND('',#10535,.T.);
#10535 = EDGE_LOOP('',(#10536,#10537,#10543,#10544));
#10536 = ORIENTED_EDGE('',*,*,#2573,.T.);
#10537 = ORIENTED_EDGE('',*,*,#10538,.T.);
#10538 = EDGE_CURVE('',#2574,#5607,#10539,.T.);
#10539 = LINE('',#10540,#10541);
#10540 = CARTESIAN_POINT('',(173.45,-82.85,-4.6E-02));
#10541 = VECTOR('',#10542,1.);
#10542 = DIRECTION('',(0.,0.,1.));
#10543 = ORIENTED_EDGE('',*,*,#5606,.F.);
#10544 = ORIENTED_EDGE('',*,*,#10538,.F.);
#10545 = CYLINDRICAL_SURFACE('',#10546,0.6);
#10546 = AXIS2_PLACEMENT_3D('',#10547,#10548,#10549);
#10547 = CARTESIAN_POINT('',(173.45,-82.25,-4.6E-02));
#10548 = DIRECTION('',(-0.,-0.,-1.));
#10549 = DIRECTION('',(-0.,-1.,0.));
#10550 = ADVANCED_FACE('',(#10551),#10567,.T.);
#10551 = FACE_BOUND('',#10552,.T.);
#10552 = EDGE_LOOP('',(#10553,#10559,#10560,#10566));
#10553 = ORIENTED_EDGE('',*,*,#10554,.T.);
#10554 = EDGE_CURVE('',#2585,#5618,#10555,.T.);
#10555 = LINE('',#10556,#10557);
#10556 = CARTESIAN_POINT('',(177.826486,-59.515,0.));
#10557 = VECTOR('',#10558,1.);
#10558 = DIRECTION('',(0.,0.,1.));
#10559 = ORIENTED_EDGE('',*,*,#5617,.T.);
#10560 = ORIENTED_EDGE('',*,*,#10561,.F.);
#10561 = EDGE_CURVE('',#2587,#5620,#10562,.T.);
#10562 = LINE('',#10563,#10564);
#10563 = CARTESIAN_POINT('',(177.727642,-59.537538,0.));
#10564 = VECTOR('',#10565,1.);
#10565 = DIRECTION('',(0.,0.,1.));
#10566 = ORIENTED_EDGE('',*,*,#2584,.F.);
#10567 = PLANE('',#10568);
#10568 = AXIS2_PLACEMENT_3D('',#10569,#10570,#10571);
#10569 = CARTESIAN_POINT('',(177.826486,-59.515,0.));
#10570 = DIRECTION('',(0.22231000173,-0.97497603208,0.));
#10571 = DIRECTION('',(-0.97497603208,-0.22231000173,0.));
#10572 = ADVANCED_FACE('',(#10573),#10584,.T.);
#10573 = FACE_BOUND('',#10574,.T.);
#10574 = EDGE_LOOP('',(#10575,#10581,#10582,#10583));
#10575 = ORIENTED_EDGE('',*,*,#10576,.T.);
#10576 = EDGE_CURVE('',#2595,#5628,#10577,.T.);
#10577 = LINE('',#10578,#10579);
#10578 = CARTESIAN_POINT('',(178.,-59.5,0.));
#10579 = VECTOR('',#10580,1.);
#10580 = DIRECTION('',(0.,0.,1.));
#10581 = ORIENTED_EDGE('',*,*,#5627,.T.);
#10582 = ORIENTED_EDGE('',*,*,#10554,.F.);
#10583 = ORIENTED_EDGE('',*,*,#2594,.F.);
#10584 = PLANE('',#10585);
#10585 = AXIS2_PLACEMENT_3D('',#10586,#10587,#10588);
#10586 = CARTESIAN_POINT('',(178.,-59.5,0.));
#10587 = DIRECTION('',(8.612712708246E-02,-0.996284155239,0.));
#10588 = DIRECTION('',(-0.996284155239,-8.612712708246E-02,0.));
#10589 = ADVANCED_FACE('',(#10590),#10601,.T.);
#10590 = FACE_BOUND('',#10591,.T.);
#10591 = EDGE_LOOP('',(#10592,#10593,#10594,#10600));
#10592 = ORIENTED_EDGE('',*,*,#10561,.T.);
#10593 = ORIENTED_EDGE('',*,*,#5995,.T.);
#10594 = ORIENTED_EDGE('',*,*,#10595,.F.);
#10595 = EDGE_CURVE('',#2955,#5988,#10596,.T.);
#10596 = LINE('',#10597,#10598);
#10597 = CARTESIAN_POINT('',(177.632785,-59.569577,0.));
#10598 = VECTOR('',#10599,1.);
#10599 = DIRECTION('',(0.,0.,1.));
#10600 = ORIENTED_EDGE('',*,*,#2962,.F.);
#10601 = PLANE('',#10602);
#10602 = AXIS2_PLACEMENT_3D('',#10603,#10604,#10605);
#10603 = CARTESIAN_POINT('',(177.727642,-59.537538,0.));
#10604 = DIRECTION('',(0.320000668508,-0.94741731679,0.));
#10605 = DIRECTION('',(-0.94741731679,-0.320000668508,0.));
#10606 = ADVANCED_FACE('',(#10607),#10618,.T.);
#10607 = FACE_BOUND('',#10608,.T.);
#10608 = EDGE_LOOP('',(#10609,#10615,#10616,#10617));
#10609 = ORIENTED_EDGE('',*,*,#10610,.T.);
#10610 = EDGE_CURVE('',#2603,#5636,#10611,.T.);
#10611 = LINE('',#10612,#10613);
#10612 = CARTESIAN_POINT('',(201.,-59.5,0.));
#10613 = VECTOR('',#10614,1.);
#10614 = DIRECTION('',(0.,0.,1.));
#10615 = ORIENTED_EDGE('',*,*,#5635,.T.);
#10616 = ORIENTED_EDGE('',*,*,#10576,.F.);
#10617 = ORIENTED_EDGE('',*,*,#2602,.F.);
#10618 = PLANE('',#10619);
#10619 = AXIS2_PLACEMENT_3D('',#10620,#10621,#10622);
#10620 = CARTESIAN_POINT('',(201.,-59.5,0.));
#10621 = DIRECTION('',(0.,-1.,0.));
#10622 = DIRECTION('',(-1.,0.,0.));
#10623 = ADVANCED_FACE('',(#10624),#10635,.T.);
#10624 = FACE_BOUND('',#10625,.T.);
#10625 = EDGE_LOOP('',(#10626,#10627,#10628,#10634));
#10626 = ORIENTED_EDGE('',*,*,#10595,.T.);
#10627 = ORIENTED_EDGE('',*,*,#5987,.T.);
#10628 = ORIENTED_EDGE('',*,*,#10629,.F.);
#10629 = EDGE_CURVE('',#2947,#5980,#10630,.T.);
#10630 = LINE('',#10631,#10632);
#10631 = CARTESIAN_POINT('',(177.540928,-59.611367,0.));
#10632 = VECTOR('',#10633,1.);
#10633 = DIRECTION('',(0.,0.,1.));
#10634 = ORIENTED_EDGE('',*,*,#2954,.F.);
#10635 = PLANE('',#10636);
#10636 = AXIS2_PLACEMENT_3D('',#10637,#10638,#10639);
#10637 = CARTESIAN_POINT('',(177.632785,-59.569577,0.));
#10638 = DIRECTION('',(0.414105287688,-0.910228988062,0.));
#10639 = DIRECTION('',(-0.910228988062,-0.414105287688,0.));
#10640 = ADVANCED_FACE('',(#10641),#10652,.T.);
#10641 = FACE_BOUND('',#10642,.T.);
#10642 = EDGE_LOOP('',(#10643,#10649,#10650,#10651));
#10643 = ORIENTED_EDGE('',*,*,#10644,.T.);
#10644 = EDGE_CURVE('',#2611,#5644,#10645,.T.);
#10645 = LINE('',#10646,#10647);
#10646 = CARTESIAN_POINT('',(201.196885,-59.519376,0.));
#10647 = VECTOR('',#10648,1.);
#10648 = DIRECTION('',(0.,0.,1.));
#10649 = ORIENTED_EDGE('',*,*,#5643,.T.);
#10650 = ORIENTED_EDGE('',*,*,#10610,.F.);
#10651 = ORIENTED_EDGE('',*,*,#2610,.F.);
#10652 = PLANE('',#10653);
#10653 = AXIS2_PLACEMENT_3D('',#10654,#10655,#10656);
#10654 = CARTESIAN_POINT('',(201.196885,-59.519376,0.));
#10655 = DIRECTION('',(-9.793964544702E-02,-0.995192356205,0.));
#10656 = DIRECTION('',(-0.995192356205,9.793964544702E-02,0.));
#10657 = ADVANCED_FACE('',(#10658),#10669,.T.);
#10658 = FACE_BOUND('',#10659,.T.);
#10659 = EDGE_LOOP('',(#10660,#10661,#10662,#10668));
#10660 = ORIENTED_EDGE('',*,*,#10629,.T.);
#10661 = ORIENTED_EDGE('',*,*,#5979,.T.);
#10662 = ORIENTED_EDGE('',*,*,#10663,.F.);
#10663 = EDGE_CURVE('',#2939,#5972,#10664,.T.);
#10664 = LINE('',#10665,#10666);
#10665 = CARTESIAN_POINT('',(177.454313,-59.661873,0.));
#10666 = VECTOR('',#10667,1.);
#10667 = DIRECTION('',(0.,0.,1.));
#10668 = ORIENTED_EDGE('',*,*,#2946,.F.);
#10669 = PLANE('',#10670);
#10670 = AXIS2_PLACEMENT_3D('',#10671,#10672,#10673);
#10671 = CARTESIAN_POINT('',(177.540928,-59.611367,0.));
#10672 = DIRECTION('',(0.503726530498,-0.863863173467,0.));
#10673 = DIRECTION('',(-0.863863173467,-0.503726530498,0.));
#10674 = ADVANCED_FACE('',(#10675),#10686,.T.);
#10675 = FACE_BOUND('',#10676,.T.);
#10676 = EDGE_LOOP('',(#10677,#10683,#10684,#10685));
#10677 = ORIENTED_EDGE('',*,*,#10678,.T.);
#10678 = EDGE_CURVE('',#2619,#5652,#10679,.T.);
#10679 = LINE('',#10680,#10681);
#10680 = CARTESIAN_POINT('',(201.384972,-59.576789,0.));
#10681 = VECTOR('',#10682,1.);
#10682 = DIRECTION('',(0.,0.,1.));
#10683 = ORIENTED_EDGE('',*,*,#5651,.T.);
#10684 = ORIENTED_EDGE('',*,*,#10644,.F.);
#10685 = ORIENTED_EDGE('',*,*,#2618,.F.);
#10686 = PLANE('',#10687);
#10687 = AXIS2_PLACEMENT_3D('',#10688,#10689,#10690);
#10688 = CARTESIAN_POINT('',(201.384972,-59.576789,0.));
#10689 = DIRECTION('',(-0.291948646068,-0.956433995663,0.));
#10690 = DIRECTION('',(-0.956433995663,0.291948646068,0.));
#10691 = ADVANCED_FACE('',(#10692),#10703,.T.);
#10692 = FACE_BOUND('',#10693,.T.);
#10693 = EDGE_LOOP('',(#10694,#10695,#10696,#10702));
#10694 = ORIENTED_EDGE('',*,*,#10663,.T.);
#10695 = ORIENTED_EDGE('',*,*,#5971,.T.);
#10696 = ORIENTED_EDGE('',*,*,#10697,.F.);
#10697 = EDGE_CURVE('',#2931,#5964,#10698,.T.);
#10698 = LINE('',#10699,#10700);
#10699 = CARTESIAN_POINT('',(177.372989,-59.720944,0.));
#10700 = VECTOR('',#10701,1.);
#10701 = DIRECTION('',(0.,0.,1.));
#10702 = ORIENTED_EDGE('',*,*,#2938,.F.);
#10703 = PLANE('',#10704);
#10704 = AXIS2_PLACEMENT_3D('',#10705,#10706,#10707);
#10705 = CARTESIAN_POINT('',(177.454313,-59.661873,0.));
#10706 = DIRECTION('',(0.587691841792,-0.809084852837,0.));
#10707 = DIRECTION('',(-0.809084852837,-0.587691841792,0.));
#10708 = ADVANCED_FACE('',(#10709),#10720,.T.);
#10709 = FACE_BOUND('',#10710,.T.);
#10710 = EDGE_LOOP('',(#10711,#10717,#10718,#10719));
#10711 = ORIENTED_EDGE('',*,*,#10712,.T.);
#10712 = EDGE_CURVE('',#2627,#5660,#10713,.T.);
#10713 = LINE('',#10714,#10715);
#10714 = CARTESIAN_POINT('',(201.558949,-59.670676,0.));
#10715 = VECTOR('',#10716,1.);
#10716 = DIRECTION('',(0.,0.,1.));
#10717 = ORIENTED_EDGE('',*,*,#5659,.T.);
#10718 = ORIENTED_EDGE('',*,*,#10678,.F.);
#10719 = ORIENTED_EDGE('',*,*,#2626,.F.);
#10720 = PLANE('',#10721);
#10721 = AXIS2_PLACEMENT_3D('',#10722,#10723,#10724);
#10722 = CARTESIAN_POINT('',(201.558949,-59.670676,0.));
#10723 = DIRECTION('',(-0.474911646168,-0.880033481371,0.));
#10724 = DIRECTION('',(-0.880033481371,0.474911646168,0.));
#10725 = ADVANCED_FACE('',(#10726),#10737,.T.);
#10726 = FACE_BOUND('',#10727,.T.);
#10727 = EDGE_LOOP('',(#10728,#10729,#10730,#10736));
#10728 = ORIENTED_EDGE('',*,*,#10697,.T.);
#10729 = ORIENTED_EDGE('',*,*,#5963,.T.);
#10730 = ORIENTED_EDGE('',*,*,#10731,.F.);
#10731 = EDGE_CURVE('',#2923,#5956,#10732,.T.);
#10732 = LINE('',#10733,#10734);
#10733 = CARTESIAN_POINT('',(177.298121,-59.787703,0.));
#10734 = VECTOR('',#10735,1.);
#10735 = DIRECTION('',(0.,0.,1.));
#10736 = ORIENTED_EDGE('',*,*,#2930,.F.);
#10737 = PLANE('',#10738);
#10738 = AXIS2_PLACEMENT_3D('',#10739,#10740,#10741);
#10739 = CARTESIAN_POINT('',(177.372989,-59.720944,0.));
#10740 = DIRECTION('',(0.665530656515,-0.746370514717,0.));
#10741 = DIRECTION('',(-0.746370514717,-0.665530656515,0.));
#10742 = ADVANCED_FACE('',(#10743),#10754,.T.);
#10743 = FACE_BOUND('',#10744,.T.);
#10744 = EDGE_LOOP('',(#10745,#10751,#10752,#10753));
#10745 = ORIENTED_EDGE('',*,*,#10746,.T.);
#10746 = EDGE_CURVE('',#2635,#5668,#10747,.T.);
#10747 = LINE('',#10748,#10749);
#10748 = CARTESIAN_POINT('',(201.712297,-59.798121,0.));
#10749 = VECTOR('',#10750,1.);
#10750 = DIRECTION('',(0.,0.,1.));
#10751 = ORIENTED_EDGE('',*,*,#5667,.T.);
#10752 = ORIENTED_EDGE('',*,*,#10712,.F.);
#10753 = ORIENTED_EDGE('',*,*,#2634,.F.);
#10754 = PLANE('',#10755);
#10755 = AXIS2_PLACEMENT_3D('',#10756,#10757,#10758);
#10756 = CARTESIAN_POINT('',(201.712297,-59.798121,0.));
#10757 = DIRECTION('',(-0.639162705653,-0.769071541343,0.));
#10758 = DIRECTION('',(-0.769071541343,0.639162705653,0.));
#10759 = ADVANCED_FACE('',(#10760),#10771,.T.);
#10760 = FACE_BOUND('',#10761,.T.);
#10761 = EDGE_LOOP('',(#10762,#10763,#10764,#10770));
#10762 = ORIENTED_EDGE('',*,*,#10731,.T.);
#10763 = ORIENTED_EDGE('',*,*,#5955,.T.);
#10764 = ORIENTED_EDGE('',*,*,#10765,.F.);
#10765 = EDGE_CURVE('',#2915,#5948,#10766,.T.);
#10766 = LINE('',#10767,#10768);
#10767 = CARTESIAN_POINT('',(177.170676,-59.941051,0.));
#10768 = VECTOR('',#10769,1.);
#10769 = DIRECTION('',(0.,0.,1.));
#10770 = ORIENTED_EDGE('',*,*,#2922,.F.);
#10771 = PLANE('',#10772);
#10772 = AXIS2_PLACEMENT_3D('',#10773,#10774,#10775);
#10773 = CARTESIAN_POINT('',(177.298121,-59.787703,0.));
#10774 = DIRECTION('',(0.769071541342,-0.639162705653,0.));
#10775 = DIRECTION('',(-0.639162705653,-0.769071541342,0.));
#10776 = ADVANCED_FACE('',(#10777),#10788,.T.);
#10777 = FACE_BOUND('',#10778,.T.);
#10778 = EDGE_LOOP('',(#10779,#10785,#10786,#10787));
#10779 = ORIENTED_EDGE('',*,*,#10780,.T.);
#10780 = EDGE_CURVE('',#2643,#5676,#10781,.T.);
#10781 = LINE('',#10782,#10783);
#10782 = CARTESIAN_POINT('',(201.779056,-59.872989,0.));
#10783 = VECTOR('',#10784,1.);
#10784 = DIRECTION('',(0.,0.,1.));
#10785 = ORIENTED_EDGE('',*,*,#5675,.T.);
#10786 = ORIENTED_EDGE('',*,*,#10746,.F.);
#10787 = ORIENTED_EDGE('',*,*,#2642,.F.);
#10788 = PLANE('',#10789);
#10789 = AXIS2_PLACEMENT_3D('',#10790,#10791,#10792);
#10790 = CARTESIAN_POINT('',(201.779056,-59.872989,0.));
#10791 = DIRECTION('',(-0.746370514717,-0.665530656515,0.));
#10792 = DIRECTION('',(-0.665530656515,0.746370514717,0.));
#10793 = ADVANCED_FACE('',(#10794),#10805,.T.);
#10794 = FACE_BOUND('',#10795,.T.);
#10795 = EDGE_LOOP('',(#10796,#10797,#10798,#10804));
#10796 = ORIENTED_EDGE('',*,*,#10765,.T.);
#10797 = ORIENTED_EDGE('',*,*,#5947,.T.);
#10798 = ORIENTED_EDGE('',*,*,#10799,.F.);
#10799 = EDGE_CURVE('',#2907,#5940,#10800,.T.);
#10800 = LINE('',#10801,#10802);
#10801 = CARTESIAN_POINT('',(177.076789,-60.115028,0.));
#10802 = VECTOR('',#10803,1.);
#10803 = DIRECTION('',(0.,0.,1.));
#10804 = ORIENTED_EDGE('',*,*,#2914,.F.);
#10805 = PLANE('',#10806);
#10806 = AXIS2_PLACEMENT_3D('',#10807,#10808,#10809);
#10807 = CARTESIAN_POINT('',(177.170676,-59.941051,0.));
#10808 = DIRECTION('',(0.880033481371,-0.474911646168,0.));
#10809 = DIRECTION('',(-0.474911646168,-0.880033481371,0.));
#10810 = ADVANCED_FACE('',(#10811),#10822,.T.);
#10811 = FACE_BOUND('',#10812,.T.);
#10812 = EDGE_LOOP('',(#10813,#10819,#10820,#10821));
#10813 = ORIENTED_EDGE('',*,*,#10814,.T.);
#10814 = EDGE_CURVE('',#2651,#5684,#10815,.T.);
#10815 = LINE('',#10816,#10817);
#10816 = CARTESIAN_POINT('',(201.838127,-59.954313,0.));
#10817 = VECTOR('',#10818,1.);
#10818 = DIRECTION('',(0.,0.,1.));
#10819 = ORIENTED_EDGE('',*,*,#5683,.T.);
#10820 = ORIENTED_EDGE('',*,*,#10780,.F.);
#10821 = ORIENTED_EDGE('',*,*,#2650,.F.);
#10822 = PLANE('',#10823);
#10823 = AXIS2_PLACEMENT_3D('',#10824,#10825,#10826);
#10824 = CARTESIAN_POINT('',(201.838127,-59.954313,0.));
#10825 = DIRECTION('',(-0.809084852837,-0.587691841793,0.));
#10826 = DIRECTION('',(-0.587691841793,0.809084852837,0.));
#10827 = ADVANCED_FACE('',(#10828),#10839,.T.);
#10828 = FACE_BOUND('',#10829,.T.);
#10829 = EDGE_LOOP('',(#10830,#10831,#10832,#10838));
#10830 = ORIENTED_EDGE('',*,*,#10799,.T.);
#10831 = ORIENTED_EDGE('',*,*,#5939,.T.);
#10832 = ORIENTED_EDGE('',*,*,#10833,.F.);
#10833 = EDGE_CURVE('',#2899,#5932,#10834,.T.);
#10834 = LINE('',#10835,#10836);
#10835 = CARTESIAN_POINT('',(177.019376,-60.303115,0.));
#10836 = VECTOR('',#10837,1.);
#10837 = DIRECTION('',(0.,0.,1.));
#10838 = ORIENTED_EDGE('',*,*,#2906,.F.);
#10839 = PLANE('',#10840);
#10840 = AXIS2_PLACEMENT_3D('',#10841,#10842,#10843);
#10841 = CARTESIAN_POINT('',(177.076789,-60.115028,0.));
#10842 = DIRECTION('',(0.956433995663,-0.291948646068,0.));
#10843 = DIRECTION('',(-0.291948646068,-0.956433995663,0.));
#10844 = ADVANCED_FACE('',(#10845),#10856,.T.);
#10845 = FACE_BOUND('',#10846,.T.);
#10846 = EDGE_LOOP('',(#10847,#10853,#10854,#10855));
#10847 = ORIENTED_EDGE('',*,*,#10848,.T.);
#10848 = EDGE_CURVE('',#2659,#5692,#10849,.T.);
#10849 = LINE('',#10850,#10851);
#10850 = CARTESIAN_POINT('',(201.888633,-60.040928,0.));
#10851 = VECTOR('',#10852,1.);
#10852 = DIRECTION('',(0.,0.,1.));
#10853 = ORIENTED_EDGE('',*,*,#5691,.T.);
#10854 = ORIENTED_EDGE('',*,*,#10814,.F.);
#10855 = ORIENTED_EDGE('',*,*,#2658,.F.);
#10856 = PLANE('',#10857);
#10857 = AXIS2_PLACEMENT_3D('',#10858,#10859,#10860);
#10858 = CARTESIAN_POINT('',(201.888633,-60.040928,0.));
#10859 = DIRECTION('',(-0.863863173467,-0.503726530498,0.));
#10860 = DIRECTION('',(-0.503726530498,0.863863173467,0.));
#10861 = ADVANCED_FACE('',(#10862),#10873,.T.);
#10862 = FACE_BOUND('',#10863,.T.);
#10863 = EDGE_LOOP('',(#10864,#10865,#10866,#10872));
#10864 = ORIENTED_EDGE('',*,*,#10833,.T.);
#10865 = ORIENTED_EDGE('',*,*,#5931,.T.);
#10866 = ORIENTED_EDGE('',*,*,#10867,.F.);
#10867 = EDGE_CURVE('',#2891,#5924,#10868,.T.);
#10868 = LINE('',#10869,#10870);
#10869 = CARTESIAN_POINT('',(177.,-60.5,0.));
#10870 = VECTOR('',#10871,1.);
#10871 = DIRECTION('',(0.,0.,1.));
#10872 = ORIENTED_EDGE('',*,*,#2898,.F.);
#10873 = PLANE('',#10874);
#10874 = AXIS2_PLACEMENT_3D('',#10875,#10876,#10877);
#10875 = CARTESIAN_POINT('',(177.019376,-60.303115,0.));
#10876 = DIRECTION('',(0.995192356205,-9.793964544699E-02,0.));
#10877 = DIRECTION('',(-9.793964544699E-02,-0.995192356205,0.));
#10878 = ADVANCED_FACE('',(#10879),#10890,.T.);
#10879 = FACE_BOUND('',#10880,.T.);
#10880 = EDGE_LOOP('',(#10881,#10887,#10888,#10889));
#10881 = ORIENTED_EDGE('',*,*,#10882,.T.);
#10882 = EDGE_CURVE('',#2667,#5700,#10883,.T.);
#10883 = LINE('',#10884,#10885);
#10884 = CARTESIAN_POINT('',(201.930423,-60.132785,0.));
#10885 = VECTOR('',#10886,1.);
#10886 = DIRECTION('',(0.,0.,1.));
#10887 = ORIENTED_EDGE('',*,*,#5699,.T.);
#10888 = ORIENTED_EDGE('',*,*,#10848,.F.);
#10889 = ORIENTED_EDGE('',*,*,#2666,.F.);
#10890 = PLANE('',#10891);
#10891 = AXIS2_PLACEMENT_3D('',#10892,#10893,#10894);
#10892 = CARTESIAN_POINT('',(201.930423,-60.132785,0.));
#10893 = DIRECTION('',(-0.910228988062,-0.414105287688,0.));
#10894 = DIRECTION('',(-0.414105287688,0.910228988062,0.));
#10895 = ADVANCED_FACE('',(#10896),#10907,.T.);
#10896 = FACE_BOUND('',#10897,.T.);
#10897 = EDGE_LOOP('',(#10898,#10899,#10900,#10906));
#10898 = ORIENTED_EDGE('',*,*,#10867,.T.);
#10899 = ORIENTED_EDGE('',*,*,#5923,.T.);
#10900 = ORIENTED_EDGE('',*,*,#10901,.F.);
#10901 = EDGE_CURVE('',#2883,#5916,#10902,.T.);
#10902 = LINE('',#10903,#10904);
#10903 = CARTESIAN_POINT('',(177.,-97.,0.));
#10904 = VECTOR('',#10905,1.);
#10905 = DIRECTION('',(0.,0.,1.));
#10906 = ORIENTED_EDGE('',*,*,#2890,.F.);
#10907 = PLANE('',#10908);
#10908 = AXIS2_PLACEMENT_3D('',#10909,#10910,#10911);
#10909 = CARTESIAN_POINT('',(177.,-60.5,0.));
#10910 = DIRECTION('',(1.,0.,-0.));
#10911 = DIRECTION('',(0.,-1.,0.));
#10912 = ADVANCED_FACE('',(#10913),#10924,.T.);
#10913 = FACE_BOUND('',#10914,.T.);
#10914 = EDGE_LOOP('',(#10915,#10921,#10922,#10923));
#10915 = ORIENTED_EDGE('',*,*,#10916,.T.);
#10916 = EDGE_CURVE('',#2675,#5708,#10917,.T.);
#10917 = LINE('',#10918,#10919);
#10918 = CARTESIAN_POINT('',(201.962462,-60.227642,0.));
#10919 = VECTOR('',#10920,1.);
#10920 = DIRECTION('',(0.,0.,1.));
#10921 = ORIENTED_EDGE('',*,*,#5707,.T.);
#10922 = ORIENTED_EDGE('',*,*,#10882,.F.);
#10923 = ORIENTED_EDGE('',*,*,#2674,.F.);
#10924 = PLANE('',#10925);
#10925 = AXIS2_PLACEMENT_3D('',#10926,#10927,#10928);
#10926 = CARTESIAN_POINT('',(201.962462,-60.227642,0.));
#10927 = DIRECTION('',(-0.947417316791,-0.320000668508,0.));
#10928 = DIRECTION('',(-0.320000668508,0.947417316791,0.));
#10929 = ADVANCED_FACE('',(#10930),#10941,.T.);
#10930 = FACE_BOUND('',#10931,.T.);
#10931 = EDGE_LOOP('',(#10932,#10933,#10934,#10940));
#10932 = ORIENTED_EDGE('',*,*,#10901,.T.);
#10933 = ORIENTED_EDGE('',*,*,#5915,.T.);
#10934 = ORIENTED_EDGE('',*,*,#10935,.F.);
#10935 = EDGE_CURVE('',#2875,#5908,#10936,.T.);
#10936 = LINE('',#10937,#10938);
#10937 = CARTESIAN_POINT('',(177.015,-97.173514,0.));
#10938 = VECTOR('',#10939,1.);
#10939 = DIRECTION('',(0.,0.,1.));
#10940 = ORIENTED_EDGE('',*,*,#2882,.F.);
#10941 = PLANE('',#10942);
#10942 = AXIS2_PLACEMENT_3D('',#10943,#10944,#10945);
#10943 = CARTESIAN_POINT('',(177.,-97.,0.));
#10944 = DIRECTION('',(0.996284155239,8.612712708239E-02,-0.));
#10945 = DIRECTION('',(8.612712708239E-02,-0.996284155239,0.));
#10946 = ADVANCED_FACE('',(#10947),#10958,.T.);
#10947 = FACE_BOUND('',#10948,.T.);
#10948 = EDGE_LOOP('',(#10949,#10955,#10956,#10957));
#10949 = ORIENTED_EDGE('',*,*,#10950,.T.);
#10950 = EDGE_CURVE('',#2683,#5716,#10951,.T.);
#10951 = LINE('',#10952,#10953);
#10952 = CARTESIAN_POINT('',(201.985,-60.326486,0.));
#10953 = VECTOR('',#10954,1.);
#10954 = DIRECTION('',(0.,0.,1.));
#10955 = ORIENTED_EDGE('',*,*,#5715,.T.);
#10956 = ORIENTED_EDGE('',*,*,#10916,.F.);
#10957 = ORIENTED_EDGE('',*,*,#2682,.F.);
#10958 = PLANE('',#10959);
#10959 = AXIS2_PLACEMENT_3D('',#10960,#10961,#10962);
#10960 = CARTESIAN_POINT('',(201.985,-60.326486,0.));
#10961 = DIRECTION('',(-0.97497603208,-0.22231000173,0.));
#10962 = DIRECTION('',(-0.22231000173,0.97497603208,0.));
#10963 = ADVANCED_FACE('',(#10964),#10975,.T.);
#10964 = FACE_BOUND('',#10965,.T.);
#10965 = EDGE_LOOP('',(#10966,#10967,#10968,#10974));
#10966 = ORIENTED_EDGE('',*,*,#10935,.T.);
#10967 = ORIENTED_EDGE('',*,*,#5907,.T.);
#10968 = ORIENTED_EDGE('',*,*,#10969,.F.);
#10969 = EDGE_CURVE('',#2867,#5900,#10970,.T.);
#10970 = LINE('',#10971,#10972);
#10971 = CARTESIAN_POINT('',(177.037538,-97.272358,0.));
#10972 = VECTOR('',#10973,1.);
#10973 = DIRECTION('',(0.,0.,1.));
#10974 = ORIENTED_EDGE('',*,*,#2874,.F.);
#10975 = PLANE('',#10976);
#10976 = AXIS2_PLACEMENT_3D('',#10977,#10978,#10979);
#10977 = CARTESIAN_POINT('',(177.015,-97.173514,0.));
#10978 = DIRECTION('',(0.97497603208,0.22231000173,-0.));
#10979 = DIRECTION('',(0.22231000173,-0.97497603208,0.));
#10980 = ADVANCED_FACE('',(#10981),#10992,.T.);
#10981 = FACE_BOUND('',#10982,.T.);
#10982 = EDGE_LOOP('',(#10983,#10989,#10990,#10991));
#10983 = ORIENTED_EDGE('',*,*,#10984,.T.);
#10984 = EDGE_CURVE('',#2691,#5724,#10985,.T.);
#10985 = LINE('',#10986,#10987);
#10986 = CARTESIAN_POINT('',(202.,-60.5,0.));
#10987 = VECTOR('',#10988,1.);
#10988 = DIRECTION('',(0.,0.,1.));
#10989 = ORIENTED_EDGE('',*,*,#5723,.T.);
#10990 = ORIENTED_EDGE('',*,*,#10950,.F.);
#10991 = ORIENTED_EDGE('',*,*,#2690,.F.);
#10992 = PLANE('',#10993);
#10993 = AXIS2_PLACEMENT_3D('',#10994,#10995,#10996);
#10994 = CARTESIAN_POINT('',(202.,-60.5,0.));
#10995 = DIRECTION('',(-0.996284155239,-8.612712708239E-02,0.));
#10996 = DIRECTION('',(-8.612712708239E-02,0.996284155239,0.));
#10997 = ADVANCED_FACE('',(#10998),#11009,.T.);
#10998 = FACE_BOUND('',#10999,.T.);
#10999 = EDGE_LOOP('',(#11000,#11001,#11002,#11008));
#11000 = ORIENTED_EDGE('',*,*,#10969,.T.);
#11001 = ORIENTED_EDGE('',*,*,#5899,.T.);
#11002 = ORIENTED_EDGE('',*,*,#11003,.F.);
#11003 = EDGE_CURVE('',#2859,#5892,#11004,.T.);
#11004 = LINE('',#11005,#11006);
#11005 = CARTESIAN_POINT('',(177.069577,-97.367215,0.));
#11006 = VECTOR('',#11007,1.);
#11007 = DIRECTION('',(0.,0.,1.));
#11008 = ORIENTED_EDGE('',*,*,#2866,.F.);
#11009 = PLANE('',#11010);
#11010 = AXIS2_PLACEMENT_3D('',#11011,#11012,#11013);
#11011 = CARTESIAN_POINT('',(177.037538,-97.272358,0.));
#11012 = DIRECTION('',(0.947417316791,0.320000668508,-0.));
#11013 = DIRECTION('',(0.320000668508,-0.947417316791,0.));
#11014 = ADVANCED_FACE('',(#11015),#11026,.T.);
#11015 = FACE_BOUND('',#11016,.T.);
#11016 = EDGE_LOOP('',(#11017,#11023,#11024,#11025));
#11017 = ORIENTED_EDGE('',*,*,#11018,.T.);
#11018 = EDGE_CURVE('',#2699,#5732,#11019,.T.);
#11019 = LINE('',#11020,#11021);
#11020 = CARTESIAN_POINT('',(202.,-97.,0.));
#11021 = VECTOR('',#11022,1.);
#11022 = DIRECTION('',(0.,0.,1.));
#11023 = ORIENTED_EDGE('',*,*,#5731,.T.);
#11024 = ORIENTED_EDGE('',*,*,#10984,.F.);
#11025 = ORIENTED_EDGE('',*,*,#2698,.F.);
#11026 = PLANE('',#11027);
#11027 = AXIS2_PLACEMENT_3D('',#11028,#11029,#11030);
#11028 = CARTESIAN_POINT('',(202.,-97.,0.));
#11029 = DIRECTION('',(-1.,0.,0.));
#11030 = DIRECTION('',(0.,1.,0.));
#11031 = ADVANCED_FACE('',(#11032),#11043,.T.);
#11032 = FACE_BOUND('',#11033,.T.);
#11033 = EDGE_LOOP('',(#11034,#11035,#11036,#11042));
#11034 = ORIENTED_EDGE('',*,*,#11003,.T.);
#11035 = ORIENTED_EDGE('',*,*,#5891,.T.);
#11036 = ORIENTED_EDGE('',*,*,#11037,.F.);
#11037 = EDGE_CURVE('',#2851,#5884,#11038,.T.);
#11038 = LINE('',#11039,#11040);
#11039 = CARTESIAN_POINT('',(177.111367,-97.459072,0.));
#11040 = VECTOR('',#11041,1.);
#11041 = DIRECTION('',(0.,0.,1.));
#11042 = ORIENTED_EDGE('',*,*,#2858,.F.);
#11043 = PLANE('',#11044);
#11044 = AXIS2_PLACEMENT_3D('',#11045,#11046,#11047);
#11045 = CARTESIAN_POINT('',(177.069577,-97.367215,0.));
#11046 = DIRECTION('',(0.910228988062,0.414105287688,-0.));
#11047 = DIRECTION('',(0.414105287688,-0.910228988062,0.));
#11048 = ADVANCED_FACE('',(#11049),#11060,.T.);
#11049 = FACE_BOUND('',#11050,.T.);
#11050 = EDGE_LOOP('',(#11051,#11057,#11058,#11059));
#11051 = ORIENTED_EDGE('',*,*,#11052,.T.);
#11052 = EDGE_CURVE('',#2707,#5740,#11053,.T.);
#11053 = LINE('',#11054,#11055);
#11054 = CARTESIAN_POINT('',(201.980624,-97.196885,0.));
#11055 = VECTOR('',#11056,1.);
#11056 = DIRECTION('',(0.,0.,1.));
#11057 = ORIENTED_EDGE('',*,*,#5739,.T.);
#11058 = ORIENTED_EDGE('',*,*,#11018,.F.);
#11059 = ORIENTED_EDGE('',*,*,#2706,.F.);
#11060 = PLANE('',#11061);
#11061 = AXIS2_PLACEMENT_3D('',#11062,#11063,#11064);
#11062 = CARTESIAN_POINT('',(201.980624,-97.196885,0.));
#11063 = DIRECTION('',(-0.995192356205,9.793964544699E-02,0.));
#11064 = DIRECTION('',(9.793964544699E-02,0.995192356205,0.));
#11065 = ADVANCED_FACE('',(#11066),#11077,.T.);
#11066 = FACE_BOUND('',#11067,.T.);
#11067 = EDGE_LOOP('',(#11068,#11069,#11070,#11076));
#11068 = ORIENTED_EDGE('',*,*,#11037,.T.);
#11069 = ORIENTED_EDGE('',*,*,#5883,.T.);
#11070 = ORIENTED_EDGE('',*,*,#11071,.F.);
#11071 = EDGE_CURVE('',#2843,#5876,#11072,.T.);
#11072 = LINE('',#11073,#11074);
#11073 = CARTESIAN_POINT('',(177.161873,-97.545687,0.));
#11074 = VECTOR('',#11075,1.);
#11075 = DIRECTION('',(0.,0.,1.));
#11076 = ORIENTED_EDGE('',*,*,#2850,.F.);
#11077 = PLANE('',#11078);
#11078 = AXIS2_PLACEMENT_3D('',#11079,#11080,#11081);
#11079 = CARTESIAN_POINT('',(177.111367,-97.459072,0.));
#11080 = DIRECTION('',(0.863863173467,0.503726530498,-0.));
#11081 = DIRECTION('',(0.503726530498,-0.863863173467,0.));
#11082 = ADVANCED_FACE('',(#11083),#11094,.T.);
#11083 = FACE_BOUND('',#11084,.T.);
#11084 = EDGE_LOOP('',(#11085,#11091,#11092,#11093));
#11085 = ORIENTED_EDGE('',*,*,#11086,.T.);
#11086 = EDGE_CURVE('',#2715,#5748,#11087,.T.);
#11087 = LINE('',#11088,#11089);
#11088 = CARTESIAN_POINT('',(201.923211,-97.384972,0.));
#11089 = VECTOR('',#11090,1.);
#11090 = DIRECTION('',(0.,0.,1.));
#11091 = ORIENTED_EDGE('',*,*,#5747,.T.);
#11092 = ORIENTED_EDGE('',*,*,#11052,.F.);
#11093 = ORIENTED_EDGE('',*,*,#2714,.F.);
#11094 = PLANE('',#11095);
#11095 = AXIS2_PLACEMENT_3D('',#11096,#11097,#11098);
#11096 = CARTESIAN_POINT('',(201.923211,-97.384972,0.));
#11097 = DIRECTION('',(-0.956433995663,0.291948646068,0.));
#11098 = DIRECTION('',(0.291948646068,0.956433995663,0.));
#11099 = ADVANCED_FACE('',(#11100),#11111,.T.);
#11100 = FACE_BOUND('',#11101,.T.);
#11101 = EDGE_LOOP('',(#11102,#11103,#11104,#11110));
#11102 = ORIENTED_EDGE('',*,*,#11071,.T.);
#11103 = ORIENTED_EDGE('',*,*,#5875,.T.);
#11104 = ORIENTED_EDGE('',*,*,#11105,.F.);
#11105 = EDGE_CURVE('',#2835,#5868,#11106,.T.);
#11106 = LINE('',#11107,#11108);
#11107 = CARTESIAN_POINT('',(177.220944,-97.627011,0.));
#11108 = VECTOR('',#11109,1.);
#11109 = DIRECTION('',(0.,0.,1.));
#11110 = ORIENTED_EDGE('',*,*,#2842,.F.);
#11111 = PLANE('',#11112);
#11112 = AXIS2_PLACEMENT_3D('',#11113,#11114,#11115);
#11113 = CARTESIAN_POINT('',(177.161873,-97.545687,0.));
#11114 = DIRECTION('',(0.809084852837,0.587691841793,-0.));
#11115 = DIRECTION('',(0.587691841793,-0.809084852837,0.));
#11116 = ADVANCED_FACE('',(#11117),#11128,.T.);
#11117 = FACE_BOUND('',#11118,.T.);
#11118 = EDGE_LOOP('',(#11119,#11125,#11126,#11127));
#11119 = ORIENTED_EDGE('',*,*,#11120,.T.);
#11120 = EDGE_CURVE('',#2723,#5756,#11121,.T.);
#11121 = LINE('',#11122,#11123);
#11122 = CARTESIAN_POINT('',(201.829324,-97.558949,0.));
#11123 = VECTOR('',#11124,1.);
#11124 = DIRECTION('',(0.,0.,1.));
#11125 = ORIENTED_EDGE('',*,*,#5755,.T.);
#11126 = ORIENTED_EDGE('',*,*,#11086,.F.);
#11127 = ORIENTED_EDGE('',*,*,#2722,.F.);
#11128 = PLANE('',#11129);
#11129 = AXIS2_PLACEMENT_3D('',#11130,#11131,#11132);
#11130 = CARTESIAN_POINT('',(201.829324,-97.558949,0.));
#11131 = DIRECTION('',(-0.880033481371,0.474911646168,0.));
#11132 = DIRECTION('',(0.474911646168,0.880033481371,0.));
#11133 = ADVANCED_FACE('',(#11134),#11145,.T.);
#11134 = FACE_BOUND('',#11135,.T.);
#11135 = EDGE_LOOP('',(#11136,#11137,#11138,#11144));
#11136 = ORIENTED_EDGE('',*,*,#11105,.T.);
#11137 = ORIENTED_EDGE('',*,*,#5867,.T.);
#11138 = ORIENTED_EDGE('',*,*,#11139,.F.);
#11139 = EDGE_CURVE('',#2827,#5860,#11140,.T.);
#11140 = LINE('',#11141,#11142);
#11141 = CARTESIAN_POINT('',(177.287703,-97.701879,0.));
#11142 = VECTOR('',#11143,1.);
#11143 = DIRECTION('',(0.,0.,1.));
#11144 = ORIENTED_EDGE('',*,*,#2834,.F.);
#11145 = PLANE('',#11146);
#11146 = AXIS2_PLACEMENT_3D('',#11147,#11148,#11149);
#11147 = CARTESIAN_POINT('',(177.220944,-97.627011,0.));
#11148 = DIRECTION('',(0.746370514717,0.665530656515,-0.));
#11149 = DIRECTION('',(0.665530656515,-0.746370514717,0.));
#11150 = ADVANCED_FACE('',(#11151),#11162,.T.);
#11151 = FACE_BOUND('',#11152,.T.);
#11152 = EDGE_LOOP('',(#11153,#11159,#11160,#11161));
#11153 = ORIENTED_EDGE('',*,*,#11154,.T.);
#11154 = EDGE_CURVE('',#2731,#5764,#11155,.T.);
#11155 = LINE('',#11156,#11157);
#11156 = CARTESIAN_POINT('',(201.701879,-97.712297,0.));
#11157 = VECTOR('',#11158,1.);
#11158 = DIRECTION('',(0.,0.,1.));
#11159 = ORIENTED_EDGE('',*,*,#5763,.T.);
#11160 = ORIENTED_EDGE('',*,*,#11120,.F.);
#11161 = ORIENTED_EDGE('',*,*,#2730,.F.);
#11162 = PLANE('',#11163);
#11163 = AXIS2_PLACEMENT_3D('',#11164,#11165,#11166);
#11164 = CARTESIAN_POINT('',(201.701879,-97.712297,0.));
#11165 = DIRECTION('',(-0.769071541342,0.639162705653,0.));
#11166 = DIRECTION('',(0.639162705653,0.769071541342,0.));
#11167 = ADVANCED_FACE('',(#11168),#11179,.T.);
#11168 = FACE_BOUND('',#11169,.T.);
#11169 = EDGE_LOOP('',(#11170,#11171,#11172,#11178));
#11170 = ORIENTED_EDGE('',*,*,#11139,.T.);
#11171 = ORIENTED_EDGE('',*,*,#5859,.T.);
#11172 = ORIENTED_EDGE('',*,*,#11173,.F.);
#11173 = EDGE_CURVE('',#2819,#5852,#11174,.T.);
#11174 = LINE('',#11175,#11176);
#11175 = CARTESIAN_POINT('',(177.441051,-97.829324,0.));
#11176 = VECTOR('',#11177,1.);
#11177 = DIRECTION('',(0.,0.,1.));
#11178 = ORIENTED_EDGE('',*,*,#2826,.F.);
#11179 = PLANE('',#11180);
#11180 = AXIS2_PLACEMENT_3D('',#11181,#11182,#11183);
#11181 = CARTESIAN_POINT('',(177.287703,-97.701879,0.));
#11182 = DIRECTION('',(0.639162705652,0.769071541343,-0.));
#11183 = DIRECTION('',(0.769071541343,-0.639162705652,0.));
#11184 = ADVANCED_FACE('',(#11185),#11196,.T.);
#11185 = FACE_BOUND('',#11186,.T.);
#11186 = EDGE_LOOP('',(#11187,#11193,#11194,#11195));
#11187 = ORIENTED_EDGE('',*,*,#11188,.T.);
#11188 = EDGE_CURVE('',#2739,#5772,#11189,.T.);
#11189 = LINE('',#11190,#11191);
#11190 = CARTESIAN_POINT('',(201.627011,-97.779056,0.));
#11191 = VECTOR('',#11192,1.);
#11192 = DIRECTION('',(0.,0.,1.));
#11193 = ORIENTED_EDGE('',*,*,#5771,.T.);
#11194 = ORIENTED_EDGE('',*,*,#11154,.F.);
#11195 = ORIENTED_EDGE('',*,*,#2738,.F.);
#11196 = PLANE('',#11197);
#11197 = AXIS2_PLACEMENT_3D('',#11198,#11199,#11200);
#11198 = CARTESIAN_POINT('',(201.627011,-97.779056,0.));
#11199 = DIRECTION('',(-0.665530656515,0.746370514717,0.));
#11200 = DIRECTION('',(0.746370514717,0.665530656515,0.));
#11201 = ADVANCED_FACE('',(#11202),#11213,.T.);
#11202 = FACE_BOUND('',#11203,.T.);
#11203 = EDGE_LOOP('',(#11204,#11205,#11206,#11212));
#11204 = ORIENTED_EDGE('',*,*,#11173,.T.);
#11205 = ORIENTED_EDGE('',*,*,#5851,.T.);
#11206 = ORIENTED_EDGE('',*,*,#11207,.F.);
#11207 = EDGE_CURVE('',#2811,#5844,#11208,.T.);
#11208 = LINE('',#11209,#11210);
#11209 = CARTESIAN_POINT('',(177.615028,-97.923211,0.));
#11210 = VECTOR('',#11211,1.);
#11211 = DIRECTION('',(0.,0.,1.));
#11212 = ORIENTED_EDGE('',*,*,#2818,.F.);
#11213 = PLANE('',#11214);
#11214 = AXIS2_PLACEMENT_3D('',#11215,#11216,#11217);
#11215 = CARTESIAN_POINT('',(177.441051,-97.829324,0.));
#11216 = DIRECTION('',(0.474911646168,0.880033481371,-0.));
#11217 = DIRECTION('',(0.880033481371,-0.474911646168,0.));
#11218 = ADVANCED_FACE('',(#11219),#11230,.T.);
#11219 = FACE_BOUND('',#11220,.T.);
#11220 = EDGE_LOOP('',(#11221,#11227,#11228,#11229));
#11221 = ORIENTED_EDGE('',*,*,#11222,.T.);
#11222 = EDGE_CURVE('',#2747,#5780,#11223,.T.);
#11223 = LINE('',#11224,#11225);
#11224 = CARTESIAN_POINT('',(201.545687,-97.838127,0.));
#11225 = VECTOR('',#11226,1.);
#11226 = DIRECTION('',(0.,0.,1.));
#11227 = ORIENTED_EDGE('',*,*,#5779,.T.);
#11228 = ORIENTED_EDGE('',*,*,#11188,.F.);
#11229 = ORIENTED_EDGE('',*,*,#2746,.F.);
#11230 = PLANE('',#11231);
#11231 = AXIS2_PLACEMENT_3D('',#11232,#11233,#11234);
#11232 = CARTESIAN_POINT('',(201.545687,-97.838127,0.));
#11233 = DIRECTION('',(-0.587691841792,0.809084852837,0.));
#11234 = DIRECTION('',(0.809084852837,0.587691841792,0.));
#11235 = ADVANCED_FACE('',(#11236),#11247,.T.);
#11236 = FACE_BOUND('',#11237,.T.);
#11237 = EDGE_LOOP('',(#11238,#11239,#11240,#11246));
#11238 = ORIENTED_EDGE('',*,*,#11207,.T.);
#11239 = ORIENTED_EDGE('',*,*,#5843,.T.);
#11240 = ORIENTED_EDGE('',*,*,#11241,.F.);
#11241 = EDGE_CURVE('',#2803,#5836,#11242,.T.);
#11242 = LINE('',#11243,#11244);
#11243 = CARTESIAN_POINT('',(177.803115,-97.980624,0.));
#11244 = VECTOR('',#11245,1.);
#11245 = DIRECTION('',(0.,0.,1.));
#11246 = ORIENTED_EDGE('',*,*,#2810,.F.);
#11247 = PLANE('',#11248);
#11248 = AXIS2_PLACEMENT_3D('',#11249,#11250,#11251);
#11249 = CARTESIAN_POINT('',(177.615028,-97.923211,0.));
#11250 = DIRECTION('',(0.291948646068,0.956433995663,-0.));
#11251 = DIRECTION('',(0.956433995663,-0.291948646068,0.));
#11252 = ADVANCED_FACE('',(#11253),#11264,.T.);
#11253 = FACE_BOUND('',#11254,.T.);
#11254 = EDGE_LOOP('',(#11255,#11261,#11262,#11263));
#11255 = ORIENTED_EDGE('',*,*,#11256,.T.);
#11256 = EDGE_CURVE('',#2755,#5788,#11257,.T.);
#11257 = LINE('',#11258,#11259);
#11258 = CARTESIAN_POINT('',(201.459072,-97.888633,0.));
#11259 = VECTOR('',#11260,1.);
#11260 = DIRECTION('',(0.,0.,1.));
#11261 = ORIENTED_EDGE('',*,*,#5787,.T.);
#11262 = ORIENTED_EDGE('',*,*,#11222,.F.);
#11263 = ORIENTED_EDGE('',*,*,#2754,.F.);
#11264 = PLANE('',#11265);
#11265 = AXIS2_PLACEMENT_3D('',#11266,#11267,#11268);
#11266 = CARTESIAN_POINT('',(201.459072,-97.888633,0.));
#11267 = DIRECTION('',(-0.503726530498,0.863863173467,0.));
#11268 = DIRECTION('',(0.863863173467,0.503726530498,0.));
#11269 = ADVANCED_FACE('',(#11270),#11281,.T.);
#11270 = FACE_BOUND('',#11271,.T.);
#11271 = EDGE_LOOP('',(#11272,#11273,#11274,#11280));
#11272 = ORIENTED_EDGE('',*,*,#11241,.T.);
#11273 = ORIENTED_EDGE('',*,*,#5835,.T.);
#11274 = ORIENTED_EDGE('',*,*,#11275,.F.);
#11275 = EDGE_CURVE('',#2795,#5828,#11276,.T.);
#11276 = LINE('',#11277,#11278);
#11277 = CARTESIAN_POINT('',(178.,-98.,0.));
#11278 = VECTOR('',#11279,1.);
#11279 = DIRECTION('',(0.,0.,1.));
#11280 = ORIENTED_EDGE('',*,*,#2802,.F.);
#11281 = PLANE('',#11282);
#11282 = AXIS2_PLACEMENT_3D('',#11283,#11284,#11285);
#11283 = CARTESIAN_POINT('',(177.803115,-97.980624,0.));
#11284 = DIRECTION('',(9.793964544699E-02,0.995192356205,-0.));
#11285 = DIRECTION('',(0.995192356205,-9.793964544699E-02,0.));
#11286 = ADVANCED_FACE('',(#11287),#11298,.T.);
#11287 = FACE_BOUND('',#11288,.T.);
#11288 = EDGE_LOOP('',(#11289,#11295,#11296,#11297));
#11289 = ORIENTED_EDGE('',*,*,#11290,.T.);
#11290 = EDGE_CURVE('',#2763,#5796,#11291,.T.);
#11291 = LINE('',#11292,#11293);
#11292 = CARTESIAN_POINT('',(201.367215,-97.930423,0.));
#11293 = VECTOR('',#11294,1.);
#11294 = DIRECTION('',(0.,0.,1.));
#11295 = ORIENTED_EDGE('',*,*,#5795,.T.);
#11296 = ORIENTED_EDGE('',*,*,#11256,.F.);
#11297 = ORIENTED_EDGE('',*,*,#2762,.F.);
#11298 = PLANE('',#11299);
#11299 = AXIS2_PLACEMENT_3D('',#11300,#11301,#11302);
#11300 = CARTESIAN_POINT('',(201.367215,-97.930423,0.));
#11301 = DIRECTION('',(-0.414105287688,0.910228988062,0.));
#11302 = DIRECTION('',(0.910228988062,0.414105287688,0.));
#11303 = ADVANCED_FACE('',(#11304),#11315,.T.);
#11304 = FACE_BOUND('',#11305,.T.);
#11305 = EDGE_LOOP('',(#11306,#11307,#11308,#11314));
#11306 = ORIENTED_EDGE('',*,*,#11275,.T.);
#11307 = ORIENTED_EDGE('',*,*,#5827,.T.);
#11308 = ORIENTED_EDGE('',*,*,#11309,.F.);
#11309 = EDGE_CURVE('',#2787,#5820,#11310,.T.);
#11310 = LINE('',#11311,#11312);
#11311 = CARTESIAN_POINT('',(201.,-98.,0.));
#11312 = VECTOR('',#11313,1.);
#11313 = DIRECTION('',(0.,0.,1.));
#11314 = ORIENTED_EDGE('',*,*,#2794,.F.);
#11315 = PLANE('',#11316);
#11316 = AXIS2_PLACEMENT_3D('',#11317,#11318,#11319);
#11317 = CARTESIAN_POINT('',(178.,-98.,0.));
#11318 = DIRECTION('',(0.,1.,0.));
#11319 = DIRECTION('',(1.,0.,0.));
#11320 = ADVANCED_FACE('',(#11321),#11332,.T.);
#11321 = FACE_BOUND('',#11322,.T.);
#11322 = EDGE_LOOP('',(#11323,#11329,#11330,#11331));
#11323 = ORIENTED_EDGE('',*,*,#11324,.T.);
#11324 = EDGE_CURVE('',#2771,#5804,#11325,.T.);
#11325 = LINE('',#11326,#11327);
#11326 = CARTESIAN_POINT('',(201.272358,-97.962462,0.));
#11327 = VECTOR('',#11328,1.);
#11328 = DIRECTION('',(0.,0.,1.));
#11329 = ORIENTED_EDGE('',*,*,#5803,.T.);
#11330 = ORIENTED_EDGE('',*,*,#11290,.F.);
#11331 = ORIENTED_EDGE('',*,*,#2770,.F.);
#11332 = PLANE('',#11333);
#11333 = AXIS2_PLACEMENT_3D('',#11334,#11335,#11336);
#11334 = CARTESIAN_POINT('',(201.272358,-97.962462,0.));
#11335 = DIRECTION('',(-0.320000668508,0.947417316791,0.));
#11336 = DIRECTION('',(0.947417316791,0.320000668508,0.));
#11337 = ADVANCED_FACE('',(#11338),#11349,.T.);
#11338 = FACE_BOUND('',#11339,.T.);
#11339 = EDGE_LOOP('',(#11340,#11341,#11342,#11348));
#11340 = ORIENTED_EDGE('',*,*,#11309,.T.);
#11341 = ORIENTED_EDGE('',*,*,#5819,.T.);
#11342 = ORIENTED_EDGE('',*,*,#11343,.F.);
#11343 = EDGE_CURVE('',#2779,#5812,#11344,.T.);
#11344 = LINE('',#11345,#11346);
#11345 = CARTESIAN_POINT('',(201.173514,-97.985,0.));
#11346 = VECTOR('',#11347,1.);
#11347 = DIRECTION('',(0.,0.,1.));
#11348 = ORIENTED_EDGE('',*,*,#2786,.F.);
#11349 = PLANE('',#11350);
#11350 = AXIS2_PLACEMENT_3D('',#11351,#11352,#11353);
#11351 = CARTESIAN_POINT('',(201.,-98.,0.));
#11352 = DIRECTION('',(-8.612712708246E-02,0.996284155239,0.));
#11353 = DIRECTION('',(0.996284155239,8.612712708246E-02,0.));
#11354 = ADVANCED_FACE('',(#11355),#11361,.T.);
#11355 = FACE_BOUND('',#11356,.T.);
#11356 = EDGE_LOOP('',(#11357,#11358,#11359,#11360));
#11357 = ORIENTED_EDGE('',*,*,#11343,.T.);
#11358 = ORIENTED_EDGE('',*,*,#5811,.T.);
#11359 = ORIENTED_EDGE('',*,*,#11324,.F.);
#11360 = ORIENTED_EDGE('',*,*,#2778,.F.);
#11361 = PLANE('',#11362);
#11362 = AXIS2_PLACEMENT_3D('',#11363,#11364,#11365);
#11363 = CARTESIAN_POINT('',(201.173514,-97.985,0.));
#11364 = DIRECTION('',(-0.22231000173,0.97497603208,0.));
#11365 = DIRECTION('',(0.97497603208,0.22231000173,0.));
#11366 = ADVANCED_FACE('',(#11367),#11378,.F.);
#11367 = FACE_BOUND('',#11368,.T.);
#11368 = EDGE_LOOP('',(#11369,#11370,#11376,#11377));
#11369 = ORIENTED_EDGE('',*,*,#2970,.T.);
#11370 = ORIENTED_EDGE('',*,*,#11371,.T.);
#11371 = EDGE_CURVE('',#2971,#6004,#11372,.T.);
#11372 = LINE('',#11373,#11374);
#11373 = CARTESIAN_POINT('',(139.45,-74.85,-4.6E-02));
#11374 = VECTOR('',#11375,1.);
#11375 = DIRECTION('',(0.,0.,1.));
#11376 = ORIENTED_EDGE('',*,*,#6003,.F.);
#11377 = ORIENTED_EDGE('',*,*,#11371,.F.);
#11378 = CYLINDRICAL_SURFACE('',#11379,0.6);
#11379 = AXIS2_PLACEMENT_3D('',#11380,#11381,#11382);
#11380 = CARTESIAN_POINT('',(139.45,-74.25,-4.6E-02));
#11381 = DIRECTION('',(-0.,-0.,-1.));
#11382 = DIRECTION('',(-0.,-1.,0.));
#11383 = ADVANCED_FACE('',(#11384),#11395,.F.);
#11384 = FACE_BOUND('',#11385,.T.);
#11385 = EDGE_LOOP('',(#11386,#11387,#11393,#11394));
#11386 = ORIENTED_EDGE('',*,*,#2981,.T.);
#11387 = ORIENTED_EDGE('',*,*,#11388,.T.);
#11388 = EDGE_CURVE('',#2982,#6015,#11389,.T.);
#11389 = LINE('',#11390,#11391);
#11390 = CARTESIAN_POINT('',(144.85,-69.25,-4.6E-02));
#11391 = VECTOR('',#11392,1.);
#11392 = DIRECTION('',(0.,0.,1.));
#11393 = ORIENTED_EDGE('',*,*,#6014,.F.);
#11394 = ORIENTED_EDGE('',*,*,#11388,.F.);
#11395 = CYLINDRICAL_SURFACE('',#11396,0.5);
#11396 = AXIS2_PLACEMENT_3D('',#11397,#11398,#11399);
#11397 = CARTESIAN_POINT('',(144.85,-68.75,-4.6E-02));
#11398 = DIRECTION('',(-0.,-0.,-1.));
#11399 = DIRECTION('',(-0.,-1.,0.));
#11400 = ADVANCED_FACE('',(#11401),#11412,.F.);
#11401 = FACE_BOUND('',#11402,.T.);
#11402 = EDGE_LOOP('',(#11403,#11404,#11410,#11411));
#11403 = ORIENTED_EDGE('',*,*,#2992,.T.);
#11404 = ORIENTED_EDGE('',*,*,#11405,.T.);
#11405 = EDGE_CURVE('',#2993,#6026,#11406,.T.);
#11406 = LINE('',#11407,#11408);
#11407 = CARTESIAN_POINT('',(148.15,-69.15,-4.6E-02));
#11408 = VECTOR('',#11409,1.);
#11409 = DIRECTION('',(0.,0.,1.));
#11410 = ORIENTED_EDGE('',*,*,#6025,.F.);
#11411 = ORIENTED_EDGE('',*,*,#11405,.F.);
#11412 = CYLINDRICAL_SURFACE('',#11413,0.5);
#11413 = AXIS2_PLACEMENT_3D('',#11414,#11415,#11416);
#11414 = CARTESIAN_POINT('',(148.15,-68.65,-4.6E-02));
#11415 = DIRECTION('',(-0.,-0.,-1.));
#11416 = DIRECTION('',(-0.,-1.,0.));
#11417 = ADVANCED_FACE('',(#11418),#11429,.F.);
#11418 = FACE_BOUND('',#11419,.T.);
#11419 = EDGE_LOOP('',(#11420,#11421,#11427,#11428));
#11420 = ORIENTED_EDGE('',*,*,#3003,.T.);
#11421 = ORIENTED_EDGE('',*,*,#11422,.T.);
#11422 = EDGE_CURVE('',#3004,#6037,#11423,.T.);
#11423 = LINE('',#11424,#11425);
#11424 = CARTESIAN_POINT('',(161.85,-71.25,-4.6E-02));
#11425 = VECTOR('',#11426,1.);
#11426 = DIRECTION('',(0.,0.,1.));
#11427 = ORIENTED_EDGE('',*,*,#6036,.F.);
#11428 = ORIENTED_EDGE('',*,*,#11422,.F.);
#11429 = CYLINDRICAL_SURFACE('',#11430,0.5);
#11430 = AXIS2_PLACEMENT_3D('',#11431,#11432,#11433);
#11431 = CARTESIAN_POINT('',(161.85,-70.75,-4.6E-02));
#11432 = DIRECTION('',(-0.,-0.,-1.));
#11433 = DIRECTION('',(-0.,-1.,0.));
#11434 = ADVANCED_FACE('',(#11435),#11446,.F.);
#11435 = FACE_BOUND('',#11436,.T.);
#11436 = EDGE_LOOP('',(#11437,#11438,#11444,#11445));
#11437 = ORIENTED_EDGE('',*,*,#3014,.T.);
#11438 = ORIENTED_EDGE('',*,*,#11439,.T.);
#11439 = EDGE_CURVE('',#3015,#6048,#11440,.T.);
#11440 = LINE('',#11441,#11442);
#11441 = CARTESIAN_POINT('',(165.15,-71.15,-4.6E-02));
#11442 = VECTOR('',#11443,1.);
#11443 = DIRECTION('',(0.,0.,1.));
#11444 = ORIENTED_EDGE('',*,*,#6047,.F.);
#11445 = ORIENTED_EDGE('',*,*,#11439,.F.);
#11446 = CYLINDRICAL_SURFACE('',#11447,0.5);
#11447 = AXIS2_PLACEMENT_3D('',#11448,#11449,#11450);
#11448 = CARTESIAN_POINT('',(165.15,-70.65,-4.6E-02));
#11449 = DIRECTION('',(-0.,-0.,-1.));
#11450 = DIRECTION('',(-0.,-1.,0.));
#11451 = ADVANCED_FACE('',(#11452),#11463,.F.);
#11452 = FACE_BOUND('',#11453,.T.);
#11453 = EDGE_LOOP('',(#11454,#11455,#11461,#11462));
#11454 = ORIENTED_EDGE('',*,*,#3025,.T.);
#11455 = ORIENTED_EDGE('',*,*,#11456,.T.);
#11456 = EDGE_CURVE('',#3026,#6059,#11457,.T.);
#11457 = LINE('',#11458,#11459);
#11458 = CARTESIAN_POINT('',(153.15,-69.15,-4.6E-02));
#11459 = VECTOR('',#11460,1.);
#11460 = DIRECTION('',(0.,0.,1.));
#11461 = ORIENTED_EDGE('',*,*,#6058,.F.);
#11462 = ORIENTED_EDGE('',*,*,#11456,.F.);
#11463 = CYLINDRICAL_SURFACE('',#11464,0.5);
#11464 = AXIS2_PLACEMENT_3D('',#11465,#11466,#11467);
#11465 = CARTESIAN_POINT('',(153.15,-68.65,-4.6E-02));
#11466 = DIRECTION('',(-0.,-0.,-1.));
#11467 = DIRECTION('',(-0.,-1.,0.));
#11468 = ADVANCED_FACE('',(#11469),#11480,.F.);
#11469 = FACE_BOUND('',#11470,.T.);
#11470 = EDGE_LOOP('',(#11471,#11472,#11478,#11479));
#11471 = ORIENTED_EDGE('',*,*,#3036,.T.);
#11472 = ORIENTED_EDGE('',*,*,#11473,.T.);
#11473 = EDGE_CURVE('',#3037,#6070,#11474,.T.);
#11474 = LINE('',#11475,#11476);
#11475 = CARTESIAN_POINT('',(156.45,-69.25,-4.6E-02));
#11476 = VECTOR('',#11477,1.);
#11477 = DIRECTION('',(0.,0.,1.));
#11478 = ORIENTED_EDGE('',*,*,#6069,.F.);
#11479 = ORIENTED_EDGE('',*,*,#11473,.F.);
#11480 = CYLINDRICAL_SURFACE('',#11481,0.5);
#11481 = AXIS2_PLACEMENT_3D('',#11482,#11483,#11484);
#11482 = CARTESIAN_POINT('',(156.45,-68.75,-4.6E-02));
#11483 = DIRECTION('',(-0.,-0.,-1.));
#11484 = DIRECTION('',(-0.,-1.,0.));
#11485 = ADVANCED_FACE('',(#11486),#11497,.F.);
#11486 = FACE_BOUND('',#11487,.T.);
#11487 = EDGE_LOOP('',(#11488,#11489,#11495,#11496));
#11488 = ORIENTED_EDGE('',*,*,#3047,.T.);
#11489 = ORIENTED_EDGE('',*,*,#11490,.T.);
#11490 = EDGE_CURVE('',#3048,#6081,#11491,.T.);
#11491 = LINE('',#11492,#11493);
#11492 = CARTESIAN_POINT('',(136.15,-63.15,-4.6E-02));
#11493 = VECTOR('',#11494,1.);
#11494 = DIRECTION('',(0.,0.,1.));
#11495 = ORIENTED_EDGE('',*,*,#6080,.F.);
#11496 = ORIENTED_EDGE('',*,*,#11490,.F.);
#11497 = CYLINDRICAL_SURFACE('',#11498,0.5);
#11498 = AXIS2_PLACEMENT_3D('',#11499,#11500,#11501);
#11499 = CARTESIAN_POINT('',(136.15,-62.65,-4.6E-02));
#11500 = DIRECTION('',(-0.,-0.,-1.));
#11501 = DIRECTION('',(-0.,-1.,0.));
#11502 = ADVANCED_FACE('',(#11503),#11514,.F.);
#11503 = FACE_BOUND('',#11504,.T.);
#11504 = EDGE_LOOP('',(#11505,#11506,#11512,#11513));
#11505 = ORIENTED_EDGE('',*,*,#3058,.T.);
#11506 = ORIENTED_EDGE('',*,*,#11507,.T.);
#11507 = EDGE_CURVE('',#3059,#6092,#11508,.T.);
#11508 = LINE('',#11509,#11510);
#11509 = CARTESIAN_POINT('',(139.45,-63.25,-4.6E-02));
#11510 = VECTOR('',#11511,1.);
#11511 = DIRECTION('',(0.,0.,1.));
#11512 = ORIENTED_EDGE('',*,*,#6091,.F.);
#11513 = ORIENTED_EDGE('',*,*,#11507,.F.);
#11514 = CYLINDRICAL_SURFACE('',#11515,0.5);
#11515 = AXIS2_PLACEMENT_3D('',#11516,#11517,#11518);
#11516 = CARTESIAN_POINT('',(139.45,-62.75,-4.6E-02));
#11517 = DIRECTION('',(-0.,-0.,-1.));
#11518 = DIRECTION('',(-0.,-1.,0.));
#11519 = ADVANCED_FACE('',(#11520),#11531,.F.);
#11520 = FACE_BOUND('',#11521,.T.);
#11521 = EDGE_LOOP('',(#11522,#11523,#11529,#11530));
#11522 = ORIENTED_EDGE('',*,*,#3069,.T.);
#11523 = ORIENTED_EDGE('',*,*,#11524,.T.);
#11524 = EDGE_CURVE('',#3070,#6103,#11525,.T.);
#11525 = LINE('',#11526,#11527);
#11526 = CARTESIAN_POINT('',(144.85,-63.85,-4.6E-02));
#11527 = VECTOR('',#11528,1.);
#11528 = DIRECTION('',(0.,0.,1.));
#11529 = ORIENTED_EDGE('',*,*,#6102,.F.);
#11530 = ORIENTED_EDGE('',*,*,#11524,.F.);
#11531 = CYLINDRICAL_SURFACE('',#11532,0.6);
#11532 = AXIS2_PLACEMENT_3D('',#11533,#11534,#11535);
#11533 = CARTESIAN_POINT('',(144.85,-63.25,-4.6E-02));
#11534 = DIRECTION('',(-0.,-0.,-1.));
#11535 = DIRECTION('',(-0.,-1.,0.));
#11536 = ADVANCED_FACE('',(#11537),#11548,.F.);
#11537 = FACE_BOUND('',#11538,.T.);
#11538 = EDGE_LOOP('',(#11539,#11540,#11546,#11547));
#11539 = ORIENTED_EDGE('',*,*,#3080,.T.);
#11540 = ORIENTED_EDGE('',*,*,#11541,.T.);
#11541 = EDGE_CURVE('',#3081,#6114,#11542,.T.);
#11542 = LINE('',#11543,#11544);
#11543 = CARTESIAN_POINT('',(139.45,-57.85,-4.6E-02));
#11544 = VECTOR('',#11545,1.);
#11545 = DIRECTION('',(0.,0.,1.));
#11546 = ORIENTED_EDGE('',*,*,#6113,.F.);
#11547 = ORIENTED_EDGE('',*,*,#11541,.F.);
#11548 = CYLINDRICAL_SURFACE('',#11549,0.6);
#11549 = AXIS2_PLACEMENT_3D('',#11550,#11551,#11552);
#11550 = CARTESIAN_POINT('',(139.45,-57.25,-4.6E-02));
#11551 = DIRECTION('',(-0.,-0.,-1.));
#11552 = DIRECTION('',(-0.,-1.,0.));
#11553 = ADVANCED_FACE('',(#11554),#11565,.F.);
#11554 = FACE_BOUND('',#11555,.T.);
#11555 = EDGE_LOOP('',(#11556,#11557,#11563,#11564));
#11556 = ORIENTED_EDGE('',*,*,#3091,.T.);
#11557 = ORIENTED_EDGE('',*,*,#11558,.T.);
#11558 = EDGE_CURVE('',#3092,#6125,#11559,.T.);
#11559 = LINE('',#11560,#11561);
#11560 = CARTESIAN_POINT('',(156.45,-63.85,-4.6E-02));
#11561 = VECTOR('',#11562,1.);
#11562 = DIRECTION('',(0.,0.,1.));
#11563 = ORIENTED_EDGE('',*,*,#6124,.F.);
#11564 = ORIENTED_EDGE('',*,*,#11558,.F.);
#11565 = CYLINDRICAL_SURFACE('',#11566,0.6);
#11566 = AXIS2_PLACEMENT_3D('',#11567,#11568,#11569);
#11567 = CARTESIAN_POINT('',(156.45,-63.25,-4.6E-02));
#11568 = DIRECTION('',(-0.,-0.,-1.));
#11569 = DIRECTION('',(-0.,-1.,0.));
#11570 = ADVANCED_FACE('',(#11571),#11582,.F.);
#11571 = FACE_BOUND('',#11572,.T.);
#11572 = EDGE_LOOP('',(#11573,#11574,#11580,#11581));
#11573 = ORIENTED_EDGE('',*,*,#3102,.T.);
#11574 = ORIENTED_EDGE('',*,*,#11575,.T.);
#11575 = EDGE_CURVE('',#3103,#6136,#11576,.T.);
#11576 = LINE('',#11577,#11578);
#11577 = CARTESIAN_POINT('',(161.85,-65.85,-4.6E-02));
#11578 = VECTOR('',#11579,1.);
#11579 = DIRECTION('',(0.,0.,1.));
#11580 = ORIENTED_EDGE('',*,*,#6135,.F.);
#11581 = ORIENTED_EDGE('',*,*,#11575,.F.);
#11582 = CYLINDRICAL_SURFACE('',#11583,0.6);
#11583 = AXIS2_PLACEMENT_3D('',#11584,#11585,#11586);
#11584 = CARTESIAN_POINT('',(161.85,-65.25,-4.6E-02));
#11585 = DIRECTION('',(-0.,-0.,-1.));
#11586 = DIRECTION('',(-0.,-1.,0.));
#11587 = ADVANCED_FACE('',(#11588),#11599,.F.);
#11588 = FACE_BOUND('',#11589,.T.);
#11589 = EDGE_LOOP('',(#11590,#11591,#11597,#11598));
#11590 = ORIENTED_EDGE('',*,*,#3113,.T.);
#11591 = ORIENTED_EDGE('',*,*,#11592,.T.);
#11592 = EDGE_CURVE('',#3114,#6147,#11593,.T.);
#11593 = LINE('',#11594,#11595);
#11594 = CARTESIAN_POINT('',(170.15,-71.15,-4.6E-02));
#11595 = VECTOR('',#11596,1.);
#11596 = DIRECTION('',(0.,0.,1.));
#11597 = ORIENTED_EDGE('',*,*,#6146,.F.);
#11598 = ORIENTED_EDGE('',*,*,#11592,.F.);
#11599 = CYLINDRICAL_SURFACE('',#11600,0.5);
#11600 = AXIS2_PLACEMENT_3D('',#11601,#11602,#11603);
#11601 = CARTESIAN_POINT('',(170.15,-70.65,-4.6E-02));
#11602 = DIRECTION('',(-0.,-0.,-1.));
#11603 = DIRECTION('',(-0.,-1.,0.));
#11604 = ADVANCED_FACE('',(#11605),#11616,.F.);
#11605 = FACE_BOUND('',#11606,.T.);
#11606 = EDGE_LOOP('',(#11607,#11608,#11614,#11615));
#11607 = ORIENTED_EDGE('',*,*,#3124,.T.);
#11608 = ORIENTED_EDGE('',*,*,#11609,.T.);
#11609 = EDGE_CURVE('',#3125,#6158,#11610,.T.);
#11610 = LINE('',#11611,#11612);
#11611 = CARTESIAN_POINT('',(173.45,-71.25,-4.6E-02));
#11612 = VECTOR('',#11613,1.);
#11613 = DIRECTION('',(0.,0.,1.));
#11614 = ORIENTED_EDGE('',*,*,#6157,.F.);
#11615 = ORIENTED_EDGE('',*,*,#11609,.F.);
#11616 = CYLINDRICAL_SURFACE('',#11617,0.5);
#11617 = AXIS2_PLACEMENT_3D('',#11618,#11619,#11620);
#11618 = CARTESIAN_POINT('',(173.45,-70.75,-4.6E-02));
#11619 = DIRECTION('',(-0.,-0.,-1.));
#11620 = DIRECTION('',(-0.,-1.,0.));
#11621 = ADVANCED_FACE('',(#11622),#11633,.F.);
#11622 = FACE_BOUND('',#11623,.T.);
#11623 = EDGE_LOOP('',(#11624,#11625,#11631,#11632));
#11624 = ORIENTED_EDGE('',*,*,#3135,.T.);
#11625 = ORIENTED_EDGE('',*,*,#11626,.T.);
#11626 = EDGE_CURVE('',#3136,#6169,#11627,.T.);
#11627 = LINE('',#11628,#11629);
#11628 = CARTESIAN_POINT('',(173.45,-65.85,-4.6E-02));
#11629 = VECTOR('',#11630,1.);
#11630 = DIRECTION('',(0.,0.,1.));
#11631 = ORIENTED_EDGE('',*,*,#6168,.F.);
#11632 = ORIENTED_EDGE('',*,*,#11626,.F.);
#11633 = CYLINDRICAL_SURFACE('',#11634,0.6);
#11634 = AXIS2_PLACEMENT_3D('',#11635,#11636,#11637);
#11635 = CARTESIAN_POINT('',(173.45,-65.25,-4.6E-02));
#11636 = DIRECTION('',(-0.,-0.,-1.));
#11637 = DIRECTION('',(-0.,-1.,0.));
#11638 = ADVANCED_FACE('',(#11639),#11650,.F.);
#11639 = FACE_BOUND('',#11640,.T.);
#11640 = EDGE_LOOP('',(#11641,#11642,#11648,#11649));
#11641 = ORIENTED_EDGE('',*,*,#3146,.T.);
#11642 = ORIENTED_EDGE('',*,*,#11643,.T.);
#11643 = EDGE_CURVE('',#3147,#6180,#11644,.T.);
#11644 = LINE('',#11645,#11646);
#11645 = CARTESIAN_POINT('',(180.046793,-58.6,-4.6E-02));
#11646 = VECTOR('',#11647,1.);
#11647 = DIRECTION('',(0.,0.,1.));
#11648 = ORIENTED_EDGE('',*,*,#6179,.F.);
#11649 = ORIENTED_EDGE('',*,*,#11643,.F.);
#11650 = CYLINDRICAL_SURFACE('',#11651,0.6);
#11651 = AXIS2_PLACEMENT_3D('',#11652,#11653,#11654);
#11652 = CARTESIAN_POINT('',(180.046793,-58.,-4.6E-02));
#11653 = DIRECTION('',(-0.,-0.,-1.));
#11654 = DIRECTION('',(-0.,-1.,0.));
#11655 = ADVANCED_FACE('',(#11656),#11667,.F.);
#11656 = FACE_BOUND('',#11657,.T.);
#11657 = EDGE_LOOP('',(#11658,#11659,#11665,#11666));
#11658 = ORIENTED_EDGE('',*,*,#3157,.T.);
#11659 = ORIENTED_EDGE('',*,*,#11660,.T.);
#11660 = EDGE_CURVE('',#3158,#6191,#11661,.T.);
#11661 = LINE('',#11662,#11663);
#11662 = CARTESIAN_POINT('',(198.920161,-58.6,-4.6E-02));
#11663 = VECTOR('',#11664,1.);
#11664 = DIRECTION('',(0.,0.,1.));
#11665 = ORIENTED_EDGE('',*,*,#6190,.F.);
#11666 = ORIENTED_EDGE('',*,*,#11660,.F.);
#11667 = CYLINDRICAL_SURFACE('',#11668,0.6);
#11668 = AXIS2_PLACEMENT_3D('',#11669,#11670,#11671);
#11669 = CARTESIAN_POINT('',(198.920161,-58.,-4.6E-02));
#11670 = DIRECTION('',(-0.,-0.,-1.));
#11671 = DIRECTION('',(-0.,-1.,0.));
#11672 = ( GEOMETRIC_REPRESENTATION_CONTEXT(3) 
GLOBAL_UNCERTAINTY_ASSIGNED_CONTEXT((#11676)) 
GLOBAL_UNIT_ASSIGNED_CONTEXT((#11673,#11674,#11675)) 
REPRESENTATION_CONTEXT('Context #1',
  '3D Context with UNIT and UNCERTAINTY') );
#11673 = ( LENGTH_UNIT() NAMED_UNIT(*) SI_UNIT(.MILLI.,.METRE.) );
#11674 = ( NAMED_UNIT(*) PLANE_ANGLE_UNIT() SI_UNIT($,.RADIAN.) );
#11675 = ( NAMED_UNIT(*) SI_UNIT($,.STERADIAN.) SOLID_ANGLE_UNIT() );
#11676 = UNCERTAINTY_MEASURE_WITH_UNIT(LENGTH_MEASURE(1.E-07),#11673,
  'distance_accuracy_value','confusion accuracy');
#11677 = CONTEXT_DEPENDENT_SHAPE_REPRESENTATION(#11678,#11680);
#11678 = ( REPRESENTATION_RELATIONSHIP('','',#32,#10) 
REPRESENTATION_RELATIONSHIP_WITH_TRANSFORMATION(#11679) 
SHAPE_REPRESENTATION_RELATIONSHIP() );
#11679 = ITEM_DEFINED_TRANSFORMATION('','',#11,#15);
#11680 = PRODUCT_DEFINITION_SHAPE('Placement','Placement of an item',
  #11681);
#11681 = NEXT_ASSEMBLY_USAGE_OCCURRENCE('1','=>[0:1:1:2]','',#5,#27,$);
#11682 = PRODUCT_RELATED_PRODUCT_CATEGORY('part',$,(#29));
#11683 = MECHANICAL_DESIGN_GEOMETRIC_PRESENTATION_REPRESENTATION('',(
    #11684),#11672);
#11684 = STYLED_ITEM('color',(#11685),#33);
#11685 = PRESENTATION_STYLE_ASSIGNMENT((#11686));
#11686 = SURFACE_STYLE_USAGE(.BOTH.,#11687);
#11687 = SURFACE_SIDE_STYLE('',(#11688));
#11688 = SURFACE_STYLE_FILL_AREA(#11689);
#11689 = FILL_AREA_STYLE('',(#11690));
#11690 = FILL_AREA_STYLE_COLOUR('',#11691);
#11691 = COLOUR_RGB('',0.349849897762,7.251972705943E-02,0.444570153493
  );
ENDSEC;
END-ISO-10303-21;
